changeID,userID,sessionID,changedFields,oldSettings,newSettings,changedAt
1,3,,"[""zoomLevel""]","{""language"": ""en"", ""theme"": ""dark"", ""zoomLevel"": 1.5, ""baseGazeSamples"": 286, ""translationMode"": ""word""}","{""language"": ""en"", ""theme"": ""dark"", ""zoomLevel"": 1, ""baseGazeSamples"": 286, ""translationMode"": ""word""}",2026-04-08T14:20:33
2,3,,"[""zoomLevel""]","{""language"": ""en"", ""theme"": ""dark"", ""zoomLevel"": 1, ""baseGazeSamples"": 286, ""translationMode"": ""word""}","{""language"": ""en"", ""theme"": ""dark"", ""zoomLevel"": 1.5, ""baseGazeSamples"": 286, ""translationMode"": ""word""}",2026-04-08T14:28:00
3,3,,"[""translationMode""]","{""language"": ""en"", ""theme"": ""dark"", ""zoomLevel"": 1.5, ""baseGazeSamples"": 286, ""translationMode"": ""word""}","{""language"": ""en"", ""theme"": ""dark"", ""zoomLevel"": 1.5, ""baseGazeSamples"": 286, ""translationMode"": ""sentence""}",2026-04-08T23:26:03
4,3,,"[""zoomLevel""]","{""language"": ""en"", ""theme"": ""dark"", ""zoomLevel"": 1.5, ""baseGazeSamples"": 286, ""translationMode"": ""sentence""}","{""language"": ""en"", ""theme"": ""dark"", ""zoomLevel"": 1, ""baseGazeSamples"": 286, ""translationMode"": ""sentence""}",2026-04-09T20:40:32
5,3,,"[""translationMode""]","{""language"": ""en"", ""theme"": ""dark"", ""zoomLevel"": 1, ""baseGazeSamples"": 286, ""translationMode"": ""sentence""}","{""language"": ""en"", ""theme"": ""dark"", ""zoomLevel"": 1, ""baseGazeSamples"": 286, ""translationMode"": ""word""}",2026-04-09T20:43:24
6,3,,"[""translationMode""]","{""language"": ""en"", ""theme"": ""dark"", ""zoomLevel"": 1, ""baseGazeSamples"": 286, ""translationMode"": ""word""}","{""language"": ""en"", ""theme"": ""dark"", ""zoomLevel"": 1, ""baseGazeSamples"": 286, ""translationMode"": ""sentence""}",2026-04-12T23:02:54
7,3,,"[""translationMode""]","{""language"": ""en"", ""theme"": ""dark"", ""zoomLevel"": 1, ""baseGazeSamples"": 286, ""translationMode"": ""sentence"", ""translationOutputMode"": ""on"", ""gazeDetectionMode"": ""circle"", ""gazeMappingMode"": ""auto"", ""gazeYOffsetPx"": 8, ""gazeXOffsetPx"": 0, ""gazeHitRadiusPx"": 20}","{""language"": ""en"", ""theme"": ""dark"", ""zoomLevel"": 1, ""baseGazeSamples"": 286, ""translationMode"": ""word"", ""translationOutputMode"": ""on"", ""gazeDetectionMode"": ""circle"", ""gazeMappingMode"": ""auto"", ""gazeYOffsetPx"": 8, ""gazeXOffsetPx"": 0, ""gazeHitRadiusPx"": 20}",2026-05-06T13:24:54
8,3,88105f04-234b-4ea9-9c7a-11af9819112f,"[""gazeYOffsetPx""]","{""language"": ""en"", ""theme"": ""dark"", ""zoomLevel"": 1, ""baseGazeSamples"": 286, ""translationMode"": ""word"", ""translationOutputMode"": ""on"", ""gazeDetectionMode"": ""circle"", ""gazeMappingMode"": ""auto"", ""gazeYOffsetPx"": 8, ""gazeXOffsetPx"": 0, ""gazeHitRadiusPx"": 20}","{""language"": ""en"", ""theme"": ""dark"", ""zoomLevel"": 1, ""baseGazeSamples"": 286, ""translationMode"": ""word"", ""translationOutputMode"": ""on"", ""gazeDetectionMode"": ""circle"", ""gazeMappingMode"": ""auto"", ""gazeYOffsetPx"": 10, ""gazeXOffsetPx"": 0, ""gazeHitRadiusPx"": 20}",2026-05-08T14:49:21
9,3,95c4a045-a8d6-4b98-a5dd-4054c83b572f,"[""gazeYOffsetPx""]","{""language"": ""en"", ""theme"": ""dark"", ""zoomLevel"": 1, ""baseGazeSamples"": 286, ""translationMode"": ""word"", ""translationOutputMode"": ""on"", ""gazeDetectionMode"": ""circle"", ""gazeMappingMode"": ""auto"", ""gazeYOffsetPx"": 10, ""gazeXOffsetPx"": 0, ""gazeHitRadiusPx"": 20}","{""language"": ""en"", ""theme"": ""dark"", ""zoomLevel"": 1, ""baseGazeSamples"": 286, ""translationMode"": ""word"", ""translationOutputMode"": ""on"", ""gazeDetectionMode"": ""circle"", ""gazeMappingMode"": ""auto"", ""gazeYOffsetPx"": -10, ""gazeXOffsetPx"": 0, ""gazeHitRadiusPx"": 20}",2026-05-08T14:50:16
10,4,2a46f681-0599-44ba-ade2-a25b702bdaa5,"[""gazeYOffsetPx""]","{""language"": ""en"", ""theme"": ""dark"", ""zoomLevel"": 0.84, ""baseGazeSamples"": 60, ""translationMode"": ""word"", ""translationOutputMode"": ""on"", ""gazeDetectionMode"": ""circle"", ""gazeMappingMode"": ""auto"", ""gazeYOffsetPx"": 8, ""gazeXOffsetPx"": 0, ""gazeHitRadiusPx"": 20}","{""language"": ""en"", ""theme"": ""dark"", ""zoomLevel"": 0.84, ""baseGazeSamples"": 60, ""translationMode"": ""word"", ""translationOutputMode"": ""on"", ""gazeDetectionMode"": ""circle"", ""gazeMappingMode"": ""auto"", ""gazeYOffsetPx"": -18, ""gazeXOffsetPx"": 0, ""gazeHitRadiusPx"": 20}",2026-05-08T16:35:29
11,4,2a46f681-0599-44ba-ade2-a25b702bdaa5,"[""baseGazeSamples""]","{""language"": ""en"", ""theme"": ""dark"", ""zoomLevel"": 0.84, ""baseGazeSamples"": 60, ""translationMode"": ""word"", ""translationOutputMode"": ""on"", ""gazeDetectionMode"": ""circle"", ""gazeMappingMode"": ""auto"", ""gazeYOffsetPx"": -18, ""gazeXOffsetPx"": 0, ""gazeHitRadiusPx"": 20}","{""language"": ""en"", ""theme"": ""dark"", ""zoomLevel"": 0.84, ""baseGazeSamples"": 300, ""translationMode"": ""word"", ""translationOutputMode"": ""on"", ""gazeDetectionMode"": ""circle"", ""gazeMappingMode"": ""auto"", ""gazeYOffsetPx"": -18, ""gazeXOffsetPx"": 0, ""gazeHitRadiusPx"": 20}",2026-05-08T16:36:49
12,4,,"[""translationOutputMode""]","{""language"": ""en"", ""theme"": ""dark"", ""zoomLevel"": 0.84, ""baseGazeSamples"": 300, ""translationMode"": ""word"", ""translationOutputMode"": ""on"", ""gazeDetectionMode"": ""circle"", ""gazeMappingMode"": ""auto"", ""gazeYOffsetPx"": -18, ""gazeXOffsetPx"": 0, ""gazeHitRadiusPx"": 20}","{""language"": ""en"", ""theme"": ""dark"", ""zoomLevel"": 0.84, ""baseGazeSamples"": 300, ""translationMode"": ""word"", ""translationOutputMode"": ""off"", ""gazeDetectionMode"": ""circle"", ""gazeMappingMode"": ""auto"", ""gazeYOffsetPx"": -18, ""gazeXOffsetPx"": 0, ""gazeHitRadiusPx"": 20}",2026-05-08T16:47:51
13,4,72141b51-488f-4930-aa5c-926c7d9047d0,"[""gazeYOffsetPx"", ""gazeHitRadiusPx""]","{""language"": ""en"", ""theme"": ""dark"", ""zoomLevel"": 0.84, ""baseGazeSamples"": 300, ""translationMode"": ""word"", ""translationOutputMode"": ""off"", ""gazeDetectionMode"": ""circle"", ""gazeMappingMode"": ""auto"", ""gazeYOffsetPx"": -18, ""gazeXOffsetPx"": 0, ""gazeHitRadiusPx"": 20}","{""language"": ""en"", ""theme"": ""dark"", ""zoomLevel"": 0.84, ""baseGazeSamples"": 300, ""translationMode"": ""word"", ""translationOutputMode"": ""off"", ""gazeDetectionMode"": ""circle"", ""gazeMappingMode"": ""auto"", ""gazeYOffsetPx"": -1, ""gazeXOffsetPx"": 0, ""gazeHitRadiusPx"": 30}",2026-05-08T17:12:51
14,4,72141b51-488f-4930-aa5c-926c7d9047d0,"[""translationOutputMode""]","{""language"": ""en"", ""theme"": ""dark"", ""zoomLevel"": 0.84, ""baseGazeSamples"": 300, ""translationMode"": ""word"", ""translationOutputMode"": ""off"", ""gazeDetectionMode"": ""circle"", ""gazeMappingMode"": ""auto"", ""gazeYOffsetPx"": -1, ""gazeXOffsetPx"": 0, ""gazeHitRadiusPx"": 30}","{""language"": ""en"", ""theme"": ""dark"", ""zoomLevel"": 0.84, ""baseGazeSamples"": 300, ""translationMode"": ""word"", ""translationOutputMode"": ""on"", ""gazeDetectionMode"": ""circle"", ""gazeMappingMode"": ""auto"", ""gazeYOffsetPx"": -1, ""gazeXOffsetPx"": 0, ""gazeHitRadiusPx"": 30}",2026-05-08T17:13:01
15,4,7966b9ae-bfc9-4990-a38f-de693feaaed2,"[""gazeMappingMode""]","{""language"": ""en"", ""theme"": ""dark"", ""zoomLevel"": 0.84, ""baseGazeSamples"": 300, ""translationMode"": ""word"", ""translationOutputMode"": ""on"", ""gazeDetectionMode"": ""circle"", ""gazeMappingMode"": ""auto"", ""gazeYOffsetPx"": -1, ""gazeXOffsetPx"": 0, ""gazeHitRadiusPx"": 30}","{""language"": ""en"", ""theme"": ""dark"", ""zoomLevel"": 0.84, ""baseGazeSamples"": 300, ""translationMode"": ""word"", ""translationOutputMode"": ""on"", ""gazeDetectionMode"": ""circle"", ""gazeMappingMode"": ""viewport"", ""gazeYOffsetPx"": -1, ""gazeXOffsetPx"": 0, ""gazeHitRadiusPx"": 30}",2026-05-08T17:13:54
16,4,7966b9ae-bfc9-4990-a38f-de693feaaed2,"[""zoomLevel"", ""gazeYOffsetPx""]","{""language"": ""en"", ""theme"": ""dark"", ""zoomLevel"": 0.84, ""baseGazeSamples"": 300, ""translationMode"": ""word"", ""translationOutputMode"": ""on"", ""gazeDetectionMode"": ""circle"", ""gazeMappingMode"": ""viewport"", ""gazeYOffsetPx"": -1, ""gazeXOffsetPx"": 0, ""gazeHitRadiusPx"": 30}","{""language"": ""en"", ""theme"": ""dark"", ""zoomLevel"": 1, ""baseGazeSamples"": 300, ""translationMode"": ""word"", ""translationOutputMode"": ""on"", ""gazeDetectionMode"": ""circle"", ""gazeMappingMode"": ""viewport"", ""gazeYOffsetPx"": 2, ""gazeXOffsetPx"": 0, ""gazeHitRadiusPx"": 30}",2026-05-08T17:14:36
17,4,7966b9ae-bfc9-4990-a38f-de693feaaed2,"[""gazeYOffsetPx""]","{""language"": ""en"", ""theme"": ""dark"", ""zoomLevel"": 1, ""baseGazeSamples"": 300, ""translationMode"": ""word"", ""translationOutputMode"": ""on"", ""gazeDetectionMode"": ""circle"", ""gazeMappingMode"": ""viewport"", ""gazeYOffsetPx"": 2, ""gazeXOffsetPx"": 0, ""gazeHitRadiusPx"": 30}","{""language"": ""en"", ""theme"": ""dark"", ""zoomLevel"": 1, ""baseGazeSamples"": 300, ""translationMode"": ""word"", ""translationOutputMode"": ""on"", ""gazeDetectionMode"": ""circle"", ""gazeMappingMode"": ""viewport"", ""gazeYOffsetPx"": 22, ""gazeXOffsetPx"": 0, ""gazeHitRadiusPx"": 30}",2026-05-08T17:15:04
18,4,7966b9ae-bfc9-4990-a38f-de693feaaed2,"[""zoomLevel""]","{""language"": ""en"", ""theme"": ""dark"", ""zoomLevel"": 1, ""baseGazeSamples"": 300, ""translationMode"": ""word"", ""translationOutputMode"": ""on"", ""gazeDetectionMode"": ""circle"", ""gazeMappingMode"": ""viewport"", ""gazeYOffsetPx"": 22, ""gazeXOffsetPx"": 0, ""gazeHitRadiusPx"": 30}","{""language"": ""en"", ""theme"": ""dark"", ""zoomLevel"": 1.31, ""baseGazeSamples"": 300, ""translationMode"": ""word"", ""translationOutputMode"": ""on"", ""gazeDetectionMode"": ""circle"", ""gazeMappingMode"": ""viewport"", ""gazeYOffsetPx"": 22, ""gazeXOffsetPx"": 0, ""gazeHitRadiusPx"": 30}",2026-05-08T17:15:40
19,4,7966b9ae-bfc9-4990-a38f-de693feaaed2,"[""translationMode""]","{""language"": ""en"", ""theme"": ""dark"", ""zoomLevel"": 1.31, ""baseGazeSamples"": 300, ""translationMode"": ""word"", ""translationOutputMode"": ""on"", ""gazeDetectionMode"": ""circle"", ""gazeMappingMode"": ""viewport"", ""gazeYOffsetPx"": 22, ""gazeXOffsetPx"": 0, ""gazeHitRadiusPx"": 30}","{""language"": ""en"", ""theme"": ""dark"", ""zoomLevel"": 1.31, ""baseGazeSamples"": 300, ""translationMode"": ""sentence"", ""translationOutputMode"": ""on"", ""gazeDetectionMode"": ""circle"", ""gazeMappingMode"": ""viewport"", ""gazeYOffsetPx"": 22, ""gazeXOffsetPx"": 0, ""gazeHitRadiusPx"": 30}",2026-05-08T17:17:06
20,4,7966b9ae-bfc9-4990-a38f-de693feaaed2,"[""translationMode"", ""gazeMappingMode""]","{""language"": ""en"", ""theme"": ""dark"", ""zoomLevel"": 1.31, ""baseGazeSamples"": 300, ""translationMode"": ""sentence"", ""translationOutputMode"": ""on"", ""gazeDetectionMode"": ""circle"", ""gazeMappingMode"": ""viewport"", ""gazeYOffsetPx"": 22, ""gazeXOffsetPx"": 0, ""gazeHitRadiusPx"": 30}","{""language"": ""en"", ""theme"": ""dark"", ""zoomLevel"": 1.31, ""baseGazeSamples"": 300, ""translationMode"": ""word"", ""translationOutputMode"": ""on"", ""gazeDetectionMode"": ""circle"", ""gazeMappingMode"": ""auto"", ""gazeYOffsetPx"": 22, ""gazeXOffsetPx"": 0, ""gazeHitRadiusPx"": 30}",2026-05-08T17:17:42
21,4,,"[""zoomLevel""]","{""language"": ""en"", ""theme"": ""dark"", ""zoomLevel"": 1.31, ""baseGazeSamples"": 300, ""translationMode"": ""word"", ""translationOutputMode"": ""on"", ""gazeDetectionMode"": ""circle"", ""gazeMappingMode"": ""auto"", ""gazeYOffsetPx"": 22, ""gazeXOffsetPx"": 0, ""gazeHitRadiusPx"": 30}","{""language"": ""en"", ""theme"": ""dark"", ""zoomLevel"": 1, ""baseGazeSamples"": 300, ""translationMode"": ""word"", ""translationOutputMode"": ""on"", ""gazeDetectionMode"": ""circle"", ""gazeMappingMode"": ""auto"", ""gazeYOffsetPx"": 22, ""gazeXOffsetPx"": 0, ""gazeHitRadiusPx"": 30}",2026-05-08T17:27:17
22,4,,"[""zoomLevel""]","{""language"": ""en"", ""theme"": ""dark"", ""zoomLevel"": 1, ""baseGazeSamples"": 300, ""translationMode"": ""word"", ""translationOutputMode"": ""on"", ""gazeDetectionMode"": ""circle"", ""gazeMappingMode"": ""auto"", ""gazeYOffsetPx"": 22, ""gazeXOffsetPx"": 0, ""gazeHitRadiusPx"": 30}","{""language"": ""en"", ""theme"": ""dark"", ""zoomLevel"": 0.64, ""baseGazeSamples"": 300, ""translationMode"": ""word"", ""translationOutputMode"": ""on"", ""gazeDetectionMode"": ""circle"", ""gazeMappingMode"": ""auto"", ""gazeYOffsetPx"": 22, ""gazeXOffsetPx"": 0, ""gazeHitRadiusPx"": 30}",2026-05-08T17:28:12
23,4,,"[""zoomLevel""]","{""language"": ""en"", ""theme"": ""dark"", ""zoomLevel"": 0.64, ""baseGazeSamples"": 300, ""translationMode"": ""word"", ""translationOutputMode"": ""on"", ""gazeDetectionMode"": ""circle"", ""gazeMappingMode"": ""auto"", ""gazeYOffsetPx"": 22, ""gazeXOffsetPx"": 0, ""gazeHitRadiusPx"": 30}","{""language"": ""en"", ""theme"": ""dark"", ""zoomLevel"": 1, ""baseGazeSamples"": 300, ""translationMode"": ""word"", ""translationOutputMode"": ""on"", ""gazeDetectionMode"": ""circle"", ""gazeMappingMode"": ""auto"", ""gazeYOffsetPx"": 22, ""gazeXOffsetPx"": 0, ""gazeHitRadiusPx"": 30}",2026-05-08T17:28:19
24,5,6d9d323a-9bbe-4c82-bdf9-16f6b46f9f5d,"[""gazeYOffsetPx""]","{""language"": ""en"", ""theme"": ""dark"", ""zoomLevel"": 0.84, ""baseGazeSamples"": 60, ""translationMode"": ""word"", ""translationOutputMode"": ""on"", ""gazeDetectionMode"": ""circle"", ""gazeMappingMode"": ""auto"", ""gazeYOffsetPx"": 8, ""gazeXOffsetPx"": 0, ""gazeHitRadiusPx"": 20}","{""language"": ""en"", ""theme"": ""dark"", ""zoomLevel"": 0.84, ""baseGazeSamples"": 60, ""translationMode"": ""word"", ""translationOutputMode"": ""on"", ""gazeDetectionMode"": ""circle"", ""gazeMappingMode"": ""auto"", ""gazeYOffsetPx"": -1, ""gazeXOffsetPx"": 0, ""gazeHitRadiusPx"": 20}",2026-05-18T13:07:00
25,5,6d9d323a-9bbe-4c82-bdf9-16f6b46f9f5d,"[""baseGazeSamples""]","{""language"": ""en"", ""theme"": ""dark"", ""zoomLevel"": 0.84, ""baseGazeSamples"": 60, ""translationMode"": ""word"", ""translationOutputMode"": ""on"", ""gazeDetectionMode"": ""circle"", ""gazeMappingMode"": ""auto"", ""gazeYOffsetPx"": -1, ""gazeXOffsetPx"": 0, ""gazeHitRadiusPx"": 20}","{""language"": ""en"", ""theme"": ""dark"", ""zoomLevel"": 0.84, ""baseGazeSamples"": 300, ""translationMode"": ""word"", ""translationOutputMode"": ""on"", ""gazeDetectionMode"": ""circle"", ""gazeMappingMode"": ""auto"", ""gazeYOffsetPx"": -1, ""gazeXOffsetPx"": 0, ""gazeHitRadiusPx"": 20}",2026-05-18T13:08:10
26,5,6d9d323a-9bbe-4c82-bdf9-16f6b46f9f5d,"[""zoomLevel""]","{""language"": ""en"", ""theme"": ""dark"", ""zoomLevel"": 0.84, ""baseGazeSamples"": 300, ""translationMode"": ""word"", ""translationOutputMode"": ""on"", ""gazeDetectionMode"": ""circle"", ""gazeMappingMode"": ""auto"", ""gazeYOffsetPx"": -1, ""gazeXOffsetPx"": 0, ""gazeHitRadiusPx"": 20}","{""language"": ""en"", ""theme"": ""dark"", ""zoomLevel"": 1, ""baseGazeSamples"": 300, ""translationMode"": ""word"", ""translationOutputMode"": ""on"", ""gazeDetectionMode"": ""circle"", ""gazeMappingMode"": ""auto"", ""gazeYOffsetPx"": -1, ""gazeXOffsetPx"": 0, ""gazeHitRadiusPx"": 20}",2026-05-18T13:09:31
27,5,f07d91d8-952d-446d-af50-690e1d78a002,"[""translationOutputMode""]","{""language"": ""en"", ""theme"": ""dark"", ""zoomLevel"": 1, ""baseGazeSamples"": 300, ""translationMode"": ""word"", ""translationOutputMode"": ""on"", ""gazeDetectionMode"": ""circle"", ""gazeMappingMode"": ""auto"", ""gazeYOffsetPx"": -1, ""gazeXOffsetPx"": 0, ""gazeHitRadiusPx"": 20}","{""language"": ""en"", ""theme"": ""dark"", ""zoomLevel"": 1, ""baseGazeSamples"": 300, ""translationMode"": ""word"", ""translationOutputMode"": ""off"", ""gazeDetectionMode"": ""circle"", ""gazeMappingMode"": ""auto"", ""gazeYOffsetPx"": -1, ""gazeXOffsetPx"": 0, ""gazeHitRadiusPx"": 20}",2026-05-18T13:17:56
28,6,,"[""zoomLevel""]","{""language"": ""en"", ""theme"": ""dark"", ""zoomLevel"": 0.84, ""baseGazeSamples"": 60, ""translationMode"": ""word"", ""translationOutputMode"": ""on"", ""gazeDetectionMode"": ""circle"", ""gazeMappingMode"": ""auto"", ""gazeYOffsetPx"": 8, ""gazeXOffsetPx"": 0, ""gazeHitRadiusPx"": 20}","{""language"": ""en"", ""theme"": ""dark"", ""zoomLevel"": 1, ""baseGazeSamples"": 60, ""translationMode"": ""word"", ""translationOutputMode"": ""on"", ""gazeDetectionMode"": ""circle"", ""gazeMappingMode"": ""auto"", ""gazeYOffsetPx"": 8, ""gazeXOffsetPx"": 0, ""gazeHitRadiusPx"": 20}",2026-05-18T13:32:19
29,6,ffdd5df8-07c9-4049-bfc4-bf247d2e6a1d,"[""baseGazeSamples""]","{""language"": ""en"", ""theme"": ""dark"", ""zoomLevel"": 1, ""baseGazeSamples"": 60, ""translationMode"": ""word"", ""translationOutputMode"": ""on"", ""gazeDetectionMode"": ""circle"", ""gazeMappingMode"": ""auto"", ""gazeYOffsetPx"": 8, ""gazeXOffsetPx"": 0, ""gazeHitRadiusPx"": 20}","{""language"": ""en"", ""theme"": ""dark"", ""zoomLevel"": 1, ""baseGazeSamples"": 300, ""translationMode"": ""word"", ""translationOutputMode"": ""on"", ""gazeDetectionMode"": ""circle"", ""gazeMappingMode"": ""auto"", ""gazeYOffsetPx"": 8, ""gazeXOffsetPx"": 0, ""gazeHitRadiusPx"": 20}",2026-05-18T13:35:48
30,6,2d8ba011-c620-4a94-bbee-f74b15a573a7,"[""translationOutputMode""]","{""language"": ""en"", ""theme"": ""dark"", ""zoomLevel"": 1, ""baseGazeSamples"": 300, ""translationMode"": ""word"", ""translationOutputMode"": ""on"", ""gazeDetectionMode"": ""circle"", ""gazeMappingMode"": ""auto"", ""gazeYOffsetPx"": 8, ""gazeXOffsetPx"": 0, ""gazeHitRadiusPx"": 20}","{""language"": ""en"", ""theme"": ""dark"", ""zoomLevel"": 1, ""baseGazeSamples"": 300, ""translationMode"": ""word"", ""translationOutputMode"": ""off"", ""gazeDetectionMode"": ""circle"", ""gazeMappingMode"": ""auto"", ""gazeYOffsetPx"": 8, ""gazeXOffsetPx"": 0, ""gazeHitRadiusPx"": 20}",2026-05-18T13:38:09
31,6,f1566699-6eae-4e15-a085-7dfdf6baeb9b,"[""translationOutputMode""]","{""language"": ""en"", ""theme"": ""dark"", ""zoomLevel"": 1, ""baseGazeSamples"": 300, ""translationMode"": ""word"", ""translationOutputMode"": ""off"", ""gazeDetectionMode"": ""circle"", ""gazeMappingMode"": ""auto"", ""gazeYOffsetPx"": 8, ""gazeXOffsetPx"": 0, ""gazeHitRadiusPx"": 20}","{""language"": ""en"", ""theme"": ""dark"", ""zoomLevel"": 1, ""baseGazeSamples"": 300, ""translationMode"": ""word"", ""translationOutputMode"": ""on"", ""gazeDetectionMode"": ""circle"", ""gazeMappingMode"": ""auto"", ""gazeYOffsetPx"": 8, ""gazeXOffsetPx"": 0, ""gazeHitRadiusPx"": 20}",2026-05-18T13:49:46
32,6,566cc61c-0ac3-4fb6-9256-7f55b55c2fee,"[""gazeYOffsetPx""]","{""language"": ""en"", ""theme"": ""dark"", ""zoomLevel"": 1, ""baseGazeSamples"": 300, ""translationMode"": ""word"", ""translationOutputMode"": ""on"", ""gazeDetectionMode"": ""circle"", ""gazeMappingMode"": ""auto"", ""gazeYOffsetPx"": 8, ""gazeXOffsetPx"": 0, ""gazeHitRadiusPx"": 20}","{""language"": ""en"", ""theme"": ""dark"", ""zoomLevel"": 1, ""baseGazeSamples"": 300, ""translationMode"": ""word"", ""translationOutputMode"": ""on"", ""gazeDetectionMode"": ""circle"", ""gazeMappingMode"": ""auto"", ""gazeYOffsetPx"": -1, ""gazeXOffsetPx"": 0, ""gazeHitRadiusPx"": 20}",2026-05-18T13:53:10
33,7,734cec3b-2e3a-4942-8f97-b2b9f33c7783,"[""baseGazeSamples""]","{""language"": ""en"", ""theme"": ""dark"", ""zoomLevel"": 0.84, ""baseGazeSamples"": 60, ""translationMode"": ""word"", ""translationOutputMode"": ""on"", ""gazeDetectionMode"": ""circle"", ""gazeMappingMode"": ""auto"", ""gazeYOffsetPx"": 8, ""gazeXOffsetPx"": 0, ""gazeHitRadiusPx"": 20}","{""language"": ""en"", ""theme"": ""dark"", ""zoomLevel"": 0.84, ""baseGazeSamples"": 300, ""translationMode"": ""word"", ""translationOutputMode"": ""on"", ""gazeDetectionMode"": ""circle"", ""gazeMappingMode"": ""auto"", ""gazeYOffsetPx"": 8, ""gazeXOffsetPx"": 0, ""gazeHitRadiusPx"": 20}",2026-05-18T14:23:03
34,7,734cec3b-2e3a-4942-8f97-b2b9f33c7783,"[""baseGazeSamples""]","{""language"": ""en"", ""theme"": ""dark"", ""zoomLevel"": 0.84, ""baseGazeSamples"": 300, ""translationMode"": ""word"", ""translationOutputMode"": ""on"", ""gazeDetectionMode"": ""circle"", ""gazeMappingMode"": ""auto"", ""gazeYOffsetPx"": 8, ""gazeXOffsetPx"": 0, ""gazeHitRadiusPx"": 20}","{""language"": ""en"", ""theme"": ""dark"", ""zoomLevel"": 0.84, ""baseGazeSamples"": 400, ""translationMode"": ""word"", ""translationOutputMode"": ""on"", ""gazeDetectionMode"": ""circle"", ""gazeMappingMode"": ""auto"", ""gazeYOffsetPx"": 8, ""gazeXOffsetPx"": 0, ""gazeHitRadiusPx"": 20}",2026-05-18T14:23:36
35,7,734cec3b-2e3a-4942-8f97-b2b9f33c7783,"[""translationOutputMode""]","{""language"": ""en"", ""theme"": ""dark"", ""zoomLevel"": 0.84, ""baseGazeSamples"": 400, ""translationMode"": ""word"", ""translationOutputMode"": ""on"", ""gazeDetectionMode"": ""circle"", ""gazeMappingMode"": ""auto"", ""gazeYOffsetPx"": 8, ""gazeXOffsetPx"": 0, ""gazeHitRadiusPx"": 20}","{""language"": ""en"", ""theme"": ""dark"", ""zoomLevel"": 0.84, ""baseGazeSamples"": 400, ""translationMode"": ""word"", ""translationOutputMode"": ""off"", ""gazeDetectionMode"": ""circle"", ""gazeMappingMode"": ""auto"", ""gazeYOffsetPx"": 8, ""gazeXOffsetPx"": 0, ""gazeHitRadiusPx"": 20}",2026-05-18T14:24:03
36,7,9b862d6c-1462-4c7d-9ccb-7bf772224eb4,"[""translationOutputMode""]","{""language"": ""en"", ""theme"": ""dark"", ""zoomLevel"": 0.84, ""baseGazeSamples"": 400, ""translationMode"": ""word"", ""translationOutputMode"": ""off"", ""gazeDetectionMode"": ""circle"", ""gazeMappingMode"": ""auto"", ""gazeYOffsetPx"": 8, ""gazeXOffsetPx"": 0, ""gazeHitRadiusPx"": 20}","{""language"": ""en"", ""theme"": ""dark"", ""zoomLevel"": 0.84, ""baseGazeSamples"": 400, ""translationMode"": ""word"", ""translationOutputMode"": ""on"", ""gazeDetectionMode"": ""circle"", ""gazeMappingMode"": ""auto"", ""gazeYOffsetPx"": 8, ""gazeXOffsetPx"": 0, ""gazeHitRadiusPx"": 20}",2026-05-18T14:33:25
37,8,fe2b8212-295b-4b20-8a21-91182c4034f5,"[""gazeYOffsetPx""]","{""language"": ""en"", ""theme"": ""dark"", ""zoomLevel"": 0.84, ""baseGazeSamples"": 60, ""translationMode"": ""word"", ""translationOutputMode"": ""on"", ""gazeDetectionMode"": ""circle"", ""gazeMappingMode"": ""auto"", ""gazeYOffsetPx"": 8, ""gazeXOffsetPx"": 0, ""gazeHitRadiusPx"": 20}","{""language"": ""en"", ""theme"": ""dark"", ""zoomLevel"": 0.84, ""baseGazeSamples"": 60, ""translationMode"": ""word"", ""translationOutputMode"": ""on"", ""gazeDetectionMode"": ""circle"", ""gazeMappingMode"": ""auto"", ""gazeYOffsetPx"": -18, ""gazeXOffsetPx"": 0, ""gazeHitRadiusPx"": 20}",2026-05-18T14:50:41
38,8,fe2b8212-295b-4b20-8a21-91182c4034f5,"[""zoomLevel""]","{""language"": ""en"", ""theme"": ""dark"", ""zoomLevel"": 0.84, ""baseGazeSamples"": 60, ""translationMode"": ""word"", ""translationOutputMode"": ""on"", ""gazeDetectionMode"": ""circle"", ""gazeMappingMode"": ""auto"", ""gazeYOffsetPx"": -18, ""gazeXOffsetPx"": 0, ""gazeHitRadiusPx"": 20}","{""language"": ""en"", ""theme"": ""dark"", ""zoomLevel"": 1, ""baseGazeSamples"": 60, ""translationMode"": ""word"", ""translationOutputMode"": ""on"", ""gazeDetectionMode"": ""circle"", ""gazeMappingMode"": ""auto"", ""gazeYOffsetPx"": -18, ""gazeXOffsetPx"": 0, ""gazeHitRadiusPx"": 20}",2026-05-18T14:51:25
39,8,fe2b8212-295b-4b20-8a21-91182c4034f5,"[""baseGazeSamples""]","{""language"": ""en"", ""theme"": ""dark"", ""zoomLevel"": 1, ""baseGazeSamples"": 60, ""translationMode"": ""word"", ""translationOutputMode"": ""on"", ""gazeDetectionMode"": ""circle"", ""gazeMappingMode"": ""auto"", ""gazeYOffsetPx"": -18, ""gazeXOffsetPx"": 0, ""gazeHitRadiusPx"": 20}","{""language"": ""en"", ""theme"": ""dark"", ""zoomLevel"": 1, ""baseGazeSamples"": 300, ""translationMode"": ""word"", ""translationOutputMode"": ""on"", ""gazeDetectionMode"": ""circle"", ""gazeMappingMode"": ""auto"", ""gazeYOffsetPx"": -18, ""gazeXOffsetPx"": 0, ""gazeHitRadiusPx"": 20}",2026-05-18T14:51:38
40,8,fe2b8212-295b-4b20-8a21-91182c4034f5,"[""translationOutputMode""]","{""language"": ""en"", ""theme"": ""dark"", ""zoomLevel"": 1, ""baseGazeSamples"": 300, ""translationMode"": ""word"", ""translationOutputMode"": ""on"", ""gazeDetectionMode"": ""circle"", ""gazeMappingMode"": ""auto"", ""gazeYOffsetPx"": -18, ""gazeXOffsetPx"": 0, ""gazeHitRadiusPx"": 20}","{""language"": ""en"", ""theme"": ""dark"", ""zoomLevel"": 1, ""baseGazeSamples"": 300, ""translationMode"": ""word"", ""translationOutputMode"": ""off"", ""gazeDetectionMode"": ""circle"", ""gazeMappingMode"": ""auto"", ""gazeYOffsetPx"": -18, ""gazeXOffsetPx"": 0, ""gazeHitRadiusPx"": 20}",2026-05-18T14:58:07
41,9,e2067df6-37eb-48c5-bb7b-fdbe820cd4c6,"[""gazeYOffsetPx""]","{""language"": ""en"", ""theme"": ""dark"", ""zoomLevel"": 0.84, ""baseGazeSamples"": 60, ""translationMode"": ""word"", ""translationOutputMode"": ""on"", ""gazeDetectionMode"": ""circle"", ""gazeMappingMode"": ""auto"", ""gazeYOffsetPx"": 8, ""gazeXOffsetPx"": 0, ""gazeHitRadiusPx"": 20}","{""language"": ""en"", ""theme"": ""dark"", ""zoomLevel"": 0.84, ""baseGazeSamples"": 60, ""translationMode"": ""word"", ""translationOutputMode"": ""on"", ""gazeDetectionMode"": ""circle"", ""gazeMappingMode"": ""auto"", ""gazeYOffsetPx"": -9, ""gazeXOffsetPx"": 0, ""gazeHitRadiusPx"": 20}",2026-05-18T15:12:43
42,9,e2067df6-37eb-48c5-bb7b-fdbe820cd4c6,"[""zoomLevel""]","{""language"": ""en"", ""theme"": ""dark"", ""zoomLevel"": 0.84, ""baseGazeSamples"": 60, ""translationMode"": ""word"", ""translationOutputMode"": ""on"", ""gazeDetectionMode"": ""circle"", ""gazeMappingMode"": ""auto"", ""gazeYOffsetPx"": -9, ""gazeXOffsetPx"": 0, ""gazeHitRadiusPx"": 20}","{""language"": ""en"", ""theme"": ""dark"", ""zoomLevel"": 1, ""baseGazeSamples"": 60, ""translationMode"": ""word"", ""translationOutputMode"": ""on"", ""gazeDetectionMode"": ""circle"", ""gazeMappingMode"": ""auto"", ""gazeYOffsetPx"": -9, ""gazeXOffsetPx"": 0, ""gazeHitRadiusPx"": 20}",2026-05-18T15:13:43
43,9,e2067df6-37eb-48c5-bb7b-fdbe820cd4c6,"[""baseGazeSamples""]","{""language"": ""en"", ""theme"": ""dark"", ""zoomLevel"": 1, ""baseGazeSamples"": 60, ""translationMode"": ""word"", ""translationOutputMode"": ""on"", ""gazeDetectionMode"": ""circle"", ""gazeMappingMode"": ""auto"", ""gazeYOffsetPx"": -9, ""gazeXOffsetPx"": 0, ""gazeHitRadiusPx"": 20}","{""language"": ""en"", ""theme"": ""dark"", ""zoomLevel"": 1, ""baseGazeSamples"": 300, ""translationMode"": ""word"", ""translationOutputMode"": ""on"", ""gazeDetectionMode"": ""circle"", ""gazeMappingMode"": ""auto"", ""gazeYOffsetPx"": -9, ""gazeXOffsetPx"": 0, ""gazeHitRadiusPx"": 20}",2026-05-18T15:13:58
44,9,e2067df6-37eb-48c5-bb7b-fdbe820cd4c6,"[""translationOutputMode""]","{""language"": ""en"", ""theme"": ""dark"", ""zoomLevel"": 1, ""baseGazeSamples"": 300, ""translationMode"": ""word"", ""translationOutputMode"": ""on"", ""gazeDetectionMode"": ""circle"", ""gazeMappingMode"": ""auto"", ""gazeYOffsetPx"": -9, ""gazeXOffsetPx"": 0, ""gazeHitRadiusPx"": 20}","{""language"": ""en"", ""theme"": ""dark"", ""zoomLevel"": 1, ""baseGazeSamples"": 300, ""translationMode"": ""word"", ""translationOutputMode"": ""off"", ""gazeDetectionMode"": ""circle"", ""gazeMappingMode"": ""auto"", ""gazeYOffsetPx"": -9, ""gazeXOffsetPx"": 0, ""gazeHitRadiusPx"": 20}",2026-05-18T15:23:59
45,10,,"[""zoomLevel""]","{""language"": ""en"", ""theme"": ""dark"", ""zoomLevel"": 0.84, ""baseGazeSamples"": 60, ""translationMode"": ""word"", ""translationOutputMode"": ""on"", ""gazeDetectionMode"": ""circle"", ""gazeMappingMode"": ""auto"", ""gazeYOffsetPx"": 8, ""gazeXOffsetPx"": 0, ""gazeHitRadiusPx"": 20}","{""language"": ""en"", ""theme"": ""dark"", ""zoomLevel"": 1, ""baseGazeSamples"": 60, ""translationMode"": ""word"", ""translationOutputMode"": ""on"", ""gazeDetectionMode"": ""circle"", ""gazeMappingMode"": ""auto"", ""gazeYOffsetPx"": 8, ""gazeXOffsetPx"": 0, ""gazeHitRadiusPx"": 20}",2026-05-18T15:37:56
46,10,0823c0ab-65f4-42b7-8b3d-28d3ec50b5d1,"[""gazeYOffsetPx""]","{""language"": ""en"", ""theme"": ""dark"", ""zoomLevel"": 1, ""baseGazeSamples"": 60, ""translationMode"": ""word"", ""translationOutputMode"": ""on"", ""gazeDetectionMode"": ""circle"", ""gazeMappingMode"": ""auto"", ""gazeYOffsetPx"": 8, ""gazeXOffsetPx"": 0, ""gazeHitRadiusPx"": 20}","{""language"": ""en"", ""theme"": ""dark"", ""zoomLevel"": 1, ""baseGazeSamples"": 60, ""translationMode"": ""word"", ""translationOutputMode"": ""on"", ""gazeDetectionMode"": ""circle"", ""gazeMappingMode"": ""auto"", ""gazeYOffsetPx"": -21, ""gazeXOffsetPx"": 0, ""gazeHitRadiusPx"": 20}",2026-05-18T15:43:44
47,10,0823c0ab-65f4-42b7-8b3d-28d3ec50b5d1,"[""baseGazeSamples""]","{""language"": ""en"", ""theme"": ""dark"", ""zoomLevel"": 1, ""baseGazeSamples"": 60, ""translationMode"": ""word"", ""translationOutputMode"": ""on"", ""gazeDetectionMode"": ""circle"", ""gazeMappingMode"": ""auto"", ""gazeYOffsetPx"": -21, ""gazeXOffsetPx"": 0, ""gazeHitRadiusPx"": 20}","{""language"": ""en"", ""theme"": ""dark"", ""zoomLevel"": 1, ""baseGazeSamples"": 300, ""translationMode"": ""word"", ""translationOutputMode"": ""on"", ""gazeDetectionMode"": ""circle"", ""gazeMappingMode"": ""auto"", ""gazeYOffsetPx"": -21, ""gazeXOffsetPx"": 0, ""gazeHitRadiusPx"": 20}",2026-05-18T15:45:02
48,10,0823c0ab-65f4-42b7-8b3d-28d3ec50b5d1,"[""translationOutputMode""]","{""language"": ""en"", ""theme"": ""dark"", ""zoomLevel"": 1, ""baseGazeSamples"": 300, ""translationMode"": ""word"", ""translationOutputMode"": ""on"", ""gazeDetectionMode"": ""circle"", ""gazeMappingMode"": ""auto"", ""gazeYOffsetPx"": -21, ""gazeXOffsetPx"": 0, ""gazeHitRadiusPx"": 20}","{""language"": ""en"", ""theme"": ""dark"", ""zoomLevel"": 1, ""baseGazeSamples"": 300, ""translationMode"": ""word"", ""translationOutputMode"": ""off"", ""gazeDetectionMode"": ""circle"", ""gazeMappingMode"": ""auto"", ""gazeYOffsetPx"": -21, ""gazeXOffsetPx"": 0, ""gazeHitRadiusPx"": 20}",2026-05-18T15:54:22
49,10,c453644c-7b9c-4d36-93ef-a8da76f00adc,"[""zoomLevel""]","{""language"": ""en"", ""theme"": ""dark"", ""zoomLevel"": 1, ""baseGazeSamples"": 300, ""translationMode"": ""word"", ""translationOutputMode"": ""off"", ""gazeDetectionMode"": ""circle"", ""gazeMappingMode"": ""auto"", ""gazeYOffsetPx"": -21, ""gazeXOffsetPx"": 0, ""gazeHitRadiusPx"": 20}","{""language"": ""en"", ""theme"": ""dark"", ""zoomLevel"": 0.77, ""baseGazeSamples"": 300, ""translationMode"": ""word"", ""translationOutputMode"": ""off"", ""gazeDetectionMode"": ""circle"", ""gazeMappingMode"": ""auto"", ""gazeYOffsetPx"": -21, ""gazeXOffsetPx"": 0, ""gazeHitRadiusPx"": 20}",2026-05-18T15:55:03
50,11,,"[""zoomLevel""]","{""language"": ""en"", ""theme"": ""dark"", ""zoomLevel"": 0.84, ""baseGazeSamples"": 60, ""translationMode"": ""word"", ""translationOutputMode"": ""on"", ""gazeDetectionMode"": ""circle"", ""gazeMappingMode"": ""auto"", ""gazeYOffsetPx"": 8, ""gazeXOffsetPx"": 0, ""gazeHitRadiusPx"": 20}","{""language"": ""en"", ""theme"": ""dark"", ""zoomLevel"": 1, ""baseGazeSamples"": 60, ""translationMode"": ""word"", ""translationOutputMode"": ""on"", ""gazeDetectionMode"": ""circle"", ""gazeMappingMode"": ""auto"", ""gazeYOffsetPx"": 8, ""gazeXOffsetPx"": 0, ""gazeHitRadiusPx"": 20}",2026-05-18T16:12:23
51,11,ab884987-eb2e-4c2e-b8d6-003166986420,"[""baseGazeSamples""]","{""language"": ""en"", ""theme"": ""dark"", ""zoomLevel"": 1, ""baseGazeSamples"": 60, ""translationMode"": ""word"", ""translationOutputMode"": ""on"", ""gazeDetectionMode"": ""circle"", ""gazeMappingMode"": ""auto"", ""gazeYOffsetPx"": 8, ""gazeXOffsetPx"": 0, ""gazeHitRadiusPx"": 20}","{""language"": ""en"", ""theme"": ""dark"", ""zoomLevel"": 1, ""baseGazeSamples"": 300, ""translationMode"": ""word"", ""translationOutputMode"": ""on"", ""gazeDetectionMode"": ""circle"", ""gazeMappingMode"": ""auto"", ""gazeYOffsetPx"": 8, ""gazeXOffsetPx"": 0, ""gazeHitRadiusPx"": 20}",2026-05-18T16:14:54
52,11,ab884987-eb2e-4c2e-b8d6-003166986420,"[""translationOutputMode""]","{""language"": ""en"", ""theme"": ""dark"", ""zoomLevel"": 1, ""baseGazeSamples"": 300, ""translationMode"": ""word"", ""translationOutputMode"": ""on"", ""gazeDetectionMode"": ""circle"", ""gazeMappingMode"": ""auto"", ""gazeYOffsetPx"": 8, ""gazeXOffsetPx"": 0, ""gazeHitRadiusPx"": 20}","{""language"": ""en"", ""theme"": ""dark"", ""zoomLevel"": 1, ""baseGazeSamples"": 300, ""translationMode"": ""word"", ""translationOutputMode"": ""off"", ""gazeDetectionMode"": ""circle"", ""gazeMappingMode"": ""auto"", ""gazeYOffsetPx"": 8, ""gazeXOffsetPx"": 0, ""gazeHitRadiusPx"": 20}",2026-05-18T16:16:31
53,11,78925cf1-9c5b-4516-8d56-735c4a47e586,"[""gazeYOffsetPx""]","{""language"": ""en"", ""theme"": ""dark"", ""zoomLevel"": 1, ""baseGazeSamples"": 300, ""translationMode"": ""word"", ""translationOutputMode"": ""off"", ""gazeDetectionMode"": ""circle"", ""gazeMappingMode"": ""auto"", ""gazeYOffsetPx"": 8, ""gazeXOffsetPx"": 0, ""gazeHitRadiusPx"": 20}","{""language"": ""en"", ""theme"": ""dark"", ""zoomLevel"": 1, ""baseGazeSamples"": 300, ""translationMode"": ""word"", ""translationOutputMode"": ""off"", ""gazeDetectionMode"": ""circle"", ""gazeMappingMode"": ""auto"", ""gazeYOffsetPx"": -21, ""gazeXOffsetPx"": 0, ""gazeHitRadiusPx"": 20}",2026-05-18T16:24:42
54,11,78925cf1-9c5b-4516-8d56-735c4a47e586,"[""translationOutputMode""]","{""language"": ""en"", ""theme"": ""dark"", ""zoomLevel"": 1, ""baseGazeSamples"": 300, ""translationMode"": ""word"", ""translationOutputMode"": ""off"", ""gazeDetectionMode"": ""circle"", ""gazeMappingMode"": ""auto"", ""gazeYOffsetPx"": -21, ""gazeXOffsetPx"": 0, ""gazeHitRadiusPx"": 20}","{""language"": ""en"", ""theme"": ""dark"", ""zoomLevel"": 1, ""baseGazeSamples"": 300, ""translationMode"": ""word"", ""translationOutputMode"": ""on"", ""gazeDetectionMode"": ""circle"", ""gazeMappingMode"": ""auto"", ""gazeYOffsetPx"": -21, ""gazeXOffsetPx"": 0, ""gazeHitRadiusPx"": 20}",2026-05-18T16:25:05
55,12,09820149-13dd-486f-bb8f-9472287b848e,"[""zoomLevel""]","{""language"": ""en"", ""theme"": ""dark"", ""zoomLevel"": 0.84, ""baseGazeSamples"": 60, ""translationMode"": ""word"", ""translationOutputMode"": ""on"", ""gazeDetectionMode"": ""circle"", ""gazeMappingMode"": ""auto"", ""gazeYOffsetPx"": 8, ""gazeXOffsetPx"": 0, ""gazeHitRadiusPx"": 20}","{""language"": ""en"", ""theme"": ""dark"", ""zoomLevel"": 1, ""baseGazeSamples"": 60, ""translationMode"": ""word"", ""translationOutputMode"": ""on"", ""gazeDetectionMode"": ""circle"", ""gazeMappingMode"": ""auto"", ""gazeYOffsetPx"": 8, ""gazeXOffsetPx"": 0, ""gazeHitRadiusPx"": 20}",2026-05-18T16:38:44
56,12,09820149-13dd-486f-bb8f-9472287b848e,"[""gazeYOffsetPx""]","{""language"": ""en"", ""theme"": ""dark"", ""zoomLevel"": 1, ""baseGazeSamples"": 60, ""translationMode"": ""word"", ""translationOutputMode"": ""on"", ""gazeDetectionMode"": ""circle"", ""gazeMappingMode"": ""auto"", ""gazeYOffsetPx"": 8, ""gazeXOffsetPx"": 0, ""gazeHitRadiusPx"": 20}","{""language"": ""en"", ""theme"": ""dark"", ""zoomLevel"": 1, ""baseGazeSamples"": 60, ""translationMode"": ""word"", ""translationOutputMode"": ""on"", ""gazeDetectionMode"": ""circle"", ""gazeMappingMode"": ""auto"", ""gazeYOffsetPx"": -16, ""gazeXOffsetPx"": 0, ""gazeHitRadiusPx"": 20}",2026-05-18T16:39:42
57,12,09820149-13dd-486f-bb8f-9472287b848e,"[""baseGazeSamples""]","{""language"": ""en"", ""theme"": ""dark"", ""zoomLevel"": 1, ""baseGazeSamples"": 60, ""translationMode"": ""word"", ""translationOutputMode"": ""on"", ""gazeDetectionMode"": ""circle"", ""gazeMappingMode"": ""auto"", ""gazeYOffsetPx"": -16, ""gazeXOffsetPx"": 0, ""gazeHitRadiusPx"": 20}","{""language"": ""en"", ""theme"": ""dark"", ""zoomLevel"": 1, ""baseGazeSamples"": 300, ""translationMode"": ""word"", ""translationOutputMode"": ""on"", ""gazeDetectionMode"": ""circle"", ""gazeMappingMode"": ""auto"", ""gazeYOffsetPx"": -16, ""gazeXOffsetPx"": 0, ""gazeHitRadiusPx"": 20}",2026-05-18T16:40:42
58,12,09820149-13dd-486f-bb8f-9472287b848e,"[""gazeYOffsetPx"", ""gazeHitRadiusPx""]","{""language"": ""en"", ""theme"": ""dark"", ""zoomLevel"": 1, ""baseGazeSamples"": 300, ""translationMode"": ""word"", ""translationOutputMode"": ""on"", ""gazeDetectionMode"": ""circle"", ""gazeMappingMode"": ""auto"", ""gazeYOffsetPx"": -16, ""gazeXOffsetPx"": 0, ""gazeHitRadiusPx"": 20}","{""language"": ""en"", ""theme"": ""dark"", ""zoomLevel"": 1, ""baseGazeSamples"": 300, ""translationMode"": ""word"", ""translationOutputMode"": ""on"", ""gazeDetectionMode"": ""circle"", ""gazeMappingMode"": ""auto"", ""gazeYOffsetPx"": -9, ""gazeXOffsetPx"": 0, ""gazeHitRadiusPx"": 25}",2026-05-18T16:42:00
59,12,09820149-13dd-486f-bb8f-9472287b848e,"[""translationOutputMode""]","{""language"": ""en"", ""theme"": ""dark"", ""zoomLevel"": 1, ""baseGazeSamples"": 300, ""translationMode"": ""word"", ""translationOutputMode"": ""on"", ""gazeDetectionMode"": ""circle"", ""gazeMappingMode"": ""auto"", ""gazeYOffsetPx"": -9, ""gazeXOffsetPx"": 0, ""gazeHitRadiusPx"": 25}","{""language"": ""en"", ""theme"": ""dark"", ""zoomLevel"": 1, ""baseGazeSamples"": 300, ""translationMode"": ""word"", ""translationOutputMode"": ""off"", ""gazeDetectionMode"": ""circle"", ""gazeMappingMode"": ""auto"", ""gazeYOffsetPx"": -9, ""gazeXOffsetPx"": 0, ""gazeHitRadiusPx"": 25}",2026-05-18T16:42:57
60,12,5cab1f9b-6f9b-411d-8c8e-cec9137cb4c0,"[""translationOutputMode""]","{""language"": ""en"", ""theme"": ""dark"", ""zoomLevel"": 1, ""baseGazeSamples"": 300, ""translationMode"": ""word"", ""translationOutputMode"": ""off"", ""gazeDetectionMode"": ""circle"", ""gazeMappingMode"": ""auto"", ""gazeYOffsetPx"": -9, ""gazeXOffsetPx"": 0, ""gazeHitRadiusPx"": 25}","{""language"": ""en"", ""theme"": ""dark"", ""zoomLevel"": 1, ""baseGazeSamples"": 300, ""translationMode"": ""word"", ""translationOutputMode"": ""on"", ""gazeDetectionMode"": ""circle"", ""gazeMappingMode"": ""auto"", ""gazeYOffsetPx"": -9, ""gazeXOffsetPx"": 0, ""gazeHitRadiusPx"": 25}",2026-05-18T16:51:46
61,13,71ed7bc5-21ec-4c01-87d1-4fd17d22cce8,"[""baseGazeSamples""]","{""language"": ""en"", ""theme"": ""dark"", ""zoomLevel"": 0.84, ""baseGazeSamples"": 60, ""translationMode"": ""word"", ""translationOutputMode"": ""on"", ""gazeDetectionMode"": ""circle"", ""gazeMappingMode"": ""auto"", ""gazeYOffsetPx"": 8, ""gazeXOffsetPx"": 0, ""gazeHitRadiusPx"": 20}","{""language"": ""en"", ""theme"": ""dark"", ""zoomLevel"": 0.84, ""baseGazeSamples"": 300, ""translationMode"": ""word"", ""translationOutputMode"": ""on"", ""gazeDetectionMode"": ""circle"", ""gazeMappingMode"": ""auto"", ""gazeYOffsetPx"": 8, ""gazeXOffsetPx"": 0, ""gazeHitRadiusPx"": 20}",2026-05-18T17:11:33
62,13,71ed7bc5-21ec-4c01-87d1-4fd17d22cce8,"[""zoomLevel""]","{""language"": ""en"", ""theme"": ""dark"", ""zoomLevel"": 0.84, ""baseGazeSamples"": 300, ""translationMode"": ""word"", ""translationOutputMode"": ""on"", ""gazeDetectionMode"": ""circle"", ""gazeMappingMode"": ""auto"", ""gazeYOffsetPx"": 8, ""gazeXOffsetPx"": 0, ""gazeHitRadiusPx"": 20}","{""language"": ""en"", ""theme"": ""dark"", ""zoomLevel"": 1, ""baseGazeSamples"": 300, ""translationMode"": ""word"", ""translationOutputMode"": ""on"", ""gazeDetectionMode"": ""circle"", ""gazeMappingMode"": ""auto"", ""gazeYOffsetPx"": 8, ""gazeXOffsetPx"": 0, ""gazeHitRadiusPx"": 20}",2026-05-18T17:13:17
63,13,71ed7bc5-21ec-4c01-87d1-4fd17d22cce8,"[""translationOutputMode""]","{""language"": ""en"", ""theme"": ""dark"", ""zoomLevel"": 1, ""baseGazeSamples"": 300, ""translationMode"": ""word"", ""translationOutputMode"": ""on"", ""gazeDetectionMode"": ""circle"", ""gazeMappingMode"": ""auto"", ""gazeYOffsetPx"": 8, ""gazeXOffsetPx"": 0, ""gazeHitRadiusPx"": 20}","{""language"": ""en"", ""theme"": ""dark"", ""zoomLevel"": 1, ""baseGazeSamples"": 300, ""translationMode"": ""word"", ""translationOutputMode"": ""off"", ""gazeDetectionMode"": ""circle"", ""gazeMappingMode"": ""auto"", ""gazeYOffsetPx"": 8, ""gazeXOffsetPx"": 0, ""gazeHitRadiusPx"": 20}",2026-05-18T17:22:44
64,14,,"[""baseGazeSamples""]","{""language"": ""en"", ""theme"": ""dark"", ""zoomLevel"": 0.84, ""baseGazeSamples"": 60, ""translationMode"": ""word"", ""translationOutputMode"": ""on"", ""gazeDetectionMode"": ""circle"", ""gazeMappingMode"": ""auto"", ""gazeYOffsetPx"": 8, ""gazeXOffsetPx"": 0, ""gazeHitRadiusPx"": 20}","{""language"": ""en"", ""theme"": ""dark"", ""zoomLevel"": 0.84, ""baseGazeSamples"": 100, ""translationMode"": ""word"", ""translationOutputMode"": ""on"", ""gazeDetectionMode"": ""circle"", ""gazeMappingMode"": ""auto"", ""gazeYOffsetPx"": 8, ""gazeXOffsetPx"": 0, ""gazeHitRadiusPx"": 20}",2026-05-18T18:06:53
65,14,8f0591ce-cbb9-4718-9b3e-0fc0a2bfb978,"[""baseGazeSamples""]","{""language"": ""en"", ""theme"": ""dark"", ""zoomLevel"": 0.84, ""baseGazeSamples"": 100, ""translationMode"": ""word"", ""translationOutputMode"": ""on"", ""gazeDetectionMode"": ""circle"", ""gazeMappingMode"": ""auto"", ""gazeYOffsetPx"": 8, ""gazeXOffsetPx"": 0, ""gazeHitRadiusPx"": 20}","{""language"": ""en"", ""theme"": ""dark"", ""zoomLevel"": 0.84, ""baseGazeSamples"": 300, ""translationMode"": ""word"", ""translationOutputMode"": ""on"", ""gazeDetectionMode"": ""circle"", ""gazeMappingMode"": ""auto"", ""gazeYOffsetPx"": 8, ""gazeXOffsetPx"": 0, ""gazeHitRadiusPx"": 20}",2026-05-18T18:11:36
66,14,8f0591ce-cbb9-4718-9b3e-0fc0a2bfb978,"[""zoomLevel""]","{""language"": ""en"", ""theme"": ""dark"", ""zoomLevel"": 0.84, ""baseGazeSamples"": 300, ""translationMode"": ""word"", ""translationOutputMode"": ""on"", ""gazeDetectionMode"": ""circle"", ""gazeMappingMode"": ""auto"", ""gazeYOffsetPx"": 8, ""gazeXOffsetPx"": 0, ""gazeHitRadiusPx"": 20}","{""language"": ""en"", ""theme"": ""dark"", ""zoomLevel"": 1.33, ""baseGazeSamples"": 300, ""translationMode"": ""word"", ""translationOutputMode"": ""on"", ""gazeDetectionMode"": ""circle"", ""gazeMappingMode"": ""auto"", ""gazeYOffsetPx"": 8, ""gazeXOffsetPx"": 0, ""gazeHitRadiusPx"": 20}",2026-05-18T18:15:46
67,14,8f0591ce-cbb9-4718-9b3e-0fc0a2bfb978,"[""zoomLevel""]","{""language"": ""en"", ""theme"": ""dark"", ""zoomLevel"": 1.33, ""baseGazeSamples"": 300, ""translationMode"": ""word"", ""translationOutputMode"": ""on"", ""gazeDetectionMode"": ""circle"", ""gazeMappingMode"": ""auto"", ""gazeYOffsetPx"": 8, ""gazeXOffsetPx"": 0, ""gazeHitRadiusPx"": 20}","{""language"": ""en"", ""theme"": ""dark"", ""zoomLevel"": 1.03, ""baseGazeSamples"": 300, ""translationMode"": ""word"", ""translationOutputMode"": ""on"", ""gazeDetectionMode"": ""circle"", ""gazeMappingMode"": ""auto"", ""gazeYOffsetPx"": 8, ""gazeXOffsetPx"": 0, ""gazeHitRadiusPx"": 20}",2026-05-18T18:16:08
68,14,,"[""translationOutputMode""]","{""language"": ""en"", ""theme"": ""dark"", ""zoomLevel"": 1.03, ""baseGazeSamples"": 300, ""translationMode"": ""word"", ""translationOutputMode"": ""on"", ""gazeDetectionMode"": ""circle"", ""gazeMappingMode"": ""auto"", ""gazeYOffsetPx"": 8, ""gazeXOffsetPx"": 0, ""gazeHitRadiusPx"": 20}","{""language"": ""en"", ""theme"": ""dark"", ""zoomLevel"": 1.03, ""baseGazeSamples"": 300, ""translationMode"": ""word"", ""translationOutputMode"": ""off"", ""gazeDetectionMode"": ""circle"", ""gazeMappingMode"": ""auto"", ""gazeYOffsetPx"": 8, ""gazeXOffsetPx"": 0, ""gazeHitRadiusPx"": 20}",2026-05-18T18:23:56
69,15,0d0a3a23-d3ce-49b4-b456-3b00d5674610,"[""baseGazeSamples""]","{""language"": ""en"", ""theme"": ""dark"", ""zoomLevel"": 0.84, ""baseGazeSamples"": 60, ""translationMode"": ""word"", ""translationOutputMode"": ""on"", ""gazeDetectionMode"": ""circle"", ""gazeMappingMode"": ""auto"", ""gazeYOffsetPx"": 8, ""gazeXOffsetPx"": 0, ""gazeHitRadiusPx"": 20}","{""language"": ""en"", ""theme"": ""dark"", ""zoomLevel"": 0.84, ""baseGazeSamples"": 300, ""translationMode"": ""word"", ""translationOutputMode"": ""on"", ""gazeDetectionMode"": ""circle"", ""gazeMappingMode"": ""auto"", ""gazeYOffsetPx"": 8, ""gazeXOffsetPx"": 0, ""gazeHitRadiusPx"": 20}",2026-05-18T18:47:41
70,15,cad178cb-353a-450a-a90b-12bceea432b4,"[""translationOutputMode""]","{""language"": ""en"", ""theme"": ""dark"", ""zoomLevel"": 0.84, ""baseGazeSamples"": 300, ""translationMode"": ""word"", ""translationOutputMode"": ""on"", ""gazeDetectionMode"": ""circle"", ""gazeMappingMode"": ""auto"", ""gazeYOffsetPx"": 8, ""gazeXOffsetPx"": 0, ""gazeHitRadiusPx"": 20}","{""language"": ""en"", ""theme"": ""dark"", ""zoomLevel"": 0.84, ""baseGazeSamples"": 300, ""translationMode"": ""word"", ""translationOutputMode"": ""off"", ""gazeDetectionMode"": ""circle"", ""gazeMappingMode"": ""auto"", ""gazeYOffsetPx"": 8, ""gazeXOffsetPx"": 0, ""gazeHitRadiusPx"": 20}",2026-05-18T18:56:14
71,16,,"[""baseGazeSamples""]","{""language"": ""en"", ""theme"": ""dark"", ""zoomLevel"": 0.84, ""baseGazeSamples"": 60, ""translationMode"": ""word"", ""translationOutputMode"": ""on"", ""gazeDetectionMode"": ""circle"", ""gazeMappingMode"": ""auto"", ""gazeYOffsetPx"": 8, ""gazeXOffsetPx"": 0, ""gazeHitRadiusPx"": 20}","{""language"": ""en"", ""theme"": ""dark"", ""zoomLevel"": 0.84, ""baseGazeSamples"": 300, ""translationMode"": ""word"", ""translationOutputMode"": ""on"", ""gazeDetectionMode"": ""circle"", ""gazeMappingMode"": ""auto"", ""gazeYOffsetPx"": 8, ""gazeXOffsetPx"": 0, ""gazeHitRadiusPx"": 20}",2026-05-18T19:19:26
72,16,1e4fe0d8-29b5-4e22-b955-5e71c381b42e,"[""gazeYOffsetPx""]","{""language"": ""en"", ""theme"": ""dark"", ""zoomLevel"": 0.84, ""baseGazeSamples"": 300, ""translationMode"": ""word"", ""translationOutputMode"": ""on"", ""gazeDetectionMode"": ""circle"", ""gazeMappingMode"": ""auto"", ""gazeYOffsetPx"": 8, ""gazeXOffsetPx"": 0, ""gazeHitRadiusPx"": 20}","{""language"": ""en"", ""theme"": ""dark"", ""zoomLevel"": 0.84, ""baseGazeSamples"": 300, ""translationMode"": ""word"", ""translationOutputMode"": ""on"", ""gazeDetectionMode"": ""circle"", ""gazeMappingMode"": ""auto"", ""gazeYOffsetPx"": 2, ""gazeXOffsetPx"": 0, ""gazeHitRadiusPx"": 20}",2026-05-18T19:20:37
73,16,508579cb-3e99-4af4-803a-efa9dfd5059a,"[""translationOutputMode""]","{""language"": ""en"", ""theme"": ""dark"", ""zoomLevel"": 0.84, ""baseGazeSamples"": 300, ""translationMode"": ""word"", ""translationOutputMode"": ""on"", ""gazeDetectionMode"": ""circle"", ""gazeMappingMode"": ""auto"", ""gazeYOffsetPx"": 2, ""gazeXOffsetPx"": 0, ""gazeHitRadiusPx"": 20}","{""language"": ""en"", ""theme"": ""dark"", ""zoomLevel"": 0.84, ""baseGazeSamples"": 300, ""translationMode"": ""word"", ""translationOutputMode"": ""off"", ""gazeDetectionMode"": ""circle"", ""gazeMappingMode"": ""auto"", ""gazeYOffsetPx"": 2, ""gazeXOffsetPx"": 0, ""gazeHitRadiusPx"": 20}",2026-05-18T19:38:22
74,17,,"[""baseGazeSamples""]","{""language"": ""en"", ""theme"": ""dark"", ""zoomLevel"": 0.84, ""baseGazeSamples"": 60, ""translationMode"": ""word"", ""translationOutputMode"": ""on"", ""gazeDetectionMode"": ""circle"", ""gazeMappingMode"": ""auto"", ""gazeYOffsetPx"": 8, ""gazeXOffsetPx"": 0, ""gazeHitRadiusPx"": 20}","{""language"": ""en"", ""theme"": ""dark"", ""zoomLevel"": 0.84, ""baseGazeSamples"": 300, ""translationMode"": ""word"", ""translationOutputMode"": ""on"", ""gazeDetectionMode"": ""circle"", ""gazeMappingMode"": ""auto"", ""gazeYOffsetPx"": 8, ""gazeXOffsetPx"": 0, ""gazeHitRadiusPx"": 20}",2026-05-18T20:03:20
75,17,4989a727-cce9-4f2c-a235-b9e6b7ae684d,"[""translationOutputMode""]","{""language"": ""en"", ""theme"": ""dark"", ""zoomLevel"": 0.84, ""baseGazeSamples"": 300, ""translationMode"": ""word"", ""translationOutputMode"": ""on"", ""gazeDetectionMode"": ""circle"", ""gazeMappingMode"": ""auto"", ""gazeYOffsetPx"": 8, ""gazeXOffsetPx"": 0, ""gazeHitRadiusPx"": 20}","{""language"": ""en"", ""theme"": ""dark"", ""zoomLevel"": 0.84, ""baseGazeSamples"": 300, ""translationMode"": ""word"", ""translationOutputMode"": ""off"", ""gazeDetectionMode"": ""circle"", ""gazeMappingMode"": ""auto"", ""gazeYOffsetPx"": 8, ""gazeXOffsetPx"": 0, ""gazeHitRadiusPx"": 20}",2026-05-18T20:13:44
76,18,,"[""baseGazeSamples""]","{""language"": ""en"", ""theme"": ""dark"", ""zoomLevel"": 0.84, ""baseGazeSamples"": 60, ""translationMode"": ""word"", ""translationOutputMode"": ""on"", ""gazeDetectionMode"": ""circle"", ""gazeMappingMode"": ""auto"", ""gazeYOffsetPx"": 8, ""gazeXOffsetPx"": 0, ""gazeHitRadiusPx"": 20}","{""language"": ""en"", ""theme"": ""dark"", ""zoomLevel"": 0.84, ""baseGazeSamples"": 300, ""translationMode"": ""word"", ""translationOutputMode"": ""on"", ""gazeDetectionMode"": ""circle"", ""gazeMappingMode"": ""auto"", ""gazeYOffsetPx"": 8, ""gazeXOffsetPx"": 0, ""gazeHitRadiusPx"": 20}",2026-05-19T09:20:35
77,18,074b01b4-9d42-4ac0-9742-615bc3ed0ed3,"[""translationOutputMode""]","{""language"": ""en"", ""theme"": ""dark"", ""zoomLevel"": 0.84, ""baseGazeSamples"": 300, ""translationMode"": ""word"", ""translationOutputMode"": ""on"", ""gazeDetectionMode"": ""circle"", ""gazeMappingMode"": ""auto"", ""gazeYOffsetPx"": 8, ""gazeXOffsetPx"": 0, ""gazeHitRadiusPx"": 20}","{""language"": ""en"", ""theme"": ""dark"", ""zoomLevel"": 0.84, ""baseGazeSamples"": 300, ""translationMode"": ""word"", ""translationOutputMode"": ""off"", ""gazeDetectionMode"": ""circle"", ""gazeMappingMode"": ""auto"", ""gazeYOffsetPx"": 8, ""gazeXOffsetPx"": 0, ""gazeHitRadiusPx"": 20}",2026-05-19T09:24:21
78,18,68977825-e04b-4e0e-b60d-969fe0f6bb13,"[""translationOutputMode""]","{""language"": ""en"", ""theme"": ""dark"", ""zoomLevel"": 0.84, ""baseGazeSamples"": 300, ""translationMode"": ""word"", ""translationOutputMode"": ""off"", ""gazeDetectionMode"": ""circle"", ""gazeMappingMode"": ""auto"", ""gazeYOffsetPx"": 8, ""gazeXOffsetPx"": 0, ""gazeHitRadiusPx"": 20}","{""language"": ""en"", ""theme"": ""dark"", ""zoomLevel"": 0.84, ""baseGazeSamples"": 300, ""translationMode"": ""word"", ""translationOutputMode"": ""on"", ""gazeDetectionMode"": ""circle"", ""gazeMappingMode"": ""auto"", ""gazeYOffsetPx"": 8, ""gazeXOffsetPx"": 0, ""gazeHitRadiusPx"": 20}",2026-05-19T09:34:04
79,18,9124c1cd-b5ad-46b3-b021-e974628cf799,"[""zoomLevel""]","{""language"": ""en"", ""theme"": ""dark"", ""zoomLevel"": 0.84, ""baseGazeSamples"": 300, ""translationMode"": ""word"", ""translationOutputMode"": ""on"", ""gazeDetectionMode"": ""circle"", ""gazeMappingMode"": ""auto"", ""gazeYOffsetPx"": 8, ""gazeXOffsetPx"": 0, ""gazeHitRadiusPx"": 20}","{""language"": ""en"", ""theme"": ""dark"", ""zoomLevel"": 1, ""baseGazeSamples"": 300, ""translationMode"": ""word"", ""translationOutputMode"": ""on"", ""gazeDetectionMode"": ""circle"", ""gazeMappingMode"": ""auto"", ""gazeYOffsetPx"": 8, ""gazeXOffsetPx"": 0, ""gazeHitRadiusPx"": 20}",2026-05-19T09:34:46
80,18,9124c1cd-b5ad-46b3-b021-e974628cf799,"[""gazeYOffsetPx""]","{""language"": ""en"", ""theme"": ""dark"", ""zoomLevel"": 1, ""baseGazeSamples"": 300, ""translationMode"": ""word"", ""translationOutputMode"": ""on"", ""gazeDetectionMode"": ""circle"", ""gazeMappingMode"": ""auto"", ""gazeYOffsetPx"": 8, ""gazeXOffsetPx"": 0, ""gazeHitRadiusPx"": 20}","{""language"": ""en"", ""theme"": ""dark"", ""zoomLevel"": 1, ""baseGazeSamples"": 300, ""translationMode"": ""word"", ""translationOutputMode"": ""on"", ""gazeDetectionMode"": ""circle"", ""gazeMappingMode"": ""auto"", ""gazeYOffsetPx"": -7, ""gazeXOffsetPx"": 0, ""gazeHitRadiusPx"": 20}",2026-05-19T09:34:59
81,18,9124c1cd-b5ad-46b3-b021-e974628cf799,"[""gazeYOffsetPx""]","{""language"": ""en"", ""theme"": ""dark"", ""zoomLevel"": 1, ""baseGazeSamples"": 300, ""translationMode"": ""word"", ""translationOutputMode"": ""on"", ""gazeDetectionMode"": ""circle"", ""gazeMappingMode"": ""auto"", ""gazeYOffsetPx"": -7, ""gazeXOffsetPx"": 0, ""gazeHitRadiusPx"": 20}","{""language"": ""en"", ""theme"": ""dark"", ""zoomLevel"": 1, ""baseGazeSamples"": 300, ""translationMode"": ""word"", ""translationOutputMode"": ""on"", ""gazeDetectionMode"": ""circle"", ""gazeMappingMode"": ""auto"", ""gazeYOffsetPx"": -21, ""gazeXOffsetPx"": 0, ""gazeHitRadiusPx"": 20}",2026-05-19T09:35:13
82,19,a0903007-d0f2-4497-a67e-7f5fd128704f,"[""translationOutputMode""]","{""language"": ""en"", ""theme"": ""dark"", ""zoomLevel"": 0.84, ""baseGazeSamples"": 60, ""translationMode"": ""word"", ""translationOutputMode"": ""on"", ""gazeDetectionMode"": ""circle"", ""gazeMappingMode"": ""auto"", ""gazeYOffsetPx"": 8, ""gazeXOffsetPx"": 0, ""gazeHitRadiusPx"": 20}","{""language"": ""en"", ""theme"": ""dark"", ""zoomLevel"": 0.84, ""baseGazeSamples"": 60, ""translationMode"": ""word"", ""translationOutputMode"": ""off"", ""gazeDetectionMode"": ""circle"", ""gazeMappingMode"": ""auto"", ""gazeYOffsetPx"": 8, ""gazeXOffsetPx"": 0, ""gazeHitRadiusPx"": 20}",2026-05-19T09:55:33
83,19,8e022878-6e8d-44c6-b762-112d3673e2f9,"[""translationOutputMode""]","{""language"": ""en"", ""theme"": ""dark"", ""zoomLevel"": 0.84, ""baseGazeSamples"": 60, ""translationMode"": ""word"", ""translationOutputMode"": ""off"", ""gazeDetectionMode"": ""circle"", ""gazeMappingMode"": ""auto"", ""gazeYOffsetPx"": 8, ""gazeXOffsetPx"": 0, ""gazeHitRadiusPx"": 20}","{""language"": ""en"", ""theme"": ""dark"", ""zoomLevel"": 0.84, ""baseGazeSamples"": 60, ""translationMode"": ""word"", ""translationOutputMode"": ""on"", ""gazeDetectionMode"": ""circle"", ""gazeMappingMode"": ""auto"", ""gazeYOffsetPx"": 8, ""gazeXOffsetPx"": 0, ""gazeHitRadiusPx"": 20}",2026-05-19T10:04:41
84,20,e9e0e884-d50d-4f25-93ff-54c56c622565,"[""zoomLevel"", ""baseGazeSamples"", ""gazeYOffsetPx""]","{""language"": ""en"", ""theme"": ""dark"", ""zoomLevel"": 0.84, ""baseGazeSamples"": 60, ""translationMode"": ""word"", ""translationOutputMode"": ""on"", ""gazeDetectionMode"": ""circle"", ""gazeMappingMode"": ""auto"", ""gazeYOffsetPx"": 8, ""gazeXOffsetPx"": 0, ""gazeHitRadiusPx"": 20}","{""language"": ""en"", ""theme"": ""dark"", ""zoomLevel"": 1, ""baseGazeSamples"": 300, ""translationMode"": ""word"", ""translationOutputMode"": ""on"", ""gazeDetectionMode"": ""circle"", ""gazeMappingMode"": ""auto"", ""gazeYOffsetPx"": -7, ""gazeXOffsetPx"": 0, ""gazeHitRadiusPx"": 20}",2026-05-19T10:23:05
85,20,e9e0e884-d50d-4f25-93ff-54c56c622565,"[""translationOutputMode""]","{""language"": ""en"", ""theme"": ""dark"", ""zoomLevel"": 1, ""baseGazeSamples"": 300, ""translationMode"": ""word"", ""translationOutputMode"": ""on"", ""gazeDetectionMode"": ""circle"", ""gazeMappingMode"": ""auto"", ""gazeYOffsetPx"": -7, ""gazeXOffsetPx"": 0, ""gazeHitRadiusPx"": 20}","{""language"": ""en"", ""theme"": ""dark"", ""zoomLevel"": 1, ""baseGazeSamples"": 300, ""translationMode"": ""word"", ""translationOutputMode"": ""off"", ""gazeDetectionMode"": ""circle"", ""gazeMappingMode"": ""auto"", ""gazeYOffsetPx"": -7, ""gazeXOffsetPx"": 0, ""gazeHitRadiusPx"": 20}",2026-05-19T10:25:27
86,20,9d4aeaa8-dcb9-46df-9849-690d0083dbd4,"[""gazeYOffsetPx""]","{""language"": ""en"", ""theme"": ""dark"", ""zoomLevel"": 1, ""baseGazeSamples"": 300, ""translationMode"": ""word"", ""translationOutputMode"": ""off"", ""gazeDetectionMode"": ""circle"", ""gazeMappingMode"": ""auto"", ""gazeYOffsetPx"": -7, ""gazeXOffsetPx"": 0, ""gazeHitRadiusPx"": 20}","{""language"": ""en"", ""theme"": ""dark"", ""zoomLevel"": 1, ""baseGazeSamples"": 300, ""translationMode"": ""word"", ""translationOutputMode"": ""off"", ""gazeDetectionMode"": ""circle"", ""gazeMappingMode"": ""auto"", ""gazeYOffsetPx"": -25, ""gazeXOffsetPx"": 0, ""gazeHitRadiusPx"": 20}",2026-05-19T10:33:57
87,20,9d4aeaa8-dcb9-46df-9849-690d0083dbd4,"[""gazeYOffsetPx""]","{""language"": ""en"", ""theme"": ""dark"", ""zoomLevel"": 1, ""baseGazeSamples"": 300, ""translationMode"": ""word"", ""translationOutputMode"": ""off"", ""gazeDetectionMode"": ""circle"", ""gazeMappingMode"": ""auto"", ""gazeYOffsetPx"": -25, ""gazeXOffsetPx"": 0, ""gazeHitRadiusPx"": 20}","{""language"": ""en"", ""theme"": ""dark"", ""zoomLevel"": 1, ""baseGazeSamples"": 300, ""translationMode"": ""word"", ""translationOutputMode"": ""off"", ""gazeDetectionMode"": ""circle"", ""gazeMappingMode"": ""auto"", ""gazeYOffsetPx"": 15, ""gazeXOffsetPx"": 0, ""gazeHitRadiusPx"": 20}",2026-05-19T10:34:13
88,20,9d4aeaa8-dcb9-46df-9849-690d0083dbd4,"[""translationOutputMode"", ""gazeYOffsetPx""]","{""language"": ""en"", ""theme"": ""dark"", ""zoomLevel"": 1, ""baseGazeSamples"": 300, ""translationMode"": ""word"", ""translationOutputMode"": ""off"", ""gazeDetectionMode"": ""circle"", ""gazeMappingMode"": ""auto"", ""gazeYOffsetPx"": 15, ""gazeXOffsetPx"": 0, ""gazeHitRadiusPx"": 20}","{""language"": ""en"", ""theme"": ""dark"", ""zoomLevel"": 1, ""baseGazeSamples"": 300, ""translationMode"": ""word"", ""translationOutputMode"": ""on"", ""gazeDetectionMode"": ""circle"", ""gazeMappingMode"": ""auto"", ""gazeYOffsetPx"": 26, ""gazeXOffsetPx"": 0, ""gazeHitRadiusPx"": 20}",2026-05-19T10:34:49
89,9,63cac6dc-56e8-461c-875c-dac8eb96d5da,"[""translationOutputMode""]","{""language"": ""en"", ""theme"": ""dark"", ""zoomLevel"": 1, ""baseGazeSamples"": 300, ""translationMode"": ""word"", ""translationOutputMode"": ""off"", ""gazeDetectionMode"": ""circle"", ""gazeMappingMode"": ""auto"", ""gazeYOffsetPx"": -9, ""gazeXOffsetPx"": 0, ""gazeHitRadiusPx"": 20}","{""language"": ""en"", ""theme"": ""dark"", ""zoomLevel"": 1, ""baseGazeSamples"": 300, ""translationMode"": ""word"", ""translationOutputMode"": ""on"", ""gazeDetectionMode"": ""circle"", ""gazeMappingMode"": ""auto"", ""gazeYOffsetPx"": -9, ""gazeXOffsetPx"": 0, ""gazeHitRadiusPx"": 20}",2026-05-19T10:59:16
90,9,385c0cd6-9d40-4ed4-8bfd-007f7211cd66,"[""gazeYOffsetPx""]","{""language"": ""en"", ""theme"": ""dark"", ""zoomLevel"": 1, ""baseGazeSamples"": 300, ""translationMode"": ""word"", ""translationOutputMode"": ""on"", ""gazeDetectionMode"": ""circle"", ""gazeMappingMode"": ""auto"", ""gazeYOffsetPx"": -9, ""gazeXOffsetPx"": 0, ""gazeHitRadiusPx"": 20}","{""language"": ""en"", ""theme"": ""dark"", ""zoomLevel"": 1, ""baseGazeSamples"": 300, ""translationMode"": ""word"", ""translationOutputMode"": ""on"", ""gazeDetectionMode"": ""circle"", ""gazeMappingMode"": ""auto"", ""gazeYOffsetPx"": -25, ""gazeXOffsetPx"": 0, ""gazeHitRadiusPx"": 20}",2026-05-19T10:59:37
91,9,385c0cd6-9d40-4ed4-8bfd-007f7211cd66,"[""gazeYOffsetPx""]","{""language"": ""en"", ""theme"": ""dark"", ""zoomLevel"": 1, ""baseGazeSamples"": 300, ""translationMode"": ""word"", ""translationOutputMode"": ""on"", ""gazeDetectionMode"": ""circle"", ""gazeMappingMode"": ""auto"", ""gazeYOffsetPx"": -25, ""gazeXOffsetPx"": 0, ""gazeHitRadiusPx"": 20}","{""language"": ""en"", ""theme"": ""dark"", ""zoomLevel"": 1, ""baseGazeSamples"": 300, ""translationMode"": ""word"", ""translationOutputMode"": ""on"", ""gazeDetectionMode"": ""circle"", ""gazeMappingMode"": ""auto"", ""gazeYOffsetPx"": -14, ""gazeXOffsetPx"": 0, ""gazeHitRadiusPx"": 20}",2026-05-19T11:07:57
92,9,385c0cd6-9d40-4ed4-8bfd-007f7211cd66,"[""translationOutputMode""]","{""language"": ""en"", ""theme"": ""dark"", ""zoomLevel"": 1, ""baseGazeSamples"": 300, ""translationMode"": ""word"", ""translationOutputMode"": ""on"", ""gazeDetectionMode"": ""circle"", ""gazeMappingMode"": ""auto"", ""gazeYOffsetPx"": -14, ""gazeXOffsetPx"": 0, ""gazeHitRadiusPx"": 20}","{""language"": ""en"", ""theme"": ""dark"", ""zoomLevel"": 1, ""baseGazeSamples"": 300, ""translationMode"": ""word"", ""translationOutputMode"": ""off"", ""gazeDetectionMode"": ""circle"", ""gazeMappingMode"": ""auto"", ""gazeYOffsetPx"": -14, ""gazeXOffsetPx"": 0, ""gazeHitRadiusPx"": 20}",2026-05-19T11:08:25
93,5,a865e997-1617-470b-b140-963d4f034fa3,"[""translationOutputMode""]","{""language"": ""en"", ""theme"": ""dark"", ""zoomLevel"": 1, ""baseGazeSamples"": 300, ""translationMode"": ""word"", ""translationOutputMode"": ""off"", ""gazeDetectionMode"": ""circle"", ""gazeMappingMode"": ""auto"", ""gazeYOffsetPx"": -1, ""gazeXOffsetPx"": 0, ""gazeHitRadiusPx"": 20}","{""language"": ""en"", ""theme"": ""dark"", ""zoomLevel"": 1, ""baseGazeSamples"": 300, ""translationMode"": ""word"", ""translationOutputMode"": ""on"", ""gazeDetectionMode"": ""circle"", ""gazeMappingMode"": ""auto"", ""gazeYOffsetPx"": -1, ""gazeXOffsetPx"": 0, ""gazeHitRadiusPx"": 20}",2026-05-19T12:00:47
94,5,379fff7c-d051-48dd-bdb9-01fca0306263,"[""gazeYOffsetPx""]","{""language"": ""en"", ""theme"": ""dark"", ""zoomLevel"": 1, ""baseGazeSamples"": 300, ""translationMode"": ""word"", ""translationOutputMode"": ""on"", ""gazeDetectionMode"": ""circle"", ""gazeMappingMode"": ""auto"", ""gazeYOffsetPx"": -1, ""gazeXOffsetPx"": 0, ""gazeHitRadiusPx"": 20}","{""language"": ""en"", ""theme"": ""dark"", ""zoomLevel"": 1, ""baseGazeSamples"": 300, ""translationMode"": ""word"", ""translationOutputMode"": ""on"", ""gazeDetectionMode"": ""circle"", ""gazeMappingMode"": ""auto"", ""gazeYOffsetPx"": -14, ""gazeXOffsetPx"": 0, ""gazeHitRadiusPx"": 20}",2026-05-19T12:01:48
95,5,379fff7c-d051-48dd-bdb9-01fca0306263,"[""translationOutputMode""]","{""language"": ""en"", ""theme"": ""dark"", ""zoomLevel"": 1, ""baseGazeSamples"": 300, ""translationMode"": ""word"", ""translationOutputMode"": ""on"", ""gazeDetectionMode"": ""circle"", ""gazeMappingMode"": ""auto"", ""gazeYOffsetPx"": -14, ""gazeXOffsetPx"": 0, ""gazeHitRadiusPx"": 20}","{""language"": ""en"", ""theme"": ""dark"", ""zoomLevel"": 1, ""baseGazeSamples"": 300, ""translationMode"": ""word"", ""translationOutputMode"": ""off"", ""gazeDetectionMode"": ""circle"", ""gazeMappingMode"": ""auto"", ""gazeYOffsetPx"": -14, ""gazeXOffsetPx"": 0, ""gazeHitRadiusPx"": 20}",2026-05-19T12:07:56
96,21,ab5b243a-6d12-46ed-8f3e-281ebc6f3517,"[""gazeYOffsetPx""]","{""language"": ""en"", ""theme"": ""dark"", ""zoomLevel"": 0.84, ""baseGazeSamples"": 60, ""translationMode"": ""word"", ""translationOutputMode"": ""on"", ""gazeDetectionMode"": ""circle"", ""gazeMappingMode"": ""auto"", ""gazeYOffsetPx"": 8, ""gazeXOffsetPx"": 0, ""gazeHitRadiusPx"": 20}","{""language"": ""en"", ""theme"": ""dark"", ""zoomLevel"": 0.84, ""baseGazeSamples"": 60, ""translationMode"": ""word"", ""translationOutputMode"": ""on"", ""gazeDetectionMode"": ""circle"", ""gazeMappingMode"": ""auto"", ""gazeYOffsetPx"": 19, ""gazeXOffsetPx"": 0, ""gazeHitRadiusPx"": 20}",2026-05-19T12:33:08
97,21,ab5b243a-6d12-46ed-8f3e-281ebc6f3517,"[""gazeHitRadiusPx""]","{""language"": ""en"", ""theme"": ""dark"", ""zoomLevel"": 0.84, ""baseGazeSamples"": 60, ""translationMode"": ""word"", ""translationOutputMode"": ""on"", ""gazeDetectionMode"": ""circle"", ""gazeMappingMode"": ""auto"", ""gazeYOffsetPx"": 19, ""gazeXOffsetPx"": 0, ""gazeHitRadiusPx"": 20}","{""language"": ""en"", ""theme"": ""dark"", ""zoomLevel"": 0.84, ""baseGazeSamples"": 60, ""translationMode"": ""word"", ""translationOutputMode"": ""on"", ""gazeDetectionMode"": ""circle"", ""gazeMappingMode"": ""auto"", ""gazeYOffsetPx"": 19, ""gazeXOffsetPx"": 0, ""gazeHitRadiusPx"": 25}",2026-05-19T12:33:27
98,21,ab5b243a-6d12-46ed-8f3e-281ebc6f3517,"[""zoomLevel""]","{""language"": ""en"", ""theme"": ""dark"", ""zoomLevel"": 0.84, ""baseGazeSamples"": 60, ""translationMode"": ""word"", ""translationOutputMode"": ""on"", ""gazeDetectionMode"": ""circle"", ""gazeMappingMode"": ""auto"", ""gazeYOffsetPx"": 19, ""gazeXOffsetPx"": 0, ""gazeHitRadiusPx"": 25}","{""language"": ""en"", ""theme"": ""dark"", ""zoomLevel"": 1, ""baseGazeSamples"": 60, ""translationMode"": ""word"", ""translationOutputMode"": ""on"", ""gazeDetectionMode"": ""circle"", ""gazeMappingMode"": ""auto"", ""gazeYOffsetPx"": 19, ""gazeXOffsetPx"": 0, ""gazeHitRadiusPx"": 25}",2026-05-19T12:33:36
99,21,ab5b243a-6d12-46ed-8f3e-281ebc6f3517,"[""baseGazeSamples""]","{""language"": ""en"", ""theme"": ""dark"", ""zoomLevel"": 1, ""baseGazeSamples"": 60, ""translationMode"": ""word"", ""translationOutputMode"": ""on"", ""gazeDetectionMode"": ""circle"", ""gazeMappingMode"": ""auto"", ""gazeYOffsetPx"": 19, ""gazeXOffsetPx"": 0, ""gazeHitRadiusPx"": 25}","{""language"": ""en"", ""theme"": ""dark"", ""zoomLevel"": 1, ""baseGazeSamples"": 300, ""translationMode"": ""word"", ""translationOutputMode"": ""on"", ""gazeDetectionMode"": ""circle"", ""gazeMappingMode"": ""auto"", ""gazeYOffsetPx"": 19, ""gazeXOffsetPx"": 0, ""gazeHitRadiusPx"": 25}",2026-05-19T12:34:02
100,21,ab5b243a-6d12-46ed-8f3e-281ebc6f3517,"[""translationOutputMode""]","{""language"": ""en"", ""theme"": ""dark"", ""zoomLevel"": 1, ""baseGazeSamples"": 300, ""translationMode"": ""word"", ""translationOutputMode"": ""on"", ""gazeDetectionMode"": ""circle"", ""gazeMappingMode"": ""auto"", ""gazeYOffsetPx"": 19, ""gazeXOffsetPx"": 0, ""gazeHitRadiusPx"": 25}","{""language"": ""en"", ""theme"": ""dark"", ""zoomLevel"": 1, ""baseGazeSamples"": 300, ""translationMode"": ""word"", ""translationOutputMode"": ""off"", ""gazeDetectionMode"": ""circle"", ""gazeMappingMode"": ""auto"", ""gazeYOffsetPx"": 19, ""gazeXOffsetPx"": 0, ""gazeHitRadiusPx"": 25}",2026-05-19T12:35:25
101,21,2a6ac46f-de59-4ba5-bcd8-ee966ef69c7b,"[""translationOutputMode""]","{""language"": ""en"", ""theme"": ""dark"", ""zoomLevel"": 1, ""baseGazeSamples"": 300, ""translationMode"": ""word"", ""translationOutputMode"": ""off"", ""gazeDetectionMode"": ""circle"", ""gazeMappingMode"": ""auto"", ""gazeYOffsetPx"": 19, ""gazeXOffsetPx"": 0, ""gazeHitRadiusPx"": 25}","{""language"": ""en"", ""theme"": ""dark"", ""zoomLevel"": 1, ""baseGazeSamples"": 300, ""translationMode"": ""word"", ""translationOutputMode"": ""on"", ""gazeDetectionMode"": ""circle"", ""gazeMappingMode"": ""auto"", ""gazeYOffsetPx"": 19, ""gazeXOffsetPx"": 0, ""gazeHitRadiusPx"": 25}",2026-05-19T12:39:23
102,12,40c2fc4f-9e8f-4b28-a848-34ca3c0a2a47,"[""translationOutputMode""]","{""language"": ""en"", ""theme"": ""dark"", ""zoomLevel"": 1, ""baseGazeSamples"": 300, ""translationMode"": ""word"", ""translationOutputMode"": ""on"", ""gazeDetectionMode"": ""circle"", ""gazeMappingMode"": ""auto"", ""gazeYOffsetPx"": -9, ""gazeXOffsetPx"": 0, ""gazeHitRadiusPx"": 25}","{""language"": ""en"", ""theme"": ""dark"", ""zoomLevel"": 1, ""baseGazeSamples"": 300, ""translationMode"": ""word"", ""translationOutputMode"": ""off"", ""gazeDetectionMode"": ""circle"", ""gazeMappingMode"": ""auto"", ""gazeYOffsetPx"": -9, ""gazeXOffsetPx"": 0, ""gazeHitRadiusPx"": 25}",2026-05-19T12:58:23
103,14,00013315-cc71-4ca1-bb6f-54c932c446ab,"[""translationOutputMode""]","{""language"": ""en"", ""theme"": ""dark"", ""zoomLevel"": 1.03, ""baseGazeSamples"": 300, ""translationMode"": ""word"", ""translationOutputMode"": ""off"", ""gazeDetectionMode"": ""circle"", ""gazeMappingMode"": ""auto"", ""gazeYOffsetPx"": 8, ""gazeXOffsetPx"": 0, ""gazeHitRadiusPx"": 20}","{""language"": ""en"", ""theme"": ""dark"", ""zoomLevel"": 1.03, ""baseGazeSamples"": 300, ""translationMode"": ""word"", ""translationOutputMode"": ""on"", ""gazeDetectionMode"": ""circle"", ""gazeMappingMode"": ""auto"", ""gazeYOffsetPx"": 8, ""gazeXOffsetPx"": 0, ""gazeHitRadiusPx"": 20}",2026-05-19T13:45:45
104,14,1608e290-0145-4f85-8da1-448033c7f8cd,"[""gazeYOffsetPx""]","{""language"": ""en"", ""theme"": ""dark"", ""zoomLevel"": 1.03, ""baseGazeSamples"": 300, ""translationMode"": ""word"", ""translationOutputMode"": ""on"", ""gazeDetectionMode"": ""circle"", ""gazeMappingMode"": ""auto"", ""gazeYOffsetPx"": 8, ""gazeXOffsetPx"": 0, ""gazeHitRadiusPx"": 20}","{""language"": ""en"", ""theme"": ""dark"", ""zoomLevel"": 1.03, ""baseGazeSamples"": 300, ""translationMode"": ""word"", ""translationOutputMode"": ""on"", ""gazeDetectionMode"": ""circle"", ""gazeMappingMode"": ""auto"", ""gazeYOffsetPx"": -7, ""gazeXOffsetPx"": 0, ""gazeHitRadiusPx"": 20}",2026-05-19T13:47:11
105,14,,"[""translationOutputMode""]","{""language"": ""en"", ""theme"": ""dark"", ""zoomLevel"": 1.03, ""baseGazeSamples"": 300, ""translationMode"": ""word"", ""translationOutputMode"": ""on"", ""gazeDetectionMode"": ""circle"", ""gazeMappingMode"": ""auto"", ""gazeYOffsetPx"": -7, ""gazeXOffsetPx"": 0, ""gazeHitRadiusPx"": 20}","{""language"": ""en"", ""theme"": ""dark"", ""zoomLevel"": 1.03, ""baseGazeSamples"": 300, ""translationMode"": ""word"", ""translationOutputMode"": ""off"", ""gazeDetectionMode"": ""circle"", ""gazeMappingMode"": ""auto"", ""gazeYOffsetPx"": -7, ""gazeXOffsetPx"": 0, ""gazeHitRadiusPx"": 20}",2026-05-19T13:57:37
106,22,c47e5498-6f32-43d3-acf8-cc4f73c4d385,"[""baseGazeSamples""]","{""language"": ""en"", ""theme"": ""dark"", ""zoomLevel"": 0.84, ""baseGazeSamples"": 60, ""translationMode"": ""word"", ""translationOutputMode"": ""on"", ""gazeDetectionMode"": ""circle"", ""gazeMappingMode"": ""auto"", ""gazeYOffsetPx"": 8, ""gazeXOffsetPx"": 0, ""gazeHitRadiusPx"": 20}","{""language"": ""en"", ""theme"": ""dark"", ""zoomLevel"": 0.84, ""baseGazeSamples"": 300, ""translationMode"": ""word"", ""translationOutputMode"": ""on"", ""gazeDetectionMode"": ""circle"", ""gazeMappingMode"": ""auto"", ""gazeYOffsetPx"": 8, ""gazeXOffsetPx"": 0, ""gazeHitRadiusPx"": 20}",2026-05-19T14:17:04
107,22,c47e5498-6f32-43d3-acf8-cc4f73c4d385,"[""gazeYOffsetPx""]","{""language"": ""en"", ""theme"": ""dark"", ""zoomLevel"": 0.84, ""baseGazeSamples"": 300, ""translationMode"": ""word"", ""translationOutputMode"": ""on"", ""gazeDetectionMode"": ""circle"", ""gazeMappingMode"": ""auto"", ""gazeYOffsetPx"": 8, ""gazeXOffsetPx"": 0, ""gazeHitRadiusPx"": 20}","{""language"": ""en"", ""theme"": ""dark"", ""zoomLevel"": 0.84, ""baseGazeSamples"": 300, ""translationMode"": ""word"", ""translationOutputMode"": ""on"", ""gazeDetectionMode"": ""circle"", ""gazeMappingMode"": ""auto"", ""gazeYOffsetPx"": -1, ""gazeXOffsetPx"": 0, ""gazeHitRadiusPx"": 20}",2026-05-19T14:18:11
108,22,0116f3aa-c75a-467a-a870-c6ac79c1b0f1,"[""gazeYOffsetPx""]","{""language"": ""en"", ""theme"": ""dark"", ""zoomLevel"": 0.84, ""baseGazeSamples"": 300, ""translationMode"": ""word"", ""translationOutputMode"": ""on"", ""gazeDetectionMode"": ""circle"", ""gazeMappingMode"": ""auto"", ""gazeYOffsetPx"": -1, ""gazeXOffsetPx"": 0, ""gazeHitRadiusPx"": 20}","{""language"": ""en"", ""theme"": ""dark"", ""zoomLevel"": 0.84, ""baseGazeSamples"": 300, ""translationMode"": ""word"", ""translationOutputMode"": ""on"", ""gazeDetectionMode"": ""circle"", ""gazeMappingMode"": ""auto"", ""gazeYOffsetPx"": -29, ""gazeXOffsetPx"": 0, ""gazeHitRadiusPx"": 20}",2026-05-19T14:18:45
109,22,0116f3aa-c75a-467a-a870-c6ac79c1b0f1,"[""gazeYOffsetPx""]","{""language"": ""en"", ""theme"": ""dark"", ""zoomLevel"": 0.84, ""baseGazeSamples"": 300, ""translationMode"": ""word"", ""translationOutputMode"": ""on"", ""gazeDetectionMode"": ""circle"", ""gazeMappingMode"": ""auto"", ""gazeYOffsetPx"": -29, ""gazeXOffsetPx"": 0, ""gazeHitRadiusPx"": 20}","{""language"": ""en"", ""theme"": ""dark"", ""zoomLevel"": 0.84, ""baseGazeSamples"": 300, ""translationMode"": ""word"", ""translationOutputMode"": ""on"", ""gazeDetectionMode"": ""circle"", ""gazeMappingMode"": ""auto"", ""gazeYOffsetPx"": 15, ""gazeXOffsetPx"": 0, ""gazeHitRadiusPx"": 20}",2026-05-19T14:18:55
110,22,0116f3aa-c75a-467a-a870-c6ac79c1b0f1,"[""gazeYOffsetPx""]","{""language"": ""en"", ""theme"": ""dark"", ""zoomLevel"": 0.84, ""baseGazeSamples"": 300, ""translationMode"": ""word"", ""translationOutputMode"": ""on"", ""gazeDetectionMode"": ""circle"", ""gazeMappingMode"": ""auto"", ""gazeYOffsetPx"": 15, ""gazeXOffsetPx"": 0, ""gazeHitRadiusPx"": 20}","{""language"": ""en"", ""theme"": ""dark"", ""zoomLevel"": 0.84, ""baseGazeSamples"": 300, ""translationMode"": ""word"", ""translationOutputMode"": ""on"", ""gazeDetectionMode"": ""circle"", ""gazeMappingMode"": ""auto"", ""gazeYOffsetPx"": 22, ""gazeXOffsetPx"": 0, ""gazeHitRadiusPx"": 20}",2026-05-19T14:19:04
111,22,0116f3aa-c75a-467a-a870-c6ac79c1b0f1,"[""gazeYOffsetPx""]","{""language"": ""en"", ""theme"": ""dark"", ""zoomLevel"": 0.84, ""baseGazeSamples"": 300, ""translationMode"": ""word"", ""translationOutputMode"": ""on"", ""gazeDetectionMode"": ""circle"", ""gazeMappingMode"": ""auto"", ""gazeYOffsetPx"": 22, ""gazeXOffsetPx"": 0, ""gazeHitRadiusPx"": 20}","{""language"": ""en"", ""theme"": ""dark"", ""zoomLevel"": 0.84, ""baseGazeSamples"": 300, ""translationMode"": ""word"", ""translationOutputMode"": ""on"", ""gazeDetectionMode"": ""circle"", ""gazeMappingMode"": ""auto"", ""gazeYOffsetPx"": 12, ""gazeXOffsetPx"": 0, ""gazeHitRadiusPx"": 20}",2026-05-19T14:19:59
112,22,6317d0ef-9a87-4488-a2ac-184c157ecbe3,"[""gazeYOffsetPx""]","{""language"": ""en"", ""theme"": ""dark"", ""zoomLevel"": 0.84, ""baseGazeSamples"": 300, ""translationMode"": ""word"", ""translationOutputMode"": ""on"", ""gazeDetectionMode"": ""circle"", ""gazeMappingMode"": ""auto"", ""gazeYOffsetPx"": 12, ""gazeXOffsetPx"": 0, ""gazeHitRadiusPx"": 20}","{""language"": ""en"", ""theme"": ""dark"", ""zoomLevel"": 0.84, ""baseGazeSamples"": 300, ""translationMode"": ""word"", ""translationOutputMode"": ""on"", ""gazeDetectionMode"": ""circle"", ""gazeMappingMode"": ""auto"", ""gazeYOffsetPx"": 33, ""gazeXOffsetPx"": 0, ""gazeHitRadiusPx"": 20}",2026-05-19T14:21:06
113,22,6317d0ef-9a87-4488-a2ac-184c157ecbe3,"[""gazeYOffsetPx""]","{""language"": ""en"", ""theme"": ""dark"", ""zoomLevel"": 0.84, ""baseGazeSamples"": 300, ""translationMode"": ""word"", ""translationOutputMode"": ""on"", ""gazeDetectionMode"": ""circle"", ""gazeMappingMode"": ""auto"", ""gazeYOffsetPx"": 33, ""gazeXOffsetPx"": 0, ""gazeHitRadiusPx"": 20}","{""language"": ""en"", ""theme"": ""dark"", ""zoomLevel"": 0.84, ""baseGazeSamples"": 300, ""translationMode"": ""word"", ""translationOutputMode"": ""on"", ""gazeDetectionMode"": ""circle"", ""gazeMappingMode"": ""auto"", ""gazeYOffsetPx"": 51, ""gazeXOffsetPx"": 0, ""gazeHitRadiusPx"": 20}",2026-05-19T14:21:26
114,22,6317d0ef-9a87-4488-a2ac-184c157ecbe3,"[""translationOutputMode""]","{""language"": ""en"", ""theme"": ""dark"", ""zoomLevel"": 0.84, ""baseGazeSamples"": 300, ""translationMode"": ""word"", ""translationOutputMode"": ""on"", ""gazeDetectionMode"": ""circle"", ""gazeMappingMode"": ""auto"", ""gazeYOffsetPx"": 51, ""gazeXOffsetPx"": 0, ""gazeHitRadiusPx"": 20}","{""language"": ""en"", ""theme"": ""dark"", ""zoomLevel"": 0.84, ""baseGazeSamples"": 300, ""translationMode"": ""word"", ""translationOutputMode"": ""off"", ""gazeDetectionMode"": ""circle"", ""gazeMappingMode"": ""auto"", ""gazeYOffsetPx"": 51, ""gazeXOffsetPx"": 0, ""gazeHitRadiusPx"": 20}",2026-05-19T14:29:21
115,22,37e1840d-3839-41db-977c-02a4e68b71c2,"[""gazeYOffsetPx""]","{""language"": ""en"", ""theme"": ""dark"", ""zoomLevel"": 0.84, ""baseGazeSamples"": 300, ""translationMode"": ""word"", ""translationOutputMode"": ""off"", ""gazeDetectionMode"": ""circle"", ""gazeMappingMode"": ""auto"", ""gazeYOffsetPx"": 51, ""gazeXOffsetPx"": 0, ""gazeHitRadiusPx"": 20}","{""language"": ""en"", ""theme"": ""dark"", ""zoomLevel"": 0.84, ""baseGazeSamples"": 300, ""translationMode"": ""word"", ""translationOutputMode"": ""off"", ""gazeDetectionMode"": ""circle"", ""gazeMappingMode"": ""auto"", ""gazeYOffsetPx"": 86, ""gazeXOffsetPx"": 0, ""gazeHitRadiusPx"": 20}",2026-05-19T14:30:57
116,22,37e1840d-3839-41db-977c-02a4e68b71c2,"[""gazeYOffsetPx"", ""gazeXOffsetPx""]","{""language"": ""en"", ""theme"": ""dark"", ""zoomLevel"": 0.84, ""baseGazeSamples"": 300, ""translationMode"": ""word"", ""translationOutputMode"": ""off"", ""gazeDetectionMode"": ""circle"", ""gazeMappingMode"": ""auto"", ""gazeYOffsetPx"": 86, ""gazeXOffsetPx"": 0, ""gazeHitRadiusPx"": 20}","{""language"": ""en"", ""theme"": ""dark"", ""zoomLevel"": 0.84, ""baseGazeSamples"": 300, ""translationMode"": ""word"", ""translationOutputMode"": ""off"", ""gazeDetectionMode"": ""circle"", ""gazeMappingMode"": ""auto"", ""gazeYOffsetPx"": 11, ""gazeXOffsetPx"": 50, ""gazeHitRadiusPx"": 20}",2026-05-19T14:31:42
117,7,,"[""translationOutputMode""]","{""language"": ""en"", ""theme"": ""dark"", ""zoomLevel"": 0.84, ""baseGazeSamples"": 400, ""translationMode"": ""word"", ""translationOutputMode"": ""on"", ""gazeDetectionMode"": ""circle"", ""gazeMappingMode"": ""auto"", ""gazeYOffsetPx"": 8, ""gazeXOffsetPx"": 0, ""gazeHitRadiusPx"": 20}","{""language"": ""en"", ""theme"": ""dark"", ""zoomLevel"": 0.84, ""baseGazeSamples"": 400, ""translationMode"": ""word"", ""translationOutputMode"": ""off"", ""gazeDetectionMode"": ""circle"", ""gazeMappingMode"": ""auto"", ""gazeYOffsetPx"": 8, ""gazeXOffsetPx"": 0, ""gazeHitRadiusPx"": 20}",2026-05-19T14:49:02
118,7,,"[""translationOutputMode""]","{""language"": ""en"", ""theme"": ""dark"", ""zoomLevel"": 0.84, ""baseGazeSamples"": 400, ""translationMode"": ""word"", ""translationOutputMode"": ""off"", ""gazeDetectionMode"": ""circle"", ""gazeMappingMode"": ""auto"", ""gazeYOffsetPx"": 8, ""gazeXOffsetPx"": 0, ""gazeHitRadiusPx"": 20}","{""language"": ""en"", ""theme"": ""dark"", ""zoomLevel"": 0.84, ""baseGazeSamples"": 400, ""translationMode"": ""word"", ""translationOutputMode"": ""on"", ""gazeDetectionMode"": ""circle"", ""gazeMappingMode"": ""auto"", ""gazeYOffsetPx"": 8, ""gazeXOffsetPx"": 0, ""gazeHitRadiusPx"": 20}",2026-05-19T14:57:42
119,23,,"[""baseGazeSamples""]","{""language"": ""en"", ""theme"": ""dark"", ""zoomLevel"": 0.84, ""baseGazeSamples"": 60, ""translationMode"": ""word"", ""translationOutputMode"": ""on"", ""gazeDetectionMode"": ""circle"", ""gazeMappingMode"": ""auto"", ""gazeYOffsetPx"": 8, ""gazeXOffsetPx"": 0, ""gazeHitRadiusPx"": 20}","{""language"": ""en"", ""theme"": ""dark"", ""zoomLevel"": 0.84, ""baseGazeSamples"": 300, ""translationMode"": ""word"", ""translationOutputMode"": ""on"", ""gazeDetectionMode"": ""circle"", ""gazeMappingMode"": ""auto"", ""gazeYOffsetPx"": 8, ""gazeXOffsetPx"": 0, ""gazeHitRadiusPx"": 20}",2026-05-19T15:16:13
120,23,5a599839-0a72-45c3-8804-556ccbb56268,"[""gazeYOffsetPx""]","{""language"": ""en"", ""theme"": ""dark"", ""zoomLevel"": 0.84, ""baseGazeSamples"": 300, ""translationMode"": ""word"", ""translationOutputMode"": ""on"", ""gazeDetectionMode"": ""circle"", ""gazeMappingMode"": ""auto"", ""gazeYOffsetPx"": 8, ""gazeXOffsetPx"": 0, ""gazeHitRadiusPx"": 20}","{""language"": ""en"", ""theme"": ""dark"", ""zoomLevel"": 0.84, ""baseGazeSamples"": 300, ""translationMode"": ""word"", ""translationOutputMode"": ""on"", ""gazeDetectionMode"": ""circle"", ""gazeMappingMode"": ""auto"", ""gazeYOffsetPx"": 0, ""gazeXOffsetPx"": 0, ""gazeHitRadiusPx"": 20}",2026-05-19T15:17:11
121,23,5a599839-0a72-45c3-8804-556ccbb56268,"[""gazeYOffsetPx""]","{""language"": ""en"", ""theme"": ""dark"", ""zoomLevel"": 0.84, ""baseGazeSamples"": 300, ""translationMode"": ""word"", ""translationOutputMode"": ""on"", ""gazeDetectionMode"": ""circle"", ""gazeMappingMode"": ""auto"", ""gazeYOffsetPx"": 0, ""gazeXOffsetPx"": 0, ""gazeHitRadiusPx"": 20}","{""language"": ""en"", ""theme"": ""dark"", ""zoomLevel"": 0.84, ""baseGazeSamples"": 300, ""translationMode"": ""word"", ""translationOutputMode"": ""on"", ""gazeDetectionMode"": ""circle"", ""gazeMappingMode"": ""auto"", ""gazeYOffsetPx"": 2, ""gazeXOffsetPx"": 0, ""gazeHitRadiusPx"": 20}",2026-05-19T15:17:50
122,23,5a599839-0a72-45c3-8804-556ccbb56268,"[""translationOutputMode""]","{""language"": ""en"", ""theme"": ""dark"", ""zoomLevel"": 0.84, ""baseGazeSamples"": 300, ""translationMode"": ""word"", ""translationOutputMode"": ""on"", ""gazeDetectionMode"": ""circle"", ""gazeMappingMode"": ""auto"", ""gazeYOffsetPx"": 2, ""gazeXOffsetPx"": 0, ""gazeHitRadiusPx"": 20}","{""language"": ""en"", ""theme"": ""dark"", ""zoomLevel"": 0.84, ""baseGazeSamples"": 300, ""translationMode"": ""word"", ""translationOutputMode"": ""off"", ""gazeDetectionMode"": ""circle"", ""gazeMappingMode"": ""auto"", ""gazeYOffsetPx"": 2, ""gazeXOffsetPx"": 0, ""gazeHitRadiusPx"": 20}",2026-05-19T15:19:04
123,23,2e35c536-79ff-4a44-9155-7b5e050b15ff,"[""translationOutputMode""]","{""language"": ""en"", ""theme"": ""dark"", ""zoomLevel"": 0.84, ""baseGazeSamples"": 300, ""translationMode"": ""word"", ""translationOutputMode"": ""off"", ""gazeDetectionMode"": ""circle"", ""gazeMappingMode"": ""auto"", ""gazeYOffsetPx"": 2, ""gazeXOffsetPx"": 0, ""gazeHitRadiusPx"": 20}","{""language"": ""en"", ""theme"": ""dark"", ""zoomLevel"": 0.84, ""baseGazeSamples"": 300, ""translationMode"": ""word"", ""translationOutputMode"": ""on"", ""gazeDetectionMode"": ""circle"", ""gazeMappingMode"": ""auto"", ""gazeYOffsetPx"": 2, ""gazeXOffsetPx"": 0, ""gazeHitRadiusPx"": 20}",2026-05-19T15:29:14
124,24,e35ed4a6-d332-46bd-bf66-f92ea7982bbc,"[""zoomLevel""]","{""language"": ""en"", ""theme"": ""dark"", ""zoomLevel"": 0.84, ""baseGazeSamples"": 60, ""translationMode"": ""word"", ""translationOutputMode"": ""on"", ""gazeDetectionMode"": ""circle"", ""gazeMappingMode"": ""auto"", ""gazeYOffsetPx"": 8, ""gazeXOffsetPx"": 0, ""gazeHitRadiusPx"": 20}","{""language"": ""en"", ""theme"": ""dark"", ""zoomLevel"": 1, ""baseGazeSamples"": 60, ""translationMode"": ""word"", ""translationOutputMode"": ""on"", ""gazeDetectionMode"": ""circle"", ""gazeMappingMode"": ""auto"", ""gazeYOffsetPx"": 8, ""gazeXOffsetPx"": 0, ""gazeHitRadiusPx"": 20}",2026-05-19T15:46:51
125,24,e35ed4a6-d332-46bd-bf66-f92ea7982bbc,"[""gazeYOffsetPx""]","{""language"": ""en"", ""theme"": ""dark"", ""zoomLevel"": 1, ""baseGazeSamples"": 60, ""translationMode"": ""word"", ""translationOutputMode"": ""on"", ""gazeDetectionMode"": ""circle"", ""gazeMappingMode"": ""auto"", ""gazeYOffsetPx"": 8, ""gazeXOffsetPx"": 0, ""gazeHitRadiusPx"": 20}","{""language"": ""en"", ""theme"": ""dark"", ""zoomLevel"": 1, ""baseGazeSamples"": 60, ""translationMode"": ""word"", ""translationOutputMode"": ""on"", ""gazeDetectionMode"": ""circle"", ""gazeMappingMode"": ""auto"", ""gazeYOffsetPx"": -12, ""gazeXOffsetPx"": 0, ""gazeHitRadiusPx"": 20}",2026-05-19T15:47:32
126,24,e35ed4a6-d332-46bd-bf66-f92ea7982bbc,"[""baseGazeSamples"", ""gazeHitRadiusPx""]","{""language"": ""en"", ""theme"": ""dark"", ""zoomLevel"": 1, ""baseGazeSamples"": 60, ""translationMode"": ""word"", ""translationOutputMode"": ""on"", ""gazeDetectionMode"": ""circle"", ""gazeMappingMode"": ""auto"", ""gazeYOffsetPx"": -12, ""gazeXOffsetPx"": 0, ""gazeHitRadiusPx"": 20}","{""language"": ""en"", ""theme"": ""dark"", ""zoomLevel"": 1, ""baseGazeSamples"": 300, ""translationMode"": ""word"", ""translationOutputMode"": ""on"", ""gazeDetectionMode"": ""circle"", ""gazeMappingMode"": ""auto"", ""gazeYOffsetPx"": -12, ""gazeXOffsetPx"": 0, ""gazeHitRadiusPx"": 25}",2026-05-19T15:48:25
127,24,,"[""translationOutputMode""]","{""language"": ""en"", ""theme"": ""dark"", ""zoomLevel"": 1, ""baseGazeSamples"": 300, ""translationMode"": ""word"", ""translationOutputMode"": ""on"", ""gazeDetectionMode"": ""circle"", ""gazeMappingMode"": ""auto"", ""gazeYOffsetPx"": -12, ""gazeXOffsetPx"": 0, ""gazeHitRadiusPx"": 25}","{""language"": ""en"", ""theme"": ""dark"", ""zoomLevel"": 1, ""baseGazeSamples"": 300, ""translationMode"": ""word"", ""translationOutputMode"": ""off"", ""gazeDetectionMode"": ""circle"", ""gazeMappingMode"": ""auto"", ""gazeYOffsetPx"": -12, ""gazeXOffsetPx"": 0, ""gazeHitRadiusPx"": 25}",2026-05-19T15:57:38
128,13,,"[""translationOutputMode""]","{""language"": ""en"", ""theme"": ""dark"", ""zoomLevel"": 1, ""baseGazeSamples"": 300, ""translationMode"": ""word"", ""translationOutputMode"": ""off"", ""gazeDetectionMode"": ""circle"", ""gazeMappingMode"": ""auto"", ""gazeYOffsetPx"": 8, ""gazeXOffsetPx"": 0, ""gazeHitRadiusPx"": 20}","{""language"": ""en"", ""theme"": ""dark"", ""zoomLevel"": 1, ""baseGazeSamples"": 300, ""translationMode"": ""word"", ""translationOutputMode"": ""on"", ""gazeDetectionMode"": ""circle"", ""gazeMappingMode"": ""auto"", ""gazeYOffsetPx"": 8, ""gazeXOffsetPx"": 0, ""gazeHitRadiusPx"": 20}",2026-05-19T16:28:38
129,11,b1c7ca69-7307-4be3-bdc6-e3fc987a89a3,"[""gazeHitRadiusPx""]","{""language"": ""en"", ""theme"": ""dark"", ""zoomLevel"": 1, ""baseGazeSamples"": 300, ""translationMode"": ""word"", ""translationOutputMode"": ""on"", ""gazeDetectionMode"": ""circle"", ""gazeMappingMode"": ""auto"", ""gazeYOffsetPx"": -21, ""gazeXOffsetPx"": 0, ""gazeHitRadiusPx"": 20}","{""language"": ""en"", ""theme"": ""dark"", ""zoomLevel"": 1, ""baseGazeSamples"": 300, ""translationMode"": ""word"", ""translationOutputMode"": ""on"", ""gazeDetectionMode"": ""circle"", ""gazeMappingMode"": ""auto"", ""gazeYOffsetPx"": -21, ""gazeXOffsetPx"": 0, ""gazeHitRadiusPx"": 23}",2026-05-19T16:39:25
130,16,,"[""zoomLevel""]","{""language"": ""en"", ""theme"": ""dark"", ""zoomLevel"": 0.84, ""baseGazeSamples"": 300, ""translationMode"": ""word"", ""translationOutputMode"": ""off"", ""gazeDetectionMode"": ""circle"", ""gazeMappingMode"": ""auto"", ""gazeYOffsetPx"": 2, ""gazeXOffsetPx"": 0, ""gazeHitRadiusPx"": 20}","{""language"": ""en"", ""theme"": ""dark"", ""zoomLevel"": 1, ""baseGazeSamples"": 300, ""translationMode"": ""word"", ""translationOutputMode"": ""off"", ""gazeDetectionMode"": ""circle"", ""gazeMappingMode"": ""auto"", ""gazeYOffsetPx"": 2, ""gazeXOffsetPx"": 0, ""gazeHitRadiusPx"": 20}",2026-05-19T16:49:17
131,16,72139697-aca6-44b5-a379-874fb9091887,"[""gazeHitRadiusPx""]","{""language"": ""en"", ""theme"": ""dark"", ""zoomLevel"": 1, ""baseGazeSamples"": 300, ""translationMode"": ""word"", ""translationOutputMode"": ""off"", ""gazeDetectionMode"": ""circle"", ""gazeMappingMode"": ""auto"", ""gazeYOffsetPx"": 2, ""gazeXOffsetPx"": 0, ""gazeHitRadiusPx"": 20}","{""language"": ""en"", ""theme"": ""dark"", ""zoomLevel"": 1, ""baseGazeSamples"": 300, ""translationMode"": ""word"", ""translationOutputMode"": ""off"", ""gazeDetectionMode"": ""circle"", ""gazeMappingMode"": ""auto"", ""gazeYOffsetPx"": 2, ""gazeXOffsetPx"": 0, ""gazeHitRadiusPx"": 24}",2026-05-19T16:52:34
132,16,72139697-aca6-44b5-a379-874fb9091887,"[""translationOutputMode""]","{""language"": ""en"", ""theme"": ""dark"", ""zoomLevel"": 1, ""baseGazeSamples"": 300, ""translationMode"": ""word"", ""translationOutputMode"": ""off"", ""gazeDetectionMode"": ""circle"", ""gazeMappingMode"": ""auto"", ""gazeYOffsetPx"": 2, ""gazeXOffsetPx"": 0, ""gazeHitRadiusPx"": 24}","{""language"": ""en"", ""theme"": ""dark"", ""zoomLevel"": 1, ""baseGazeSamples"": 300, ""translationMode"": ""word"", ""translationOutputMode"": ""on"", ""gazeDetectionMode"": ""circle"", ""gazeMappingMode"": ""auto"", ""gazeYOffsetPx"": 2, ""gazeXOffsetPx"": 0, ""gazeHitRadiusPx"": 24}",2026-05-19T16:52:57
133,16,c0fe3c20-5c53-46f6-8fb3-01fa71441a1a,"[""baseGazeSamples""]","{""language"": ""en"", ""theme"": ""dark"", ""zoomLevel"": 1, ""baseGazeSamples"": 300, ""translationMode"": ""word"", ""translationOutputMode"": ""on"", ""gazeDetectionMode"": ""circle"", ""gazeMappingMode"": ""auto"", ""gazeYOffsetPx"": 2, ""gazeXOffsetPx"": 0, ""gazeHitRadiusPx"": 24}","{""language"": ""en"", ""theme"": ""dark"", ""zoomLevel"": 1, ""baseGazeSamples"": 225, ""translationMode"": ""word"", ""translationOutputMode"": ""on"", ""gazeDetectionMode"": ""circle"", ""gazeMappingMode"": ""auto"", ""gazeYOffsetPx"": 2, ""gazeXOffsetPx"": 0, ""gazeHitRadiusPx"": 24}",2026-05-19T16:53:35
134,16,c0fe3c20-5c53-46f6-8fb3-01fa71441a1a,"[""zoomLevel""]","{""language"": ""en"", ""theme"": ""dark"", ""zoomLevel"": 1, ""baseGazeSamples"": 225, ""translationMode"": ""word"", ""translationOutputMode"": ""on"", ""gazeDetectionMode"": ""circle"", ""gazeMappingMode"": ""auto"", ""gazeYOffsetPx"": 2, ""gazeXOffsetPx"": 0, ""gazeHitRadiusPx"": 24}","{""language"": ""en"", ""theme"": ""dark"", ""zoomLevel"": 0.5, ""baseGazeSamples"": 225, ""translationMode"": ""word"", ""translationOutputMode"": ""on"", ""gazeDetectionMode"": ""circle"", ""gazeMappingMode"": ""auto"", ""gazeYOffsetPx"": 2, ""gazeXOffsetPx"": 0, ""gazeHitRadiusPx"": 24}",2026-05-19T16:55:07
135,16,c0fe3c20-5c53-46f6-8fb3-01fa71441a1a,"[""gazeYOffsetPx"", ""gazeHitRadiusPx""]","{""language"": ""en"", ""theme"": ""dark"", ""zoomLevel"": 0.5, ""baseGazeSamples"": 225, ""translationMode"": ""word"", ""translationOutputMode"": ""on"", ""gazeDetectionMode"": ""circle"", ""gazeMappingMode"": ""auto"", ""gazeYOffsetPx"": 2, ""gazeXOffsetPx"": 0, ""gazeHitRadiusPx"": 24}","{""language"": ""en"", ""theme"": ""dark"", ""zoomLevel"": 0.5, ""baseGazeSamples"": 225, ""translationMode"": ""word"", ""translationOutputMode"": ""on"", ""gazeDetectionMode"": ""circle"", ""gazeMappingMode"": ""auto"", ""gazeYOffsetPx"": -16, ""gazeXOffsetPx"": 0, ""gazeHitRadiusPx"": 15}",2026-05-19T16:55:55
136,16,c0fe3c20-5c53-46f6-8fb3-01fa71441a1a,"[""gazeYOffsetPx""]","{""language"": ""en"", ""theme"": ""dark"", ""zoomLevel"": 0.5, ""baseGazeSamples"": 225, ""translationMode"": ""word"", ""translationOutputMode"": ""on"", ""gazeDetectionMode"": ""circle"", ""gazeMappingMode"": ""auto"", ""gazeYOffsetPx"": -16, ""gazeXOffsetPx"": 0, ""gazeHitRadiusPx"": 15}","{""language"": ""en"", ""theme"": ""dark"", ""zoomLevel"": 0.5, ""baseGazeSamples"": 225, ""translationMode"": ""word"", ""translationOutputMode"": ""on"", ""gazeDetectionMode"": ""circle"", ""gazeMappingMode"": ""auto"", ""gazeYOffsetPx"": -47, ""gazeXOffsetPx"": 0, ""gazeHitRadiusPx"": 15}",2026-05-19T16:56:28
137,16,46c74c42-fb57-4fcc-9af0-2e8960b199c9,"[""translationOutputMode""]","{""language"": ""en"", ""theme"": ""dark"", ""zoomLevel"": 0.5, ""baseGazeSamples"": 225, ""translationMode"": ""word"", ""translationOutputMode"": ""on"", ""gazeDetectionMode"": ""circle"", ""gazeMappingMode"": ""auto"", ""gazeYOffsetPx"": -47, ""gazeXOffsetPx"": 0, ""gazeHitRadiusPx"": 15}","{""language"": ""en"", ""theme"": ""dark"", ""zoomLevel"": 0.5, ""baseGazeSamples"": 225, ""translationMode"": ""word"", ""translationOutputMode"": ""off"", ""gazeDetectionMode"": ""circle"", ""gazeMappingMode"": ""auto"", ""gazeYOffsetPx"": -47, ""gazeXOffsetPx"": 0, ""gazeHitRadiusPx"": 15}",2026-05-19T17:05:06
138,15,3a8243f0-1719-43f8-aee3-a485ada32d19,"[""zoomLevel""]","{""language"": ""en"", ""theme"": ""dark"", ""zoomLevel"": 0.84, ""baseGazeSamples"": 300, ""translationMode"": ""word"", ""translationOutputMode"": ""off"", ""gazeDetectionMode"": ""circle"", ""gazeMappingMode"": ""auto"", ""gazeYOffsetPx"": 8, ""gazeXOffsetPx"": 0, ""gazeHitRadiusPx"": 20}","{""language"": ""en"", ""theme"": ""dark"", ""zoomLevel"": 1, ""baseGazeSamples"": 300, ""translationMode"": ""word"", ""translationOutputMode"": ""off"", ""gazeDetectionMode"": ""circle"", ""gazeMappingMode"": ""auto"", ""gazeYOffsetPx"": 8, ""gazeXOffsetPx"": 0, ""gazeHitRadiusPx"": 20}",2026-05-19T17:18:37
139,15,8dd4770a-d50b-468e-9afe-4f053f048867,"[""translationOutputMode""]","{""language"": ""en"", ""theme"": ""dark"", ""zoomLevel"": 1, ""baseGazeSamples"": 300, ""translationMode"": ""word"", ""translationOutputMode"": ""off"", ""gazeDetectionMode"": ""circle"", ""gazeMappingMode"": ""auto"", ""gazeYOffsetPx"": 8, ""gazeXOffsetPx"": 0, ""gazeHitRadiusPx"": 20}","{""language"": ""en"", ""theme"": ""dark"", ""zoomLevel"": 1, ""baseGazeSamples"": 300, ""translationMode"": ""word"", ""translationOutputMode"": ""on"", ""gazeDetectionMode"": ""circle"", ""gazeMappingMode"": ""auto"", ""gazeYOffsetPx"": 8, ""gazeXOffsetPx"": 0, ""gazeHitRadiusPx"": 20}",2026-05-19T17:31:04
140,17,68948df4-2969-4b5d-996f-2248850e0d44,"[""zoomLevel""]","{""language"": ""en"", ""theme"": ""dark"", ""zoomLevel"": 0.84, ""baseGazeSamples"": 300, ""translationMode"": ""word"", ""translationOutputMode"": ""off"", ""gazeDetectionMode"": ""circle"", ""gazeMappingMode"": ""auto"", ""gazeYOffsetPx"": 8, ""gazeXOffsetPx"": 0, ""gazeHitRadiusPx"": 20}","{""language"": ""en"", ""theme"": ""dark"", ""zoomLevel"": 1, ""baseGazeSamples"": 300, ""translationMode"": ""word"", ""translationOutputMode"": ""off"", ""gazeDetectionMode"": ""circle"", ""gazeMappingMode"": ""auto"", ""gazeYOffsetPx"": 8, ""gazeXOffsetPx"": 0, ""gazeHitRadiusPx"": 20}",2026-05-19T17:58:57
141,17,68948df4-2969-4b5d-996f-2248850e0d44,"[""gazeYOffsetPx"", ""gazeHitRadiusPx""]","{""language"": ""en"", ""theme"": ""dark"", ""zoomLevel"": 1, ""baseGazeSamples"": 300, ""translationMode"": ""word"", ""translationOutputMode"": ""off"", ""gazeDetectionMode"": ""circle"", ""gazeMappingMode"": ""auto"", ""gazeYOffsetPx"": 8, ""gazeXOffsetPx"": 0, ""gazeHitRadiusPx"": 20}","{""language"": ""en"", ""theme"": ""dark"", ""zoomLevel"": 1, ""baseGazeSamples"": 300, ""translationMode"": ""word"", ""translationOutputMode"": ""off"", ""gazeDetectionMode"": ""circle"", ""gazeMappingMode"": ""auto"", ""gazeYOffsetPx"": -25, ""gazeXOffsetPx"": 0, ""gazeHitRadiusPx"": 24}",2026-05-19T17:59:32
142,17,7e6fabfe-4d74-420f-908c-48d5f907eb4d,"[""translationOutputMode""]","{""language"": ""en"", ""theme"": ""dark"", ""zoomLevel"": 1, ""baseGazeSamples"": 300, ""translationMode"": ""word"", ""translationOutputMode"": ""off"", ""gazeDetectionMode"": ""circle"", ""gazeMappingMode"": ""auto"", ""gazeYOffsetPx"": -25, ""gazeXOffsetPx"": 0, ""gazeHitRadiusPx"": 24}","{""language"": ""en"", ""theme"": ""dark"", ""zoomLevel"": 1, ""baseGazeSamples"": 300, ""translationMode"": ""word"", ""translationOutputMode"": ""on"", ""gazeDetectionMode"": ""circle"", ""gazeMappingMode"": ""auto"", ""gazeYOffsetPx"": -25, ""gazeXOffsetPx"": 0, ""gazeHitRadiusPx"": 24}",2026-05-19T18:06:44
143,25,,"[""zoomLevel""]","{""language"": ""en"", ""theme"": ""dark"", ""zoomLevel"": 0.84, ""baseGazeSamples"": 60, ""translationMode"": ""word"", ""translationOutputMode"": ""on"", ""gazeDetectionMode"": ""circle"", ""gazeMappingMode"": ""auto"", ""gazeYOffsetPx"": 8, ""gazeXOffsetPx"": 0, ""gazeHitRadiusPx"": 20}","{""language"": ""en"", ""theme"": ""dark"", ""zoomLevel"": 1, ""baseGazeSamples"": 60, ""translationMode"": ""word"", ""translationOutputMode"": ""on"", ""gazeDetectionMode"": ""circle"", ""gazeMappingMode"": ""auto"", ""gazeYOffsetPx"": 8, ""gazeXOffsetPx"": 0, ""gazeHitRadiusPx"": 20}",2026-05-19T18:35:29
144,25,c2098d66-bff1-4e58-bb75-74b7565a5fc2,"[""baseGazeSamples""]","{""language"": ""en"", ""theme"": ""dark"", ""zoomLevel"": 1, ""baseGazeSamples"": 60, ""translationMode"": ""word"", ""translationOutputMode"": ""on"", ""gazeDetectionMode"": ""circle"", ""gazeMappingMode"": ""auto"", ""gazeYOffsetPx"": 8, ""gazeXOffsetPx"": 0, ""gazeHitRadiusPx"": 20}","{""language"": ""en"", ""theme"": ""dark"", ""zoomLevel"": 1, ""baseGazeSamples"": 300, ""translationMode"": ""word"", ""translationOutputMode"": ""on"", ""gazeDetectionMode"": ""circle"", ""gazeMappingMode"": ""auto"", ""gazeYOffsetPx"": 8, ""gazeXOffsetPx"": 0, ""gazeHitRadiusPx"": 20}",2026-05-19T18:39:44
145,10,,"[""gazeYOffsetPx""]","{""language"": ""en"", ""theme"": ""dark"", ""zoomLevel"": 0.77, ""baseGazeSamples"": 300, ""translationMode"": ""word"", ""translationOutputMode"": ""off"", ""gazeDetectionMode"": ""circle"", ""gazeMappingMode"": ""auto"", ""gazeYOffsetPx"": -21, ""gazeXOffsetPx"": 0, ""gazeHitRadiusPx"": 20}","{""language"": ""en"", ""theme"": ""dark"", ""zoomLevel"": 0.77, ""baseGazeSamples"": 300, ""translationMode"": ""word"", ""translationOutputMode"": ""off"", ""gazeDetectionMode"": ""circle"", ""gazeMappingMode"": ""auto"", ""gazeYOffsetPx"": 19, ""gazeXOffsetPx"": 0, ""gazeHitRadiusPx"": 20}",2026-05-20T09:40:48
146,10,,"[""gazeYOffsetPx""]","{""language"": ""en"", ""theme"": ""dark"", ""zoomLevel"": 0.77, ""baseGazeSamples"": 300, ""translationMode"": ""word"", ""translationOutputMode"": ""off"", ""gazeDetectionMode"": ""circle"", ""gazeMappingMode"": ""auto"", ""gazeYOffsetPx"": 19, ""gazeXOffsetPx"": 0, ""gazeHitRadiusPx"": 20}","{""language"": ""en"", ""theme"": ""dark"", ""zoomLevel"": 0.77, ""baseGazeSamples"": 300, ""translationMode"": ""word"", ""translationOutputMode"": ""off"", ""gazeDetectionMode"": ""circle"", ""gazeMappingMode"": ""auto"", ""gazeYOffsetPx"": -21, ""gazeXOffsetPx"": 0, ""gazeHitRadiusPx"": 20}",2026-05-20T09:41:16
147,10,ac41da5d-8973-42bd-b5b9-1a1fc33e7310,"[""translationOutputMode""]","{""language"": ""en"", ""theme"": ""dark"", ""zoomLevel"": 0.77, ""baseGazeSamples"": 300, ""translationMode"": ""word"", ""translationOutputMode"": ""off"", ""gazeDetectionMode"": ""circle"", ""gazeMappingMode"": ""auto"", ""gazeYOffsetPx"": -21, ""gazeXOffsetPx"": 0, ""gazeHitRadiusPx"": 20}","{""language"": ""en"", ""theme"": ""dark"", ""zoomLevel"": 0.77, ""baseGazeSamples"": 300, ""translationMode"": ""word"", ""translationOutputMode"": ""on"", ""gazeDetectionMode"": ""circle"", ""gazeMappingMode"": ""auto"", ""gazeYOffsetPx"": -21, ""gazeXOffsetPx"": 0, ""gazeHitRadiusPx"": 20}",2026-05-20T09:43:44
148,10,8ddb2ff7-ca06-497c-82d2-e4974f51de40,"[""translationOutputMode""]","{""language"": ""en"", ""theme"": ""dark"", ""zoomLevel"": 0.77, ""baseGazeSamples"": 300, ""translationMode"": ""word"", ""translationOutputMode"": ""on"", ""gazeDetectionMode"": ""circle"", ""gazeMappingMode"": ""auto"", ""gazeYOffsetPx"": -21, ""gazeXOffsetPx"": 0, ""gazeHitRadiusPx"": 20}","{""language"": ""en"", ""theme"": ""dark"", ""zoomLevel"": 0.77, ""baseGazeSamples"": 300, ""translationMode"": ""word"", ""translationOutputMode"": ""off"", ""gazeDetectionMode"": ""circle"", ""gazeMappingMode"": ""auto"", ""gazeYOffsetPx"": -21, ""gazeXOffsetPx"": 0, ""gazeHitRadiusPx"": 20}",2026-05-20T09:52:59
149,14,1a836bfc-97d7-4886-8080-54645ba94b81,"[""translationOutputMode""]","{""language"": ""en"", ""theme"": ""dark"", ""zoomLevel"": 1.03, ""baseGazeSamples"": 300, ""translationMode"": ""word"", ""translationOutputMode"": ""off"", ""gazeDetectionMode"": ""circle"", ""gazeMappingMode"": ""auto"", ""gazeYOffsetPx"": -7, ""gazeXOffsetPx"": 0, ""gazeHitRadiusPx"": 20}","{""language"": ""en"", ""theme"": ""dark"", ""zoomLevel"": 1.03, ""baseGazeSamples"": 300, ""translationMode"": ""word"", ""translationOutputMode"": ""on"", ""gazeDetectionMode"": ""circle"", ""gazeMappingMode"": ""auto"", ""gazeYOffsetPx"": -7, ""gazeXOffsetPx"": 0, ""gazeHitRadiusPx"": 20}",2026-05-20T10:16:22
150,14,f4c32c0e-5f43-4ba3-a623-d0ffcd49e461,"[""translationOutputMode""]","{""language"": ""en"", ""theme"": ""dark"", ""zoomLevel"": 1.03, ""baseGazeSamples"": 300, ""translationMode"": ""word"", ""translationOutputMode"": ""on"", ""gazeDetectionMode"": ""circle"", ""gazeMappingMode"": ""auto"", ""gazeYOffsetPx"": -7, ""gazeXOffsetPx"": 0, ""gazeHitRadiusPx"": 20}","{""language"": ""en"", ""theme"": ""dark"", ""zoomLevel"": 1.03, ""baseGazeSamples"": 300, ""translationMode"": ""word"", ""translationOutputMode"": ""off"", ""gazeDetectionMode"": ""circle"", ""gazeMappingMode"": ""auto"", ""gazeYOffsetPx"": -7, ""gazeXOffsetPx"": 0, ""gazeHitRadiusPx"": 20}",2026-05-20T10:27:11
151,9,1d74805b-4e25-4874-aa77-0a770a07d41f,"[""translationOutputMode""]","{""language"": ""en"", ""theme"": ""dark"", ""zoomLevel"": 1, ""baseGazeSamples"": 300, ""translationMode"": ""word"", ""translationOutputMode"": ""off"", ""gazeDetectionMode"": ""circle"", ""gazeMappingMode"": ""auto"", ""gazeYOffsetPx"": -14, ""gazeXOffsetPx"": 0, ""gazeHitRadiusPx"": 20}","{""language"": ""en"", ""theme"": ""dark"", ""zoomLevel"": 1, ""baseGazeSamples"": 300, ""translationMode"": ""word"", ""translationOutputMode"": ""on"", ""gazeDetectionMode"": ""circle"", ""gazeMappingMode"": ""auto"", ""gazeYOffsetPx"": -14, ""gazeXOffsetPx"": 0, ""gazeHitRadiusPx"": 20}",2026-05-20T11:02:16
152,9,c812ed1b-1fb5-4bf1-9025-9906ab2721fc,"[""translationOutputMode""]","{""language"": ""en"", ""theme"": ""dark"", ""zoomLevel"": 1, ""baseGazeSamples"": 300, ""translationMode"": ""word"", ""translationOutputMode"": ""on"", ""gazeDetectionMode"": ""circle"", ""gazeMappingMode"": ""auto"", ""gazeYOffsetPx"": -14, ""gazeXOffsetPx"": 0, ""gazeHitRadiusPx"": 20}","{""language"": ""en"", ""theme"": ""dark"", ""zoomLevel"": 1, ""baseGazeSamples"": 300, ""translationMode"": ""word"", ""translationOutputMode"": ""off"", ""gazeDetectionMode"": ""circle"", ""gazeMappingMode"": ""auto"", ""gazeYOffsetPx"": -14, ""gazeXOffsetPx"": 0, ""gazeHitRadiusPx"": 20}",2026-05-20T11:05:22
153,9,,"[""translationOutputMode""]","{""language"": ""en"", ""theme"": ""dark"", ""zoomLevel"": 1, ""baseGazeSamples"": 300, ""translationMode"": ""word"", ""translationOutputMode"": ""off"", ""gazeDetectionMode"": ""circle"", ""gazeMappingMode"": ""auto"", ""gazeYOffsetPx"": -14, ""gazeXOffsetPx"": 0, ""gazeHitRadiusPx"": 20}","{""language"": ""en"", ""theme"": ""dark"", ""zoomLevel"": 1, ""baseGazeSamples"": 300, ""translationMode"": ""word"", ""translationOutputMode"": ""on"", ""gazeDetectionMode"": ""circle"", ""gazeMappingMode"": ""auto"", ""gazeYOffsetPx"": -14, ""gazeXOffsetPx"": 0, ""gazeHitRadiusPx"": 20}",2026-05-20T11:12:50
154,26,,"[""zoomLevel""]","{""language"": ""en"", ""theme"": ""dark"", ""zoomLevel"": 0.84, ""baseGazeSamples"": 60, ""translationMode"": ""word"", ""translationOutputMode"": ""on"", ""gazeDetectionMode"": ""circle"", ""gazeMappingMode"": ""auto"", ""gazeYOffsetPx"": 8, ""gazeXOffsetPx"": 0, ""gazeHitRadiusPx"": 20}","{""language"": ""en"", ""theme"": ""dark"", ""zoomLevel"": 1, ""baseGazeSamples"": 60, ""translationMode"": ""word"", ""translationOutputMode"": ""on"", ""gazeDetectionMode"": ""circle"", ""gazeMappingMode"": ""auto"", ""gazeYOffsetPx"": 8, ""gazeXOffsetPx"": 0, ""gazeHitRadiusPx"": 20}",2026-05-20T12:02:55
155,26,3cd284fd-d5f6-4d14-b957-8dd8b2fd05ba,"[""baseGazeSamples""]","{""language"": ""en"", ""theme"": ""dark"", ""zoomLevel"": 1, ""baseGazeSamples"": 60, ""translationMode"": ""word"", ""translationOutputMode"": ""on"", ""gazeDetectionMode"": ""circle"", ""gazeMappingMode"": ""auto"", ""gazeYOffsetPx"": 8, ""gazeXOffsetPx"": 0, ""gazeHitRadiusPx"": 20}","{""language"": ""en"", ""theme"": ""dark"", ""zoomLevel"": 1, ""baseGazeSamples"": 300, ""translationMode"": ""word"", ""translationOutputMode"": ""on"", ""gazeDetectionMode"": ""circle"", ""gazeMappingMode"": ""auto"", ""gazeYOffsetPx"": 8, ""gazeXOffsetPx"": 0, ""gazeHitRadiusPx"": 20}",2026-05-20T12:04:13
156,26,,"[""translationOutputMode""]","{""language"": ""en"", ""theme"": ""dark"", ""zoomLevel"": 1, ""baseGazeSamples"": 300, ""translationMode"": ""word"", ""translationOutputMode"": ""on"", ""gazeDetectionMode"": ""circle"", ""gazeMappingMode"": ""auto"", ""gazeYOffsetPx"": 8, ""gazeXOffsetPx"": 0, ""gazeHitRadiusPx"": 20}","{""language"": ""en"", ""theme"": ""dark"", ""zoomLevel"": 1, ""baseGazeSamples"": 300, ""translationMode"": ""word"", ""translationOutputMode"": ""off"", ""gazeDetectionMode"": ""circle"", ""gazeMappingMode"": ""auto"", ""gazeYOffsetPx"": 8, ""gazeXOffsetPx"": 0, ""gazeHitRadiusPx"": 20}",2026-05-20T12:10:38
157,19,35f2c97a-a0f3-44b8-9d3e-e7e9ab7db6fb,"[""zoomLevel""]","{""language"": ""en"", ""theme"": ""dark"", ""zoomLevel"": 0.84, ""baseGazeSamples"": 60, ""translationMode"": ""word"", ""translationOutputMode"": ""on"", ""gazeDetectionMode"": ""circle"", ""gazeMappingMode"": ""auto"", ""gazeYOffsetPx"": 8, ""gazeXOffsetPx"": 0, ""gazeHitRadiusPx"": 20}","{""language"": ""en"", ""theme"": ""dark"", ""zoomLevel"": 1, ""baseGazeSamples"": 60, ""translationMode"": ""word"", ""translationOutputMode"": ""on"", ""gazeDetectionMode"": ""circle"", ""gazeMappingMode"": ""auto"", ""gazeYOffsetPx"": 8, ""gazeXOffsetPx"": 0, ""gazeHitRadiusPx"": 20}",2026-05-20T12:31:48
158,19,35f2c97a-a0f3-44b8-9d3e-e7e9ab7db6fb,"[""gazeYOffsetPx"", ""gazeHitRadiusPx""]","{""language"": ""en"", ""theme"": ""dark"", ""zoomLevel"": 1, ""baseGazeSamples"": 60, ""translationMode"": ""word"", ""translationOutputMode"": ""on"", ""gazeDetectionMode"": ""circle"", ""gazeMappingMode"": ""auto"", ""gazeYOffsetPx"": 8, ""gazeXOffsetPx"": 0, ""gazeHitRadiusPx"": 20}","{""language"": ""en"", ""theme"": ""dark"", ""zoomLevel"": 1, ""baseGazeSamples"": 60, ""translationMode"": ""word"", ""translationOutputMode"": ""on"", ""gazeDetectionMode"": ""circle"", ""gazeMappingMode"": ""auto"", ""gazeYOffsetPx"": -23, ""gazeXOffsetPx"": 0, ""gazeHitRadiusPx"": 23}",2026-05-20T12:32:15
159,19,35f2c97a-a0f3-44b8-9d3e-e7e9ab7db6fb,"[""gazeYOffsetPx""]","{""language"": ""en"", ""theme"": ""dark"", ""zoomLevel"": 1, ""baseGazeSamples"": 60, ""translationMode"": ""word"", ""translationOutputMode"": ""on"", ""gazeDetectionMode"": ""circle"", ""gazeMappingMode"": ""auto"", ""gazeYOffsetPx"": -23, ""gazeXOffsetPx"": 0, ""gazeHitRadiusPx"": 23}","{""language"": ""en"", ""theme"": ""dark"", ""zoomLevel"": 1, ""baseGazeSamples"": 60, ""translationMode"": ""word"", ""translationOutputMode"": ""on"", ""gazeDetectionMode"": ""circle"", ""gazeMappingMode"": ""auto"", ""gazeYOffsetPx"": -12, ""gazeXOffsetPx"": 0, ""gazeHitRadiusPx"": 23}",2026-05-20T12:32:33
160,19,35f2c97a-a0f3-44b8-9d3e-e7e9ab7db6fb,"[""gazeYOffsetPx""]","{""language"": ""en"", ""theme"": ""dark"", ""zoomLevel"": 1, ""baseGazeSamples"": 60, ""translationMode"": ""word"", ""translationOutputMode"": ""on"", ""gazeDetectionMode"": ""circle"", ""gazeMappingMode"": ""auto"", ""gazeYOffsetPx"": -12, ""gazeXOffsetPx"": 0, ""gazeHitRadiusPx"": 23}","{""language"": ""en"", ""theme"": ""dark"", ""zoomLevel"": 1, ""baseGazeSamples"": 60, ""translationMode"": ""word"", ""translationOutputMode"": ""on"", ""gazeDetectionMode"": ""circle"", ""gazeMappingMode"": ""auto"", ""gazeYOffsetPx"": -1, ""gazeXOffsetPx"": 0, ""gazeHitRadiusPx"": 23}",2026-05-20T12:32:52
161,19,35f2c97a-a0f3-44b8-9d3e-e7e9ab7db6fb,"[""baseGazeSamples""]","{""language"": ""en"", ""theme"": ""dark"", ""zoomLevel"": 1, ""baseGazeSamples"": 60, ""translationMode"": ""word"", ""translationOutputMode"": ""on"", ""gazeDetectionMode"": ""circle"", ""gazeMappingMode"": ""auto"", ""gazeYOffsetPx"": -1, ""gazeXOffsetPx"": 0, ""gazeHitRadiusPx"": 23}","{""language"": ""en"", ""theme"": ""dark"", ""zoomLevel"": 1, ""baseGazeSamples"": 300, ""translationMode"": ""word"", ""translationOutputMode"": ""on"", ""gazeDetectionMode"": ""circle"", ""gazeMappingMode"": ""auto"", ""gazeYOffsetPx"": -1, ""gazeXOffsetPx"": 0, ""gazeHitRadiusPx"": 23}",2026-05-20T12:33:20
162,19,35f2c97a-a0f3-44b8-9d3e-e7e9ab7db6fb,"[""baseGazeSamples""]","{""language"": ""en"", ""theme"": ""dark"", ""zoomLevel"": 1, ""baseGazeSamples"": 300, ""translationMode"": ""word"", ""translationOutputMode"": ""on"", ""gazeDetectionMode"": ""circle"", ""gazeMappingMode"": ""auto"", ""gazeYOffsetPx"": -1, ""gazeXOffsetPx"": 0, ""gazeHitRadiusPx"": 23}","{""language"": ""en"", ""theme"": ""dark"", ""zoomLevel"": 1, ""baseGazeSamples"": 444, ""translationMode"": ""word"", ""translationOutputMode"": ""on"", ""gazeDetectionMode"": ""circle"", ""gazeMappingMode"": ""auto"", ""gazeYOffsetPx"": -1, ""gazeXOffsetPx"": 0, ""gazeHitRadiusPx"": 23}",2026-05-20T12:33:55
163,18,,"[""translationOutputMode""]","{""language"": ""en"", ""theme"": ""dark"", ""zoomLevel"": 1, ""baseGazeSamples"": 300, ""translationMode"": ""word"", ""translationOutputMode"": ""on"", ""gazeDetectionMode"": ""circle"", ""gazeMappingMode"": ""auto"", ""gazeYOffsetPx"": -21, ""gazeXOffsetPx"": 0, ""gazeHitRadiusPx"": 20}","{""language"": ""en"", ""theme"": ""dark"", ""zoomLevel"": 1, ""baseGazeSamples"": 300, ""translationMode"": ""word"", ""translationOutputMode"": ""off"", ""gazeDetectionMode"": ""circle"", ""gazeMappingMode"": ""auto"", ""gazeYOffsetPx"": -21, ""gazeXOffsetPx"": 0, ""gazeHitRadiusPx"": 20}",2026-05-20T13:11:48
164,12,8b353cbd-e017-4462-937e-5e69156e5823,"[""gazeYOffsetPx""]","{""language"": ""en"", ""theme"": ""dark"", ""zoomLevel"": 1, ""baseGazeSamples"": 300, ""translationMode"": ""word"", ""translationOutputMode"": ""off"", ""gazeDetectionMode"": ""circle"", ""gazeMappingMode"": ""auto"", ""gazeYOffsetPx"": -9, ""gazeXOffsetPx"": 0, ""gazeHitRadiusPx"": 25}","{""language"": ""en"", ""theme"": ""dark"", ""zoomLevel"": 1, ""baseGazeSamples"": 300, ""translationMode"": ""word"", ""translationOutputMode"": ""off"", ""gazeDetectionMode"": ""circle"", ""gazeMappingMode"": ""auto"", ""gazeYOffsetPx"": -18, ""gazeXOffsetPx"": 0, ""gazeHitRadiusPx"": 25}",2026-05-20T13:28:19
165,12,8b353cbd-e017-4462-937e-5e69156e5823,"[""gazeXOffsetPx""]","{""language"": ""en"", ""theme"": ""dark"", ""zoomLevel"": 1, ""baseGazeSamples"": 300, ""translationMode"": ""word"", ""translationOutputMode"": ""off"", ""gazeDetectionMode"": ""circle"", ""gazeMappingMode"": ""auto"", ""gazeYOffsetPx"": -18, ""gazeXOffsetPx"": 0, ""gazeHitRadiusPx"": 25}","{""language"": ""en"", ""theme"": ""dark"", ""zoomLevel"": 1, ""baseGazeSamples"": 300, ""translationMode"": ""word"", ""translationOutputMode"": ""off"", ""gazeDetectionMode"": ""circle"", ""gazeMappingMode"": ""auto"", ""gazeYOffsetPx"": -18, ""gazeXOffsetPx"": -17, ""gazeHitRadiusPx"": 25}",2026-05-20T13:29:25
166,12,8b353cbd-e017-4462-937e-5e69156e5823,"[""translationOutputMode""]","{""language"": ""en"", ""theme"": ""dark"", ""zoomLevel"": 1, ""baseGazeSamples"": 300, ""translationMode"": ""word"", ""translationOutputMode"": ""off"", ""gazeDetectionMode"": ""circle"", ""gazeMappingMode"": ""auto"", ""gazeYOffsetPx"": -18, ""gazeXOffsetPx"": -17, ""gazeHitRadiusPx"": 25}","{""language"": ""en"", ""theme"": ""dark"", ""zoomLevel"": 1, ""baseGazeSamples"": 300, ""translationMode"": ""word"", ""translationOutputMode"": ""on"", ""gazeDetectionMode"": ""circle"", ""gazeMappingMode"": ""auto"", ""gazeYOffsetPx"": -18, ""gazeXOffsetPx"": -17, ""gazeHitRadiusPx"": 25}",2026-05-20T13:37:23
167,7,518260d4-dd98-4ef6-ace2-116ba25e323d,"[""gazeYOffsetPx""]","{""language"": ""en"", ""theme"": ""dark"", ""zoomLevel"": 0.84, ""baseGazeSamples"": 400, ""translationMode"": ""word"", ""translationOutputMode"": ""on"", ""gazeDetectionMode"": ""circle"", ""gazeMappingMode"": ""auto"", ""gazeYOffsetPx"": 8, ""gazeXOffsetPx"": 0, ""gazeHitRadiusPx"": 20}","{""language"": ""en"", ""theme"": ""dark"", ""zoomLevel"": 0.84, ""baseGazeSamples"": 400, ""translationMode"": ""word"", ""translationOutputMode"": ""on"", ""gazeDetectionMode"": ""circle"", ""gazeMappingMode"": ""auto"", ""gazeYOffsetPx"": -16, ""gazeXOffsetPx"": 0, ""gazeHitRadiusPx"": 20}",2026-05-20T14:10:27
168,7,518260d4-dd98-4ef6-ace2-116ba25e323d,"[""zoomLevel""]","{""language"": ""en"", ""theme"": ""dark"", ""zoomLevel"": 0.84, ""baseGazeSamples"": 400, ""translationMode"": ""word"", ""translationOutputMode"": ""on"", ""gazeDetectionMode"": ""circle"", ""gazeMappingMode"": ""auto"", ""gazeYOffsetPx"": -16, ""gazeXOffsetPx"": 0, ""gazeHitRadiusPx"": 20}","{""language"": ""en"", ""theme"": ""dark"", ""zoomLevel"": 1, ""baseGazeSamples"": 400, ""translationMode"": ""word"", ""translationOutputMode"": ""on"", ""gazeDetectionMode"": ""circle"", ""gazeMappingMode"": ""auto"", ""gazeYOffsetPx"": -16, ""gazeXOffsetPx"": 0, ""gazeHitRadiusPx"": 20}",2026-05-20T14:11:00
169,7,518260d4-dd98-4ef6-ace2-116ba25e323d,"[""gazeHitRadiusPx""]","{""language"": ""en"", ""theme"": ""dark"", ""zoomLevel"": 1, ""baseGazeSamples"": 400, ""translationMode"": ""word"", ""translationOutputMode"": ""on"", ""gazeDetectionMode"": ""circle"", ""gazeMappingMode"": ""auto"", ""gazeYOffsetPx"": -16, ""gazeXOffsetPx"": 0, ""gazeHitRadiusPx"": 20}","{""language"": ""en"", ""theme"": ""dark"", ""zoomLevel"": 1, ""baseGazeSamples"": 400, ""translationMode"": ""word"", ""translationOutputMode"": ""on"", ""gazeDetectionMode"": ""circle"", ""gazeMappingMode"": ""auto"", ""gazeYOffsetPx"": -16, ""gazeXOffsetPx"": 0, ""gazeHitRadiusPx"": 22}",2026-05-20T14:11:12
170,7,,"[""translationOutputMode""]","{""language"": ""en"", ""theme"": ""dark"", ""zoomLevel"": 1, ""baseGazeSamples"": 400, ""translationMode"": ""word"", ""translationOutputMode"": ""on"", ""gazeDetectionMode"": ""circle"", ""gazeMappingMode"": ""auto"", ""gazeYOffsetPx"": -16, ""gazeXOffsetPx"": 0, ""gazeHitRadiusPx"": 22}","{""language"": ""en"", ""theme"": ""dark"", ""zoomLevel"": 1, ""baseGazeSamples"": 400, ""translationMode"": ""word"", ""translationOutputMode"": ""off"", ""gazeDetectionMode"": ""circle"", ""gazeMappingMode"": ""auto"", ""gazeYOffsetPx"": -16, ""gazeXOffsetPx"": 0, ""gazeHitRadiusPx"": 22}",2026-05-20T14:20:55
171,20,12afb1cb-a9b5-49c9-ac84-73c2d747c190,"[""translationOutputMode""]","{""language"": ""en"", ""theme"": ""dark"", ""zoomLevel"": 1, ""baseGazeSamples"": 300, ""translationMode"": ""word"", ""translationOutputMode"": ""on"", ""gazeDetectionMode"": ""circle"", ""gazeMappingMode"": ""auto"", ""gazeYOffsetPx"": 26, ""gazeXOffsetPx"": 0, ""gazeHitRadiusPx"": 20}","{""language"": ""en"", ""theme"": ""dark"", ""zoomLevel"": 1, ""baseGazeSamples"": 300, ""translationMode"": ""word"", ""translationOutputMode"": ""off"", ""gazeDetectionMode"": ""circle"", ""gazeMappingMode"": ""auto"", ""gazeYOffsetPx"": 26, ""gazeXOffsetPx"": 0, ""gazeHitRadiusPx"": 20}",2026-05-20T14:39:31
172,20,a9ac339f-5521-49b9-bca7-7accb0a57bc0,"[""translationOutputMode""]","{""language"": ""en"", ""theme"": ""dark"", ""zoomLevel"": 1, ""baseGazeSamples"": 300, ""translationMode"": ""word"", ""translationOutputMode"": ""off"", ""gazeDetectionMode"": ""circle"", ""gazeMappingMode"": ""auto"", ""gazeYOffsetPx"": 26, ""gazeXOffsetPx"": 0, ""gazeHitRadiusPx"": 20}","{""language"": ""en"", ""theme"": ""dark"", ""zoomLevel"": 1, ""baseGazeSamples"": 300, ""translationMode"": ""word"", ""translationOutputMode"": ""on"", ""gazeDetectionMode"": ""circle"", ""gazeMappingMode"": ""auto"", ""gazeYOffsetPx"": 26, ""gazeXOffsetPx"": 0, ""gazeHitRadiusPx"": 20}",2026-05-20T14:46:05
173,20,a3fc9cf5-eb74-4415-9645-ed76b04722ec,"[""translationOutputMode""]","{""language"": ""en"", ""theme"": ""dark"", ""zoomLevel"": 1, ""baseGazeSamples"": 300, ""translationMode"": ""word"", ""translationOutputMode"": ""on"", ""gazeDetectionMode"": ""circle"", ""gazeMappingMode"": ""auto"", ""gazeYOffsetPx"": 26, ""gazeXOffsetPx"": 0, ""gazeHitRadiusPx"": 20}","{""language"": ""en"", ""theme"": ""dark"", ""zoomLevel"": 1, ""baseGazeSamples"": 300, ""translationMode"": ""word"", ""translationOutputMode"": ""off"", ""gazeDetectionMode"": ""circle"", ""gazeMappingMode"": ""auto"", ""gazeYOffsetPx"": 26, ""gazeXOffsetPx"": 0, ""gazeHitRadiusPx"": 20}",2026-05-20T14:53:21
174,8,ba1f1e7b-72ce-42dd-9879-435a2fdfcaf3,"[""translationOutputMode""]","{""language"": ""en"", ""theme"": ""dark"", ""zoomLevel"": 1, ""baseGazeSamples"": 300, ""translationMode"": ""word"", ""translationOutputMode"": ""off"", ""gazeDetectionMode"": ""circle"", ""gazeMappingMode"": ""auto"", ""gazeYOffsetPx"": -18, ""gazeXOffsetPx"": 0, ""gazeHitRadiusPx"": 20}","{""language"": ""en"", ""theme"": ""dark"", ""zoomLevel"": 1, ""baseGazeSamples"": 300, ""translationMode"": ""word"", ""translationOutputMode"": ""on"", ""gazeDetectionMode"": ""circle"", ""gazeMappingMode"": ""auto"", ""gazeYOffsetPx"": -18, ""gazeXOffsetPx"": 0, ""gazeHitRadiusPx"": 20}",2026-05-20T15:15:27
175,13,879f8db9-d316-4435-98fe-3f8297a7bc85,"[""gazeYOffsetPx""]","{""language"": ""en"", ""theme"": ""dark"", ""zoomLevel"": 1, ""baseGazeSamples"": 300, ""translationMode"": ""word"", ""translationOutputMode"": ""on"", ""gazeDetectionMode"": ""circle"", ""gazeMappingMode"": ""auto"", ""gazeYOffsetPx"": 8, ""gazeXOffsetPx"": 0, ""gazeHitRadiusPx"": 20}","{""language"": ""en"", ""theme"": ""dark"", ""zoomLevel"": 1, ""baseGazeSamples"": 300, ""translationMode"": ""word"", ""translationOutputMode"": ""on"", ""gazeDetectionMode"": ""circle"", ""gazeMappingMode"": ""auto"", ""gazeYOffsetPx"": -25, ""gazeXOffsetPx"": 0, ""gazeHitRadiusPx"": 20}",2026-05-20T15:32:04
176,13,879f8db9-d316-4435-98fe-3f8297a7bc85,"[""gazeHitRadiusPx""]","{""language"": ""en"", ""theme"": ""dark"", ""zoomLevel"": 1, ""baseGazeSamples"": 300, ""translationMode"": ""word"", ""translationOutputMode"": ""on"", ""gazeDetectionMode"": ""circle"", ""gazeMappingMode"": ""auto"", ""gazeYOffsetPx"": -25, ""gazeXOffsetPx"": 0, ""gazeHitRadiusPx"": 20}","{""language"": ""en"", ""theme"": ""dark"", ""zoomLevel"": 1, ""baseGazeSamples"": 300, ""translationMode"": ""word"", ""translationOutputMode"": ""on"", ""gazeDetectionMode"": ""circle"", ""gazeMappingMode"": ""auto"", ""gazeYOffsetPx"": -25, ""gazeXOffsetPx"": 0, ""gazeHitRadiusPx"": 22}",2026-05-20T15:32:08
177,13,879f8db9-d316-4435-98fe-3f8297a7bc85,"[""translationOutputMode""]","{""language"": ""en"", ""theme"": ""dark"", ""zoomLevel"": 1, ""baseGazeSamples"": 300, ""translationMode"": ""word"", ""translationOutputMode"": ""on"", ""gazeDetectionMode"": ""circle"", ""gazeMappingMode"": ""auto"", ""gazeYOffsetPx"": -25, ""gazeXOffsetPx"": 0, ""gazeHitRadiusPx"": 22}","{""language"": ""en"", ""theme"": ""dark"", ""zoomLevel"": 1, ""baseGazeSamples"": 300, ""translationMode"": ""word"", ""translationOutputMode"": ""off"", ""gazeDetectionMode"": ""circle"", ""gazeMappingMode"": ""auto"", ""gazeYOffsetPx"": -25, ""gazeXOffsetPx"": 0, ""gazeHitRadiusPx"": 22}",2026-05-20T15:33:20
178,13,,"[""translationOutputMode""]","{""language"": ""en"", ""theme"": ""dark"", ""zoomLevel"": 1, ""baseGazeSamples"": 300, ""translationMode"": ""word"", ""translationOutputMode"": ""off"", ""gazeDetectionMode"": ""circle"", ""gazeMappingMode"": ""auto"", ""gazeYOffsetPx"": -25, ""gazeXOffsetPx"": 0, ""gazeHitRadiusPx"": 22}","{""language"": ""en"", ""theme"": ""dark"", ""zoomLevel"": 1, ""baseGazeSamples"": 300, ""translationMode"": ""word"", ""translationOutputMode"": ""on"", ""gazeDetectionMode"": ""circle"", ""gazeMappingMode"": ""auto"", ""gazeYOffsetPx"": -25, ""gazeXOffsetPx"": 0, ""gazeHitRadiusPx"": 22}",2026-05-20T15:40:04
179,21,dc8e45f9-040f-4d23-b0a6-d351fe09aacf,"[""baseGazeSamples""]","{""language"": ""en"", ""theme"": ""dark"", ""zoomLevel"": 1, ""baseGazeSamples"": 300, ""translationMode"": ""word"", ""translationOutputMode"": ""on"", ""gazeDetectionMode"": ""circle"", ""gazeMappingMode"": ""auto"", ""gazeYOffsetPx"": 19, ""gazeXOffsetPx"": 0, ""gazeHitRadiusPx"": 25}","{""language"": ""en"", ""theme"": ""dark"", ""zoomLevel"": 1, ""baseGazeSamples"": 450, ""translationMode"": ""word"", ""translationOutputMode"": ""on"", ""gazeDetectionMode"": ""circle"", ""gazeMappingMode"": ""auto"", ""gazeYOffsetPx"": 19, ""gazeXOffsetPx"": 0, ""gazeHitRadiusPx"": 25}",2026-05-20T16:07:21
180,21,dc8e45f9-040f-4d23-b0a6-d351fe09aacf,"[""gazeYOffsetPx""]","{""language"": ""en"", ""theme"": ""dark"", ""zoomLevel"": 1, ""baseGazeSamples"": 450, ""translationMode"": ""word"", ""translationOutputMode"": ""on"", ""gazeDetectionMode"": ""circle"", ""gazeMappingMode"": ""auto"", ""gazeYOffsetPx"": 19, ""gazeXOffsetPx"": 0, ""gazeHitRadiusPx"": 25}","{""language"": ""en"", ""theme"": ""dark"", ""zoomLevel"": 1, ""baseGazeSamples"": 450, ""translationMode"": ""word"", ""translationOutputMode"": ""on"", ""gazeDetectionMode"": ""circle"", ""gazeMappingMode"": ""auto"", ""gazeYOffsetPx"": -18, ""gazeXOffsetPx"": 0, ""gazeHitRadiusPx"": 25}",2026-05-20T16:08:29
181,21,29e34898-1330-4215-a34b-1332bb609a98,"[""translationOutputMode""]","{""language"": ""en"", ""theme"": ""dark"", ""zoomLevel"": 1, ""baseGazeSamples"": 450, ""translationMode"": ""word"", ""translationOutputMode"": ""on"", ""gazeDetectionMode"": ""circle"", ""gazeMappingMode"": ""auto"", ""gazeYOffsetPx"": -18, ""gazeXOffsetPx"": 0, ""gazeHitRadiusPx"": 25}","{""language"": ""en"", ""theme"": ""dark"", ""zoomLevel"": 1, ""baseGazeSamples"": 450, ""translationMode"": ""word"", ""translationOutputMode"": ""off"", ""gazeDetectionMode"": ""circle"", ""gazeMappingMode"": ""auto"", ""gazeYOffsetPx"": -18, ""gazeXOffsetPx"": 0, ""gazeHitRadiusPx"": 25}",2026-05-20T16:15:40
182,5,46250f32-ee89-4a6b-b8af-132c70a06541,"[""translationOutputMode""]","{""language"": ""en"", ""theme"": ""dark"", ""zoomLevel"": 1, ""baseGazeSamples"": 300, ""translationMode"": ""word"", ""translationOutputMode"": ""off"", ""gazeDetectionMode"": ""circle"", ""gazeMappingMode"": ""auto"", ""gazeYOffsetPx"": -14, ""gazeXOffsetPx"": 0, ""gazeHitRadiusPx"": 20}","{""language"": ""en"", ""theme"": ""dark"", ""zoomLevel"": 1, ""baseGazeSamples"": 300, ""translationMode"": ""word"", ""translationOutputMode"": ""on"", ""gazeDetectionMode"": ""circle"", ""gazeMappingMode"": ""auto"", ""gazeYOffsetPx"": -14, ""gazeXOffsetPx"": 0, ""gazeHitRadiusPx"": 20}",2026-05-20T16:24:32
183,5,,"[""translationOutputMode""]","{""language"": ""en"", ""theme"": ""dark"", ""zoomLevel"": 1, ""baseGazeSamples"": 300, ""translationMode"": ""word"", ""translationOutputMode"": ""on"", ""gazeDetectionMode"": ""circle"", ""gazeMappingMode"": ""auto"", ""gazeYOffsetPx"": -14, ""gazeXOffsetPx"": 0, ""gazeHitRadiusPx"": 20}","{""language"": ""en"", ""theme"": ""dark"", ""zoomLevel"": 1, ""baseGazeSamples"": 300, ""translationMode"": ""word"", ""translationOutputMode"": ""off"", ""gazeDetectionMode"": ""circle"", ""gazeMappingMode"": ""auto"", ""gazeYOffsetPx"": -14, ""gazeXOffsetPx"": 0, ""gazeHitRadiusPx"": 20}",2026-05-20T16:33:08
184,11,65068458-fa88-4fd2-b0a6-526d9978a8fc,"[""translationOutputMode""]","{""language"": ""en"", ""theme"": ""dark"", ""zoomLevel"": 1, ""baseGazeSamples"": 300, ""translationMode"": ""word"", ""translationOutputMode"": ""on"", ""gazeDetectionMode"": ""circle"", ""gazeMappingMode"": ""auto"", ""gazeYOffsetPx"": -21, ""gazeXOffsetPx"": 0, ""gazeHitRadiusPx"": 23}","{""language"": ""en"", ""theme"": ""dark"", ""zoomLevel"": 1, ""baseGazeSamples"": 300, ""translationMode"": ""word"", ""translationOutputMode"": ""off"", ""gazeDetectionMode"": ""circle"", ""gazeMappingMode"": ""auto"", ""gazeYOffsetPx"": -21, ""gazeXOffsetPx"": 0, ""gazeHitRadiusPx"": 23}",2026-05-20T17:10:26
185,11,,"[""translationOutputMode""]","{""language"": ""en"", ""theme"": ""dark"", ""zoomLevel"": 1, ""baseGazeSamples"": 300, ""translationMode"": ""word"", ""translationOutputMode"": ""off"", ""gazeDetectionMode"": ""circle"", ""gazeMappingMode"": ""auto"", ""gazeYOffsetPx"": -21, ""gazeXOffsetPx"": 0, ""gazeHitRadiusPx"": 23}","{""language"": ""en"", ""theme"": ""dark"", ""zoomLevel"": 1, ""baseGazeSamples"": 300, ""translationMode"": ""word"", ""translationOutputMode"": ""on"", ""gazeDetectionMode"": ""circle"", ""gazeMappingMode"": ""auto"", ""gazeYOffsetPx"": -21, ""gazeXOffsetPx"": 0, ""gazeHitRadiusPx"": 23}",2026-05-20T17:16:29
186,17,4fbb3830-2393-4478-bcb6-3db0897ed1e2,"[""gazeYOffsetPx""]","{""language"": ""en"", ""theme"": ""dark"", ""zoomLevel"": 1, ""baseGazeSamples"": 300, ""translationMode"": ""word"", ""translationOutputMode"": ""on"", ""gazeDetectionMode"": ""circle"", ""gazeMappingMode"": ""auto"", ""gazeYOffsetPx"": -25, ""gazeXOffsetPx"": 0, ""gazeHitRadiusPx"": 24}","{""language"": ""en"", ""theme"": ""dark"", ""zoomLevel"": 1, ""baseGazeSamples"": 300, ""translationMode"": ""word"", ""translationOutputMode"": ""on"", ""gazeDetectionMode"": ""circle"", ""gazeMappingMode"": ""auto"", ""gazeYOffsetPx"": -36, ""gazeXOffsetPx"": 0, ""gazeHitRadiusPx"": 24}",2026-05-20T17:41:46
187,17,4fbb3830-2393-4478-bcb6-3db0897ed1e2,"[""translationOutputMode""]","{""language"": ""en"", ""theme"": ""dark"", ""zoomLevel"": 1, ""baseGazeSamples"": 300, ""translationMode"": ""word"", ""translationOutputMode"": ""on"", ""gazeDetectionMode"": ""circle"", ""gazeMappingMode"": ""auto"", ""gazeYOffsetPx"": -36, ""gazeXOffsetPx"": 0, ""gazeHitRadiusPx"": 24}","{""language"": ""en"", ""theme"": ""dark"", ""zoomLevel"": 1, ""baseGazeSamples"": 300, ""translationMode"": ""word"", ""translationOutputMode"": ""off"", ""gazeDetectionMode"": ""circle"", ""gazeMappingMode"": ""auto"", ""gazeYOffsetPx"": -36, ""gazeXOffsetPx"": 0, ""gazeHitRadiusPx"": 24}",2026-05-20T17:42:36
188,17,d81b4f73-c2af-4ac1-bbeb-86451e9bafca,"[""translationOutputMode""]","{""language"": ""en"", ""theme"": ""dark"", ""zoomLevel"": 1, ""baseGazeSamples"": 300, ""translationMode"": ""word"", ""translationOutputMode"": ""off"", ""gazeDetectionMode"": ""circle"", ""gazeMappingMode"": ""auto"", ""gazeYOffsetPx"": -36, ""gazeXOffsetPx"": 0, ""gazeHitRadiusPx"": 24}","{""language"": ""en"", ""theme"": ""dark"", ""zoomLevel"": 1, ""baseGazeSamples"": 300, ""translationMode"": ""word"", ""translationOutputMode"": ""on"", ""gazeDetectionMode"": ""circle"", ""gazeMappingMode"": ""auto"", ""gazeYOffsetPx"": -36, ""gazeXOffsetPx"": 0, ""gazeHitRadiusPx"": 24}",2026-05-20T17:51:36
189,27,a38397e6-637e-4cfa-a848-263738dfa62e,"[""gazeYOffsetPx""]","{""language"": ""en"", ""theme"": ""dark"", ""zoomLevel"": 0.84, ""baseGazeSamples"": 60, ""translationMode"": ""word"", ""translationOutputMode"": ""on"", ""gazeDetectionMode"": ""circle"", ""gazeMappingMode"": ""auto"", ""gazeYOffsetPx"": 8, ""gazeXOffsetPx"": 0, ""gazeHitRadiusPx"": 20}","{""language"": ""en"", ""theme"": ""dark"", ""zoomLevel"": 0.84, ""baseGazeSamples"": 60, ""translationMode"": ""word"", ""translationOutputMode"": ""on"", ""gazeDetectionMode"": ""circle"", ""gazeMappingMode"": ""auto"", ""gazeYOffsetPx"": -5, ""gazeXOffsetPx"": 0, ""gazeHitRadiusPx"": 20}",2026-05-21T09:23:00
190,27,a38397e6-637e-4cfa-a848-263738dfa62e,"[""gazeYOffsetPx""]","{""language"": ""en"", ""theme"": ""dark"", ""zoomLevel"": 0.84, ""baseGazeSamples"": 60, ""translationMode"": ""word"", ""translationOutputMode"": ""on"", ""gazeDetectionMode"": ""circle"", ""gazeMappingMode"": ""auto"", ""gazeYOffsetPx"": -5, ""gazeXOffsetPx"": 0, ""gazeHitRadiusPx"": 20}","{""language"": ""en"", ""theme"": ""dark"", ""zoomLevel"": 0.84, ""baseGazeSamples"": 60, ""translationMode"": ""word"", ""translationOutputMode"": ""on"", ""gazeDetectionMode"": ""circle"", ""gazeMappingMode"": ""auto"", ""gazeYOffsetPx"": -14, ""gazeXOffsetPx"": 0, ""gazeHitRadiusPx"": 20}",2026-05-21T09:23:21
191,27,a38397e6-637e-4cfa-a848-263738dfa62e,"[""translationOutputMode""]","{""language"": ""en"", ""theme"": ""dark"", ""zoomLevel"": 0.84, ""baseGazeSamples"": 60, ""translationMode"": ""word"", ""translationOutputMode"": ""on"", ""gazeDetectionMode"": ""circle"", ""gazeMappingMode"": ""auto"", ""gazeYOffsetPx"": -14, ""gazeXOffsetPx"": 0, ""gazeHitRadiusPx"": 20}","{""language"": ""en"", ""theme"": ""dark"", ""zoomLevel"": 0.84, ""baseGazeSamples"": 60, ""translationMode"": ""word"", ""translationOutputMode"": ""off"", ""gazeDetectionMode"": ""circle"", ""gazeMappingMode"": ""auto"", ""gazeYOffsetPx"": -14, ""gazeXOffsetPx"": 0, ""gazeHitRadiusPx"": 20}",2026-05-21T09:31:39
192,28,,"[""gazeYOffsetPx""]","{""language"": ""en"", ""theme"": ""dark"", ""zoomLevel"": 0.84, ""baseGazeSamples"": 60, ""translationMode"": ""word"", ""translationOutputMode"": ""on"", ""gazeDetectionMode"": ""circle"", ""gazeMappingMode"": ""auto"", ""gazeYOffsetPx"": 8, ""gazeXOffsetPx"": 0, ""gazeHitRadiusPx"": 20}","{""language"": ""en"", ""theme"": ""dark"", ""zoomLevel"": 0.84, ""baseGazeSamples"": 60, ""translationMode"": ""word"", ""translationOutputMode"": ""on"", ""gazeDetectionMode"": ""circle"", ""gazeMappingMode"": ""auto"", ""gazeYOffsetPx"": -14, ""gazeXOffsetPx"": 0, ""gazeHitRadiusPx"": 20}",2026-05-21T09:44:15
193,28,,"[""translationOutputMode""]","{""language"": ""en"", ""theme"": ""dark"", ""zoomLevel"": 0.84, ""baseGazeSamples"": 60, ""translationMode"": ""word"", ""translationOutputMode"": ""on"", ""gazeDetectionMode"": ""circle"", ""gazeMappingMode"": ""auto"", ""gazeYOffsetPx"": -14, ""gazeXOffsetPx"": 0, ""gazeHitRadiusPx"": 20}","{""language"": ""en"", ""theme"": ""dark"", ""zoomLevel"": 0.84, ""baseGazeSamples"": 60, ""translationMode"": ""word"", ""translationOutputMode"": ""off"", ""gazeDetectionMode"": ""circle"", ""gazeMappingMode"": ""auto"", ""gazeYOffsetPx"": -14, ""gazeXOffsetPx"": 0, ""gazeHitRadiusPx"": 20}",2026-05-21T09:49:41
194,25,7831bc9a-8246-4aff-a75f-25a3a660e471,"[""gazeYOffsetPx"", ""gazeHitRadiusPx""]","{""language"": ""en"", ""theme"": ""dark"", ""zoomLevel"": 1, ""baseGazeSamples"": 300, ""translationMode"": ""word"", ""translationOutputMode"": ""on"", ""gazeDetectionMode"": ""circle"", ""gazeMappingMode"": ""auto"", ""gazeYOffsetPx"": 8, ""gazeXOffsetPx"": 0, ""gazeHitRadiusPx"": 20}","{""language"": ""en"", ""theme"": ""dark"", ""zoomLevel"": 1, ""baseGazeSamples"": 300, ""translationMode"": ""word"", ""translationOutputMode"": ""on"", ""gazeDetectionMode"": ""circle"", ""gazeMappingMode"": ""auto"", ""gazeYOffsetPx"": -32, ""gazeXOffsetPx"": 0, ""gazeHitRadiusPx"": 22}",2026-05-21T10:09:35
195,25,7831bc9a-8246-4aff-a75f-25a3a660e471,"[""gazeYOffsetPx""]","{""language"": ""en"", ""theme"": ""dark"", ""zoomLevel"": 1, ""baseGazeSamples"": 300, ""translationMode"": ""word"", ""translationOutputMode"": ""on"", ""gazeDetectionMode"": ""circle"", ""gazeMappingMode"": ""auto"", ""gazeYOffsetPx"": -32, ""gazeXOffsetPx"": 0, ""gazeHitRadiusPx"": 22}","{""language"": ""en"", ""theme"": ""dark"", ""zoomLevel"": 1, ""baseGazeSamples"": 300, ""translationMode"": ""word"", ""translationOutputMode"": ""on"", ""gazeDetectionMode"": ""circle"", ""gazeMappingMode"": ""auto"", ""gazeYOffsetPx"": -21, ""gazeXOffsetPx"": 0, ""gazeHitRadiusPx"": 22}",2026-05-21T10:09:56
196,25,7831bc9a-8246-4aff-a75f-25a3a660e471,"[""translationOutputMode""]","{""language"": ""en"", ""theme"": ""dark"", ""zoomLevel"": 1, ""baseGazeSamples"": 300, ""translationMode"": ""word"", ""translationOutputMode"": ""on"", ""gazeDetectionMode"": ""circle"", ""gazeMappingMode"": ""auto"", ""gazeYOffsetPx"": -21, ""gazeXOffsetPx"": 0, ""gazeHitRadiusPx"": 22}","{""language"": ""en"", ""theme"": ""dark"", ""zoomLevel"": 1, ""baseGazeSamples"": 300, ""translationMode"": ""word"", ""translationOutputMode"": ""off"", ""gazeDetectionMode"": ""circle"", ""gazeMappingMode"": ""auto"", ""gazeYOffsetPx"": -21, ""gazeXOffsetPx"": 0, ""gazeHitRadiusPx"": 22}",2026-05-21T10:10:47
197,25,40a70149-772d-4c55-aa87-f438569fec25,"[""translationOutputMode""]","{""language"": ""en"", ""theme"": ""dark"", ""zoomLevel"": 1, ""baseGazeSamples"": 300, ""translationMode"": ""word"", ""translationOutputMode"": ""off"", ""gazeDetectionMode"": ""circle"", ""gazeMappingMode"": ""auto"", ""gazeYOffsetPx"": -21, ""gazeXOffsetPx"": 0, ""gazeHitRadiusPx"": 22}","{""language"": ""en"", ""theme"": ""dark"", ""zoomLevel"": 1, ""baseGazeSamples"": 300, ""translationMode"": ""word"", ""translationOutputMode"": ""on"", ""gazeDetectionMode"": ""circle"", ""gazeMappingMode"": ""auto"", ""gazeYOffsetPx"": -21, ""gazeXOffsetPx"": 0, ""gazeHitRadiusPx"": 22}",2026-05-21T10:17:52
198,14,4d63209b-3c58-4f33-a2c6-4aec5e792fc0,"[""translationOutputMode""]","{""language"": ""en"", ""theme"": ""dark"", ""zoomLevel"": 1.03, ""baseGazeSamples"": 300, ""translationMode"": ""word"", ""translationOutputMode"": ""off"", ""gazeDetectionMode"": ""circle"", ""gazeMappingMode"": ""auto"", ""gazeYOffsetPx"": -7, ""gazeXOffsetPx"": 0, ""gazeHitRadiusPx"": 20}","{""language"": ""en"", ""theme"": ""dark"", ""zoomLevel"": 1.03, ""baseGazeSamples"": 300, ""translationMode"": ""word"", ""translationOutputMode"": ""on"", ""gazeDetectionMode"": ""circle"", ""gazeMappingMode"": ""auto"", ""gazeYOffsetPx"": -7, ""gazeXOffsetPx"": 0, ""gazeHitRadiusPx"": 20}",2026-05-21T10:45:06
199,5,c3d1302a-0a7e-4829-a468-0f8230508945,"[""translationOutputMode""]","{""language"": ""en"", ""theme"": ""dark"", ""zoomLevel"": 1, ""baseGazeSamples"": 300, ""translationMode"": ""word"", ""translationOutputMode"": ""off"", ""gazeDetectionMode"": ""circle"", ""gazeMappingMode"": ""auto"", ""gazeYOffsetPx"": -14, ""gazeXOffsetPx"": 0, ""gazeHitRadiusPx"": 20}","{""language"": ""en"", ""theme"": ""dark"", ""zoomLevel"": 1, ""baseGazeSamples"": 300, ""translationMode"": ""word"", ""translationOutputMode"": ""on"", ""gazeDetectionMode"": ""circle"", ""gazeMappingMode"": ""auto"", ""gazeYOffsetPx"": -14, ""gazeXOffsetPx"": 0, ""gazeHitRadiusPx"": 20}",2026-05-21T11:34:14
200,5,40ae8d52-bfc7-405d-a5ea-54d86cd4bcf2,"[""translationOutputMode""]","{""language"": ""en"", ""theme"": ""dark"", ""zoomLevel"": 1, ""baseGazeSamples"": 300, ""translationMode"": ""word"", ""translationOutputMode"": ""on"", ""gazeDetectionMode"": ""circle"", ""gazeMappingMode"": ""auto"", ""gazeYOffsetPx"": -14, ""gazeXOffsetPx"": 0, ""gazeHitRadiusPx"": 20}","{""language"": ""en"", ""theme"": ""dark"", ""zoomLevel"": 1, ""baseGazeSamples"": 300, ""translationMode"": ""word"", ""translationOutputMode"": ""off"", ""gazeDetectionMode"": ""circle"", ""gazeMappingMode"": ""auto"", ""gazeYOffsetPx"": -14, ""gazeXOffsetPx"": 0, ""gazeHitRadiusPx"": 20}",2026-05-21T11:40:16
201,6,,"[""translationOutputMode""]","{""language"": ""en"", ""theme"": ""dark"", ""zoomLevel"": 1, ""baseGazeSamples"": 300, ""translationMode"": ""word"", ""translationOutputMode"": ""on"", ""gazeDetectionMode"": ""circle"", ""gazeMappingMode"": ""auto"", ""gazeYOffsetPx"": -1, ""gazeXOffsetPx"": 0, ""gazeHitRadiusPx"": 20}","{""language"": ""en"", ""theme"": ""dark"", ""zoomLevel"": 1, ""baseGazeSamples"": 300, ""translationMode"": ""word"", ""translationOutputMode"": ""off"", ""gazeDetectionMode"": ""circle"", ""gazeMappingMode"": ""auto"", ""gazeYOffsetPx"": -1, ""gazeXOffsetPx"": 0, ""gazeHitRadiusPx"": 20}",2026-05-21T12:06:26
202,26,887ef912-c1c7-402f-9d76-bc8fc3037b9e,"[""translationOutputMode""]","{""language"": ""en"", ""theme"": ""dark"", ""zoomLevel"": 1, ""baseGazeSamples"": 300, ""translationMode"": ""word"", ""translationOutputMode"": ""off"", ""gazeDetectionMode"": ""circle"", ""gazeMappingMode"": ""auto"", ""gazeYOffsetPx"": 8, ""gazeXOffsetPx"": 0, ""gazeHitRadiusPx"": 20}","{""language"": ""en"", ""theme"": ""dark"", ""zoomLevel"": 1, ""baseGazeSamples"": 300, ""translationMode"": ""word"", ""translationOutputMode"": ""on"", ""gazeDetectionMode"": ""circle"", ""gazeMappingMode"": ""auto"", ""gazeYOffsetPx"": 8, ""gazeXOffsetPx"": 0, ""gazeHitRadiusPx"": 20}",2026-05-21T12:32:43
203,26,3ff87ec6-1b0b-4818-9c93-ba39a6293173,"[""gazeYOffsetPx""]","{""language"": ""en"", ""theme"": ""dark"", ""zoomLevel"": 1, ""baseGazeSamples"": 300, ""translationMode"": ""word"", ""translationOutputMode"": ""on"", ""gazeDetectionMode"": ""circle"", ""gazeMappingMode"": ""auto"", ""gazeYOffsetPx"": 8, ""gazeXOffsetPx"": 0, ""gazeHitRadiusPx"": 20}","{""language"": ""en"", ""theme"": ""dark"", ""zoomLevel"": 1, ""baseGazeSamples"": 300, ""translationMode"": ""word"", ""translationOutputMode"": ""on"", ""gazeDetectionMode"": ""circle"", ""gazeMappingMode"": ""auto"", ""gazeYOffsetPx"": -23, ""gazeXOffsetPx"": 0, ""gazeHitRadiusPx"": 20}",2026-05-21T12:33:23
204,26,3ff87ec6-1b0b-4818-9c93-ba39a6293173,"[""gazeHitRadiusPx""]","{""language"": ""en"", ""theme"": ""dark"", ""zoomLevel"": 1, ""baseGazeSamples"": 300, ""translationMode"": ""word"", ""translationOutputMode"": ""on"", ""gazeDetectionMode"": ""circle"", ""gazeMappingMode"": ""auto"", ""gazeYOffsetPx"": -23, ""gazeXOffsetPx"": 0, ""gazeHitRadiusPx"": 20}","{""language"": ""en"", ""theme"": ""dark"", ""zoomLevel"": 1, ""baseGazeSamples"": 300, ""translationMode"": ""word"", ""translationOutputMode"": ""on"", ""gazeDetectionMode"": ""circle"", ""gazeMappingMode"": ""auto"", ""gazeYOffsetPx"": -23, ""gazeXOffsetPx"": 0, ""gazeHitRadiusPx"": 22}",2026-05-21T12:33:42
205,26,3ff87ec6-1b0b-4818-9c93-ba39a6293173,"[""baseGazeSamples""]","{""language"": ""en"", ""theme"": ""dark"", ""zoomLevel"": 1, ""baseGazeSamples"": 300, ""translationMode"": ""word"", ""translationOutputMode"": ""on"", ""gazeDetectionMode"": ""circle"", ""gazeMappingMode"": ""auto"", ""gazeYOffsetPx"": -23, ""gazeXOffsetPx"": 0, ""gazeHitRadiusPx"": 22}","{""language"": ""en"", ""theme"": ""dark"", ""zoomLevel"": 1, ""baseGazeSamples"": 450, ""translationMode"": ""word"", ""translationOutputMode"": ""on"", ""gazeDetectionMode"": ""circle"", ""gazeMappingMode"": ""auto"", ""gazeYOffsetPx"": -23, ""gazeXOffsetPx"": 0, ""gazeHitRadiusPx"": 22}",2026-05-21T12:38:14
206,26,,"[""translationOutputMode""]","{""language"": ""en"", ""theme"": ""dark"", ""zoomLevel"": 1, ""baseGazeSamples"": 450, ""translationMode"": ""word"", ""translationOutputMode"": ""on"", ""gazeDetectionMode"": ""circle"", ""gazeMappingMode"": ""auto"", ""gazeYOffsetPx"": -23, ""gazeXOffsetPx"": 0, ""gazeHitRadiusPx"": 22}","{""language"": ""en"", ""theme"": ""dark"", ""zoomLevel"": 1, ""baseGazeSamples"": 450, ""translationMode"": ""word"", ""translationOutputMode"": ""off"", ""gazeDetectionMode"": ""circle"", ""gazeMappingMode"": ""auto"", ""gazeYOffsetPx"": -23, ""gazeXOffsetPx"": 0, ""gazeHitRadiusPx"": 22}",2026-05-21T12:43:11
207,23,b52e66a4-f4e4-4862-b082-7f38b6c71a81,"[""gazeYOffsetPx""]","{""language"": ""en"", ""theme"": ""dark"", ""zoomLevel"": 0.84, ""baseGazeSamples"": 300, ""translationMode"": ""word"", ""translationOutputMode"": ""on"", ""gazeDetectionMode"": ""circle"", ""gazeMappingMode"": ""auto"", ""gazeYOffsetPx"": 2, ""gazeXOffsetPx"": 0, ""gazeHitRadiusPx"": 20}","{""language"": ""en"", ""theme"": ""dark"", ""zoomLevel"": 0.84, ""baseGazeSamples"": 300, ""translationMode"": ""word"", ""translationOutputMode"": ""on"", ""gazeDetectionMode"": ""circle"", ""gazeMappingMode"": ""auto"", ""gazeYOffsetPx"": -32, ""gazeXOffsetPx"": 0, ""gazeHitRadiusPx"": 20}",2026-05-21T13:33:41
208,23,b52e66a4-f4e4-4862-b082-7f38b6c71a81,"[""zoomLevel""]","{""language"": ""en"", ""theme"": ""dark"", ""zoomLevel"": 0.84, ""baseGazeSamples"": 300, ""translationMode"": ""word"", ""translationOutputMode"": ""on"", ""gazeDetectionMode"": ""circle"", ""gazeMappingMode"": ""auto"", ""gazeYOffsetPx"": -32, ""gazeXOffsetPx"": 0, ""gazeHitRadiusPx"": 20}","{""language"": ""en"", ""theme"": ""dark"", ""zoomLevel"": 1, ""baseGazeSamples"": 300, ""translationMode"": ""word"", ""translationOutputMode"": ""on"", ""gazeDetectionMode"": ""circle"", ""gazeMappingMode"": ""auto"", ""gazeYOffsetPx"": -32, ""gazeXOffsetPx"": 0, ""gazeHitRadiusPx"": 20}",2026-05-21T13:34:01
209,23,b52e66a4-f4e4-4862-b082-7f38b6c71a81,"[""gazeHitRadiusPx""]","{""language"": ""en"", ""theme"": ""dark"", ""zoomLevel"": 1, ""baseGazeSamples"": 300, ""translationMode"": ""word"", ""translationOutputMode"": ""on"", ""gazeDetectionMode"": ""circle"", ""gazeMappingMode"": ""auto"", ""gazeYOffsetPx"": -32, ""gazeXOffsetPx"": 0, ""gazeHitRadiusPx"": 20}","{""language"": ""en"", ""theme"": ""dark"", ""zoomLevel"": 1, ""baseGazeSamples"": 300, ""translationMode"": ""word"", ""translationOutputMode"": ""on"", ""gazeDetectionMode"": ""circle"", ""gazeMappingMode"": ""auto"", ""gazeYOffsetPx"": -32, ""gazeXOffsetPx"": 0, ""gazeHitRadiusPx"": 22}",2026-05-21T13:34:32
210,23,b52e66a4-f4e4-4862-b082-7f38b6c71a81,"[""gazeYOffsetPx""]","{""language"": ""en"", ""theme"": ""dark"", ""zoomLevel"": 1, ""baseGazeSamples"": 300, ""translationMode"": ""word"", ""translationOutputMode"": ""on"", ""gazeDetectionMode"": ""circle"", ""gazeMappingMode"": ""auto"", ""gazeYOffsetPx"": -32, ""gazeXOffsetPx"": 0, ""gazeHitRadiusPx"": 22}","{""language"": ""en"", ""theme"": ""dark"", ""zoomLevel"": 1, ""baseGazeSamples"": 300, ""translationMode"": ""word"", ""translationOutputMode"": ""on"", ""gazeDetectionMode"": ""circle"", ""gazeMappingMode"": ""auto"", ""gazeYOffsetPx"": -43, ""gazeXOffsetPx"": 0, ""gazeHitRadiusPx"": 22}",2026-05-21T13:34:37
211,23,b52e66a4-f4e4-4862-b082-7f38b6c71a81,"[""translationOutputMode""]","{""language"": ""en"", ""theme"": ""dark"", ""zoomLevel"": 1, ""baseGazeSamples"": 300, ""translationMode"": ""word"", ""translationOutputMode"": ""on"", ""gazeDetectionMode"": ""circle"", ""gazeMappingMode"": ""auto"", ""gazeYOffsetPx"": -43, ""gazeXOffsetPx"": 0, ""gazeHitRadiusPx"": 22}","{""language"": ""en"", ""theme"": ""dark"", ""zoomLevel"": 1, ""baseGazeSamples"": 300, ""translationMode"": ""word"", ""translationOutputMode"": ""off"", ""gazeDetectionMode"": ""circle"", ""gazeMappingMode"": ""auto"", ""gazeYOffsetPx"": -43, ""gazeXOffsetPx"": 0, ""gazeHitRadiusPx"": 22}",2026-05-21T13:36:58
212,23,1f2ea289-8ba9-4721-a249-5fd9608e3209,"[""translationOutputMode""]","{""language"": ""en"", ""theme"": ""dark"", ""zoomLevel"": 1, ""baseGazeSamples"": 300, ""translationMode"": ""word"", ""translationOutputMode"": ""off"", ""gazeDetectionMode"": ""circle"", ""gazeMappingMode"": ""auto"", ""gazeYOffsetPx"": -43, ""gazeXOffsetPx"": 0, ""gazeHitRadiusPx"": 22}","{""language"": ""en"", ""theme"": ""dark"", ""zoomLevel"": 1, ""baseGazeSamples"": 300, ""translationMode"": ""word"", ""translationOutputMode"": ""on"", ""gazeDetectionMode"": ""circle"", ""gazeMappingMode"": ""auto"", ""gazeYOffsetPx"": -43, ""gazeXOffsetPx"": 0, ""gazeHitRadiusPx"": 22}",2026-05-21T13:45:41
213,12,ba54e926-b66a-4d29-9ece-72d9b4f59a1d,"[""translationOutputMode""]","{""language"": ""en"", ""theme"": ""dark"", ""zoomLevel"": 1, ""baseGazeSamples"": 300, ""translationMode"": ""word"", ""translationOutputMode"": ""on"", ""gazeDetectionMode"": ""circle"", ""gazeMappingMode"": ""auto"", ""gazeYOffsetPx"": -18, ""gazeXOffsetPx"": -17, ""gazeHitRadiusPx"": 25}","{""language"": ""en"", ""theme"": ""dark"", ""zoomLevel"": 1, ""baseGazeSamples"": 300, ""translationMode"": ""word"", ""translationOutputMode"": ""off"", ""gazeDetectionMode"": ""circle"", ""gazeMappingMode"": ""auto"", ""gazeYOffsetPx"": -18, ""gazeXOffsetPx"": -17, ""gazeHitRadiusPx"": 25}",2026-05-21T13:58:59
214,12,bef48112-d662-4ffe-b195-a0215683776d,"[""translationOutputMode""]","{""language"": ""en"", ""theme"": ""dark"", ""zoomLevel"": 1, ""baseGazeSamples"": 300, ""translationMode"": ""word"", ""translationOutputMode"": ""off"", ""gazeDetectionMode"": ""circle"", ""gazeMappingMode"": ""auto"", ""gazeYOffsetPx"": -18, ""gazeXOffsetPx"": -17, ""gazeHitRadiusPx"": 25}","{""language"": ""en"", ""theme"": ""dark"", ""zoomLevel"": 1, ""baseGazeSamples"": 300, ""translationMode"": ""word"", ""translationOutputMode"": ""on"", ""gazeDetectionMode"": ""circle"", ""gazeMappingMode"": ""auto"", ""gazeYOffsetPx"": -18, ""gazeXOffsetPx"": -17, ""gazeHitRadiusPx"": 25}",2026-05-21T14:06:30
215,7,81ef1e12-b0bd-42b8-94ba-ac9adf27e623,"[""translationOutputMode""]","{""language"": ""en"", ""theme"": ""dark"", ""zoomLevel"": 1, ""baseGazeSamples"": 400, ""translationMode"": ""word"", ""translationOutputMode"": ""off"", ""gazeDetectionMode"": ""circle"", ""gazeMappingMode"": ""auto"", ""gazeYOffsetPx"": -16, ""gazeXOffsetPx"": 0, ""gazeHitRadiusPx"": 22}","{""language"": ""en"", ""theme"": ""dark"", ""zoomLevel"": 1, ""baseGazeSamples"": 400, ""translationMode"": ""word"", ""translationOutputMode"": ""on"", ""gazeDetectionMode"": ""circle"", ""gazeMappingMode"": ""auto"", ""gazeYOffsetPx"": -16, ""gazeXOffsetPx"": 0, ""gazeHitRadiusPx"": 22}",2026-05-21T14:41:17
216,7,,"[""translationMode""]","{""language"": ""en"", ""theme"": ""dark"", ""zoomLevel"": 1, ""baseGazeSamples"": 400, ""translationMode"": ""word"", ""translationOutputMode"": ""on"", ""gazeDetectionMode"": ""circle"", ""gazeMappingMode"": ""auto"", ""gazeYOffsetPx"": -16, ""gazeXOffsetPx"": 0, ""gazeHitRadiusPx"": 22}","{""language"": ""en"", ""theme"": ""dark"", ""zoomLevel"": 1, ""baseGazeSamples"": 400, ""translationMode"": ""sentence"", ""translationOutputMode"": ""on"", ""gazeDetectionMode"": ""circle"", ""gazeMappingMode"": ""auto"", ""gazeYOffsetPx"": -16, ""gazeXOffsetPx"": 0, ""gazeHitRadiusPx"": 22}",2026-05-21T15:14:37
217,7,,"[""translationMode""]","{""language"": ""en"", ""theme"": ""dark"", ""zoomLevel"": 1, ""baseGazeSamples"": 400, ""translationMode"": ""sentence"", ""translationOutputMode"": ""on"", ""gazeDetectionMode"": ""circle"", ""gazeMappingMode"": ""auto"", ""gazeYOffsetPx"": -16, ""gazeXOffsetPx"": 0, ""gazeHitRadiusPx"": 22}","{""language"": ""en"", ""theme"": ""dark"", ""zoomLevel"": 1, ""baseGazeSamples"": 400, ""translationMode"": ""word"", ""translationOutputMode"": ""on"", ""gazeDetectionMode"": ""circle"", ""gazeMappingMode"": ""auto"", ""gazeYOffsetPx"": -16, ""gazeXOffsetPx"": 0, ""gazeHitRadiusPx"": 22}",2026-05-21T15:15:08
218,11,1a669bd6-6ddb-42cd-91f3-1960f3dd82ff,"[""baseGazeSamples""]","{""language"": ""en"", ""theme"": ""dark"", ""zoomLevel"": 1, ""baseGazeSamples"": 300, ""translationMode"": ""word"", ""translationOutputMode"": ""on"", ""gazeDetectionMode"": ""circle"", ""gazeMappingMode"": ""auto"", ""gazeYOffsetPx"": -21, ""gazeXOffsetPx"": 0, ""gazeHitRadiusPx"": 23}","{""language"": ""en"", ""theme"": ""dark"", ""zoomLevel"": 1, ""baseGazeSamples"": 450, ""translationMode"": ""word"", ""translationOutputMode"": ""on"", ""gazeDetectionMode"": ""circle"", ""gazeMappingMode"": ""auto"", ""gazeYOffsetPx"": -21, ""gazeXOffsetPx"": 0, ""gazeHitRadiusPx"": 23}",2026-05-21T16:07:59
219,11,21574015-145f-475d-9c67-605fcb68de4f,"[""translationOutputMode""]","{""language"": ""en"", ""theme"": ""dark"", ""zoomLevel"": 1, ""baseGazeSamples"": 450, ""translationMode"": ""word"", ""translationOutputMode"": ""on"", ""gazeDetectionMode"": ""circle"", ""gazeMappingMode"": ""auto"", ""gazeYOffsetPx"": -21, ""gazeXOffsetPx"": 0, ""gazeHitRadiusPx"": 23}","{""language"": ""en"", ""theme"": ""dark"", ""zoomLevel"": 1, ""baseGazeSamples"": 450, ""translationMode"": ""word"", ""translationOutputMode"": ""off"", ""gazeDetectionMode"": ""circle"", ""gazeMappingMode"": ""auto"", ""gazeYOffsetPx"": -21, ""gazeXOffsetPx"": 0, ""gazeHitRadiusPx"": 23}",2026-05-21T16:14:48
220,13,,"[""translationOutputMode""]","{""language"": ""en"", ""theme"": ""dark"", ""zoomLevel"": 1, ""baseGazeSamples"": 300, ""translationMode"": ""word"", ""translationOutputMode"": ""on"", ""gazeDetectionMode"": ""circle"", ""gazeMappingMode"": ""auto"", ""gazeYOffsetPx"": -25, ""gazeXOffsetPx"": 0, ""gazeHitRadiusPx"": 22}","{""language"": ""en"", ""theme"": ""dark"", ""zoomLevel"": 1, ""baseGazeSamples"": 300, ""translationMode"": ""word"", ""translationOutputMode"": ""off"", ""gazeDetectionMode"": ""circle"", ""gazeMappingMode"": ""auto"", ""gazeYOffsetPx"": -25, ""gazeXOffsetPx"": 0, ""gazeHitRadiusPx"": 22}",2026-05-21T16:42:04
221,29,,"[""zoomLevel""]","{""language"": ""en"", ""theme"": ""dark"", ""zoomLevel"": 0.84, ""baseGazeSamples"": 60, ""translationMode"": ""word"", ""translationOutputMode"": ""on"", ""gazeDetectionMode"": ""circle"", ""gazeMappingMode"": ""auto"", ""gazeYOffsetPx"": 8, ""gazeXOffsetPx"": 0, ""gazeHitRadiusPx"": 20}","{""language"": ""en"", ""theme"": ""dark"", ""zoomLevel"": 1, ""baseGazeSamples"": 60, ""translationMode"": ""word"", ""translationOutputMode"": ""on"", ""gazeDetectionMode"": ""circle"", ""gazeMappingMode"": ""auto"", ""gazeYOffsetPx"": 8, ""gazeXOffsetPx"": 0, ""gazeHitRadiusPx"": 20}",2026-05-21T17:08:41
222,29,feec1f94-f27f-417b-87da-46503f9a92a5,"[""baseGazeSamples""]","{""language"": ""en"", ""theme"": ""dark"", ""zoomLevel"": 1, ""baseGazeSamples"": 60, ""translationMode"": ""word"", ""translationOutputMode"": ""on"", ""gazeDetectionMode"": ""circle"", ""gazeMappingMode"": ""auto"", ""gazeYOffsetPx"": 8, ""gazeXOffsetPx"": 0, ""gazeHitRadiusPx"": 20}","{""language"": ""en"", ""theme"": ""dark"", ""zoomLevel"": 1, ""baseGazeSamples"": 450, ""translationMode"": ""word"", ""translationOutputMode"": ""on"", ""gazeDetectionMode"": ""circle"", ""gazeMappingMode"": ""auto"", ""gazeYOffsetPx"": 8, ""gazeXOffsetPx"": 0, ""gazeHitRadiusPx"": 20}",2026-05-21T17:11:04
223,29,feec1f94-f27f-417b-87da-46503f9a92a5,"[""translationOutputMode""]","{""language"": ""en"", ""theme"": ""dark"", ""zoomLevel"": 1, ""baseGazeSamples"": 450, ""translationMode"": ""word"", ""translationOutputMode"": ""on"", ""gazeDetectionMode"": ""circle"", ""gazeMappingMode"": ""auto"", ""gazeYOffsetPx"": 8, ""gazeXOffsetPx"": 0, ""gazeHitRadiusPx"": 20}","{""language"": ""en"", ""theme"": ""dark"", ""zoomLevel"": 1, ""baseGazeSamples"": 450, ""translationMode"": ""word"", ""translationOutputMode"": ""off"", ""gazeDetectionMode"": ""circle"", ""gazeMappingMode"": ""auto"", ""gazeYOffsetPx"": 8, ""gazeXOffsetPx"": 0, ""gazeHitRadiusPx"": 20}",2026-05-21T17:12:04
224,29,,"[""translationOutputMode""]","{""language"": ""en"", ""theme"": ""dark"", ""zoomLevel"": 1, ""baseGazeSamples"": 450, ""translationMode"": ""word"", ""translationOutputMode"": ""off"", ""gazeDetectionMode"": ""circle"", ""gazeMappingMode"": ""auto"", ""gazeYOffsetPx"": 8, ""gazeXOffsetPx"": 0, ""gazeHitRadiusPx"": 20}","{""language"": ""en"", ""theme"": ""dark"", ""zoomLevel"": 1, ""baseGazeSamples"": 450, ""translationMode"": ""word"", ""translationOutputMode"": ""on"", ""gazeDetectionMode"": ""circle"", ""gazeMappingMode"": ""auto"", ""gazeYOffsetPx"": 8, ""gazeXOffsetPx"": 0, ""gazeHitRadiusPx"": 20}",2026-05-21T17:18:40
225,30,5dfa1ddc-2b7c-4e2d-b1da-9d4d6a23f3e9,"[""zoomLevel""]","{""language"": ""en"", ""theme"": ""dark"", ""zoomLevel"": 0.84, ""baseGazeSamples"": 60, ""translationMode"": ""word"", ""translationOutputMode"": ""on"", ""gazeDetectionMode"": ""circle"", ""gazeMappingMode"": ""auto"", ""gazeYOffsetPx"": 8, ""gazeXOffsetPx"": 0, ""gazeHitRadiusPx"": 20}","{""language"": ""en"", ""theme"": ""dark"", ""zoomLevel"": 1, ""baseGazeSamples"": 60, ""translationMode"": ""word"", ""translationOutputMode"": ""on"", ""gazeDetectionMode"": ""circle"", ""gazeMappingMode"": ""auto"", ""gazeYOffsetPx"": 8, ""gazeXOffsetPx"": 0, ""gazeHitRadiusPx"": 20}",2026-05-21T17:38:53
226,30,5dfa1ddc-2b7c-4e2d-b1da-9d4d6a23f3e9,"[""gazeYOffsetPx"", ""gazeHitRadiusPx""]","{""language"": ""en"", ""theme"": ""dark"", ""zoomLevel"": 1, ""baseGazeSamples"": 60, ""translationMode"": ""word"", ""translationOutputMode"": ""on"", ""gazeDetectionMode"": ""circle"", ""gazeMappingMode"": ""auto"", ""gazeYOffsetPx"": 8, ""gazeXOffsetPx"": 0, ""gazeHitRadiusPx"": 20}","{""language"": ""en"", ""theme"": ""dark"", ""zoomLevel"": 1, ""baseGazeSamples"": 60, ""translationMode"": ""word"", ""translationOutputMode"": ""on"", ""gazeDetectionMode"": ""circle"", ""gazeMappingMode"": ""auto"", ""gazeYOffsetPx"": -29, ""gazeXOffsetPx"": 0, ""gazeHitRadiusPx"": 22}",2026-05-21T17:39:35
227,30,5dfa1ddc-2b7c-4e2d-b1da-9d4d6a23f3e9,"[""gazeYOffsetPx""]","{""language"": ""en"", ""theme"": ""dark"", ""zoomLevel"": 1, ""baseGazeSamples"": 60, ""translationMode"": ""word"", ""translationOutputMode"": ""on"", ""gazeDetectionMode"": ""circle"", ""gazeMappingMode"": ""auto"", ""gazeYOffsetPx"": -29, ""gazeXOffsetPx"": 0, ""gazeHitRadiusPx"": 22}","{""language"": ""en"", ""theme"": ""dark"", ""zoomLevel"": 1, ""baseGazeSamples"": 60, ""translationMode"": ""word"", ""translationOutputMode"": ""on"", ""gazeDetectionMode"": ""circle"", ""gazeMappingMode"": ""auto"", ""gazeYOffsetPx"": -49, ""gazeXOffsetPx"": 0, ""gazeHitRadiusPx"": 22}",2026-05-21T17:40:06
228,30,5dfa1ddc-2b7c-4e2d-b1da-9d4d6a23f3e9,"[""baseGazeSamples""]","{""language"": ""en"", ""theme"": ""dark"", ""zoomLevel"": 1, ""baseGazeSamples"": 60, ""translationMode"": ""word"", ""translationOutputMode"": ""on"", ""gazeDetectionMode"": ""circle"", ""gazeMappingMode"": ""auto"", ""gazeYOffsetPx"": -49, ""gazeXOffsetPx"": 0, ""gazeHitRadiusPx"": 22}","{""language"": ""en"", ""theme"": ""dark"", ""zoomLevel"": 1, ""baseGazeSamples"": 450, ""translationMode"": ""word"", ""translationOutputMode"": ""on"", ""gazeDetectionMode"": ""circle"", ""gazeMappingMode"": ""auto"", ""gazeYOffsetPx"": -49, ""gazeXOffsetPx"": 0, ""gazeHitRadiusPx"": 22}",2026-05-21T17:40:56
229,30,,"[""translationOutputMode""]","{""language"": ""en"", ""theme"": ""dark"", ""zoomLevel"": 1, ""baseGazeSamples"": 450, ""translationMode"": ""word"", ""translationOutputMode"": ""on"", ""gazeDetectionMode"": ""circle"", ""gazeMappingMode"": ""auto"", ""gazeYOffsetPx"": -49, ""gazeXOffsetPx"": 0, ""gazeHitRadiusPx"": 22}","{""language"": ""en"", ""theme"": ""dark"", ""zoomLevel"": 1, ""baseGazeSamples"": 450, ""translationMode"": ""word"", ""translationOutputMode"": ""off"", ""gazeDetectionMode"": ""circle"", ""gazeMappingMode"": ""auto"", ""gazeYOffsetPx"": -49, ""gazeXOffsetPx"": 0, ""gazeHitRadiusPx"": 22}",2026-05-21T17:41:33
230,30,3d34320b-f6db-4542-bfda-754f5a81538a,"[""translationOutputMode""]","{""language"": ""en"", ""theme"": ""dark"", ""zoomLevel"": 1, ""baseGazeSamples"": 450, ""translationMode"": ""word"", ""translationOutputMode"": ""off"", ""gazeDetectionMode"": ""circle"", ""gazeMappingMode"": ""auto"", ""gazeYOffsetPx"": -49, ""gazeXOffsetPx"": 0, ""gazeHitRadiusPx"": 22}","{""language"": ""en"", ""theme"": ""dark"", ""zoomLevel"": 1, ""baseGazeSamples"": 450, ""translationMode"": ""word"", ""translationOutputMode"": ""on"", ""gazeDetectionMode"": ""circle"", ""gazeMappingMode"": ""auto"", ""gazeYOffsetPx"": -49, ""gazeXOffsetPx"": 0, ""gazeHitRadiusPx"": 22}",2026-05-21T17:49:24
231,17,a5e3672b-cc2a-436e-9315-f790008c1210,"[""translationOutputMode""]","{""language"": ""en"", ""theme"": ""dark"", ""zoomLevel"": 1, ""baseGazeSamples"": 300, ""translationMode"": ""word"", ""translationOutputMode"": ""on"", ""gazeDetectionMode"": ""circle"", ""gazeMappingMode"": ""auto"", ""gazeYOffsetPx"": -36, ""gazeXOffsetPx"": 0, ""gazeHitRadiusPx"": 24}","{""language"": ""en"", ""theme"": ""dark"", ""zoomLevel"": 1, ""baseGazeSamples"": 300, ""translationMode"": ""word"", ""translationOutputMode"": ""off"", ""gazeDetectionMode"": ""circle"", ""gazeMappingMode"": ""auto"", ""gazeYOffsetPx"": -36, ""gazeXOffsetPx"": 0, ""gazeHitRadiusPx"": 24}",2026-05-21T18:08:40
232,31,d19f64cd-bb4d-4bdd-a59b-31cfc906e642,"[""baseGazeSamples""]","{""language"": ""en"", ""theme"": ""dark"", ""zoomLevel"": 0.84, ""baseGazeSamples"": 60, ""translationMode"": ""word"", ""translationOutputMode"": ""on"", ""gazeDetectionMode"": ""circle"", ""gazeMappingMode"": ""auto"", ""gazeYOffsetPx"": 8, ""gazeXOffsetPx"": 0, ""gazeHitRadiusPx"": 20}","{""language"": ""en"", ""theme"": ""dark"", ""zoomLevel"": 0.84, ""baseGazeSamples"": 300, ""translationMode"": ""word"", ""translationOutputMode"": ""on"", ""gazeDetectionMode"": ""circle"", ""gazeMappingMode"": ""auto"", ""gazeYOffsetPx"": 8, ""gazeXOffsetPx"": 0, ""gazeHitRadiusPx"": 20}",2026-05-25T09:12:50
233,31,94e2f33b-6ed3-4455-adff-5d1fd3823e9f,"[""translationOutputMode""]","{""language"": ""en"", ""theme"": ""dark"", ""zoomLevel"": 0.84, ""baseGazeSamples"": 300, ""translationMode"": ""word"", ""translationOutputMode"": ""on"", ""gazeDetectionMode"": ""circle"", ""gazeMappingMode"": ""auto"", ""gazeYOffsetPx"": 8, ""gazeXOffsetPx"": 0, ""gazeHitRadiusPx"": 20}","{""language"": ""en"", ""theme"": ""dark"", ""zoomLevel"": 0.84, ""baseGazeSamples"": 300, ""translationMode"": ""word"", ""translationOutputMode"": ""off"", ""gazeDetectionMode"": ""circle"", ""gazeMappingMode"": ""auto"", ""gazeYOffsetPx"": 8, ""gazeXOffsetPx"": 0, ""gazeHitRadiusPx"": 20}",2026-05-25T09:20:03
234,25,,"[""gazeYOffsetPx""]","{""language"": ""en"", ""theme"": ""dark"", ""zoomLevel"": 1, ""baseGazeSamples"": 300, ""translationMode"": ""word"", ""translationOutputMode"": ""on"", ""gazeDetectionMode"": ""circle"", ""gazeMappingMode"": ""auto"", ""gazeYOffsetPx"": -21, ""gazeXOffsetPx"": 0, ""gazeHitRadiusPx"": 22}","{""language"": ""en"", ""theme"": ""dark"", ""zoomLevel"": 1, ""baseGazeSamples"": 300, ""translationMode"": ""word"", ""translationOutputMode"": ""on"", ""gazeDetectionMode"": ""circle"", ""gazeMappingMode"": ""auto"", ""gazeYOffsetPx"": 8, ""gazeXOffsetPx"": 0, ""gazeHitRadiusPx"": 22}",2026-05-25T10:08:17
235,25,,"[""translationOutputMode""]","{""language"": ""en"", ""theme"": ""dark"", ""zoomLevel"": 1, ""baseGazeSamples"": 300, ""translationMode"": ""word"", ""translationOutputMode"": ""on"", ""gazeDetectionMode"": ""circle"", ""gazeMappingMode"": ""auto"", ""gazeYOffsetPx"": 8, ""gazeXOffsetPx"": 0, ""gazeHitRadiusPx"": 22}","{""language"": ""en"", ""theme"": ""dark"", ""zoomLevel"": 1, ""baseGazeSamples"": 300, ""translationMode"": ""word"", ""translationOutputMode"": ""off"", ""gazeDetectionMode"": ""circle"", ""gazeMappingMode"": ""auto"", ""gazeYOffsetPx"": 8, ""gazeXOffsetPx"": 0, ""gazeHitRadiusPx"": 22}",2026-05-25T10:15:06
236,10,,"[""gazeYOffsetPx""]","{""language"": ""en"", ""theme"": ""dark"", ""zoomLevel"": 0.77, ""baseGazeSamples"": 300, ""translationMode"": ""word"", ""translationOutputMode"": ""off"", ""gazeDetectionMode"": ""circle"", ""gazeMappingMode"": ""auto"", ""gazeYOffsetPx"": -21, ""gazeXOffsetPx"": 0, ""gazeHitRadiusPx"": 20}","{""language"": ""en"", ""theme"": ""dark"", ""zoomLevel"": 0.77, ""baseGazeSamples"": 300, ""translationMode"": ""word"", ""translationOutputMode"": ""off"", ""gazeDetectionMode"": ""circle"", ""gazeMappingMode"": ""auto"", ""gazeYOffsetPx"": 13, ""gazeXOffsetPx"": 0, ""gazeHitRadiusPx"": 20}",2026-05-25T10:40:07
237,10,,"[""gazeYOffsetPx""]","{""language"": ""en"", ""theme"": ""dark"", ""zoomLevel"": 0.77, ""baseGazeSamples"": 300, ""translationMode"": ""word"", ""translationOutputMode"": ""off"", ""gazeDetectionMode"": ""circle"", ""gazeMappingMode"": ""auto"", ""gazeYOffsetPx"": 13, ""gazeXOffsetPx"": 0, ""gazeHitRadiusPx"": 20}","{""language"": ""en"", ""theme"": ""dark"", ""zoomLevel"": 0.77, ""baseGazeSamples"": 300, ""translationMode"": ""word"", ""translationOutputMode"": ""off"", ""gazeDetectionMode"": ""circle"", ""gazeMappingMode"": ""auto"", ""gazeYOffsetPx"": -14, ""gazeXOffsetPx"": 0, ""gazeHitRadiusPx"": 20}",2026-05-25T10:40:24
238,33,6113d7c4-ead3-4e80-8a02-1fe6d88b4db9,"[""baseGazeSamples""]","{""language"": ""en"", ""theme"": ""dark"", ""zoomLevel"": 0.84, ""baseGazeSamples"": 60, ""translationMode"": ""word"", ""translationOutputMode"": ""on"", ""gazeDetectionMode"": ""circle"", ""gazeMappingMode"": ""auto"", ""gazeYOffsetPx"": 8, ""gazeXOffsetPx"": 0, ""gazeHitRadiusPx"": 20}","{""language"": ""en"", ""theme"": ""dark"", ""zoomLevel"": 0.84, ""baseGazeSamples"": 450, ""translationMode"": ""word"", ""translationOutputMode"": ""on"", ""gazeDetectionMode"": ""circle"", ""gazeMappingMode"": ""auto"", ""gazeYOffsetPx"": 8, ""gazeXOffsetPx"": 0, ""gazeHitRadiusPx"": 20}",2026-05-25T11:25:30
239,33,6113d7c4-ead3-4e80-8a02-1fe6d88b4db9,"[""zoomLevel""]","{""language"": ""en"", ""theme"": ""dark"", ""zoomLevel"": 0.84, ""baseGazeSamples"": 450, ""translationMode"": ""word"", ""translationOutputMode"": ""on"", ""gazeDetectionMode"": ""circle"", ""gazeMappingMode"": ""auto"", ""gazeYOffsetPx"": 8, ""gazeXOffsetPx"": 0, ""gazeHitRadiusPx"": 20}","{""language"": ""en"", ""theme"": ""dark"", ""zoomLevel"": 1, ""baseGazeSamples"": 450, ""translationMode"": ""word"", ""translationOutputMode"": ""on"", ""gazeDetectionMode"": ""circle"", ""gazeMappingMode"": ""auto"", ""gazeYOffsetPx"": 8, ""gazeXOffsetPx"": 0, ""gazeHitRadiusPx"": 20}",2026-05-25T11:26:18
240,33,6113d7c4-ead3-4e80-8a02-1fe6d88b4db9,"[""translationOutputMode""]","{""language"": ""en"", ""theme"": ""dark"", ""zoomLevel"": 1, ""baseGazeSamples"": 450, ""translationMode"": ""word"", ""translationOutputMode"": ""on"", ""gazeDetectionMode"": ""circle"", ""gazeMappingMode"": ""auto"", ""gazeYOffsetPx"": 8, ""gazeXOffsetPx"": 0, ""gazeHitRadiusPx"": 20}","{""language"": ""en"", ""theme"": ""dark"", ""zoomLevel"": 1, ""baseGazeSamples"": 450, ""translationMode"": ""word"", ""translationOutputMode"": ""off"", ""gazeDetectionMode"": ""circle"", ""gazeMappingMode"": ""auto"", ""gazeYOffsetPx"": 8, ""gazeXOffsetPx"": 0, ""gazeHitRadiusPx"": 20}",2026-05-25T11:26:24
241,33,,"[""translationOutputMode""]","{""language"": ""en"", ""theme"": ""dark"", ""zoomLevel"": 1, ""baseGazeSamples"": 450, ""translationMode"": ""word"", ""translationOutputMode"": ""off"", ""gazeDetectionMode"": ""circle"", ""gazeMappingMode"": ""auto"", ""gazeYOffsetPx"": 8, ""gazeXOffsetPx"": 0, ""gazeHitRadiusPx"": 20}","{""language"": ""en"", ""theme"": ""dark"", ""zoomLevel"": 1, ""baseGazeSamples"": 450, ""translationMode"": ""word"", ""translationOutputMode"": ""on"", ""gazeDetectionMode"": ""circle"", ""gazeMappingMode"": ""auto"", ""gazeYOffsetPx"": 8, ""gazeXOffsetPx"": 0, ""gazeHitRadiusPx"": 20}",2026-05-25T11:34:13
242,34,28bbfafc-15c6-41cc-85ed-2fe14e01cb09,"[""zoomLevel""]","{""language"": ""en"", ""theme"": ""dark"", ""zoomLevel"": 0.84, ""baseGazeSamples"": 60, ""translationMode"": ""word"", ""translationOutputMode"": ""on"", ""gazeDetectionMode"": ""circle"", ""gazeMappingMode"": ""auto"", ""gazeYOffsetPx"": 8, ""gazeXOffsetPx"": 0, ""gazeHitRadiusPx"": 20}","{""language"": ""en"", ""theme"": ""dark"", ""zoomLevel"": 1, ""baseGazeSamples"": 60, ""translationMode"": ""word"", ""translationOutputMode"": ""on"", ""gazeDetectionMode"": ""circle"", ""gazeMappingMode"": ""auto"", ""gazeYOffsetPx"": 8, ""gazeXOffsetPx"": 0, ""gazeHitRadiusPx"": 20}",2026-05-25T11:49:46
243,34,28bbfafc-15c6-41cc-85ed-2fe14e01cb09,"[""gazeYOffsetPx"", ""gazeHitRadiusPx""]","{""language"": ""en"", ""theme"": ""dark"", ""zoomLevel"": 1, ""baseGazeSamples"": 60, ""translationMode"": ""word"", ""translationOutputMode"": ""on"", ""gazeDetectionMode"": ""circle"", ""gazeMappingMode"": ""auto"", ""gazeYOffsetPx"": 8, ""gazeXOffsetPx"": 0, ""gazeHitRadiusPx"": 20}","{""language"": ""en"", ""theme"": ""dark"", ""zoomLevel"": 1, ""baseGazeSamples"": 60, ""translationMode"": ""word"", ""translationOutputMode"": ""on"", ""gazeDetectionMode"": ""circle"", ""gazeMappingMode"": ""auto"", ""gazeYOffsetPx"": -45, ""gazeXOffsetPx"": 0, ""gazeHitRadiusPx"": 22}",2026-05-25T11:50:16
244,34,28bbfafc-15c6-41cc-85ed-2fe14e01cb09,"[""baseGazeSamples""]","{""language"": ""en"", ""theme"": ""dark"", ""zoomLevel"": 1, ""baseGazeSamples"": 60, ""translationMode"": ""word"", ""translationOutputMode"": ""on"", ""gazeDetectionMode"": ""circle"", ""gazeMappingMode"": ""auto"", ""gazeYOffsetPx"": -45, ""gazeXOffsetPx"": 0, ""gazeHitRadiusPx"": 22}","{""language"": ""en"", ""theme"": ""dark"", ""zoomLevel"": 1, ""baseGazeSamples"": 450, ""translationMode"": ""word"", ""translationOutputMode"": ""on"", ""gazeDetectionMode"": ""circle"", ""gazeMappingMode"": ""auto"", ""gazeYOffsetPx"": -45, ""gazeXOffsetPx"": 0, ""gazeHitRadiusPx"": 22}",2026-05-25T11:50:52
245,34,28bbfafc-15c6-41cc-85ed-2fe14e01cb09,"[""translationOutputMode""]","{""language"": ""en"", ""theme"": ""dark"", ""zoomLevel"": 1, ""baseGazeSamples"": 450, ""translationMode"": ""word"", ""translationOutputMode"": ""on"", ""gazeDetectionMode"": ""circle"", ""gazeMappingMode"": ""auto"", ""gazeYOffsetPx"": -45, ""gazeXOffsetPx"": 0, ""gazeHitRadiusPx"": 22}","{""language"": ""en"", ""theme"": ""dark"", ""zoomLevel"": 1, ""baseGazeSamples"": 450, ""translationMode"": ""word"", ""translationOutputMode"": ""off"", ""gazeDetectionMode"": ""circle"", ""gazeMappingMode"": ""auto"", ""gazeYOffsetPx"": -45, ""gazeXOffsetPx"": 0, ""gazeHitRadiusPx"": 22}",2026-05-25T11:51:58
246,34,,"[""translationOutputMode""]","{""language"": ""en"", ""theme"": ""dark"", ""zoomLevel"": 1, ""baseGazeSamples"": 450, ""translationMode"": ""word"", ""translationOutputMode"": ""off"", ""gazeDetectionMode"": ""circle"", ""gazeMappingMode"": ""auto"", ""gazeYOffsetPx"": -45, ""gazeXOffsetPx"": 0, ""gazeHitRadiusPx"": 22}","{""language"": ""en"", ""theme"": ""dark"", ""zoomLevel"": 1, ""baseGazeSamples"": 450, ""translationMode"": ""word"", ""translationOutputMode"": ""on"", ""gazeDetectionMode"": ""circle"", ""gazeMappingMode"": ""auto"", ""gazeYOffsetPx"": -45, ""gazeXOffsetPx"": 0, ""gazeHitRadiusPx"": 22}",2026-05-25T11:59:02
247,35,809491b1-34bf-4007-ba9a-abdc95ad8f83,"[""zoomLevel""]","{""language"": ""en"", ""theme"": ""dark"", ""zoomLevel"": 0.84, ""baseGazeSamples"": 60, ""translationMode"": ""word"", ""translationOutputMode"": ""on"", ""gazeDetectionMode"": ""circle"", ""gazeMappingMode"": ""auto"", ""gazeYOffsetPx"": 8, ""gazeXOffsetPx"": 0, ""gazeHitRadiusPx"": 20}","{""language"": ""en"", ""theme"": ""dark"", ""zoomLevel"": 1, ""baseGazeSamples"": 60, ""translationMode"": ""word"", ""translationOutputMode"": ""on"", ""gazeDetectionMode"": ""circle"", ""gazeMappingMode"": ""auto"", ""gazeYOffsetPx"": 8, ""gazeXOffsetPx"": 0, ""gazeHitRadiusPx"": 20}",2026-05-25T12:15:23
248,35,809491b1-34bf-4007-ba9a-abdc95ad8f83,"[""gazeYOffsetPx""]","{""language"": ""en"", ""theme"": ""dark"", ""zoomLevel"": 1, ""baseGazeSamples"": 60, ""translationMode"": ""word"", ""translationOutputMode"": ""on"", ""gazeDetectionMode"": ""circle"", ""gazeMappingMode"": ""auto"", ""gazeYOffsetPx"": 8, ""gazeXOffsetPx"": 0, ""gazeHitRadiusPx"": 20}","{""language"": ""en"", ""theme"": ""dark"", ""zoomLevel"": 1, ""baseGazeSamples"": 60, ""translationMode"": ""word"", ""translationOutputMode"": ""on"", ""gazeDetectionMode"": ""circle"", ""gazeMappingMode"": ""auto"", ""gazeYOffsetPx"": -25, ""gazeXOffsetPx"": 0, ""gazeHitRadiusPx"": 20}",2026-05-25T12:17:27
249,35,809491b1-34bf-4007-ba9a-abdc95ad8f83,"[""baseGazeSamples""]","{""language"": ""en"", ""theme"": ""dark"", ""zoomLevel"": 1, ""baseGazeSamples"": 60, ""translationMode"": ""word"", ""translationOutputMode"": ""on"", ""gazeDetectionMode"": ""circle"", ""gazeMappingMode"": ""auto"", ""gazeYOffsetPx"": -25, ""gazeXOffsetPx"": 0, ""gazeHitRadiusPx"": 20}","{""language"": ""en"", ""theme"": ""dark"", ""zoomLevel"": 1, ""baseGazeSamples"": 450, ""translationMode"": ""word"", ""translationOutputMode"": ""on"", ""gazeDetectionMode"": ""circle"", ""gazeMappingMode"": ""auto"", ""gazeYOffsetPx"": -25, ""gazeXOffsetPx"": 0, ""gazeHitRadiusPx"": 20}",2026-05-25T12:18:17
250,35,809491b1-34bf-4007-ba9a-abdc95ad8f83,"[""gazeHitRadiusPx""]","{""language"": ""en"", ""theme"": ""dark"", ""zoomLevel"": 1, ""baseGazeSamples"": 450, ""translationMode"": ""word"", ""translationOutputMode"": ""on"", ""gazeDetectionMode"": ""circle"", ""gazeMappingMode"": ""auto"", ""gazeYOffsetPx"": -25, ""gazeXOffsetPx"": 0, ""gazeHitRadiusPx"": 20}","{""language"": ""en"", ""theme"": ""dark"", ""zoomLevel"": 1, ""baseGazeSamples"": 450, ""translationMode"": ""word"", ""translationOutputMode"": ""on"", ""gazeDetectionMode"": ""circle"", ""gazeMappingMode"": ""auto"", ""gazeYOffsetPx"": -25, ""gazeXOffsetPx"": 0, ""gazeHitRadiusPx"": 22}",2026-05-25T12:18:47
251,35,,"[""translationOutputMode""]","{""language"": ""en"", ""theme"": ""dark"", ""zoomLevel"": 1, ""baseGazeSamples"": 450, ""translationMode"": ""word"", ""translationOutputMode"": ""on"", ""gazeDetectionMode"": ""circle"", ""gazeMappingMode"": ""auto"", ""gazeYOffsetPx"": -25, ""gazeXOffsetPx"": 0, ""gazeHitRadiusPx"": 22}","{""language"": ""en"", ""theme"": ""dark"", ""zoomLevel"": 1, ""baseGazeSamples"": 450, ""translationMode"": ""word"", ""translationOutputMode"": ""off"", ""gazeDetectionMode"": ""circle"", ""gazeMappingMode"": ""auto"", ""gazeYOffsetPx"": -25, ""gazeXOffsetPx"": 0, ""gazeHitRadiusPx"": 22}",2026-05-25T12:24:17
252,24,5da8b229-bc0a-48c7-8897-253d25dc8988,"[""translationOutputMode""]","{""language"": ""en"", ""theme"": ""dark"", ""zoomLevel"": 1, ""baseGazeSamples"": 300, ""translationMode"": ""word"", ""translationOutputMode"": ""off"", ""gazeDetectionMode"": ""circle"", ""gazeMappingMode"": ""auto"", ""gazeYOffsetPx"": -12, ""gazeXOffsetPx"": 0, ""gazeHitRadiusPx"": 25}","{""language"": ""en"", ""theme"": ""dark"", ""zoomLevel"": 1, ""baseGazeSamples"": 300, ""translationMode"": ""word"", ""translationOutputMode"": ""on"", ""gazeDetectionMode"": ""circle"", ""gazeMappingMode"": ""auto"", ""gazeYOffsetPx"": -12, ""gazeXOffsetPx"": 0, ""gazeHitRadiusPx"": 25}",2026-05-25T12:44:21
253,30,3f8e008e-491d-4e61-b072-9407da6a8951,"[""translationOutputMode""]","{""language"": ""en"", ""theme"": ""dark"", ""zoomLevel"": 1, ""baseGazeSamples"": 450, ""translationMode"": ""word"", ""translationOutputMode"": ""on"", ""gazeDetectionMode"": ""circle"", ""gazeMappingMode"": ""auto"", ""gazeYOffsetPx"": -49, ""gazeXOffsetPx"": 0, ""gazeHitRadiusPx"": 22}","{""language"": ""en"", ""theme"": ""dark"", ""zoomLevel"": 1, ""baseGazeSamples"": 450, ""translationMode"": ""word"", ""translationOutputMode"": ""off"", ""gazeDetectionMode"": ""circle"", ""gazeMappingMode"": ""auto"", ""gazeYOffsetPx"": -49, ""gazeXOffsetPx"": 0, ""gazeHitRadiusPx"": 22}",2026-05-25T13:00:11
254,36,b7f83066-2c96-4c23-b9d9-27aae3332736,"[""gazeYOffsetPx""]","{""language"": ""en"", ""theme"": ""dark"", ""zoomLevel"": 0.84, ""baseGazeSamples"": 60, ""translationMode"": ""word"", ""translationOutputMode"": ""on"", ""gazeDetectionMode"": ""circle"", ""gazeMappingMode"": ""auto"", ""gazeYOffsetPx"": 8, ""gazeXOffsetPx"": 0, ""gazeHitRadiusPx"": 20}","{""language"": ""en"", ""theme"": ""dark"", ""zoomLevel"": 0.84, ""baseGazeSamples"": 60, ""translationMode"": ""word"", ""translationOutputMode"": ""on"", ""gazeDetectionMode"": ""circle"", ""gazeMappingMode"": ""auto"", ""gazeYOffsetPx"": 0, ""gazeXOffsetPx"": 0, ""gazeHitRadiusPx"": 20}",2026-05-25T13:34:50
255,36,b7f83066-2c96-4c23-b9d9-27aae3332736,"[""gazeYOffsetPx""]","{""language"": ""en"", ""theme"": ""dark"", ""zoomLevel"": 0.84, ""baseGazeSamples"": 60, ""translationMode"": ""word"", ""translationOutputMode"": ""on"", ""gazeDetectionMode"": ""circle"", ""gazeMappingMode"": ""auto"", ""gazeYOffsetPx"": 0, ""gazeXOffsetPx"": 0, ""gazeHitRadiusPx"": 20}","{""language"": ""en"", ""theme"": ""dark"", ""zoomLevel"": 0.84, ""baseGazeSamples"": 60, ""translationMode"": ""word"", ""translationOutputMode"": ""on"", ""gazeDetectionMode"": ""circle"", ""gazeMappingMode"": ""auto"", ""gazeYOffsetPx"": 48, ""gazeXOffsetPx"": 0, ""gazeHitRadiusPx"": 20}",2026-05-25T13:36:10
256,36,b7f83066-2c96-4c23-b9d9-27aae3332736,"[""gazeYOffsetPx""]","{""language"": ""en"", ""theme"": ""dark"", ""zoomLevel"": 0.84, ""baseGazeSamples"": 60, ""translationMode"": ""word"", ""translationOutputMode"": ""on"", ""gazeDetectionMode"": ""circle"", ""gazeMappingMode"": ""auto"", ""gazeYOffsetPx"": 48, ""gazeXOffsetPx"": 0, ""gazeHitRadiusPx"": 20}","{""language"": ""en"", ""theme"": ""dark"", ""zoomLevel"": 0.84, ""baseGazeSamples"": 60, ""translationMode"": ""word"", ""translationOutputMode"": ""on"", ""gazeDetectionMode"": ""circle"", ""gazeMappingMode"": ""auto"", ""gazeYOffsetPx"": -1, ""gazeXOffsetPx"": 0, ""gazeHitRadiusPx"": 20}",2026-05-25T13:38:12
257,36,b9feb6d8-a85f-44b0-a6f9-b49a30597b24,"[""baseGazeSamples""]","{""language"": ""en"", ""theme"": ""dark"", ""zoomLevel"": 0.84, ""baseGazeSamples"": 60, ""translationMode"": ""word"", ""translationOutputMode"": ""on"", ""gazeDetectionMode"": ""circle"", ""gazeMappingMode"": ""auto"", ""gazeYOffsetPx"": -1, ""gazeXOffsetPx"": 0, ""gazeHitRadiusPx"": 20}","{""language"": ""en"", ""theme"": ""dark"", ""zoomLevel"": 0.84, ""baseGazeSamples"": 300, ""translationMode"": ""word"", ""translationOutputMode"": ""on"", ""gazeDetectionMode"": ""circle"", ""gazeMappingMode"": ""auto"", ""gazeYOffsetPx"": -1, ""gazeXOffsetPx"": 0, ""gazeHitRadiusPx"": 20}",2026-05-25T13:40:49
258,36,b9feb6d8-a85f-44b0-a6f9-b49a30597b24,"[""zoomLevel""]","{""language"": ""en"", ""theme"": ""dark"", ""zoomLevel"": 0.84, ""baseGazeSamples"": 300, ""translationMode"": ""word"", ""translationOutputMode"": ""on"", ""gazeDetectionMode"": ""circle"", ""gazeMappingMode"": ""auto"", ""gazeYOffsetPx"": -1, ""gazeXOffsetPx"": 0, ""gazeHitRadiusPx"": 20}","{""language"": ""en"", ""theme"": ""dark"", ""zoomLevel"": 1, ""baseGazeSamples"": 300, ""translationMode"": ""word"", ""translationOutputMode"": ""on"", ""gazeDetectionMode"": ""circle"", ""gazeMappingMode"": ""auto"", ""gazeYOffsetPx"": -1, ""gazeXOffsetPx"": 0, ""gazeHitRadiusPx"": 20}",2026-05-25T13:42:04
259,36,f2e20ea2-68f8-4f5e-a784-f679c6839598,"[""translationOutputMode""]","{""language"": ""en"", ""theme"": ""dark"", ""zoomLevel"": 1, ""baseGazeSamples"": 300, ""translationMode"": ""word"", ""translationOutputMode"": ""on"", ""gazeDetectionMode"": ""circle"", ""gazeMappingMode"": ""auto"", ""gazeYOffsetPx"": -1, ""gazeXOffsetPx"": 0, ""gazeHitRadiusPx"": 20}","{""language"": ""en"", ""theme"": ""dark"", ""zoomLevel"": 1, ""baseGazeSamples"": 300, ""translationMode"": ""word"", ""translationOutputMode"": ""off"", ""gazeDetectionMode"": ""circle"", ""gazeMappingMode"": ""auto"", ""gazeYOffsetPx"": -1, ""gazeXOffsetPx"": 0, ""gazeHitRadiusPx"": 20}",2026-05-25T13:53:08
260,37,,"[""zoomLevel""]","{""language"": ""en"", ""theme"": ""dark"", ""zoomLevel"": 0.84, ""baseGazeSamples"": 60, ""translationMode"": ""word"", ""translationOutputMode"": ""on"", ""gazeDetectionMode"": ""circle"", ""gazeMappingMode"": ""auto"", ""gazeYOffsetPx"": 8, ""gazeXOffsetPx"": 0, ""gazeHitRadiusPx"": 20}","{""language"": ""en"", ""theme"": ""dark"", ""zoomLevel"": 1, ""baseGazeSamples"": 60, ""translationMode"": ""word"", ""translationOutputMode"": ""on"", ""gazeDetectionMode"": ""circle"", ""gazeMappingMode"": ""auto"", ""gazeYOffsetPx"": 8, ""gazeXOffsetPx"": 0, ""gazeHitRadiusPx"": 20}",2026-05-25T14:10:51
261,37,c1423ce4-1960-4064-a87a-82820ec927a1,"[""gazeYOffsetPx""]","{""language"": ""en"", ""theme"": ""dark"", ""zoomLevel"": 1, ""baseGazeSamples"": 60, ""translationMode"": ""word"", ""translationOutputMode"": ""on"", ""gazeDetectionMode"": ""circle"", ""gazeMappingMode"": ""auto"", ""gazeYOffsetPx"": 8, ""gazeXOffsetPx"": 0, ""gazeHitRadiusPx"": 20}","{""language"": ""en"", ""theme"": ""dark"", ""zoomLevel"": 1, ""baseGazeSamples"": 60, ""translationMode"": ""word"", ""translationOutputMode"": ""on"", ""gazeDetectionMode"": ""circle"", ""gazeMappingMode"": ""auto"", ""gazeYOffsetPx"": -21, ""gazeXOffsetPx"": 0, ""gazeHitRadiusPx"": 20}",2026-05-25T14:12:55
262,37,c1423ce4-1960-4064-a87a-82820ec927a1,"[""gazeHitRadiusPx""]","{""language"": ""en"", ""theme"": ""dark"", ""zoomLevel"": 1, ""baseGazeSamples"": 60, ""translationMode"": ""word"", ""translationOutputMode"": ""on"", ""gazeDetectionMode"": ""circle"", ""gazeMappingMode"": ""auto"", ""gazeYOffsetPx"": -21, ""gazeXOffsetPx"": 0, ""gazeHitRadiusPx"": 20}","{""language"": ""en"", ""theme"": ""dark"", ""zoomLevel"": 1, ""baseGazeSamples"": 60, ""translationMode"": ""word"", ""translationOutputMode"": ""on"", ""gazeDetectionMode"": ""circle"", ""gazeMappingMode"": ""auto"", ""gazeYOffsetPx"": -21, ""gazeXOffsetPx"": 0, ""gazeHitRadiusPx"": 22}",2026-05-25T14:13:21
263,37,c1423ce4-1960-4064-a87a-82820ec927a1,"[""baseGazeSamples""]","{""language"": ""en"", ""theme"": ""dark"", ""zoomLevel"": 1, ""baseGazeSamples"": 60, ""translationMode"": ""word"", ""translationOutputMode"": ""on"", ""gazeDetectionMode"": ""circle"", ""gazeMappingMode"": ""auto"", ""gazeYOffsetPx"": -21, ""gazeXOffsetPx"": 0, ""gazeHitRadiusPx"": 22}","{""language"": ""en"", ""theme"": ""dark"", ""zoomLevel"": 1, ""baseGazeSamples"": 450, ""translationMode"": ""word"", ""translationOutputMode"": ""on"", ""gazeDetectionMode"": ""circle"", ""gazeMappingMode"": ""auto"", ""gazeYOffsetPx"": -21, ""gazeXOffsetPx"": 0, ""gazeHitRadiusPx"": 22}",2026-05-25T14:13:32
264,37,,"[""translationOutputMode""]","{""language"": ""en"", ""theme"": ""dark"", ""zoomLevel"": 1, ""baseGazeSamples"": 450, ""translationMode"": ""word"", ""translationOutputMode"": ""on"", ""gazeDetectionMode"": ""circle"", ""gazeMappingMode"": ""auto"", ""gazeYOffsetPx"": -21, ""gazeXOffsetPx"": 0, ""gazeHitRadiusPx"": 22}","{""language"": ""en"", ""theme"": ""dark"", ""zoomLevel"": 1, ""baseGazeSamples"": 450, ""translationMode"": ""word"", ""translationOutputMode"": ""off"", ""gazeDetectionMode"": ""circle"", ""gazeMappingMode"": ""auto"", ""gazeYOffsetPx"": -21, ""gazeXOffsetPx"": 0, ""gazeHitRadiusPx"": 22}",2026-05-25T14:21:27
265,38,,"[""zoomLevel""]","{""language"": ""en"", ""theme"": ""dark"", ""zoomLevel"": 0.84, ""baseGazeSamples"": 60, ""translationMode"": ""word"", ""translationOutputMode"": ""on"", ""gazeDetectionMode"": ""circle"", ""gazeMappingMode"": ""auto"", ""gazeYOffsetPx"": 8, ""gazeXOffsetPx"": 0, ""gazeHitRadiusPx"": 20}","{""language"": ""en"", ""theme"": ""dark"", ""zoomLevel"": 1, ""baseGazeSamples"": 60, ""translationMode"": ""word"", ""translationOutputMode"": ""on"", ""gazeDetectionMode"": ""circle"", ""gazeMappingMode"": ""auto"", ""gazeYOffsetPx"": 8, ""gazeXOffsetPx"": 0, ""gazeHitRadiusPx"": 20}",2026-05-25T14:43:48
266,38,ac64e4fe-f6c8-4679-82bd-af365da4529c,"[""gazeYOffsetPx""]","{""language"": ""en"", ""theme"": ""dark"", ""zoomLevel"": 1, ""baseGazeSamples"": 60, ""translationMode"": ""word"", ""translationOutputMode"": ""on"", ""gazeDetectionMode"": ""circle"", ""gazeMappingMode"": ""auto"", ""gazeYOffsetPx"": 8, ""gazeXOffsetPx"": 0, ""gazeHitRadiusPx"": 20}","{""language"": ""en"", ""theme"": ""dark"", ""zoomLevel"": 1, ""baseGazeSamples"": 60, ""translationMode"": ""word"", ""translationOutputMode"": ""on"", ""gazeDetectionMode"": ""circle"", ""gazeMappingMode"": ""auto"", ""gazeYOffsetPx"": -41, ""gazeXOffsetPx"": 0, ""gazeHitRadiusPx"": 20}",2026-05-25T14:47:54
267,38,ac64e4fe-f6c8-4679-82bd-af365da4529c,"[""gazeHitRadiusPx""]","{""language"": ""en"", ""theme"": ""dark"", ""zoomLevel"": 1, ""baseGazeSamples"": 60, ""translationMode"": ""word"", ""translationOutputMode"": ""on"", ""gazeDetectionMode"": ""circle"", ""gazeMappingMode"": ""auto"", ""gazeYOffsetPx"": -41, ""gazeXOffsetPx"": 0, ""gazeHitRadiusPx"": 20}","{""language"": ""en"", ""theme"": ""dark"", ""zoomLevel"": 1, ""baseGazeSamples"": 60, ""translationMode"": ""word"", ""translationOutputMode"": ""on"", ""gazeDetectionMode"": ""circle"", ""gazeMappingMode"": ""auto"", ""gazeYOffsetPx"": -41, ""gazeXOffsetPx"": 0, ""gazeHitRadiusPx"": 22}",2026-05-25T14:48:06
268,38,ac64e4fe-f6c8-4679-82bd-af365da4529c,"[""gazeYOffsetPx""]","{""language"": ""en"", ""theme"": ""dark"", ""zoomLevel"": 1, ""baseGazeSamples"": 60, ""translationMode"": ""word"", ""translationOutputMode"": ""on"", ""gazeDetectionMode"": ""circle"", ""gazeMappingMode"": ""auto"", ""gazeYOffsetPx"": -41, ""gazeXOffsetPx"": 0, ""gazeHitRadiusPx"": 22}","{""language"": ""en"", ""theme"": ""dark"", ""zoomLevel"": 1, ""baseGazeSamples"": 60, ""translationMode"": ""word"", ""translationOutputMode"": ""on"", ""gazeDetectionMode"": ""circle"", ""gazeMappingMode"": ""auto"", ""gazeYOffsetPx"": -14, ""gazeXOffsetPx"": 0, ""gazeHitRadiusPx"": 22}",2026-05-25T14:49:41
269,38,ac64e4fe-f6c8-4679-82bd-af365da4529c,"[""baseGazeSamples""]","{""language"": ""en"", ""theme"": ""dark"", ""zoomLevel"": 1, ""baseGazeSamples"": 60, ""translationMode"": ""word"", ""translationOutputMode"": ""on"", ""gazeDetectionMode"": ""circle"", ""gazeMappingMode"": ""auto"", ""gazeYOffsetPx"": -14, ""gazeXOffsetPx"": 0, ""gazeHitRadiusPx"": 22}","{""language"": ""en"", ""theme"": ""dark"", ""zoomLevel"": 1, ""baseGazeSamples"": 450, ""translationMode"": ""word"", ""translationOutputMode"": ""on"", ""gazeDetectionMode"": ""circle"", ""gazeMappingMode"": ""auto"", ""gazeYOffsetPx"": -14, ""gazeXOffsetPx"": 0, ""gazeHitRadiusPx"": 22}",2026-05-25T14:50:27
270,38,ac64e4fe-f6c8-4679-82bd-af365da4529c,"[""translationOutputMode""]","{""language"": ""en"", ""theme"": ""dark"", ""zoomLevel"": 1, ""baseGazeSamples"": 450, ""translationMode"": ""word"", ""translationOutputMode"": ""on"", ""gazeDetectionMode"": ""circle"", ""gazeMappingMode"": ""auto"", ""gazeYOffsetPx"": -14, ""gazeXOffsetPx"": 0, ""gazeHitRadiusPx"": 22}","{""language"": ""en"", ""theme"": ""dark"", ""zoomLevel"": 1, ""baseGazeSamples"": 450, ""translationMode"": ""word"", ""translationOutputMode"": ""off"", ""gazeDetectionMode"": ""circle"", ""gazeMappingMode"": ""auto"", ""gazeYOffsetPx"": -14, ""gazeXOffsetPx"": 0, ""gazeHitRadiusPx"": 22}",2026-05-25T14:51:43
271,38,,"[""translationOutputMode""]","{""language"": ""en"", ""theme"": ""dark"", ""zoomLevel"": 1, ""baseGazeSamples"": 450, ""translationMode"": ""word"", ""translationOutputMode"": ""off"", ""gazeDetectionMode"": ""circle"", ""gazeMappingMode"": ""auto"", ""gazeYOffsetPx"": -14, ""gazeXOffsetPx"": 0, ""gazeHitRadiusPx"": 22}","{""language"": ""en"", ""theme"": ""dark"", ""zoomLevel"": 1, ""baseGazeSamples"": 450, ""translationMode"": ""word"", ""translationOutputMode"": ""on"", ""gazeDetectionMode"": ""circle"", ""gazeMappingMode"": ""auto"", ""gazeYOffsetPx"": -14, ""gazeXOffsetPx"": 0, ""gazeHitRadiusPx"": 22}",2026-05-25T14:59:50
272,38,eebb979f-c317-4c95-b08c-d782d755fd98,"[""gazeYOffsetPx""]","{""language"": ""en"", ""theme"": ""dark"", ""zoomLevel"": 1, ""baseGazeSamples"": 450, ""translationMode"": ""word"", ""translationOutputMode"": ""on"", ""gazeDetectionMode"": ""circle"", ""gazeMappingMode"": ""auto"", ""gazeYOffsetPx"": -14, ""gazeXOffsetPx"": 0, ""gazeHitRadiusPx"": 22}","{""language"": ""en"", ""theme"": ""dark"", ""zoomLevel"": 1, ""baseGazeSamples"": 450, ""translationMode"": ""word"", ""translationOutputMode"": ""on"", ""gazeDetectionMode"": ""circle"", ""gazeMappingMode"": ""auto"", ""gazeYOffsetPx"": 4, ""gazeXOffsetPx"": 0, ""gazeHitRadiusPx"": 22}",2026-05-25T15:02:39
273,8,31fe7381-b517-4fd0-b80b-77cc482d6eb6,"[""translationOutputMode""]","{""language"": ""en"", ""theme"": ""dark"", ""zoomLevel"": 1, ""baseGazeSamples"": 300, ""translationMode"": ""word"", ""translationOutputMode"": ""on"", ""gazeDetectionMode"": ""circle"", ""gazeMappingMode"": ""auto"", ""gazeYOffsetPx"": -18, ""gazeXOffsetPx"": 0, ""gazeHitRadiusPx"": 20}","{""language"": ""en"", ""theme"": ""dark"", ""zoomLevel"": 1, ""baseGazeSamples"": 300, ""translationMode"": ""word"", ""translationOutputMode"": ""off"", ""gazeDetectionMode"": ""circle"", ""gazeMappingMode"": ""auto"", ""gazeYOffsetPx"": -18, ""gazeXOffsetPx"": 0, ""gazeHitRadiusPx"": 20}",2026-05-25T15:16:26
274,8,c313d136-a1ef-4384-b43e-3a7794d8b7e2,"[""translationOutputMode""]","{""language"": ""en"", ""theme"": ""dark"", ""zoomLevel"": 1, ""baseGazeSamples"": 300, ""translationMode"": ""word"", ""translationOutputMode"": ""off"", ""gazeDetectionMode"": ""circle"", ""gazeMappingMode"": ""auto"", ""gazeYOffsetPx"": -18, ""gazeXOffsetPx"": 0, ""gazeHitRadiusPx"": 20}","{""language"": ""en"", ""theme"": ""dark"", ""zoomLevel"": 1, ""baseGazeSamples"": 300, ""translationMode"": ""word"", ""translationOutputMode"": ""on"", ""gazeDetectionMode"": ""circle"", ""gazeMappingMode"": ""auto"", ""gazeYOffsetPx"": -18, ""gazeXOffsetPx"": 0, ""gazeHitRadiusPx"": 20}",2026-05-25T15:21:40
275,39,2b5c0846-a850-48b5-8467-b6e736bc5a6a,"[""gazeYOffsetPx""]","{""language"": ""en"", ""theme"": ""dark"", ""zoomLevel"": 0.84, ""baseGazeSamples"": 60, ""translationMode"": ""word"", ""translationOutputMode"": ""on"", ""gazeDetectionMode"": ""circle"", ""gazeMappingMode"": ""auto"", ""gazeYOffsetPx"": 8, ""gazeXOffsetPx"": 0, ""gazeHitRadiusPx"": 20}","{""language"": ""en"", ""theme"": ""dark"", ""zoomLevel"": 0.84, ""baseGazeSamples"": 60, ""translationMode"": ""word"", ""translationOutputMode"": ""on"", ""gazeDetectionMode"": ""circle"", ""gazeMappingMode"": ""auto"", ""gazeYOffsetPx"": -5, ""gazeXOffsetPx"": 0, ""gazeHitRadiusPx"": 20}",2026-05-25T15:42:34
276,40,,"[""zoomLevel""]","{""language"": ""en"", ""theme"": ""dark"", ""zoomLevel"": 0.84, ""baseGazeSamples"": 60, ""translationMode"": ""word"", ""translationOutputMode"": ""on"", ""gazeDetectionMode"": ""circle"", ""gazeMappingMode"": ""auto"", ""gazeYOffsetPx"": 8, ""gazeXOffsetPx"": 0, ""gazeHitRadiusPx"": 20}","{""language"": ""en"", ""theme"": ""dark"", ""zoomLevel"": 1, ""baseGazeSamples"": 60, ""translationMode"": ""word"", ""translationOutputMode"": ""on"", ""gazeDetectionMode"": ""circle"", ""gazeMappingMode"": ""auto"", ""gazeYOffsetPx"": 8, ""gazeXOffsetPx"": 0, ""gazeHitRadiusPx"": 20}",2026-05-25T15:59:01
277,40,e7e0b7a9-33be-4839-9dfb-b760e83d1b67,"[""baseGazeSamples""]","{""language"": ""en"", ""theme"": ""dark"", ""zoomLevel"": 1, ""baseGazeSamples"": 60, ""translationMode"": ""word"", ""translationOutputMode"": ""on"", ""gazeDetectionMode"": ""circle"", ""gazeMappingMode"": ""auto"", ""gazeYOffsetPx"": 8, ""gazeXOffsetPx"": 0, ""gazeHitRadiusPx"": 20}","{""language"": ""en"", ""theme"": ""dark"", ""zoomLevel"": 1, ""baseGazeSamples"": 450, ""translationMode"": ""word"", ""translationOutputMode"": ""on"", ""gazeDetectionMode"": ""circle"", ""gazeMappingMode"": ""auto"", ""gazeYOffsetPx"": 8, ""gazeXOffsetPx"": 0, ""gazeHitRadiusPx"": 20}",2026-05-25T16:06:05
278,40,e7e0b7a9-33be-4839-9dfb-b760e83d1b67,"[""gazeYOffsetPx""]","{""language"": ""en"", ""theme"": ""dark"", ""zoomLevel"": 1, ""baseGazeSamples"": 450, ""translationMode"": ""word"", ""translationOutputMode"": ""on"", ""gazeDetectionMode"": ""circle"", ""gazeMappingMode"": ""auto"", ""gazeYOffsetPx"": 8, ""gazeXOffsetPx"": 0, ""gazeHitRadiusPx"": 20}","{""language"": ""en"", ""theme"": ""dark"", ""zoomLevel"": 1, ""baseGazeSamples"": 450, ""translationMode"": ""word"", ""translationOutputMode"": ""on"", ""gazeDetectionMode"": ""circle"", ""gazeMappingMode"": ""auto"", ""gazeYOffsetPx"": -25, ""gazeXOffsetPx"": 0, ""gazeHitRadiusPx"": 20}",2026-05-25T16:08:14
279,40,e7e0b7a9-33be-4839-9dfb-b760e83d1b67,"[""gazeHitRadiusPx""]","{""language"": ""en"", ""theme"": ""dark"", ""zoomLevel"": 1, ""baseGazeSamples"": 450, ""translationMode"": ""word"", ""translationOutputMode"": ""on"", ""gazeDetectionMode"": ""circle"", ""gazeMappingMode"": ""auto"", ""gazeYOffsetPx"": -25, ""gazeXOffsetPx"": 0, ""gazeHitRadiusPx"": 20}","{""language"": ""en"", ""theme"": ""dark"", ""zoomLevel"": 1, ""baseGazeSamples"": 450, ""translationMode"": ""word"", ""translationOutputMode"": ""on"", ""gazeDetectionMode"": ""circle"", ""gazeMappingMode"": ""auto"", ""gazeYOffsetPx"": -25, ""gazeXOffsetPx"": 0, ""gazeHitRadiusPx"": 22}",2026-05-25T16:08:44
280,40,a4d3f3c2-3468-4170-98b5-6a51eabf541d,"[""translationOutputMode""]","{""language"": ""en"", ""theme"": ""dark"", ""zoomLevel"": 1, ""baseGazeSamples"": 450, ""translationMode"": ""word"", ""translationOutputMode"": ""on"", ""gazeDetectionMode"": ""circle"", ""gazeMappingMode"": ""auto"", ""gazeYOffsetPx"": -25, ""gazeXOffsetPx"": 0, ""gazeHitRadiusPx"": 22}","{""language"": ""en"", ""theme"": ""dark"", ""zoomLevel"": 1, ""baseGazeSamples"": 450, ""translationMode"": ""word"", ""translationOutputMode"": ""off"", ""gazeDetectionMode"": ""circle"", ""gazeMappingMode"": ""auto"", ""gazeYOffsetPx"": -25, ""gazeXOffsetPx"": 0, ""gazeHitRadiusPx"": 22}",2026-05-25T16:09:14
281,40,,"[""translationOutputMode""]","{""language"": ""en"", ""theme"": ""dark"", ""zoomLevel"": 1, ""baseGazeSamples"": 450, ""translationMode"": ""word"", ""translationOutputMode"": ""off"", ""gazeDetectionMode"": ""circle"", ""gazeMappingMode"": ""auto"", ""gazeYOffsetPx"": -25, ""gazeXOffsetPx"": 0, ""gazeHitRadiusPx"": 22}","{""language"": ""en"", ""theme"": ""dark"", ""zoomLevel"": 1, ""baseGazeSamples"": 450, ""translationMode"": ""word"", ""translationOutputMode"": ""on"", ""gazeDetectionMode"": ""circle"", ""gazeMappingMode"": ""auto"", ""gazeYOffsetPx"": -25, ""gazeXOffsetPx"": 0, ""gazeHitRadiusPx"": 22}",2026-05-25T16:17:08
282,41,3947a4d6-4862-4a2a-b3b4-de38d32706ca,"[""gazeYOffsetPx""]","{""language"": ""en"", ""theme"": ""dark"", ""zoomLevel"": 0.84, ""baseGazeSamples"": 60, ""translationMode"": ""word"", ""translationOutputMode"": ""on"", ""gazeDetectionMode"": ""circle"", ""gazeMappingMode"": ""auto"", ""gazeYOffsetPx"": 8, ""gazeXOffsetPx"": 0, ""gazeHitRadiusPx"": 20}","{""language"": ""en"", ""theme"": ""dark"", ""zoomLevel"": 0.84, ""baseGazeSamples"": 60, ""translationMode"": ""word"", ""translationOutputMode"": ""on"", ""gazeDetectionMode"": ""circle"", ""gazeMappingMode"": ""auto"", ""gazeYOffsetPx"": -21, ""gazeXOffsetPx"": 0, ""gazeHitRadiusPx"": 20}",2026-05-25T16:37:55
283,41,3947a4d6-4862-4a2a-b3b4-de38d32706ca,"[""zoomLevel"", ""gazeYOffsetPx""]","{""language"": ""en"", ""theme"": ""dark"", ""zoomLevel"": 0.84, ""baseGazeSamples"": 60, ""translationMode"": ""word"", ""translationOutputMode"": ""on"", ""gazeDetectionMode"": ""circle"", ""gazeMappingMode"": ""auto"", ""gazeYOffsetPx"": -21, ""gazeXOffsetPx"": 0, ""gazeHitRadiusPx"": 20}","{""language"": ""en"", ""theme"": ""dark"", ""zoomLevel"": 1, ""baseGazeSamples"": 60, ""translationMode"": ""word"", ""translationOutputMode"": ""on"", ""gazeDetectionMode"": ""circle"", ""gazeMappingMode"": ""auto"", ""gazeYOffsetPx"": -9, ""gazeXOffsetPx"": 0, ""gazeHitRadiusPx"": 20}",2026-05-25T16:38:25
284,41,3947a4d6-4862-4a2a-b3b4-de38d32706ca,"[""baseGazeSamples"", ""gazeHitRadiusPx""]","{""language"": ""en"", ""theme"": ""dark"", ""zoomLevel"": 1, ""baseGazeSamples"": 60, ""translationMode"": ""word"", ""translationOutputMode"": ""on"", ""gazeDetectionMode"": ""circle"", ""gazeMappingMode"": ""auto"", ""gazeYOffsetPx"": -9, ""gazeXOffsetPx"": 0, ""gazeHitRadiusPx"": 20}","{""language"": ""en"", ""theme"": ""dark"", ""zoomLevel"": 1, ""baseGazeSamples"": 450, ""translationMode"": ""word"", ""translationOutputMode"": ""on"", ""gazeDetectionMode"": ""circle"", ""gazeMappingMode"": ""auto"", ""gazeYOffsetPx"": -9, ""gazeXOffsetPx"": 0, ""gazeHitRadiusPx"": 22}",2026-05-25T16:39:22
285,41,3947a4d6-4862-4a2a-b3b4-de38d32706ca,"[""translationOutputMode""]","{""language"": ""en"", ""theme"": ""dark"", ""zoomLevel"": 1, ""baseGazeSamples"": 450, ""translationMode"": ""word"", ""translationOutputMode"": ""on"", ""gazeDetectionMode"": ""circle"", ""gazeMappingMode"": ""auto"", ""gazeYOffsetPx"": -9, ""gazeXOffsetPx"": 0, ""gazeHitRadiusPx"": 22}","{""language"": ""en"", ""theme"": ""dark"", ""zoomLevel"": 1, ""baseGazeSamples"": 450, ""translationMode"": ""word"", ""translationOutputMode"": ""off"", ""gazeDetectionMode"": ""circle"", ""gazeMappingMode"": ""auto"", ""gazeYOffsetPx"": -9, ""gazeXOffsetPx"": 0, ""gazeHitRadiusPx"": 22}",2026-05-25T16:40:22
286,41,86571b33-cd66-45e0-b2e5-2a1b58a16f1b,"[""translationOutputMode""]","{""language"": ""en"", ""theme"": ""dark"", ""zoomLevel"": 1, ""baseGazeSamples"": 450, ""translationMode"": ""word"", ""translationOutputMode"": ""off"", ""gazeDetectionMode"": ""circle"", ""gazeMappingMode"": ""auto"", ""gazeYOffsetPx"": -9, ""gazeXOffsetPx"": 0, ""gazeHitRadiusPx"": 22}","{""language"": ""en"", ""theme"": ""dark"", ""zoomLevel"": 1, ""baseGazeSamples"": 450, ""translationMode"": ""word"", ""translationOutputMode"": ""on"", ""gazeDetectionMode"": ""circle"", ""gazeMappingMode"": ""auto"", ""gazeYOffsetPx"": -9, ""gazeXOffsetPx"": 0, ""gazeHitRadiusPx"": 22}",2026-05-25T16:48:50
287,42,,"[""zoomLevel""]","{""language"": ""en"", ""theme"": ""dark"", ""zoomLevel"": 0.84, ""baseGazeSamples"": 60, ""translationMode"": ""word"", ""translationOutputMode"": ""on"", ""gazeDetectionMode"": ""circle"", ""gazeMappingMode"": ""auto"", ""gazeYOffsetPx"": 8, ""gazeXOffsetPx"": 0, ""gazeHitRadiusPx"": 20}","{""language"": ""en"", ""theme"": ""dark"", ""zoomLevel"": 1, ""baseGazeSamples"": 60, ""translationMode"": ""word"", ""translationOutputMode"": ""on"", ""gazeDetectionMode"": ""circle"", ""gazeMappingMode"": ""auto"", ""gazeYOffsetPx"": 8, ""gazeXOffsetPx"": 0, ""gazeHitRadiusPx"": 20}",2026-05-25T17:04:26
288,42,b262caed-666f-4dd0-8568-288cbdcbc2ef,"[""gazeYOffsetPx""]","{""language"": ""en"", ""theme"": ""dark"", ""zoomLevel"": 1, ""baseGazeSamples"": 60, ""translationMode"": ""word"", ""translationOutputMode"": ""on"", ""gazeDetectionMode"": ""circle"", ""gazeMappingMode"": ""auto"", ""gazeYOffsetPx"": 8, ""gazeXOffsetPx"": 0, ""gazeHitRadiusPx"": 20}","{""language"": ""en"", ""theme"": ""dark"", ""zoomLevel"": 1, ""baseGazeSamples"": 60, ""translationMode"": ""word"", ""translationOutputMode"": ""on"", ""gazeDetectionMode"": ""circle"", ""gazeMappingMode"": ""auto"", ""gazeYOffsetPx"": -12, ""gazeXOffsetPx"": 0, ""gazeHitRadiusPx"": 20}",2026-05-25T17:05:25
289,42,b262caed-666f-4dd0-8568-288cbdcbc2ef,"[""gazeHitRadiusPx""]","{""language"": ""en"", ""theme"": ""dark"", ""zoomLevel"": 1, ""baseGazeSamples"": 60, ""translationMode"": ""word"", ""translationOutputMode"": ""on"", ""gazeDetectionMode"": ""circle"", ""gazeMappingMode"": ""auto"", ""gazeYOffsetPx"": -12, ""gazeXOffsetPx"": 0, ""gazeHitRadiusPx"": 20}","{""language"": ""en"", ""theme"": ""dark"", ""zoomLevel"": 1, ""baseGazeSamples"": 60, ""translationMode"": ""word"", ""translationOutputMode"": ""on"", ""gazeDetectionMode"": ""circle"", ""gazeMappingMode"": ""auto"", ""gazeYOffsetPx"": -12, ""gazeXOffsetPx"": 0, ""gazeHitRadiusPx"": 23}",2026-05-25T17:05:33
290,42,b262caed-666f-4dd0-8568-288cbdcbc2ef,"[""gazeYOffsetPx""]","{""language"": ""en"", ""theme"": ""dark"", ""zoomLevel"": 1, ""baseGazeSamples"": 60, ""translationMode"": ""word"", ""translationOutputMode"": ""on"", ""gazeDetectionMode"": ""circle"", ""gazeMappingMode"": ""auto"", ""gazeYOffsetPx"": -12, ""gazeXOffsetPx"": 0, ""gazeHitRadiusPx"": 23}","{""language"": ""en"", ""theme"": ""dark"", ""zoomLevel"": 1, ""baseGazeSamples"": 60, ""translationMode"": ""word"", ""translationOutputMode"": ""on"", ""gazeDetectionMode"": ""circle"", ""gazeMappingMode"": ""auto"", ""gazeYOffsetPx"": 17, ""gazeXOffsetPx"": 0, ""gazeHitRadiusPx"": 23}",2026-05-25T17:05:51
291,42,b262caed-666f-4dd0-8568-288cbdcbc2ef,"[""baseGazeSamples""]","{""language"": ""en"", ""theme"": ""dark"", ""zoomLevel"": 1, ""baseGazeSamples"": 60, ""translationMode"": ""word"", ""translationOutputMode"": ""on"", ""gazeDetectionMode"": ""circle"", ""gazeMappingMode"": ""auto"", ""gazeYOffsetPx"": 17, ""gazeXOffsetPx"": 0, ""gazeHitRadiusPx"": 23}","{""language"": ""en"", ""theme"": ""dark"", ""zoomLevel"": 1, ""baseGazeSamples"": 450, ""translationMode"": ""word"", ""translationOutputMode"": ""on"", ""gazeDetectionMode"": ""circle"", ""gazeMappingMode"": ""auto"", ""gazeYOffsetPx"": 17, ""gazeXOffsetPx"": 0, ""gazeHitRadiusPx"": 23}",2026-05-25T17:06:35
292,42,b262caed-666f-4dd0-8568-288cbdcbc2ef,"[""translationOutputMode""]","{""language"": ""en"", ""theme"": ""dark"", ""zoomLevel"": 1, ""baseGazeSamples"": 450, ""translationMode"": ""word"", ""translationOutputMode"": ""on"", ""gazeDetectionMode"": ""circle"", ""gazeMappingMode"": ""auto"", ""gazeYOffsetPx"": 17, ""gazeXOffsetPx"": 0, ""gazeHitRadiusPx"": 23}","{""language"": ""en"", ""theme"": ""dark"", ""zoomLevel"": 1, ""baseGazeSamples"": 450, ""translationMode"": ""word"", ""translationOutputMode"": ""off"", ""gazeDetectionMode"": ""circle"", ""gazeMappingMode"": ""auto"", ""gazeYOffsetPx"": 17, ""gazeXOffsetPx"": 0, ""gazeHitRadiusPx"": 23}",2026-05-25T17:07:29
293,42,,"[""translationOutputMode""]","{""language"": ""en"", ""theme"": ""dark"", ""zoomLevel"": 1, ""baseGazeSamples"": 450, ""translationMode"": ""word"", ""translationOutputMode"": ""off"", ""gazeDetectionMode"": ""circle"", ""gazeMappingMode"": ""auto"", ""gazeYOffsetPx"": 17, ""gazeXOffsetPx"": 0, ""gazeHitRadiusPx"": 23}","{""language"": ""en"", ""theme"": ""dark"", ""zoomLevel"": 1, ""baseGazeSamples"": 450, ""translationMode"": ""word"", ""translationOutputMode"": ""on"", ""gazeDetectionMode"": ""circle"", ""gazeMappingMode"": ""auto"", ""gazeYOffsetPx"": 17, ""gazeXOffsetPx"": 0, ""gazeHitRadiusPx"": 23}",2026-05-25T17:11:37
294,43,,"[""zoomLevel""]","{""language"": ""en"", ""theme"": ""dark"", ""zoomLevel"": 0.84, ""baseGazeSamples"": 60, ""translationMode"": ""word"", ""translationOutputMode"": ""on"", ""gazeDetectionMode"": ""circle"", ""gazeMappingMode"": ""auto"", ""gazeYOffsetPx"": 8, ""gazeXOffsetPx"": 0, ""gazeHitRadiusPx"": 20}","{""language"": ""en"", ""theme"": ""dark"", ""zoomLevel"": 1, ""baseGazeSamples"": 60, ""translationMode"": ""word"", ""translationOutputMode"": ""on"", ""gazeDetectionMode"": ""circle"", ""gazeMappingMode"": ""auto"", ""gazeYOffsetPx"": 8, ""gazeXOffsetPx"": 0, ""gazeHitRadiusPx"": 20}",2026-05-25T17:43:53
295,43,42007f6d-a0d5-4f06-83a5-04329f21cc10,"[""baseGazeSamples""]","{""language"": ""en"", ""theme"": ""dark"", ""zoomLevel"": 1, ""baseGazeSamples"": 60, ""translationMode"": ""word"", ""translationOutputMode"": ""on"", ""gazeDetectionMode"": ""circle"", ""gazeMappingMode"": ""auto"", ""gazeYOffsetPx"": 8, ""gazeXOffsetPx"": 0, ""gazeHitRadiusPx"": 20}","{""language"": ""en"", ""theme"": ""dark"", ""zoomLevel"": 1, ""baseGazeSamples"": 450, ""translationMode"": ""word"", ""translationOutputMode"": ""on"", ""gazeDetectionMode"": ""circle"", ""gazeMappingMode"": ""auto"", ""gazeYOffsetPx"": 8, ""gazeXOffsetPx"": 0, ""gazeHitRadiusPx"": 20}",2026-05-25T17:45:07
296,43,42007f6d-a0d5-4f06-83a5-04329f21cc10,"[""gazeHitRadiusPx""]","{""language"": ""en"", ""theme"": ""dark"", ""zoomLevel"": 1, ""baseGazeSamples"": 450, ""translationMode"": ""word"", ""translationOutputMode"": ""on"", ""gazeDetectionMode"": ""circle"", ""gazeMappingMode"": ""auto"", ""gazeYOffsetPx"": 8, ""gazeXOffsetPx"": 0, ""gazeHitRadiusPx"": 20}","{""language"": ""en"", ""theme"": ""dark"", ""zoomLevel"": 1, ""baseGazeSamples"": 450, ""translationMode"": ""word"", ""translationOutputMode"": ""on"", ""gazeDetectionMode"": ""circle"", ""gazeMappingMode"": ""auto"", ""gazeYOffsetPx"": 8, ""gazeXOffsetPx"": 0, ""gazeHitRadiusPx"": 22}",2026-05-25T17:45:21
297,43,,"[""baseGazeSamples""]","{""language"": ""en"", ""theme"": ""dark"", ""zoomLevel"": 1, ""baseGazeSamples"": 450, ""translationMode"": ""word"", ""translationOutputMode"": ""on"", ""gazeDetectionMode"": ""circle"", ""gazeMappingMode"": ""auto"", ""gazeYOffsetPx"": 8, ""gazeXOffsetPx"": 0, ""gazeHitRadiusPx"": 22}","{""language"": ""en"", ""theme"": ""dark"", ""zoomLevel"": 1, ""baseGazeSamples"": 400, ""translationMode"": ""word"", ""translationOutputMode"": ""on"", ""gazeDetectionMode"": ""circle"", ""gazeMappingMode"": ""auto"", ""gazeYOffsetPx"": 8, ""gazeXOffsetPx"": 0, ""gazeHitRadiusPx"": 22}",2026-05-25T17:46:08
298,43,,"[""translationOutputMode""]","{""language"": ""en"", ""theme"": ""dark"", ""zoomLevel"": 1, ""baseGazeSamples"": 400, ""translationMode"": ""word"", ""translationOutputMode"": ""on"", ""gazeDetectionMode"": ""circle"", ""gazeMappingMode"": ""auto"", ""gazeYOffsetPx"": 8, ""gazeXOffsetPx"": 0, ""gazeHitRadiusPx"": 22}","{""language"": ""en"", ""theme"": ""dark"", ""zoomLevel"": 1, ""baseGazeSamples"": 400, ""translationMode"": ""word"", ""translationOutputMode"": ""off"", ""gazeDetectionMode"": ""circle"", ""gazeMappingMode"": ""auto"", ""gazeYOffsetPx"": 8, ""gazeXOffsetPx"": 0, ""gazeHitRadiusPx"": 22}",2026-05-25T17:46:26
299,43,,"[""translationOutputMode""]","{""language"": ""en"", ""theme"": ""dark"", ""zoomLevel"": 1, ""baseGazeSamples"": 400, ""translationMode"": ""word"", ""translationOutputMode"": ""off"", ""gazeDetectionMode"": ""circle"", ""gazeMappingMode"": ""auto"", ""gazeYOffsetPx"": 8, ""gazeXOffsetPx"": 0, ""gazeHitRadiusPx"": 22}","{""language"": ""en"", ""theme"": ""dark"", ""zoomLevel"": 1, ""baseGazeSamples"": 400, ""translationMode"": ""word"", ""translationOutputMode"": ""on"", ""gazeDetectionMode"": ""circle"", ""gazeMappingMode"": ""auto"", ""gazeYOffsetPx"": 8, ""gazeXOffsetPx"": 0, ""gazeHitRadiusPx"": 22}",2026-05-25T17:53:14
300,44,9a6e5268-1e50-4939-a27e-d31880b6c008,"[""baseGazeSamples""]","{""language"": ""en"", ""theme"": ""dark"", ""zoomLevel"": 0.84, ""baseGazeSamples"": 60, ""translationMode"": ""word"", ""translationOutputMode"": ""on"", ""gazeDetectionMode"": ""circle"", ""gazeMappingMode"": ""auto"", ""gazeYOffsetPx"": 8, ""gazeXOffsetPx"": 0, ""gazeHitRadiusPx"": 20}","{""language"": ""en"", ""theme"": ""dark"", ""zoomLevel"": 0.84, ""baseGazeSamples"": 300, ""translationMode"": ""word"", ""translationOutputMode"": ""on"", ""gazeDetectionMode"": ""circle"", ""gazeMappingMode"": ""auto"", ""gazeYOffsetPx"": 8, ""gazeXOffsetPx"": 0, ""gazeHitRadiusPx"": 20}",2026-05-25T18:19:38
301,44,0f471363-7468-4412-8e67-fca21b4f999c,"[""translationOutputMode""]","{""language"": ""en"", ""theme"": ""dark"", ""zoomLevel"": 0.84, ""baseGazeSamples"": 300, ""translationMode"": ""word"", ""translationOutputMode"": ""on"", ""gazeDetectionMode"": ""circle"", ""gazeMappingMode"": ""auto"", ""gazeYOffsetPx"": 8, ""gazeXOffsetPx"": 0, ""gazeHitRadiusPx"": 20}","{""language"": ""en"", ""theme"": ""dark"", ""zoomLevel"": 0.84, ""baseGazeSamples"": 300, ""translationMode"": ""word"", ""translationOutputMode"": ""off"", ""gazeDetectionMode"": ""circle"", ""gazeMappingMode"": ""auto"", ""gazeYOffsetPx"": 8, ""gazeXOffsetPx"": 0, ""gazeHitRadiusPx"": 20}",2026-05-25T18:20:13
302,44,b64486be-d627-4518-a35a-8ce190dd7b6f,"[""translationOutputMode""]","{""language"": ""en"", ""theme"": ""dark"", ""zoomLevel"": 0.84, ""baseGazeSamples"": 300, ""translationMode"": ""word"", ""translationOutputMode"": ""off"", ""gazeDetectionMode"": ""circle"", ""gazeMappingMode"": ""auto"", ""gazeYOffsetPx"": 8, ""gazeXOffsetPx"": 0, ""gazeHitRadiusPx"": 20}","{""language"": ""en"", ""theme"": ""dark"", ""zoomLevel"": 0.84, ""baseGazeSamples"": 300, ""translationMode"": ""word"", ""translationOutputMode"": ""on"", ""gazeDetectionMode"": ""circle"", ""gazeMappingMode"": ""auto"", ""gazeYOffsetPx"": 8, ""gazeXOffsetPx"": 0, ""gazeHitRadiusPx"": 20}",2026-05-25T18:34:14
303,27,,"[""translationOutputMode""]","{""language"": ""en"", ""theme"": ""dark"", ""zoomLevel"": 0.84, ""baseGazeSamples"": 60, ""translationMode"": ""word"", ""translationOutputMode"": ""off"", ""gazeDetectionMode"": ""circle"", ""gazeMappingMode"": ""auto"", ""gazeYOffsetPx"": -14, ""gazeXOffsetPx"": 0, ""gazeHitRadiusPx"": 20}","{""language"": ""en"", ""theme"": ""dark"", ""zoomLevel"": 0.84, ""baseGazeSamples"": 60, ""translationMode"": ""word"", ""translationOutputMode"": ""on"", ""gazeDetectionMode"": ""circle"", ""gazeMappingMode"": ""auto"", ""gazeYOffsetPx"": -14, ""gazeXOffsetPx"": 0, ""gazeHitRadiusPx"": 20}",2026-05-25T18:47:28
304,27,,"[""baseGazeSamples""]","{""language"": ""en"", ""theme"": ""dark"", ""zoomLevel"": 0.84, ""baseGazeSamples"": 60, ""translationMode"": ""word"", ""translationOutputMode"": ""on"", ""gazeDetectionMode"": ""circle"", ""gazeMappingMode"": ""auto"", ""gazeYOffsetPx"": -14, ""gazeXOffsetPx"": 0, ""gazeHitRadiusPx"": 20}","{""language"": ""en"", ""theme"": ""dark"", ""zoomLevel"": 0.84, ""baseGazeSamples"": 300, ""translationMode"": ""word"", ""translationOutputMode"": ""on"", ""gazeDetectionMode"": ""circle"", ""gazeMappingMode"": ""auto"", ""gazeYOffsetPx"": -14, ""gazeXOffsetPx"": 0, ""gazeHitRadiusPx"": 20}",2026-05-25T18:48:29
305,27,,"[""gazeYOffsetPx""]","{""language"": ""en"", ""theme"": ""dark"", ""zoomLevel"": 0.84, ""baseGazeSamples"": 300, ""translationMode"": ""word"", ""translationOutputMode"": ""on"", ""gazeDetectionMode"": ""circle"", ""gazeMappingMode"": ""auto"", ""gazeYOffsetPx"": -14, ""gazeXOffsetPx"": 0, ""gazeHitRadiusPx"": 20}","{""language"": ""en"", ""theme"": ""dark"", ""zoomLevel"": 0.84, ""baseGazeSamples"": 300, ""translationMode"": ""word"", ""translationOutputMode"": ""on"", ""gazeDetectionMode"": ""circle"", ""gazeMappingMode"": ""auto"", ""gazeYOffsetPx"": -1, ""gazeXOffsetPx"": 0, ""gazeHitRadiusPx"": 20}",2026-05-25T18:49:11
306,27,,"[""translationOutputMode""]","{""language"": ""en"", ""theme"": ""dark"", ""zoomLevel"": 0.84, ""baseGazeSamples"": 300, ""translationMode"": ""word"", ""translationOutputMode"": ""on"", ""gazeDetectionMode"": ""circle"", ""gazeMappingMode"": ""auto"", ""gazeYOffsetPx"": -1, ""gazeXOffsetPx"": 0, ""gazeHitRadiusPx"": 20}","{""language"": ""en"", ""theme"": ""dark"", ""zoomLevel"": 0.84, ""baseGazeSamples"": 300, ""translationMode"": ""word"", ""translationOutputMode"": ""off"", ""gazeDetectionMode"": ""circle"", ""gazeMappingMode"": ""auto"", ""gazeYOffsetPx"": -1, ""gazeXOffsetPx"": 0, ""gazeHitRadiusPx"": 20}",2026-05-25T18:57:47
307,19,763db4d8-f713-45f8-88ae-6ce2ad907ea1,"[""baseGazeSamples""]","{""language"": ""en"", ""theme"": ""dark"", ""zoomLevel"": 1, ""baseGazeSamples"": 444, ""translationMode"": ""word"", ""translationOutputMode"": ""on"", ""gazeDetectionMode"": ""circle"", ""gazeMappingMode"": ""auto"", ""gazeYOffsetPx"": -1, ""gazeXOffsetPx"": 0, ""gazeHitRadiusPx"": 23}","{""language"": ""en"", ""theme"": ""dark"", ""zoomLevel"": 1, ""baseGazeSamples"": 51, ""translationMode"": ""word"", ""translationOutputMode"": ""on"", ""gazeDetectionMode"": ""circle"", ""gazeMappingMode"": ""auto"", ""gazeYOffsetPx"": -1, ""gazeXOffsetPx"": 0, ""gazeHitRadiusPx"": 23}",2026-05-26T09:02:56
308,19,763db4d8-f713-45f8-88ae-6ce2ad907ea1,"[""translationOutputMode""]","{""language"": ""en"", ""theme"": ""dark"", ""zoomLevel"": 1, ""baseGazeSamples"": 51, ""translationMode"": ""word"", ""translationOutputMode"": ""on"", ""gazeDetectionMode"": ""circle"", ""gazeMappingMode"": ""auto"", ""gazeYOffsetPx"": -1, ""gazeXOffsetPx"": 0, ""gazeHitRadiusPx"": 23}","{""language"": ""en"", ""theme"": ""dark"", ""zoomLevel"": 1, ""baseGazeSamples"": 51, ""translationMode"": ""word"", ""translationOutputMode"": ""off"", ""gazeDetectionMode"": ""circle"", ""gazeMappingMode"": ""auto"", ""gazeYOffsetPx"": -1, ""gazeXOffsetPx"": 0, ""gazeHitRadiusPx"": 23}",2026-05-26T09:03:19
309,19,00e11886-c2f0-4b7d-9e59-5cda5b6c3d5b,"[""translationOutputMode""]","{""language"": ""en"", ""theme"": ""dark"", ""zoomLevel"": 1, ""baseGazeSamples"": 51, ""translationMode"": ""word"", ""translationOutputMode"": ""off"", ""gazeDetectionMode"": ""circle"", ""gazeMappingMode"": ""auto"", ""gazeYOffsetPx"": -1, ""gazeXOffsetPx"": 0, ""gazeHitRadiusPx"": 23}","{""language"": ""en"", ""theme"": ""dark"", ""zoomLevel"": 1, ""baseGazeSamples"": 51, ""translationMode"": ""word"", ""translationOutputMode"": ""on"", ""gazeDetectionMode"": ""circle"", ""gazeMappingMode"": ""auto"", ""gazeYOffsetPx"": -1, ""gazeXOffsetPx"": 0, ""gazeHitRadiusPx"": 23}",2026-05-26T09:03:27
310,19,60929ce9-7912-4c83-a319-ea7de6d4a94d,"[""baseGazeSamples""]","{""language"": ""en"", ""theme"": ""dark"", ""zoomLevel"": 1, ""baseGazeSamples"": 51, ""translationMode"": ""word"", ""translationOutputMode"": ""on"", ""gazeDetectionMode"": ""circle"", ""gazeMappingMode"": ""auto"", ""gazeYOffsetPx"": -1, ""gazeXOffsetPx"": 0, ""gazeHitRadiusPx"": 23}","{""language"": ""en"", ""theme"": ""dark"", ""zoomLevel"": 1, ""baseGazeSamples"": 444, ""translationMode"": ""word"", ""translationOutputMode"": ""on"", ""gazeDetectionMode"": ""circle"", ""gazeMappingMode"": ""auto"", ""gazeYOffsetPx"": -1, ""gazeXOffsetPx"": 0, ""gazeHitRadiusPx"": 23}",2026-05-26T09:04:47
311,19,a0d3a887-ec2f-4b65-87f7-84eb482e7756,"[""translationOutputMode""]","{""language"": ""en"", ""theme"": ""dark"", ""zoomLevel"": 1, ""baseGazeSamples"": 444, ""translationMode"": ""word"", ""translationOutputMode"": ""on"", ""gazeDetectionMode"": ""circle"", ""gazeMappingMode"": ""auto"", ""gazeYOffsetPx"": -1, ""gazeXOffsetPx"": 0, ""gazeHitRadiusPx"": 23}","{""language"": ""en"", ""theme"": ""dark"", ""zoomLevel"": 1, ""baseGazeSamples"": 444, ""translationMode"": ""word"", ""translationOutputMode"": ""off"", ""gazeDetectionMode"": ""circle"", ""gazeMappingMode"": ""auto"", ""gazeYOffsetPx"": -1, ""gazeXOffsetPx"": 0, ""gazeHitRadiusPx"": 23}",2026-05-26T09:13:24
312,18,,"[""translationOutputMode""]","{""language"": ""en"", ""theme"": ""dark"", ""zoomLevel"": 1, ""baseGazeSamples"": 300, ""translationMode"": ""word"", ""translationOutputMode"": ""off"", ""gazeDetectionMode"": ""circle"", ""gazeMappingMode"": ""auto"", ""gazeYOffsetPx"": -21, ""gazeXOffsetPx"": 0, ""gazeHitRadiusPx"": 20}","{""language"": ""en"", ""theme"": ""dark"", ""zoomLevel"": 1, ""baseGazeSamples"": 300, ""translationMode"": ""word"", ""translationOutputMode"": ""on"", ""gazeDetectionMode"": ""circle"", ""gazeMappingMode"": ""auto"", ""gazeYOffsetPx"": -21, ""gazeXOffsetPx"": 0, ""gazeHitRadiusPx"": 20}",2026-05-26T09:43:18
313,18,,"[""gazeYOffsetPx""]","{""language"": ""en"", ""theme"": ""dark"", ""zoomLevel"": 1, ""baseGazeSamples"": 300, ""translationMode"": ""word"", ""translationOutputMode"": ""on"", ""gazeDetectionMode"": ""circle"", ""gazeMappingMode"": ""auto"", ""gazeYOffsetPx"": -21, ""gazeXOffsetPx"": 0, ""gazeHitRadiusPx"": 20}","{""language"": ""en"", ""theme"": ""dark"", ""zoomLevel"": 1, ""baseGazeSamples"": 300, ""translationMode"": ""word"", ""translationOutputMode"": ""on"", ""gazeDetectionMode"": ""circle"", ""gazeMappingMode"": ""auto"", ""gazeYOffsetPx"": -18, ""gazeXOffsetPx"": 0, ""gazeHitRadiusPx"": 20}",2026-05-26T09:44:58
314,33,,"[""translationOutputMode""]","{""language"": ""en"", ""theme"": ""dark"", ""zoomLevel"": 1, ""baseGazeSamples"": 450, ""translationMode"": ""word"", ""translationOutputMode"": ""on"", ""gazeDetectionMode"": ""circle"", ""gazeMappingMode"": ""auto"", ""gazeYOffsetPx"": 8, ""gazeXOffsetPx"": 0, ""gazeHitRadiusPx"": 20}","{""language"": ""en"", ""theme"": ""dark"", ""zoomLevel"": 1, ""baseGazeSamples"": 450, ""translationMode"": ""word"", ""translationOutputMode"": ""off"", ""gazeDetectionMode"": ""circle"", ""gazeMappingMode"": ""auto"", ""gazeYOffsetPx"": 8, ""gazeXOffsetPx"": 0, ""gazeHitRadiusPx"": 20}",2026-05-26T10:11:07
315,33,,"[""translationOutputMode""]","{""language"": ""en"", ""theme"": ""dark"", ""zoomLevel"": 1, ""baseGazeSamples"": 450, ""translationMode"": ""word"", ""translationOutputMode"": ""off"", ""gazeDetectionMode"": ""circle"", ""gazeMappingMode"": ""auto"", ""gazeYOffsetPx"": 8, ""gazeXOffsetPx"": 0, ""gazeHitRadiusPx"": 20}","{""language"": ""en"", ""theme"": ""dark"", ""zoomLevel"": 1, ""baseGazeSamples"": 450, ""translationMode"": ""word"", ""translationOutputMode"": ""on"", ""gazeDetectionMode"": ""circle"", ""gazeMappingMode"": ""auto"", ""gazeYOffsetPx"": 8, ""gazeXOffsetPx"": 0, ""gazeHitRadiusPx"": 20}",2026-05-26T10:23:02
316,45,,"[""baseGazeSamples""]","{""language"": ""en"", ""theme"": ""dark"", ""zoomLevel"": 0.84, ""baseGazeSamples"": 60, ""translationMode"": ""word"", ""translationOutputMode"": ""on"", ""gazeDetectionMode"": ""circle"", ""gazeMappingMode"": ""auto"", ""gazeYOffsetPx"": 8, ""gazeXOffsetPx"": 0, ""gazeHitRadiusPx"": 20}","{""language"": ""en"", ""theme"": ""dark"", ""zoomLevel"": 0.84, ""baseGazeSamples"": 300, ""translationMode"": ""word"", ""translationOutputMode"": ""on"", ""gazeDetectionMode"": ""circle"", ""gazeMappingMode"": ""auto"", ""gazeYOffsetPx"": 8, ""gazeXOffsetPx"": 0, ""gazeHitRadiusPx"": 20}",2026-05-26T10:40:53
317,45,38e0426d-8e4d-432d-a3a9-da0922878f6d,"[""gazeYOffsetPx""]","{""language"": ""en"", ""theme"": ""dark"", ""zoomLevel"": 0.84, ""baseGazeSamples"": 300, ""translationMode"": ""word"", ""translationOutputMode"": ""on"", ""gazeDetectionMode"": ""circle"", ""gazeMappingMode"": ""auto"", ""gazeYOffsetPx"": 8, ""gazeXOffsetPx"": 0, ""gazeHitRadiusPx"": 20}","{""language"": ""en"", ""theme"": ""dark"", ""zoomLevel"": 0.84, ""baseGazeSamples"": 300, ""translationMode"": ""word"", ""translationOutputMode"": ""on"", ""gazeDetectionMode"": ""circle"", ""gazeMappingMode"": ""auto"", ""gazeYOffsetPx"": -34, ""gazeXOffsetPx"": 0, ""gazeHitRadiusPx"": 20}",2026-05-26T10:45:26
318,45,38e0426d-8e4d-432d-a3a9-da0922878f6d,"[""zoomLevel""]","{""language"": ""en"", ""theme"": ""dark"", ""zoomLevel"": 0.84, ""baseGazeSamples"": 300, ""translationMode"": ""word"", ""translationOutputMode"": ""on"", ""gazeDetectionMode"": ""circle"", ""gazeMappingMode"": ""auto"", ""gazeYOffsetPx"": -34, ""gazeXOffsetPx"": 0, ""gazeHitRadiusPx"": 20}","{""language"": ""en"", ""theme"": ""dark"", ""zoomLevel"": 1.01, ""baseGazeSamples"": 300, ""translationMode"": ""word"", ""translationOutputMode"": ""on"", ""gazeDetectionMode"": ""circle"", ""gazeMappingMode"": ""auto"", ""gazeYOffsetPx"": -34, ""gazeXOffsetPx"": 0, ""gazeHitRadiusPx"": 20}",2026-05-26T10:46:35
319,45,38e0426d-8e4d-432d-a3a9-da0922878f6d,"[""zoomLevel""]","{""language"": ""en"", ""theme"": ""dark"", ""zoomLevel"": 1.01, ""baseGazeSamples"": 300, ""translationMode"": ""word"", ""translationOutputMode"": ""on"", ""gazeDetectionMode"": ""circle"", ""gazeMappingMode"": ""auto"", ""gazeYOffsetPx"": -34, ""gazeXOffsetPx"": 0, ""gazeHitRadiusPx"": 20}","{""language"": ""en"", ""theme"": ""dark"", ""zoomLevel"": 0.79, ""baseGazeSamples"": 300, ""translationMode"": ""word"", ""translationOutputMode"": ""on"", ""gazeDetectionMode"": ""circle"", ""gazeMappingMode"": ""auto"", ""gazeYOffsetPx"": -34, ""gazeXOffsetPx"": 0, ""gazeHitRadiusPx"": 20}",2026-05-26T10:47:27
320,45,0d609472-7b65-482a-bc20-5e0edffb777a,"[""gazeYOffsetPx""]","{""language"": ""en"", ""theme"": ""dark"", ""zoomLevel"": 0.79, ""baseGazeSamples"": 300, ""translationMode"": ""word"", ""translationOutputMode"": ""on"", ""gazeDetectionMode"": ""circle"", ""gazeMappingMode"": ""auto"", ""gazeYOffsetPx"": -34, ""gazeXOffsetPx"": 0, ""gazeHitRadiusPx"": 20}","{""language"": ""en"", ""theme"": ""dark"", ""zoomLevel"": 0.79, ""baseGazeSamples"": 300, ""translationMode"": ""word"", ""translationOutputMode"": ""on"", ""gazeDetectionMode"": ""circle"", ""gazeMappingMode"": ""auto"", ""gazeYOffsetPx"": -14, ""gazeXOffsetPx"": 0, ""gazeHitRadiusPx"": 20}",2026-05-26T10:49:24
321,45,b8f82b5a-1d23-4fed-b51b-fbe9f31b759a,"[""translationOutputMode""]","{""language"": ""en"", ""theme"": ""dark"", ""zoomLevel"": 0.79, ""baseGazeSamples"": 300, ""translationMode"": ""word"", ""translationOutputMode"": ""on"", ""gazeDetectionMode"": ""circle"", ""gazeMappingMode"": ""auto"", ""gazeYOffsetPx"": -14, ""gazeXOffsetPx"": 0, ""gazeHitRadiusPx"": 20}","{""language"": ""en"", ""theme"": ""dark"", ""zoomLevel"": 0.79, ""baseGazeSamples"": 300, ""translationMode"": ""word"", ""translationOutputMode"": ""off"", ""gazeDetectionMode"": ""circle"", ""gazeMappingMode"": ""auto"", ""gazeYOffsetPx"": -14, ""gazeXOffsetPx"": 0, ""gazeHitRadiusPx"": 20}",2026-05-26T11:00:20
322,34,,"[""translationOutputMode""]","{""language"": ""en"", ""theme"": ""dark"", ""zoomLevel"": 1, ""baseGazeSamples"": 450, ""translationMode"": ""word"", ""translationOutputMode"": ""on"", ""gazeDetectionMode"": ""circle"", ""gazeMappingMode"": ""auto"", ""gazeYOffsetPx"": -45, ""gazeXOffsetPx"": 0, ""gazeHitRadiusPx"": 22}","{""language"": ""en"", ""theme"": ""dark"", ""zoomLevel"": 1, ""baseGazeSamples"": 450, ""translationMode"": ""word"", ""translationOutputMode"": ""off"", ""gazeDetectionMode"": ""circle"", ""gazeMappingMode"": ""auto"", ""gazeYOffsetPx"": -45, ""gazeXOffsetPx"": 0, ""gazeHitRadiusPx"": 22}",2026-05-26T11:15:36
323,34,,"[""translationOutputMode""]","{""language"": ""en"", ""theme"": ""dark"", ""zoomLevel"": 1, ""baseGazeSamples"": 450, ""translationMode"": ""word"", ""translationOutputMode"": ""off"", ""gazeDetectionMode"": ""circle"", ""gazeMappingMode"": ""auto"", ""gazeYOffsetPx"": -45, ""gazeXOffsetPx"": 0, ""gazeHitRadiusPx"": 22}","{""language"": ""en"", ""theme"": ""dark"", ""zoomLevel"": 1, ""baseGazeSamples"": 450, ""translationMode"": ""word"", ""translationOutputMode"": ""on"", ""gazeDetectionMode"": ""circle"", ""gazeMappingMode"": ""auto"", ""gazeYOffsetPx"": -45, ""gazeXOffsetPx"": 0, ""gazeHitRadiusPx"": 22}",2026-05-26T11:21:11
324,35,,"[""translationOutputMode""]","{""language"": ""en"", ""theme"": ""dark"", ""zoomLevel"": 1, ""baseGazeSamples"": 450, ""translationMode"": ""word"", ""translationOutputMode"": ""off"", ""gazeDetectionMode"": ""circle"", ""gazeMappingMode"": ""auto"", ""gazeYOffsetPx"": -25, ""gazeXOffsetPx"": 0, ""gazeHitRadiusPx"": 22}","{""language"": ""en"", ""theme"": ""dark"", ""zoomLevel"": 1, ""baseGazeSamples"": 450, ""translationMode"": ""word"", ""translationOutputMode"": ""on"", ""gazeDetectionMode"": ""circle"", ""gazeMappingMode"": ""auto"", ""gazeYOffsetPx"": -25, ""gazeXOffsetPx"": 0, ""gazeHitRadiusPx"": 22}",2026-05-26T11:39:44
325,21,,"[""translationOutputMode""]","{""language"": ""en"", ""theme"": ""dark"", ""zoomLevel"": 1, ""baseGazeSamples"": 450, ""translationMode"": ""word"", ""translationOutputMode"": ""off"", ""gazeDetectionMode"": ""circle"", ""gazeMappingMode"": ""auto"", ""gazeYOffsetPx"": -18, ""gazeXOffsetPx"": 0, ""gazeHitRadiusPx"": 25}","{""language"": ""en"", ""theme"": ""dark"", ""zoomLevel"": 1, ""baseGazeSamples"": 450, ""translationMode"": ""word"", ""translationOutputMode"": ""on"", ""gazeDetectionMode"": ""circle"", ""gazeMappingMode"": ""auto"", ""gazeYOffsetPx"": -18, ""gazeXOffsetPx"": 0, ""gazeHitRadiusPx"": 25}",2026-05-26T12:34:48
326,21,,"[""translationOutputMode""]","{""language"": ""en"", ""theme"": ""dark"", ""zoomLevel"": 1, ""baseGazeSamples"": 450, ""translationMode"": ""word"", ""translationOutputMode"": ""on"", ""gazeDetectionMode"": ""circle"", ""gazeMappingMode"": ""auto"", ""gazeYOffsetPx"": -18, ""gazeXOffsetPx"": 0, ""gazeHitRadiusPx"": 25}","{""language"": ""en"", ""theme"": ""dark"", ""zoomLevel"": 1, ""baseGazeSamples"": 450, ""translationMode"": ""word"", ""translationOutputMode"": ""off"", ""gazeDetectionMode"": ""circle"", ""gazeMappingMode"": ""auto"", ""gazeYOffsetPx"": -18, ""gazeXOffsetPx"": 0, ""gazeHitRadiusPx"": 25}",2026-05-26T12:39:38
327,46,43e0bc26-dbfd-4d35-861d-33b460626278,"[""zoomLevel""]","{""language"": ""en"", ""theme"": ""dark"", ""zoomLevel"": 0.84, ""baseGazeSamples"": 60, ""translationMode"": ""word"", ""translationOutputMode"": ""on"", ""gazeDetectionMode"": ""circle"", ""gazeMappingMode"": ""auto"", ""gazeYOffsetPx"": 8, ""gazeXOffsetPx"": 0, ""gazeHitRadiusPx"": 20}","{""language"": ""en"", ""theme"": ""dark"", ""zoomLevel"": 1, ""baseGazeSamples"": 60, ""translationMode"": ""word"", ""translationOutputMode"": ""on"", ""gazeDetectionMode"": ""circle"", ""gazeMappingMode"": ""auto"", ""gazeYOffsetPx"": 8, ""gazeXOffsetPx"": 0, ""gazeHitRadiusPx"": 20}",2026-05-26T13:10:03
328,46,43e0bc26-dbfd-4d35-861d-33b460626278,"[""gazeYOffsetPx"", ""gazeHitRadiusPx""]","{""language"": ""en"", ""theme"": ""dark"", ""zoomLevel"": 1, ""baseGazeSamples"": 60, ""translationMode"": ""word"", ""translationOutputMode"": ""on"", ""gazeDetectionMode"": ""circle"", ""gazeMappingMode"": ""auto"", ""gazeYOffsetPx"": 8, ""gazeXOffsetPx"": 0, ""gazeHitRadiusPx"": 20}","{""language"": ""en"", ""theme"": ""dark"", ""zoomLevel"": 1, ""baseGazeSamples"": 60, ""translationMode"": ""word"", ""translationOutputMode"": ""on"", ""gazeDetectionMode"": ""circle"", ""gazeMappingMode"": ""auto"", ""gazeYOffsetPx"": -7, ""gazeXOffsetPx"": 0, ""gazeHitRadiusPx"": 22}",2026-05-26T13:10:18
329,46,43e0bc26-dbfd-4d35-861d-33b460626278,"[""baseGazeSamples""]","{""language"": ""en"", ""theme"": ""dark"", ""zoomLevel"": 1, ""baseGazeSamples"": 60, ""translationMode"": ""word"", ""translationOutputMode"": ""on"", ""gazeDetectionMode"": ""circle"", ""gazeMappingMode"": ""auto"", ""gazeYOffsetPx"": -7, ""gazeXOffsetPx"": 0, ""gazeHitRadiusPx"": 22}","{""language"": ""en"", ""theme"": ""dark"", ""zoomLevel"": 1, ""baseGazeSamples"": 450, ""translationMode"": ""word"", ""translationOutputMode"": ""on"", ""gazeDetectionMode"": ""circle"", ""gazeMappingMode"": ""auto"", ""gazeYOffsetPx"": -7, ""gazeXOffsetPx"": 0, ""gazeHitRadiusPx"": 22}",2026-05-26T13:10:59
330,46,,"[""translationOutputMode""]","{""language"": ""en"", ""theme"": ""dark"", ""zoomLevel"": 1, ""baseGazeSamples"": 450, ""translationMode"": ""word"", ""translationOutputMode"": ""on"", ""gazeDetectionMode"": ""circle"", ""gazeMappingMode"": ""auto"", ""gazeYOffsetPx"": -7, ""gazeXOffsetPx"": 0, ""gazeHitRadiusPx"": 22}","{""language"": ""en"", ""theme"": ""dark"", ""zoomLevel"": 1, ""baseGazeSamples"": 450, ""translationMode"": ""word"", ""translationOutputMode"": ""off"", ""gazeDetectionMode"": ""circle"", ""gazeMappingMode"": ""auto"", ""gazeYOffsetPx"": -7, ""gazeXOffsetPx"": 0, ""gazeHitRadiusPx"": 22}",2026-05-26T13:11:46
331,46,3b297dc7-de99-4bac-8291-25cf89f6bfa8,"[""translationOutputMode""]","{""language"": ""en"", ""theme"": ""dark"", ""zoomLevel"": 1, ""baseGazeSamples"": 450, ""translationMode"": ""word"", ""translationOutputMode"": ""off"", ""gazeDetectionMode"": ""circle"", ""gazeMappingMode"": ""auto"", ""gazeYOffsetPx"": -7, ""gazeXOffsetPx"": 0, ""gazeHitRadiusPx"": 22}","{""language"": ""en"", ""theme"": ""dark"", ""zoomLevel"": 1, ""baseGazeSamples"": 450, ""translationMode"": ""word"", ""translationOutputMode"": ""on"", ""gazeDetectionMode"": ""circle"", ""gazeMappingMode"": ""auto"", ""gazeYOffsetPx"": -7, ""gazeXOffsetPx"": 0, ""gazeHitRadiusPx"": 22}",2026-05-26T13:19:02
332,44,,"[""zoomLevel""]","{""language"": ""en"", ""theme"": ""dark"", ""zoomLevel"": 0.84, ""baseGazeSamples"": 300, ""translationMode"": ""word"", ""translationOutputMode"": ""on"", ""gazeDetectionMode"": ""circle"", ""gazeMappingMode"": ""auto"", ""gazeYOffsetPx"": 8, ""gazeXOffsetPx"": 0, ""gazeHitRadiusPx"": 20}","{""language"": ""en"", ""theme"": ""dark"", ""zoomLevel"": 1, ""baseGazeSamples"": 300, ""translationMode"": ""word"", ""translationOutputMode"": ""on"", ""gazeDetectionMode"": ""circle"", ""gazeMappingMode"": ""auto"", ""gazeYOffsetPx"": 8, ""gazeXOffsetPx"": 0, ""gazeHitRadiusPx"": 20}",2026-05-26T13:32:25
333,44,836642a5-26c9-4101-b92c-bf10bf787a83,"[""gazeYOffsetPx""]","{""language"": ""en"", ""theme"": ""dark"", ""zoomLevel"": 1, ""baseGazeSamples"": 300, ""translationMode"": ""word"", ""translationOutputMode"": ""on"", ""gazeDetectionMode"": ""circle"", ""gazeMappingMode"": ""auto"", ""gazeYOffsetPx"": 8, ""gazeXOffsetPx"": 0, ""gazeHitRadiusPx"": 20}","{""language"": ""en"", ""theme"": ""dark"", ""zoomLevel"": 1, ""baseGazeSamples"": 300, ""translationMode"": ""word"", ""translationOutputMode"": ""on"", ""gazeDetectionMode"": ""circle"", ""gazeMappingMode"": ""auto"", ""gazeYOffsetPx"": -14, ""gazeXOffsetPx"": 0, ""gazeHitRadiusPx"": 20}",2026-05-26T13:34:45
334,44,836642a5-26c9-4101-b92c-bf10bf787a83,"[""translationOutputMode""]","{""language"": ""en"", ""theme"": ""dark"", ""zoomLevel"": 1, ""baseGazeSamples"": 300, ""translationMode"": ""word"", ""translationOutputMode"": ""on"", ""gazeDetectionMode"": ""circle"", ""gazeMappingMode"": ""auto"", ""gazeYOffsetPx"": -14, ""gazeXOffsetPx"": 0, ""gazeHitRadiusPx"": 20}","{""language"": ""en"", ""theme"": ""dark"", ""zoomLevel"": 1, ""baseGazeSamples"": 300, ""translationMode"": ""word"", ""translationOutputMode"": ""off"", ""gazeDetectionMode"": ""circle"", ""gazeMappingMode"": ""auto"", ""gazeYOffsetPx"": -14, ""gazeXOffsetPx"": 0, ""gazeHitRadiusPx"": 20}",2026-05-26T13:36:00
335,44,cc5ed424-8ed6-4d35-8d83-3b00b9ea298f,"[""translationOutputMode""]","{""language"": ""en"", ""theme"": ""dark"", ""zoomLevel"": 1, ""baseGazeSamples"": 300, ""translationMode"": ""word"", ""translationOutputMode"": ""off"", ""gazeDetectionMode"": ""circle"", ""gazeMappingMode"": ""auto"", ""gazeYOffsetPx"": -14, ""gazeXOffsetPx"": 0, ""gazeHitRadiusPx"": 20}","{""language"": ""en"", ""theme"": ""dark"", ""zoomLevel"": 1, ""baseGazeSamples"": 300, ""translationMode"": ""word"", ""translationOutputMode"": ""on"", ""gazeDetectionMode"": ""circle"", ""gazeMappingMode"": ""auto"", ""gazeYOffsetPx"": -14, ""gazeXOffsetPx"": 0, ""gazeHitRadiusPx"": 20}",2026-05-26T13:45:34
336,43,,"[""translationOutputMode""]","{""language"": ""en"", ""theme"": ""dark"", ""zoomLevel"": 1, ""baseGazeSamples"": 400, ""translationMode"": ""word"", ""translationOutputMode"": ""on"", ""gazeDetectionMode"": ""circle"", ""gazeMappingMode"": ""auto"", ""gazeYOffsetPx"": 8, ""gazeXOffsetPx"": 0, ""gazeHitRadiusPx"": 22}","{""language"": ""en"", ""theme"": ""dark"", ""zoomLevel"": 1, ""baseGazeSamples"": 400, ""translationMode"": ""word"", ""translationOutputMode"": ""off"", ""gazeDetectionMode"": ""circle"", ""gazeMappingMode"": ""auto"", ""gazeYOffsetPx"": 8, ""gazeXOffsetPx"": 0, ""gazeHitRadiusPx"": 22}",2026-05-26T14:10:48
337,43,29a93c73-5982-4d42-9e63-65b4a71c16cf,"[""gazeYOffsetPx""]","{""language"": ""en"", ""theme"": ""dark"", ""zoomLevel"": 1, ""baseGazeSamples"": 400, ""translationMode"": ""word"", ""translationOutputMode"": ""off"", ""gazeDetectionMode"": ""circle"", ""gazeMappingMode"": ""auto"", ""gazeYOffsetPx"": 8, ""gazeXOffsetPx"": 0, ""gazeHitRadiusPx"": 22}","{""language"": ""en"", ""theme"": ""dark"", ""zoomLevel"": 1, ""baseGazeSamples"": 400, ""translationMode"": ""word"", ""translationOutputMode"": ""off"", ""gazeDetectionMode"": ""circle"", ""gazeMappingMode"": ""auto"", ""gazeYOffsetPx"": -21, ""gazeXOffsetPx"": 0, ""gazeHitRadiusPx"": 22}",2026-05-26T14:12:45
338,43,,"[""translationOutputMode""]","{""language"": ""en"", ""theme"": ""dark"", ""zoomLevel"": 1, ""baseGazeSamples"": 400, ""translationMode"": ""word"", ""translationOutputMode"": ""off"", ""gazeDetectionMode"": ""circle"", ""gazeMappingMode"": ""auto"", ""gazeYOffsetPx"": -21, ""gazeXOffsetPx"": 0, ""gazeHitRadiusPx"": 22}","{""language"": ""en"", ""theme"": ""dark"", ""zoomLevel"": 1, ""baseGazeSamples"": 400, ""translationMode"": ""word"", ""translationOutputMode"": ""on"", ""gazeDetectionMode"": ""circle"", ""gazeMappingMode"": ""auto"", ""gazeYOffsetPx"": -21, ""gazeXOffsetPx"": 0, ""gazeHitRadiusPx"": 22}",2026-05-26T14:20:39
339,43,2740adb4-725a-4e14-88a5-60288f686f22,"[""baseGazeSamples""]","{""language"": ""en"", ""theme"": ""dark"", ""zoomLevel"": 1, ""baseGazeSamples"": 400, ""translationMode"": ""word"", ""translationOutputMode"": ""on"", ""gazeDetectionMode"": ""circle"", ""gazeMappingMode"": ""auto"", ""gazeYOffsetPx"": -21, ""gazeXOffsetPx"": 0, ""gazeHitRadiusPx"": 22}","{""language"": ""en"", ""theme"": ""dark"", ""zoomLevel"": 1, ""baseGazeSamples"": 450, ""translationMode"": ""word"", ""translationOutputMode"": ""on"", ""gazeDetectionMode"": ""circle"", ""gazeMappingMode"": ""auto"", ""gazeYOffsetPx"": -21, ""gazeXOffsetPx"": 0, ""gazeHitRadiusPx"": 22}",2026-05-26T14:22:03
340,23,b24672fc-6102-4f0f-b415-fd3609cfb76f,"[""translationOutputMode""]","{""language"": ""en"", ""theme"": ""dark"", ""zoomLevel"": 1, ""baseGazeSamples"": 300, ""translationMode"": ""word"", ""translationOutputMode"": ""on"", ""gazeDetectionMode"": ""circle"", ""gazeMappingMode"": ""auto"", ""gazeYOffsetPx"": -43, ""gazeXOffsetPx"": 0, ""gazeHitRadiusPx"": 22}","{""language"": ""en"", ""theme"": ""dark"", ""zoomLevel"": 1, ""baseGazeSamples"": 300, ""translationMode"": ""word"", ""translationOutputMode"": ""off"", ""gazeDetectionMode"": ""circle"", ""gazeMappingMode"": ""auto"", ""gazeYOffsetPx"": -43, ""gazeXOffsetPx"": 0, ""gazeHitRadiusPx"": 22}",2026-05-26T14:39:09
341,39,,"[""zoomLevel""]","{""language"": ""en"", ""theme"": ""dark"", ""zoomLevel"": 0.84, ""baseGazeSamples"": 60, ""translationMode"": ""word"", ""translationOutputMode"": ""on"", ""gazeDetectionMode"": ""circle"", ""gazeMappingMode"": ""auto"", ""gazeYOffsetPx"": -5, ""gazeXOffsetPx"": 0, ""gazeHitRadiusPx"": 20}","{""language"": ""en"", ""theme"": ""dark"", ""zoomLevel"": 1, ""baseGazeSamples"": 60, ""translationMode"": ""word"", ""translationOutputMode"": ""on"", ""gazeDetectionMode"": ""circle"", ""gazeMappingMode"": ""auto"", ""gazeYOffsetPx"": -5, ""gazeXOffsetPx"": 0, ""gazeHitRadiusPx"": 20}",2026-05-26T15:01:40
342,39,,"[""baseGazeSamples""]","{""language"": ""en"", ""theme"": ""dark"", ""zoomLevel"": 1, ""baseGazeSamples"": 60, ""translationMode"": ""word"", ""translationOutputMode"": ""on"", ""gazeDetectionMode"": ""circle"", ""gazeMappingMode"": ""auto"", ""gazeYOffsetPx"": -5, ""gazeXOffsetPx"": 0, ""gazeHitRadiusPx"": 20}","{""language"": ""en"", ""theme"": ""dark"", ""zoomLevel"": 1, ""baseGazeSamples"": 450, ""translationMode"": ""word"", ""translationOutputMode"": ""on"", ""gazeDetectionMode"": ""circle"", ""gazeMappingMode"": ""auto"", ""gazeYOffsetPx"": -5, ""gazeXOffsetPx"": 0, ""gazeHitRadiusPx"": 20}",2026-05-26T15:01:46
343,39,517644ac-ebfb-4bc1-a43d-372003e172cd,"[""translationOutputMode""]","{""language"": ""en"", ""theme"": ""dark"", ""zoomLevel"": 1, ""baseGazeSamples"": 450, ""translationMode"": ""word"", ""translationOutputMode"": ""on"", ""gazeDetectionMode"": ""circle"", ""gazeMappingMode"": ""auto"", ""gazeYOffsetPx"": -5, ""gazeXOffsetPx"": 0, ""gazeHitRadiusPx"": 20}","{""language"": ""en"", ""theme"": ""dark"", ""zoomLevel"": 1, ""baseGazeSamples"": 450, ""translationMode"": ""word"", ""translationOutputMode"": ""off"", ""gazeDetectionMode"": ""circle"", ""gazeMappingMode"": ""auto"", ""gazeYOffsetPx"": -5, ""gazeXOffsetPx"": 0, ""gazeHitRadiusPx"": 20}",2026-05-26T15:02:28
344,39,7dc7ad85-3c80-49a8-87ee-80b727e42556,"[""translationOutputMode""]","{""language"": ""en"", ""theme"": ""dark"", ""zoomLevel"": 1, ""baseGazeSamples"": 450, ""translationMode"": ""word"", ""translationOutputMode"": ""off"", ""gazeDetectionMode"": ""circle"", ""gazeMappingMode"": ""auto"", ""gazeYOffsetPx"": -5, ""gazeXOffsetPx"": 0, ""gazeHitRadiusPx"": 20}","{""language"": ""en"", ""theme"": ""dark"", ""zoomLevel"": 1, ""baseGazeSamples"": 450, ""translationMode"": ""word"", ""translationOutputMode"": ""on"", ""gazeDetectionMode"": ""circle"", ""gazeMappingMode"": ""auto"", ""gazeYOffsetPx"": -5, ""gazeXOffsetPx"": 0, ""gazeHitRadiusPx"": 20}",2026-05-26T15:11:05
345,24,,"[""translationOutputMode""]","{""language"": ""en"", ""theme"": ""dark"", ""zoomLevel"": 1, ""baseGazeSamples"": 300, ""translationMode"": ""word"", ""translationOutputMode"": ""on"", ""gazeDetectionMode"": ""circle"", ""gazeMappingMode"": ""auto"", ""gazeYOffsetPx"": -12, ""gazeXOffsetPx"": 0, ""gazeHitRadiusPx"": 25}","{""language"": ""en"", ""theme"": ""dark"", ""zoomLevel"": 1, ""baseGazeSamples"": 300, ""translationMode"": ""word"", ""translationOutputMode"": ""off"", ""gazeDetectionMode"": ""circle"", ""gazeMappingMode"": ""auto"", ""gazeYOffsetPx"": -12, ""gazeXOffsetPx"": 0, ""gazeHitRadiusPx"": 25}",2026-05-26T15:36:35
346,24,,"[""translationOutputMode""]","{""language"": ""en"", ""theme"": ""dark"", ""zoomLevel"": 1, ""baseGazeSamples"": 300, ""translationMode"": ""word"", ""translationOutputMode"": ""off"", ""gazeDetectionMode"": ""circle"", ""gazeMappingMode"": ""auto"", ""gazeYOffsetPx"": -12, ""gazeXOffsetPx"": 0, ""gazeHitRadiusPx"": 25}","{""language"": ""en"", ""theme"": ""dark"", ""zoomLevel"": 1, ""baseGazeSamples"": 300, ""translationMode"": ""word"", ""translationOutputMode"": ""on"", ""gazeDetectionMode"": ""circle"", ""gazeMappingMode"": ""auto"", ""gazeYOffsetPx"": -12, ""gazeXOffsetPx"": 0, ""gazeHitRadiusPx"": 25}",2026-05-26T15:45:54
347,38,,"[""translationOutputMode""]","{""language"": ""en"", ""theme"": ""dark"", ""zoomLevel"": 1, ""baseGazeSamples"": 450, ""translationMode"": ""word"", ""translationOutputMode"": ""on"", ""gazeDetectionMode"": ""circle"", ""gazeMappingMode"": ""auto"", ""gazeYOffsetPx"": 4, ""gazeXOffsetPx"": 0, ""gazeHitRadiusPx"": 22}","{""language"": ""en"", ""theme"": ""dark"", ""zoomLevel"": 1, ""baseGazeSamples"": 450, ""translationMode"": ""word"", ""translationOutputMode"": ""off"", ""gazeDetectionMode"": ""circle"", ""gazeMappingMode"": ""auto"", ""gazeYOffsetPx"": 4, ""gazeXOffsetPx"": 0, ""gazeHitRadiusPx"": 22}",2026-05-26T16:08:07
348,38,56c8051a-ac71-41f2-a780-f87d308717b7,"[""translationOutputMode""]","{""language"": ""en"", ""theme"": ""dark"", ""zoomLevel"": 1, ""baseGazeSamples"": 450, ""translationMode"": ""word"", ""translationOutputMode"": ""off"", ""gazeDetectionMode"": ""circle"", ""gazeMappingMode"": ""auto"", ""gazeYOffsetPx"": 4, ""gazeXOffsetPx"": 0, ""gazeHitRadiusPx"": 22}","{""language"": ""en"", ""theme"": ""dark"", ""zoomLevel"": 1, ""baseGazeSamples"": 450, ""translationMode"": ""word"", ""translationOutputMode"": ""on"", ""gazeDetectionMode"": ""circle"", ""gazeMappingMode"": ""auto"", ""gazeYOffsetPx"": 4, ""gazeXOffsetPx"": 0, ""gazeHitRadiusPx"": 22}",2026-05-26T16:17:55
349,37,cb212a27-2998-438c-ad4c-ba040282e300,"[""translationOutputMode""]","{""language"": ""en"", ""theme"": ""dark"", ""zoomLevel"": 1, ""baseGazeSamples"": 450, ""translationMode"": ""word"", ""translationOutputMode"": ""off"", ""gazeDetectionMode"": ""circle"", ""gazeMappingMode"": ""auto"", ""gazeYOffsetPx"": -21, ""gazeXOffsetPx"": 0, ""gazeHitRadiusPx"": 22}","{""language"": ""en"", ""theme"": ""dark"", ""zoomLevel"": 1, ""baseGazeSamples"": 450, ""translationMode"": ""word"", ""translationOutputMode"": ""on"", ""gazeDetectionMode"": ""circle"", ""gazeMappingMode"": ""auto"", ""gazeYOffsetPx"": -21, ""gazeXOffsetPx"": 0, ""gazeHitRadiusPx"": 22}",2026-05-26T16:40:48
350,36,a1333b9b-71e8-4c46-9e6e-c173335107f2,"[""translationOutputMode""]","{""language"": ""en"", ""theme"": ""dark"", ""zoomLevel"": 1, ""baseGazeSamples"": 300, ""translationMode"": ""word"", ""translationOutputMode"": ""off"", ""gazeDetectionMode"": ""circle"", ""gazeMappingMode"": ""auto"", ""gazeYOffsetPx"": -1, ""gazeXOffsetPx"": 0, ""gazeHitRadiusPx"": 20}","{""language"": ""en"", ""theme"": ""dark"", ""zoomLevel"": 1, ""baseGazeSamples"": 300, ""translationMode"": ""word"", ""translationOutputMode"": ""on"", ""gazeDetectionMode"": ""circle"", ""gazeMappingMode"": ""auto"", ""gazeYOffsetPx"": -1, ""gazeXOffsetPx"": 0, ""gazeHitRadiusPx"": 20}",2026-05-26T17:00:50
351,36,0b470ee2-68e3-4ff1-a51f-a42bc14041e7,"[""gazeYOffsetPx""]","{""language"": ""en"", ""theme"": ""dark"", ""zoomLevel"": 1, ""baseGazeSamples"": 300, ""translationMode"": ""word"", ""translationOutputMode"": ""on"", ""gazeDetectionMode"": ""circle"", ""gazeMappingMode"": ""auto"", ""gazeYOffsetPx"": -1, ""gazeXOffsetPx"": 0, ""gazeHitRadiusPx"": 20}","{""language"": ""en"", ""theme"": ""dark"", ""zoomLevel"": 1, ""baseGazeSamples"": 300, ""translationMode"": ""word"", ""translationOutputMode"": ""on"", ""gazeDetectionMode"": ""circle"", ""gazeMappingMode"": ""auto"", ""gazeYOffsetPx"": 28, ""gazeXOffsetPx"": 0, ""gazeHitRadiusPx"": 20}",2026-05-26T17:08:25
352,36,1b793b9b-dbb5-4404-9b53-5fbd80c7e0bc,"[""translationOutputMode""]","{""language"": ""en"", ""theme"": ""dark"", ""zoomLevel"": 1, ""baseGazeSamples"": 300, ""translationMode"": ""word"", ""translationOutputMode"": ""on"", ""gazeDetectionMode"": ""circle"", ""gazeMappingMode"": ""auto"", ""gazeYOffsetPx"": 28, ""gazeXOffsetPx"": 0, ""gazeHitRadiusPx"": 20}","{""language"": ""en"", ""theme"": ""dark"", ""zoomLevel"": 1, ""baseGazeSamples"": 300, ""translationMode"": ""word"", ""translationOutputMode"": ""off"", ""gazeDetectionMode"": ""circle"", ""gazeMappingMode"": ""auto"", ""gazeYOffsetPx"": 28, ""gazeXOffsetPx"": 0, ""gazeHitRadiusPx"": 20}",2026-05-26T17:16:19
353,40,,"[""translationOutputMode""]","{""language"": ""en"", ""theme"": ""dark"", ""zoomLevel"": 1, ""baseGazeSamples"": 450, ""translationMode"": ""word"", ""translationOutputMode"": ""on"", ""gazeDetectionMode"": ""circle"", ""gazeMappingMode"": ""auto"", ""gazeYOffsetPx"": -25, ""gazeXOffsetPx"": 0, ""gazeHitRadiusPx"": 22}","{""language"": ""en"", ""theme"": ""dark"", ""zoomLevel"": 1, ""baseGazeSamples"": 450, ""translationMode"": ""word"", ""translationOutputMode"": ""off"", ""gazeDetectionMode"": ""circle"", ""gazeMappingMode"": ""auto"", ""gazeYOffsetPx"": -25, ""gazeXOffsetPx"": 0, ""gazeHitRadiusPx"": 22}",2026-05-26T17:33:44
354,40,a9844517-e5ac-45cb-81da-9b9351230cde,"[""translationOutputMode""]","{""language"": ""en"", ""theme"": ""dark"", ""zoomLevel"": 1, ""baseGazeSamples"": 450, ""translationMode"": ""word"", ""translationOutputMode"": ""off"", ""gazeDetectionMode"": ""circle"", ""gazeMappingMode"": ""auto"", ""gazeYOffsetPx"": -25, ""gazeXOffsetPx"": 0, ""gazeHitRadiusPx"": 22}","{""language"": ""en"", ""theme"": ""dark"", ""zoomLevel"": 1, ""baseGazeSamples"": 450, ""translationMode"": ""word"", ""translationOutputMode"": ""on"", ""gazeDetectionMode"": ""circle"", ""gazeMappingMode"": ""auto"", ""gazeYOffsetPx"": -25, ""gazeXOffsetPx"": 0, ""gazeHitRadiusPx"": 22}",2026-05-26T17:39:56
355,15,f6d4eff9-affe-4cd1-850f-b5115e5fe2a4,"[""translationOutputMode""]","{""language"": ""en"", ""theme"": ""dark"", ""zoomLevel"": 1, ""baseGazeSamples"": 300, ""translationMode"": ""word"", ""translationOutputMode"": ""on"", ""gazeDetectionMode"": ""circle"", ""gazeMappingMode"": ""auto"", ""gazeYOffsetPx"": 8, ""gazeXOffsetPx"": 0, ""gazeHitRadiusPx"": 20}","{""language"": ""en"", ""theme"": ""dark"", ""zoomLevel"": 1, ""baseGazeSamples"": 300, ""translationMode"": ""word"", ""translationOutputMode"": ""off"", ""gazeDetectionMode"": ""circle"", ""gazeMappingMode"": ""auto"", ""gazeYOffsetPx"": 8, ""gazeXOffsetPx"": 0, ""gazeHitRadiusPx"": 20}",2026-05-26T18:14:09
356,15,5db16398-49b4-4098-833a-f5301d2be401,"[""translationOutputMode""]","{""language"": ""en"", ""theme"": ""dark"", ""zoomLevel"": 1, ""baseGazeSamples"": 300, ""translationMode"": ""word"", ""translationOutputMode"": ""off"", ""gazeDetectionMode"": ""circle"", ""gazeMappingMode"": ""auto"", ""gazeYOffsetPx"": 8, ""gazeXOffsetPx"": 0, ""gazeHitRadiusPx"": 20}","{""language"": ""en"", ""theme"": ""dark"", ""zoomLevel"": 1, ""baseGazeSamples"": 300, ""translationMode"": ""word"", ""translationOutputMode"": ""on"", ""gazeDetectionMode"": ""circle"", ""gazeMappingMode"": ""auto"", ""gazeYOffsetPx"": 8, ""gazeXOffsetPx"": 0, ""gazeHitRadiusPx"": 20}",2026-05-26T18:22:58
357,16,,"[""zoomLevel""]","{""language"": ""en"", ""theme"": ""dark"", ""zoomLevel"": 0.5, ""baseGazeSamples"": 225, ""translationMode"": ""word"", ""translationOutputMode"": ""off"", ""gazeDetectionMode"": ""circle"", ""gazeMappingMode"": ""auto"", ""gazeYOffsetPx"": -47, ""gazeXOffsetPx"": 0, ""gazeHitRadiusPx"": 15}","{""language"": ""en"", ""theme"": ""dark"", ""zoomLevel"": 1, ""baseGazeSamples"": 225, ""translationMode"": ""word"", ""translationOutputMode"": ""off"", ""gazeDetectionMode"": ""circle"", ""gazeMappingMode"": ""auto"", ""gazeYOffsetPx"": -47, ""gazeXOffsetPx"": 0, ""gazeHitRadiusPx"": 15}",2026-05-26T18:27:16
358,16,177e7580-6e3c-434a-983a-7f7903eb144e,"[""translationOutputMode""]","{""language"": ""en"", ""theme"": ""dark"", ""zoomLevel"": 1, ""baseGazeSamples"": 225, ""translationMode"": ""word"", ""translationOutputMode"": ""off"", ""gazeDetectionMode"": ""circle"", ""gazeMappingMode"": ""auto"", ""gazeYOffsetPx"": -47, ""gazeXOffsetPx"": 0, ""gazeHitRadiusPx"": 15}","{""language"": ""en"", ""theme"": ""dark"", ""zoomLevel"": 1, ""baseGazeSamples"": 225, ""translationMode"": ""word"", ""translationOutputMode"": ""on"", ""gazeDetectionMode"": ""circle"", ""gazeMappingMode"": ""auto"", ""gazeYOffsetPx"": -47, ""gazeXOffsetPx"": 0, ""gazeHitRadiusPx"": 15}",2026-05-26T18:37:50
359,10,97d1b799-64b9-4b41-8c35-56514db096ae,"[""translationOutputMode""]","{""language"": ""en"", ""theme"": ""dark"", ""zoomLevel"": 0.77, ""baseGazeSamples"": 300, ""translationMode"": ""word"", ""translationOutputMode"": ""off"", ""gazeDetectionMode"": ""circle"", ""gazeMappingMode"": ""auto"", ""gazeYOffsetPx"": -14, ""gazeXOffsetPx"": 0, ""gazeHitRadiusPx"": 20}","{""language"": ""en"", ""theme"": ""dark"", ""zoomLevel"": 0.77, ""baseGazeSamples"": 300, ""translationMode"": ""word"", ""translationOutputMode"": ""on"", ""gazeDetectionMode"": ""circle"", ""gazeMappingMode"": ""auto"", ""gazeYOffsetPx"": -14, ""gazeXOffsetPx"": 0, ""gazeHitRadiusPx"": 20}",2026-05-27T09:21:12
360,10,883c2839-84f8-4e11-9c18-fd0b3c4caf35,"[""gazeYOffsetPx""]","{""language"": ""en"", ""theme"": ""dark"", ""zoomLevel"": 0.77, ""baseGazeSamples"": 300, ""translationMode"": ""word"", ""translationOutputMode"": ""on"", ""gazeDetectionMode"": ""circle"", ""gazeMappingMode"": ""auto"", ""gazeYOffsetPx"": -14, ""gazeXOffsetPx"": 0, ""gazeHitRadiusPx"": 20}","{""language"": ""en"", ""theme"": ""dark"", ""zoomLevel"": 0.77, ""baseGazeSamples"": 300, ""translationMode"": ""word"", ""translationOutputMode"": ""on"", ""gazeDetectionMode"": ""circle"", ""gazeMappingMode"": ""auto"", ""gazeYOffsetPx"": 11, ""gazeXOffsetPx"": 0, ""gazeHitRadiusPx"": 20}",2026-05-27T09:22:12
361,47,,"[""baseGazeSamples""]","{""language"": ""en"", ""theme"": ""dark"", ""zoomLevel"": 0.84, ""baseGazeSamples"": 60, ""translationMode"": ""word"", ""translationOutputMode"": ""on"", ""gazeDetectionMode"": ""circle"", ""gazeMappingMode"": ""auto"", ""gazeYOffsetPx"": 8, ""gazeXOffsetPx"": 0, ""gazeHitRadiusPx"": 20}","{""language"": ""en"", ""theme"": ""dark"", ""zoomLevel"": 0.84, ""baseGazeSamples"": 300, ""translationMode"": ""word"", ""translationOutputMode"": ""on"", ""gazeDetectionMode"": ""circle"", ""gazeMappingMode"": ""auto"", ""gazeYOffsetPx"": 8, ""gazeXOffsetPx"": 0, ""gazeHitRadiusPx"": 20}",2026-05-27T09:40:39
362,47,71373393-d66e-4370-b197-85ae1c4cbe3a,"[""gazeYOffsetPx""]","{""language"": ""en"", ""theme"": ""dark"", ""zoomLevel"": 0.84, ""baseGazeSamples"": 300, ""translationMode"": ""word"", ""translationOutputMode"": ""on"", ""gazeDetectionMode"": ""circle"", ""gazeMappingMode"": ""auto"", ""gazeYOffsetPx"": 8, ""gazeXOffsetPx"": 0, ""gazeHitRadiusPx"": 20}","{""language"": ""en"", ""theme"": ""dark"", ""zoomLevel"": 0.84, ""baseGazeSamples"": 300, ""translationMode"": ""word"", ""translationOutputMode"": ""on"", ""gazeDetectionMode"": ""circle"", ""gazeMappingMode"": ""auto"", ""gazeYOffsetPx"": -9, ""gazeXOffsetPx"": 0, ""gazeHitRadiusPx"": 20}",2026-05-27T09:41:09
363,47,c091f1b4-1e36-4123-b8db-b749cbc90584,"[""translationOutputMode""]","{""language"": ""en"", ""theme"": ""dark"", ""zoomLevel"": 0.84, ""baseGazeSamples"": 300, ""translationMode"": ""word"", ""translationOutputMode"": ""on"", ""gazeDetectionMode"": ""circle"", ""gazeMappingMode"": ""auto"", ""gazeYOffsetPx"": -9, ""gazeXOffsetPx"": 0, ""gazeHitRadiusPx"": 20}","{""language"": ""en"", ""theme"": ""dark"", ""zoomLevel"": 0.84, ""baseGazeSamples"": 300, ""translationMode"": ""word"", ""translationOutputMode"": ""off"", ""gazeDetectionMode"": ""circle"", ""gazeMappingMode"": ""auto"", ""gazeYOffsetPx"": -9, ""gazeXOffsetPx"": 0, ""gazeHitRadiusPx"": 20}",2026-05-27T09:43:05
364,47,1fc84239-b541-4744-be5c-b3eb74dbfb3f,"[""translationOutputMode""]","{""language"": ""en"", ""theme"": ""dark"", ""zoomLevel"": 0.84, ""baseGazeSamples"": 300, ""translationMode"": ""word"", ""translationOutputMode"": ""off"", ""gazeDetectionMode"": ""circle"", ""gazeMappingMode"": ""auto"", ""gazeYOffsetPx"": -9, ""gazeXOffsetPx"": 0, ""gazeHitRadiusPx"": 20}","{""language"": ""en"", ""theme"": ""dark"", ""zoomLevel"": 0.84, ""baseGazeSamples"": 300, ""translationMode"": ""word"", ""translationOutputMode"": ""on"", ""gazeDetectionMode"": ""circle"", ""gazeMappingMode"": ""auto"", ""gazeYOffsetPx"": -9, ""gazeXOffsetPx"": 0, ""gazeHitRadiusPx"": 20}",2026-05-27T09:50:23
365,34,a5565636-03d4-460b-abc9-0d203ec9579f,"[""translationOutputMode""]","{""language"": ""en"", ""theme"": ""dark"", ""zoomLevel"": 1, ""baseGazeSamples"": 450, ""translationMode"": ""word"", ""translationOutputMode"": ""on"", ""gazeDetectionMode"": ""circle"", ""gazeMappingMode"": ""auto"", ""gazeYOffsetPx"": -45, ""gazeXOffsetPx"": 0, ""gazeHitRadiusPx"": 22}","{""language"": ""en"", ""theme"": ""dark"", ""zoomLevel"": 1, ""baseGazeSamples"": 450, ""translationMode"": ""word"", ""translationOutputMode"": ""off"", ""gazeDetectionMode"": ""circle"", ""gazeMappingMode"": ""auto"", ""gazeYOffsetPx"": -45, ""gazeXOffsetPx"": 0, ""gazeHitRadiusPx"": 22}",2026-05-27T10:17:57
366,34,f38bb296-39a4-4178-b31b-9b8d16f8ba99,"[""translationOutputMode""]","{""language"": ""en"", ""theme"": ""dark"", ""zoomLevel"": 1, ""baseGazeSamples"": 450, ""translationMode"": ""word"", ""translationOutputMode"": ""off"", ""gazeDetectionMode"": ""circle"", ""gazeMappingMode"": ""auto"", ""gazeYOffsetPx"": -45, ""gazeXOffsetPx"": 0, ""gazeHitRadiusPx"": 22}","{""language"": ""en"", ""theme"": ""dark"", ""zoomLevel"": 1, ""baseGazeSamples"": 450, ""translationMode"": ""word"", ""translationOutputMode"": ""on"", ""gazeDetectionMode"": ""circle"", ""gazeMappingMode"": ""auto"", ""gazeYOffsetPx"": -45, ""gazeXOffsetPx"": 0, ""gazeHitRadiusPx"": 22}",2026-05-27T10:23:34
367,33,,"[""baseGazeSamples""]","{""language"": ""en"", ""theme"": ""dark"", ""zoomLevel"": 1, ""baseGazeSamples"": 450, ""translationMode"": ""word"", ""translationOutputMode"": ""on"", ""gazeDetectionMode"": ""circle"", ""gazeMappingMode"": ""auto"", ""gazeYOffsetPx"": 8, ""gazeXOffsetPx"": 0, ""gazeHitRadiusPx"": 20}","{""language"": ""en"", ""theme"": ""dark"", ""zoomLevel"": 1, ""baseGazeSamples"": 300, ""translationMode"": ""word"", ""translationOutputMode"": ""on"", ""gazeDetectionMode"": ""circle"", ""gazeMappingMode"": ""auto"", ""gazeYOffsetPx"": 8, ""gazeXOffsetPx"": 0, ""gazeHitRadiusPx"": 20}",2026-05-27T10:44:00
368,33,d7550b5e-6b65-445b-8c5a-cab8ba307c64,"[""baseGazeSamples""]","{""language"": ""en"", ""theme"": ""dark"", ""zoomLevel"": 1, ""baseGazeSamples"": 300, ""translationMode"": ""word"", ""translationOutputMode"": ""on"", ""gazeDetectionMode"": ""circle"", ""gazeMappingMode"": ""auto"", ""gazeYOffsetPx"": 8, ""gazeXOffsetPx"": 0, ""gazeHitRadiusPx"": 20}","{""language"": ""en"", ""theme"": ""dark"", ""zoomLevel"": 1, ""baseGazeSamples"": 458, ""translationMode"": ""word"", ""translationOutputMode"": ""on"", ""gazeDetectionMode"": ""circle"", ""gazeMappingMode"": ""auto"", ""gazeYOffsetPx"": 8, ""gazeXOffsetPx"": 0, ""gazeHitRadiusPx"": 20}",2026-05-27T10:45:10
369,30,7aa7c714-8667-4abc-b466-50165d965a90,"[""translationOutputMode""]","{""language"": ""en"", ""theme"": ""dark"", ""zoomLevel"": 1, ""baseGazeSamples"": 450, ""translationMode"": ""word"", ""translationOutputMode"": ""off"", ""gazeDetectionMode"": ""circle"", ""gazeMappingMode"": ""auto"", ""gazeYOffsetPx"": -49, ""gazeXOffsetPx"": 0, ""gazeHitRadiusPx"": 22}","{""language"": ""en"", ""theme"": ""dark"", ""zoomLevel"": 1, ""baseGazeSamples"": 450, ""translationMode"": ""word"", ""translationOutputMode"": ""on"", ""gazeDetectionMode"": ""circle"", ""gazeMappingMode"": ""auto"", ""gazeYOffsetPx"": -49, ""gazeXOffsetPx"": 0, ""gazeHitRadiusPx"": 22}",2026-05-27T11:03:13
370,30,,"[""translationOutputMode""]","{""language"": ""en"", ""theme"": ""dark"", ""zoomLevel"": 1, ""baseGazeSamples"": 450, ""translationMode"": ""word"", ""translationOutputMode"": ""on"", ""gazeDetectionMode"": ""circle"", ""gazeMappingMode"": ""auto"", ""gazeYOffsetPx"": -49, ""gazeXOffsetPx"": 0, ""gazeHitRadiusPx"": 22}","{""language"": ""en"", ""theme"": ""dark"", ""zoomLevel"": 1, ""baseGazeSamples"": 450, ""translationMode"": ""word"", ""translationOutputMode"": ""off"", ""gazeDetectionMode"": ""circle"", ""gazeMappingMode"": ""auto"", ""gazeYOffsetPx"": -49, ""gazeXOffsetPx"": 0, ""gazeHitRadiusPx"": 22}",2026-05-27T11:09:45
371,37,d5351f94-888c-40cf-b4b7-cd383a6346e6,"[""translationOutputMode""]","{""language"": ""en"", ""theme"": ""dark"", ""zoomLevel"": 1, ""baseGazeSamples"": 450, ""translationMode"": ""word"", ""translationOutputMode"": ""on"", ""gazeDetectionMode"": ""circle"", ""gazeMappingMode"": ""auto"", ""gazeYOffsetPx"": -21, ""gazeXOffsetPx"": 0, ""gazeHitRadiusPx"": 22}","{""language"": ""en"", ""theme"": ""dark"", ""zoomLevel"": 1, ""baseGazeSamples"": 450, ""translationMode"": ""word"", ""translationOutputMode"": ""off"", ""gazeDetectionMode"": ""circle"", ""gazeMappingMode"": ""auto"", ""gazeYOffsetPx"": -21, ""gazeXOffsetPx"": 0, ""gazeHitRadiusPx"": 22}",2026-05-27T11:36:30
372,37,875939f9-96fa-40c0-b0f6-afe061acd1c7,"[""translationOutputMode""]","{""language"": ""en"", ""theme"": ""dark"", ""zoomLevel"": 1, ""baseGazeSamples"": 450, ""translationMode"": ""word"", ""translationOutputMode"": ""off"", ""gazeDetectionMode"": ""circle"", ""gazeMappingMode"": ""auto"", ""gazeYOffsetPx"": -21, ""gazeXOffsetPx"": 0, ""gazeHitRadiusPx"": 22}","{""language"": ""en"", ""theme"": ""dark"", ""zoomLevel"": 1, ""baseGazeSamples"": 450, ""translationMode"": ""word"", ""translationOutputMode"": ""on"", ""gazeDetectionMode"": ""circle"", ""gazeMappingMode"": ""auto"", ""gazeYOffsetPx"": -21, ""gazeXOffsetPx"": 0, ""gazeHitRadiusPx"": 22}",2026-05-27T11:42:21
373,38,9f711d69-3fc2-4084-a48d-d08b6ceb237a,"[""translationOutputMode""]","{""language"": ""en"", ""theme"": ""dark"", ""zoomLevel"": 1, ""baseGazeSamples"": 450, ""translationMode"": ""word"", ""translationOutputMode"": ""on"", ""gazeDetectionMode"": ""circle"", ""gazeMappingMode"": ""auto"", ""gazeYOffsetPx"": 4, ""gazeXOffsetPx"": 0, ""gazeHitRadiusPx"": 22}","{""language"": ""en"", ""theme"": ""dark"", ""zoomLevel"": 1, ""baseGazeSamples"": 450, ""translationMode"": ""word"", ""translationOutputMode"": ""off"", ""gazeDetectionMode"": ""circle"", ""gazeMappingMode"": ""auto"", ""gazeYOffsetPx"": 4, ""gazeXOffsetPx"": 0, ""gazeHitRadiusPx"": 22}",2026-05-27T12:00:00
374,38,f8bfafd1-10ec-4834-a1bd-ccb93fa78500,"[""translationOutputMode""]","{""language"": ""en"", ""theme"": ""dark"", ""zoomLevel"": 1, ""baseGazeSamples"": 450, ""translationMode"": ""word"", ""translationOutputMode"": ""off"", ""gazeDetectionMode"": ""circle"", ""gazeMappingMode"": ""auto"", ""gazeYOffsetPx"": 4, ""gazeXOffsetPx"": 0, ""gazeHitRadiusPx"": 22}","{""language"": ""en"", ""theme"": ""dark"", ""zoomLevel"": 1, ""baseGazeSamples"": 450, ""translationMode"": ""word"", ""translationOutputMode"": ""on"", ""gazeDetectionMode"": ""circle"", ""gazeMappingMode"": ""auto"", ""gazeYOffsetPx"": 4, ""gazeXOffsetPx"": 0, ""gazeHitRadiusPx"": 22}",2026-05-27T12:10:46
375,38,,"[""translationMode""]","{""language"": ""en"", ""theme"": ""dark"", ""zoomLevel"": 1, ""baseGazeSamples"": 450, ""translationMode"": ""word"", ""translationOutputMode"": ""on"", ""gazeDetectionMode"": ""circle"", ""gazeMappingMode"": ""auto"", ""gazeYOffsetPx"": 4, ""gazeXOffsetPx"": 0, ""gazeHitRadiusPx"": 22}","{""language"": ""en"", ""theme"": ""dark"", ""zoomLevel"": 1, ""baseGazeSamples"": 450, ""translationMode"": ""sentence"", ""translationOutputMode"": ""on"", ""gazeDetectionMode"": ""circle"", ""gazeMappingMode"": ""auto"", ""gazeYOffsetPx"": 4, ""gazeXOffsetPx"": 0, ""gazeHitRadiusPx"": 22}",2026-05-27T12:23:46
376,38,,"[""translationMode""]","{""language"": ""en"", ""theme"": ""dark"", ""zoomLevel"": 1, ""baseGazeSamples"": 450, ""translationMode"": ""sentence"", ""translationOutputMode"": ""on"", ""gazeDetectionMode"": ""circle"", ""gazeMappingMode"": ""auto"", ""gazeYOffsetPx"": 4, ""gazeXOffsetPx"": 0, ""gazeHitRadiusPx"": 22}","{""language"": ""en"", ""theme"": ""dark"", ""zoomLevel"": 1, ""baseGazeSamples"": 450, ""translationMode"": ""word"", ""translationOutputMode"": ""on"", ""gazeDetectionMode"": ""circle"", ""gazeMappingMode"": ""auto"", ""gazeYOffsetPx"": 4, ""gazeXOffsetPx"": 0, ""gazeHitRadiusPx"": 22}",2026-05-27T12:24:23
377,45,c119a16a-8baa-483d-9de4-eaea3ee00945,"[""translationOutputMode""]","{""language"": ""en"", ""theme"": ""dark"", ""zoomLevel"": 0.79, ""baseGazeSamples"": 300, ""translationMode"": ""word"", ""translationOutputMode"": ""off"", ""gazeDetectionMode"": ""circle"", ""gazeMappingMode"": ""auto"", ""gazeYOffsetPx"": -14, ""gazeXOffsetPx"": 0, ""gazeHitRadiusPx"": 20}","{""language"": ""en"", ""theme"": ""dark"", ""zoomLevel"": 0.79, ""baseGazeSamples"": 300, ""translationMode"": ""word"", ""translationOutputMode"": ""on"", ""gazeDetectionMode"": ""circle"", ""gazeMappingMode"": ""auto"", ""gazeYOffsetPx"": -14, ""gazeXOffsetPx"": 0, ""gazeHitRadiusPx"": 20}",2026-05-27T12:46:19
378,45,21ac03fb-e7ea-4f6f-982d-e3b4992ca4c0,"[""gazeYOffsetPx"", ""gazeXOffsetPx""]","{""language"": ""en"", ""theme"": ""dark"", ""zoomLevel"": 0.79, ""baseGazeSamples"": 300, ""translationMode"": ""word"", ""translationOutputMode"": ""on"", ""gazeDetectionMode"": ""circle"", ""gazeMappingMode"": ""auto"", ""gazeYOffsetPx"": -14, ""gazeXOffsetPx"": 0, ""gazeHitRadiusPx"": 20}","{""language"": ""en"", ""theme"": ""dark"", ""zoomLevel"": 0.79, ""baseGazeSamples"": 300, ""translationMode"": ""word"", ""translationOutputMode"": ""on"", ""gazeDetectionMode"": ""circle"", ""gazeMappingMode"": ""auto"", ""gazeYOffsetPx"": -38, ""gazeXOffsetPx"": -3, ""gazeHitRadiusPx"": 20}",2026-05-27T12:47:59
379,45,e6d4108f-3cbf-4cbe-b045-901c13e27504,"[""translationOutputMode""]","{""language"": ""en"", ""theme"": ""dark"", ""zoomLevel"": 0.79, ""baseGazeSamples"": 300, ""translationMode"": ""word"", ""translationOutputMode"": ""on"", ""gazeDetectionMode"": ""circle"", ""gazeMappingMode"": ""auto"", ""gazeYOffsetPx"": -38, ""gazeXOffsetPx"": -3, ""gazeHitRadiusPx"": 20}","{""language"": ""en"", ""theme"": ""dark"", ""zoomLevel"": 0.79, ""baseGazeSamples"": 300, ""translationMode"": ""word"", ""translationOutputMode"": ""off"", ""gazeDetectionMode"": ""circle"", ""gazeMappingMode"": ""auto"", ""gazeYOffsetPx"": -38, ""gazeXOffsetPx"": -3, ""gazeHitRadiusPx"": 20}",2026-05-27T13:02:59
380,29,012e7684-21c5-45dd-bc62-391f12e26257,"[""translationOutputMode""]","{""language"": ""en"", ""theme"": ""dark"", ""zoomLevel"": 1, ""baseGazeSamples"": 450, ""translationMode"": ""word"", ""translationOutputMode"": ""on"", ""gazeDetectionMode"": ""circle"", ""gazeMappingMode"": ""auto"", ""gazeYOffsetPx"": 8, ""gazeXOffsetPx"": 0, ""gazeHitRadiusPx"": 20}","{""language"": ""en"", ""theme"": ""dark"", ""zoomLevel"": 1, ""baseGazeSamples"": 450, ""translationMode"": ""word"", ""translationOutputMode"": ""off"", ""gazeDetectionMode"": ""circle"", ""gazeMappingMode"": ""auto"", ""gazeYOffsetPx"": 8, ""gazeXOffsetPx"": 0, ""gazeHitRadiusPx"": 20}",2026-05-27T13:19:29
381,29,,"[""translationOutputMode""]","{""language"": ""en"", ""theme"": ""dark"", ""zoomLevel"": 1, ""baseGazeSamples"": 450, ""translationMode"": ""word"", ""translationOutputMode"": ""off"", ""gazeDetectionMode"": ""circle"", ""gazeMappingMode"": ""auto"", ""gazeYOffsetPx"": 8, ""gazeXOffsetPx"": 0, ""gazeHitRadiusPx"": 20}","{""language"": ""en"", ""theme"": ""dark"", ""zoomLevel"": 1, ""baseGazeSamples"": 450, ""translationMode"": ""word"", ""translationOutputMode"": ""on"", ""gazeDetectionMode"": ""circle"", ""gazeMappingMode"": ""auto"", ""gazeYOffsetPx"": 8, ""gazeXOffsetPx"": 0, ""gazeHitRadiusPx"": 20}",2026-05-27T13:26:17
382,20,2bd49ff6-d890-4450-b489-09c8665f6bc2,"[""translationOutputMode""]","{""language"": ""en"", ""theme"": ""dark"", ""zoomLevel"": 1, ""baseGazeSamples"": 300, ""translationMode"": ""word"", ""translationOutputMode"": ""off"", ""gazeDetectionMode"": ""circle"", ""gazeMappingMode"": ""auto"", ""gazeYOffsetPx"": 26, ""gazeXOffsetPx"": 0, ""gazeHitRadiusPx"": 20}","{""language"": ""en"", ""theme"": ""dark"", ""zoomLevel"": 1, ""baseGazeSamples"": 300, ""translationMode"": ""word"", ""translationOutputMode"": ""on"", ""gazeDetectionMode"": ""circle"", ""gazeMappingMode"": ""auto"", ""gazeYOffsetPx"": 26, ""gazeXOffsetPx"": 0, ""gazeHitRadiusPx"": 20}",2026-05-27T14:23:26
383,20,,"[""translationOutputMode""]","{""language"": ""en"", ""theme"": ""dark"", ""zoomLevel"": 1, ""baseGazeSamples"": 300, ""translationMode"": ""word"", ""translationOutputMode"": ""on"", ""gazeDetectionMode"": ""circle"", ""gazeMappingMode"": ""auto"", ""gazeYOffsetPx"": 26, ""gazeXOffsetPx"": 0, ""gazeHitRadiusPx"": 20}","{""language"": ""en"", ""theme"": ""dark"", ""zoomLevel"": 1, ""baseGazeSamples"": 300, ""translationMode"": ""word"", ""translationOutputMode"": ""off"", ""gazeDetectionMode"": ""circle"", ""gazeMappingMode"": ""auto"", ""gazeYOffsetPx"": 26, ""gazeXOffsetPx"": 0, ""gazeHitRadiusPx"": 20}",2026-05-27T14:29:10
384,40,,"[""translationOutputMode""]","{""language"": ""en"", ""theme"": ""dark"", ""zoomLevel"": 1, ""baseGazeSamples"": 450, ""translationMode"": ""word"", ""translationOutputMode"": ""on"", ""gazeDetectionMode"": ""circle"", ""gazeMappingMode"": ""auto"", ""gazeYOffsetPx"": -25, ""gazeXOffsetPx"": 0, ""gazeHitRadiusPx"": 22}","{""language"": ""en"", ""theme"": ""dark"", ""zoomLevel"": 1, ""baseGazeSamples"": 450, ""translationMode"": ""word"", ""translationOutputMode"": ""off"", ""gazeDetectionMode"": ""circle"", ""gazeMappingMode"": ""auto"", ""gazeYOffsetPx"": -25, ""gazeXOffsetPx"": 0, ""gazeHitRadiusPx"": 22}",2026-05-27T14:39:52
385,40,86c5eb59-a9fc-4d22-b7af-6226cc35e9ea,"[""translationOutputMode""]","{""language"": ""en"", ""theme"": ""dark"", ""zoomLevel"": 1, ""baseGazeSamples"": 450, ""translationMode"": ""word"", ""translationOutputMode"": ""off"", ""gazeDetectionMode"": ""circle"", ""gazeMappingMode"": ""auto"", ""gazeYOffsetPx"": -25, ""gazeXOffsetPx"": 0, ""gazeHitRadiusPx"": 22}","{""language"": ""en"", ""theme"": ""dark"", ""zoomLevel"": 1, ""baseGazeSamples"": 450, ""translationMode"": ""word"", ""translationOutputMode"": ""on"", ""gazeDetectionMode"": ""circle"", ""gazeMappingMode"": ""auto"", ""gazeYOffsetPx"": -25, ""gazeXOffsetPx"": 0, ""gazeHitRadiusPx"": 22}",2026-05-27T14:47:16
386,39,,"[""translationOutputMode""]","{""language"": ""en"", ""theme"": ""dark"", ""zoomLevel"": 1, ""baseGazeSamples"": 450, ""translationMode"": ""word"", ""translationOutputMode"": ""on"", ""gazeDetectionMode"": ""circle"", ""gazeMappingMode"": ""auto"", ""gazeYOffsetPx"": -5, ""gazeXOffsetPx"": 0, ""gazeHitRadiusPx"": 20}","{""language"": ""en"", ""theme"": ""dark"", ""zoomLevel"": 1, ""baseGazeSamples"": 450, ""translationMode"": ""word"", ""translationOutputMode"": ""off"", ""gazeDetectionMode"": ""circle"", ""gazeMappingMode"": ""auto"", ""gazeYOffsetPx"": -5, ""gazeXOffsetPx"": 0, ""gazeHitRadiusPx"": 20}",2026-05-27T15:19:10
387,36,247028d7-d496-4f47-a037-a75732c33124,"[""gazeYOffsetPx""]","{""language"": ""en"", ""theme"": ""dark"", ""zoomLevel"": 1, ""baseGazeSamples"": 300, ""translationMode"": ""word"", ""translationOutputMode"": ""off"", ""gazeDetectionMode"": ""circle"", ""gazeMappingMode"": ""auto"", ""gazeYOffsetPx"": 28, ""gazeXOffsetPx"": 0, ""gazeHitRadiusPx"": 20}","{""language"": ""en"", ""theme"": ""dark"", ""zoomLevel"": 1, ""baseGazeSamples"": 300, ""translationMode"": ""word"", ""translationOutputMode"": ""off"", ""gazeDetectionMode"": ""circle"", ""gazeMappingMode"": ""auto"", ""gazeYOffsetPx"": -5, ""gazeXOffsetPx"": 0, ""gazeHitRadiusPx"": 20}",2026-05-27T15:31:17
388,36,247028d7-d496-4f47-a037-a75732c33124,"[""translationOutputMode"", ""gazeHitRadiusPx""]","{""language"": ""en"", ""theme"": ""dark"", ""zoomLevel"": 1, ""baseGazeSamples"": 300, ""translationMode"": ""word"", ""translationOutputMode"": ""off"", ""gazeDetectionMode"": ""circle"", ""gazeMappingMode"": ""auto"", ""gazeYOffsetPx"": -5, ""gazeXOffsetPx"": 0, ""gazeHitRadiusPx"": 20}","{""language"": ""en"", ""theme"": ""dark"", ""zoomLevel"": 1, ""baseGazeSamples"": 300, ""translationMode"": ""word"", ""translationOutputMode"": ""on"", ""gazeDetectionMode"": ""circle"", ""gazeMappingMode"": ""auto"", ""gazeYOffsetPx"": -5, ""gazeXOffsetPx"": 0, ""gazeHitRadiusPx"": 22}",2026-05-27T15:31:51
389,36,e21b2fc6-e5bb-4f95-a525-c5e6b293863c,"[""zoomLevel""]","{""language"": ""en"", ""theme"": ""dark"", ""zoomLevel"": 1, ""baseGazeSamples"": 300, ""translationMode"": ""word"", ""translationOutputMode"": ""on"", ""gazeDetectionMode"": ""circle"", ""gazeMappingMode"": ""auto"", ""gazeYOffsetPx"": -5, ""gazeXOffsetPx"": 0, ""gazeHitRadiusPx"": 22}","{""language"": ""en"", ""theme"": ""dark"", ""zoomLevel"": 1.2, ""baseGazeSamples"": 300, ""translationMode"": ""word"", ""translationOutputMode"": ""on"", ""gazeDetectionMode"": ""circle"", ""gazeMappingMode"": ""auto"", ""gazeYOffsetPx"": -5, ""gazeXOffsetPx"": 0, ""gazeHitRadiusPx"": 22}",2026-05-27T15:32:03
390,36,,"[""translationOutputMode""]","{""language"": ""en"", ""theme"": ""dark"", ""zoomLevel"": 1.2, ""baseGazeSamples"": 300, ""translationMode"": ""word"", ""translationOutputMode"": ""on"", ""gazeDetectionMode"": ""circle"", ""gazeMappingMode"": ""auto"", ""gazeYOffsetPx"": -5, ""gazeXOffsetPx"": 0, ""gazeHitRadiusPx"": 22}","{""language"": ""en"", ""theme"": ""dark"", ""zoomLevel"": 1.2, ""baseGazeSamples"": 300, ""translationMode"": ""word"", ""translationOutputMode"": ""off"", ""gazeDetectionMode"": ""circle"", ""gazeMappingMode"": ""auto"", ""gazeYOffsetPx"": -5, ""gazeXOffsetPx"": 0, ""gazeHitRadiusPx"": 22}",2026-05-27T15:33:03
391,36,,"[""zoomLevel""]","{""language"": ""en"", ""theme"": ""dark"", ""zoomLevel"": 1.2, ""baseGazeSamples"": 300, ""translationMode"": ""word"", ""translationOutputMode"": ""off"", ""gazeDetectionMode"": ""circle"", ""gazeMappingMode"": ""auto"", ""gazeYOffsetPx"": -5, ""gazeXOffsetPx"": 0, ""gazeHitRadiusPx"": 22}","{""language"": ""en"", ""theme"": ""dark"", ""zoomLevel"": 1.15, ""baseGazeSamples"": 300, ""translationMode"": ""word"", ""translationOutputMode"": ""off"", ""gazeDetectionMode"": ""circle"", ""gazeMappingMode"": ""auto"", ""gazeYOffsetPx"": -5, ""gazeXOffsetPx"": 0, ""gazeHitRadiusPx"": 22}",2026-05-27T15:33:16
392,36,,"[""zoomLevel""]","{""language"": ""en"", ""theme"": ""dark"", ""zoomLevel"": 1.15, ""baseGazeSamples"": 300, ""translationMode"": ""word"", ""translationOutputMode"": ""off"", ""gazeDetectionMode"": ""circle"", ""gazeMappingMode"": ""auto"", ""gazeYOffsetPx"": -5, ""gazeXOffsetPx"": 0, ""gazeHitRadiusPx"": 22}","{""language"": ""en"", ""theme"": ""dark"", ""zoomLevel"": 1.12, ""baseGazeSamples"": 300, ""translationMode"": ""word"", ""translationOutputMode"": ""off"", ""gazeDetectionMode"": ""circle"", ""gazeMappingMode"": ""auto"", ""gazeYOffsetPx"": -5, ""gazeXOffsetPx"": 0, ""gazeHitRadiusPx"": 22}",2026-05-27T15:33:35
393,36,,"[""translationOutputMode""]","{""language"": ""en"", ""theme"": ""dark"", ""zoomLevel"": 1.12, ""baseGazeSamples"": 300, ""translationMode"": ""word"", ""translationOutputMode"": ""off"", ""gazeDetectionMode"": ""circle"", ""gazeMappingMode"": ""auto"", ""gazeYOffsetPx"": -5, ""gazeXOffsetPx"": 0, ""gazeHitRadiusPx"": 22}","{""language"": ""en"", ""theme"": ""dark"", ""zoomLevel"": 1.12, ""baseGazeSamples"": 300, ""translationMode"": ""word"", ""translationOutputMode"": ""on"", ""gazeDetectionMode"": ""circle"", ""gazeMappingMode"": ""auto"", ""gazeYOffsetPx"": -5, ""gazeXOffsetPx"": 0, ""gazeHitRadiusPx"": 22}",2026-05-27T15:40:00
394,46,,"[""translationOutputMode""]","{""language"": ""en"", ""theme"": ""dark"", ""zoomLevel"": 1, ""baseGazeSamples"": 450, ""translationMode"": ""word"", ""translationOutputMode"": ""on"", ""gazeDetectionMode"": ""circle"", ""gazeMappingMode"": ""auto"", ""gazeYOffsetPx"": -7, ""gazeXOffsetPx"": 0, ""gazeHitRadiusPx"": 22}","{""language"": ""en"", ""theme"": ""dark"", ""zoomLevel"": 1, ""baseGazeSamples"": 450, ""translationMode"": ""word"", ""translationOutputMode"": ""off"", ""gazeDetectionMode"": ""circle"", ""gazeMappingMode"": ""auto"", ""gazeYOffsetPx"": -7, ""gazeXOffsetPx"": 0, ""gazeHitRadiusPx"": 22}",2026-05-27T16:03:38
395,46,,"[""translationOutputMode""]","{""language"": ""en"", ""theme"": ""dark"", ""zoomLevel"": 1, ""baseGazeSamples"": 450, ""translationMode"": ""word"", ""translationOutputMode"": ""off"", ""gazeDetectionMode"": ""circle"", ""gazeMappingMode"": ""auto"", ""gazeYOffsetPx"": -7, ""gazeXOffsetPx"": 0, ""gazeHitRadiusPx"": 22}","{""language"": ""en"", ""theme"": ""dark"", ""zoomLevel"": 1, ""baseGazeSamples"": 450, ""translationMode"": ""word"", ""translationOutputMode"": ""on"", ""gazeDetectionMode"": ""circle"", ""gazeMappingMode"": ""auto"", ""gazeYOffsetPx"": -7, ""gazeXOffsetPx"": 0, ""gazeHitRadiusPx"": 22}",2026-05-27T16:12:31
396,21,3f786053-fbdb-4da2-915a-1aa80b565d57,"[""translationOutputMode""]","{""language"": ""en"", ""theme"": ""dark"", ""zoomLevel"": 1, ""baseGazeSamples"": 450, ""translationMode"": ""word"", ""translationOutputMode"": ""off"", ""gazeDetectionMode"": ""circle"", ""gazeMappingMode"": ""auto"", ""gazeYOffsetPx"": -18, ""gazeXOffsetPx"": 0, ""gazeHitRadiusPx"": 25}","{""language"": ""en"", ""theme"": ""dark"", ""zoomLevel"": 1, ""baseGazeSamples"": 450, ""translationMode"": ""word"", ""translationOutputMode"": ""on"", ""gazeDetectionMode"": ""circle"", ""gazeMappingMode"": ""auto"", ""gazeYOffsetPx"": -18, ""gazeXOffsetPx"": 0, ""gazeHitRadiusPx"": 25}",2026-05-27T16:34:03
397,21,,"[""translationOutputMode""]","{""language"": ""en"", ""theme"": ""dark"", ""zoomLevel"": 1, ""baseGazeSamples"": 450, ""translationMode"": ""word"", ""translationOutputMode"": ""on"", ""gazeDetectionMode"": ""circle"", ""gazeMappingMode"": ""auto"", ""gazeYOffsetPx"": -18, ""gazeXOffsetPx"": 0, ""gazeHitRadiusPx"": 25}","{""language"": ""en"", ""theme"": ""dark"", ""zoomLevel"": 1, ""baseGazeSamples"": 450, ""translationMode"": ""word"", ""translationOutputMode"": ""off"", ""gazeDetectionMode"": ""circle"", ""gazeMappingMode"": ""auto"", ""gazeYOffsetPx"": -18, ""gazeXOffsetPx"": 0, ""gazeHitRadiusPx"": 25}",2026-05-27T16:38:45
