userID,sessionID,sourceText,targetLang,translationMode,usageCount,lastTranslation,lastTranslatedAt
3,95c4a045-a8d6-4b98-a5dd-4054c83b572f,possibly,el,word,1,ενδεχομένως,2026-05-08T11:49:52.338Z
3,95c4a045-a8d6-4b98-a5dd-4054c83b572f,around,el,word,3,γύρω από,2026-05-08T11:50:18.282Z
3,95c4a045-a8d6-4b98-a5dd-4054c83b572f,"return,",el,word,1,"επιστρέψει,",2026-05-08T11:50:17.697Z
3,95c4a045-a8d6-4b98-a5dd-4054c83b572f,honeybee,el,word,2,μέλισσα,2026-05-08T11:50:17.997Z
3,95c4a045-a8d6-4b98-a5dd-4054c83b572f,bee,el,word,1,μέλισσες,2026-05-08T11:50:18.043Z
3,95c4a045-a8d6-4b98-a5dd-4054c83b572f,researchers,el,word,1,ερευνητές,2026-05-08T11:50:18.296Z
3,95c4a045-a8d6-4b98-a5dd-4054c83b572f,need,el,word,1,χρεια,2026-05-08T11:50:19.179Z
3,95c4a045-a8d6-4b98-a5dd-4054c83b572f,bees?,el,word,1,τις μέλισσες;,2026-05-08T11:50:21.060Z
3,95c4a045-a8d6-4b98-a5dd-4054c83b572f,annoying,el,word,2,ενοχλητικές,2026-05-08T11:50:31.032Z
3,95c4a045-a8d6-4b98-a5dd-4054c83b572f,truth,el,word,1,η αλήθεια,2026-05-08T11:50:23.515Z
3,95c4a045-a8d6-4b98-a5dd-4054c83b572f,incredibly,el,word,3,απίστευτα,2026-05-08T11:50:38.477Z
3,95c4a045-a8d6-4b98-a5dd-4054c83b572f,important,el,word,1,σημαντικό,2026-05-08T11:50:28.541Z
3,95c4a045-a8d6-4b98-a5dd-4054c83b572f,humans.,el,word,2,τους ανθρώπους.,2026-05-08T11:50:38.043Z
3,95c4a045-a8d6-4b98-a5dd-4054c83b572f,mass,el,word,1,μαζική,2026-05-08T11:50:43.469Z
4,94b05579-31f4-4631-b2ea-beb634a1d5cd,traveller,el,word,2,ταξιδιώτης,2026-05-08T13:31:38.561Z
4,94b05579-31f4-4631-b2ea-beb634a1d5cd,Large,el,word,1,Μεγάλο,2026-05-08T13:31:37.919Z
4,94b05579-31f4-4631-b2ea-beb634a1d5cd,Use,el,word,1,Χρήση,2026-05-08T13:31:42.302Z
4,2a46f681-0599-44ba-ade2-a25b702bdaa5,warm,el,word,2,ζεστό,2026-05-08T13:35:48.609Z
4,2a46f681-0599-44ba-ade2-a25b702bdaa5,sunlight,el,word,7,ηλιακό φως,2026-05-08T13:37:00.584Z
4,2a46f681-0599-44ba-ade2-a25b702bdaa5,covered,el,word,1,κάλυψε,2026-05-08T13:34:19.422Z
4,2a46f681-0599-44ba-ade2-a25b702bdaa5,path.,el,word,2,μονοπάτι.,2026-05-08T13:35:50.156Z
4,2a46f681-0599-44ba-ade2-a25b702bdaa5,mapping.,el,word,1,χαρτογράφηση.,2026-05-08T13:34:21.474Z
4,2a46f681-0599-44ba-ade2-a25b702bdaa5,weight.,el,word,2,πάχος.,2026-05-08T13:34:44.813Z
4,2a46f681-0599-44ba-ade2-a25b702bdaa5,vertical,el,word,7,κάθετη,2026-05-08T13:37:45.829Z
4,2a46f681-0599-44ba-ade2-a25b702bdaa5,iixed,el,word,3,σταθερό,2026-05-08T13:37:12.334Z
4,2a46f681-0599-44ba-ade2-a25b702bdaa5,sizes,el,word,2,μεγέθη,2026-05-08T13:34:28.946Z
4,2a46f681-0599-44ba-ade2-a25b702bdaa5,verticai,el,word,1,κάθετη,2026-05-08T13:34:29.587Z
4,2a46f681-0599-44ba-ade2-a25b702bdaa5,check,el,word,1,έλεγχος,2026-05-08T13:34:30.301Z
4,2a46f681-0599-44ba-ade2-a25b702bdaa5,Larger,el,word,10,Μεγαλύτερη,2026-05-08T13:37:36.978Z
4,2a46f681-0599-44ba-ade2-a25b702bdaa5,line,el,word,9,γραμμή,2026-05-08T13:37:38.383Z
4,2a46f681-0599-44ba-ade2-a25b702bdaa5,text,el,word,12,κείμενο,2026-05-08T13:37:47.973Z
4,2a46f681-0599-44ba-ade2-a25b702bdaa5,checks,el,word,2,έλεγχοι,2026-05-08T13:34:45.167Z
4,2a46f681-0599-44ba-ade2-a25b702bdaa5,tests,el,word,4,δοκιμές,2026-05-08T13:34:40.834Z
4,2a46f681-0599-44ba-ade2-a25b702bdaa5,fixation,el,word,5,σταθεροποίηση,2026-05-08T13:37:46.680Z
4,2a46f681-0599-44ba-ade2-a25b702bdaa5,Bold,el,word,3,Έντονο,2026-05-08T13:37:11.421Z
4,2a46f681-0599-44ba-ade2-a25b702bdaa5,font,el,word,1,γραμματοσειρά,2026-05-08T13:34:41.456Z
4,2a46f681-0599-44ba-ade2-a25b702bdaa5,Final,el,word,1,Τελικό,2026-05-08T13:34:45.157Z
4,2a46f681-0599-44ba-ade2-a25b702bdaa5,smiled,el,word,1,χαμογέλασε,2026-05-08T13:34:45.166Z
4,2a46f681-0599-44ba-ade2-a25b702bdaa5,Use,el,word,1,Χρήση,2026-05-08T13:34:46.302Z
4,2a46f681-0599-44ba-ade2-a25b702bdaa5,block,el,word,1,μπλοκ,2026-05-08T13:34:47.368Z
4,2a46f681-0599-44ba-ade2-a25b702bdaa5,horizontal,el,word,1,οριζόντια,2026-05-08T13:34:50.998Z
4,2a46f681-0599-44ba-ade2-a25b702bdaa5,traveller,el,word,5,ταξιδιώτης,2026-05-08T13:36:13.656Z
4,2a46f681-0599-44ba-ade2-a25b702bdaa5,pulled,el,word,5,τράβηξε,2026-05-08T13:38:01.008Z
4,2a46f681-0599-44ba-ade2-a25b702bdaa5,left-edge,el,word,5,αριστερό άκρο,2026-05-08T13:37:39.892Z
4,2a46f681-0599-44ba-ade2-a25b702bdaa5,accuracy.,el,word,4,ακρίβεια.,2026-05-08T13:37:21.648Z
4,2a46f681-0599-44ba-ade2-a25b702bdaa5,reveal,el,word,5,αποκαλύπτουν,2026-05-08T13:37:49.206Z
4,2a46f681-0599-44ba-ade2-a25b702bdaa5,alignment.,el,word,3,ευθυγράμμιση.,2026-05-08T13:37:20.969Z
4,2a46f681-0599-44ba-ade2-a25b702bdaa5,pushed,el,word,2,έσπρωξε,2026-05-08T13:37:00.498Z
4,2a46f681-0599-44ba-ade2-a25b702bdaa5,tighter,el,word,4,πιο στενή,2026-05-08T13:37:03.271Z
4,2a46f681-0599-44ba-ade2-a25b702bdaa5,Soon,el,word,1,Σύντομα,2026-05-08T13:35:53.929Z
4,2a46f681-0599-44ba-ade2-a25b702bdaa5,wind,el,word,7,άνεμος,2026-05-08T13:36:18.291Z
4,2a46f681-0599-44ba-ade2-a25b702bdaa5,tried,el,word,4,προσπάθησε,2026-05-08T13:38:00.968Z
4,2a46f681-0599-44ba-ade2-a25b702bdaa5,cloak,el,word,1,μανδύας,2026-05-08T13:36:10.265Z
4,2a46f681-0599-44ba-ade2-a25b702bdaa5,sun,el,word,1,ήλιος,2026-05-08T13:36:12.360Z
4,2a46f681-0599-44ba-ade2-a25b702bdaa5,protect,el,word,2,προστατεύω,2026-05-08T13:36:12.493Z
4,2a46f681-0599-44ba-ade2-a25b702bdaa5,stronger,el,word,2,πιο δυνατή,2026-05-08T13:36:12.845Z
4,2a46f681-0599-44ba-ade2-a25b702bdaa5,Medium,el,word,5,Μεσαίο,2026-05-08T13:36:18.616Z
4,2a46f681-0599-44ba-ade2-a25b702bdaa5,contest,el,word,2,διαγωνισμός,2026-05-08T13:36:17.146Z
4,2a46f681-0599-44ba-ade2-a25b702bdaa5,Times,el,word,3,Times,2026-05-08T13:38:00.889Z
4,2a46f681-0599-44ba-ade2-a25b702bdaa5,across,el,word,3,απέναντι,2026-05-08T13:37:01.846Z
4,2a46f681-0599-44ba-ade2-a25b702bdaa5,spacing,el,word,4,διάστιχο,2026-05-08T13:37:04.017Z
4,2a46f681-0599-44ba-ade2-a25b702bdaa5,open,el,word,5,ανοιχτό,2026-05-08T13:38:04.777Z
4,2a46f681-0599-44ba-ade2-a25b702bdaa5,field.,el,word,3,πεδίο.,2026-05-08T13:38:06.950Z
4,2a46f681-0599-44ba-ade2-a25b702bdaa5,fabric,el,word,1,ύφασμα,2026-05-08T13:37:00.511Z
4,2a46f681-0599-44ba-ade2-a25b702bdaa5,Short,el,word,1,Μικρή,2026-05-08T13:37:12.311Z
4,2a46f681-0599-44ba-ade2-a25b702bdaa5,noise.,el,word,1,θόρυβο.,2026-05-08T13:37:35.010Z
4,2a46f681-0599-44ba-ade2-a25b702bdaa5,Courier,el,word,1,Courier,2026-05-08T13:37:53.728Z
4,2a46f681-0599-44ba-ade2-a25b702bdaa5,changed,el,word,2,άλλαξε,2026-05-08T13:38:01.110Z
4,0bd62203-b691-43c0-a28b-bde657f24316,badly,el,word,1,πολύ,2026-05-08T13:38:54.051Z
4,0bd62203-b691-43c0-a28b-bde657f24316,think,el,word,4,σκέφτομαι,2026-05-08T13:38:58.632Z
4,0bd62203-b691-43c0-a28b-bde657f24316,ecosystem,el,word,2,οικοσύστημα,2026-05-08T13:39:10.720Z
4,0bd62203-b691-43c0-a28b-bde657f24316,humans.,el,word,1,τους ανθρώπους.,2026-05-08T13:39:13.826Z
4,0bd62203-b691-43c0-a28b-bde657f24316,"Unfortunately,",el,word,1,"Δυστυχώς,",2026-05-08T13:39:15.243Z
4,0bd62203-b691-43c0-a28b-bde657f24316,researchers,el,word,4,οι ερευνητές,2026-05-08T13:42:35.244Z
4,0bd62203-b691-43c0-a28b-bde657f24316,scientific,el,word,1,επιστημονικός,2026-05-08T13:39:22.468Z
4,0bd62203-b691-43c0-a28b-bde657f24316,frighteningly,el,word,1,τρομακτικά,2026-05-08T13:39:36.615Z
4,0bd62203-b691-43c0-a28b-bde657f24316,disappear,el,word,1,εξαφανίζονται,2026-05-08T13:39:41.012Z
4,0bd62203-b691-43c0-a28b-bde657f24316,"bees,",el,word,3,"μέλισσες,",2026-05-08T13:40:08.445Z
4,0bd62203-b691-43c0-a28b-bde657f24316,"crops,",el,word,1,"καλλιέργειες,",2026-05-08T13:40:01.293Z
4,0bd62203-b691-43c0-a28b-bde657f24316,instance,el,word,2,παράδειγμα,2026-05-08T13:40:04.044Z
4,0bd62203-b691-43c0-a28b-bde657f24316,essential,el,word,1,απαραίτητες,2026-05-08T13:40:03.842Z
4,0bd62203-b691-43c0-a28b-bde657f24316,Bees,el,word,1,Μέλισσες,2026-05-08T13:40:08.151Z
4,0bd62203-b691-43c0-a28b-bde657f24316,something,el,word,1,κάτι,2026-05-08T13:40:18.680Z
4,0bd62203-b691-43c0-a28b-bde657f24316,Colony,el,word,1,Αποικία,2026-05-08T13:40:20.454Z
4,0bd62203-b691-43c0-a28b-bde657f24316,Collapse,el,word,1,Κατάρρευση,2026-05-08T13:40:21.027Z
4,0bd62203-b691-43c0-a28b-bde657f24316,colonies,el,word,1,αποικίες,2026-05-08T13:40:26.161Z
4,0bd62203-b691-43c0-a28b-bde657f24316,variety,el,word,1,ποικιλία,2026-05-08T13:40:28.867Z
4,0bd62203-b691-43c0-a28b-bde657f24316,"pesticides,",el,word,1,"φυτοφάρμακα,",2026-05-08T13:40:32.667Z
4,0bd62203-b691-43c0-a28b-bde657f24316,"disease,",el,word,1,"ασθένειες,",2026-05-08T13:40:33.231Z
4,0bd62203-b691-43c0-a28b-bde657f24316,honeybees,el,word,1,μέλισσες,2026-05-08T13:40:45.551Z
4,0bd62203-b691-43c0-a28b-bde657f24316,ReadWorks’,el,word,1,ReadWorks’,2026-05-08T13:40:49.374Z
4,0bd62203-b691-43c0-a28b-bde657f24316,disappearance,el,word,1,εξαφάνιση,2026-05-08T13:41:07.571Z
4,0bd62203-b691-43c0-a28b-bde657f24316,Academy,el,word,1,Ακαδημία,2026-05-08T13:41:11.102Z
4,0bd62203-b691-43c0-a28b-bde657f24316,difficulties,el,word,1,δυσκολίες,2026-05-08T13:41:13.154Z
4,0bd62203-b691-43c0-a28b-bde657f24316,reproducing,el,word,1,αναπαραγωγή,2026-05-08T13:41:15.202Z
4,0bd62203-b691-43c0-a28b-bde657f24316,certain,el,word,1,ορισμένα,2026-05-08T13:41:22.344Z
4,0bd62203-b691-43c0-a28b-bde657f24316,extinction.,el,word,1,εξαφάνιση.,2026-05-08T13:41:24.287Z
4,0bd62203-b691-43c0-a28b-bde657f24316,bumblebee,el,word,4,μελισσών,2026-05-08T13:42:04.148Z
4,0bd62203-b691-43c0-a28b-bde657f24316,"reproduction,",el,word,1,"αναπαραγωγή,",2026-05-08T13:41:37.250Z
4,0bd62203-b691-43c0-a28b-bde657f24316,"scientists,",el,word,1,"επιστήμονες,",2026-05-08T13:41:38.607Z
4,0bd62203-b691-43c0-a28b-bde657f24316,particular,el,word,2,συγκεκριμένης,2026-05-08T13:42:54.397Z
4,0bd62203-b691-43c0-a28b-bde657f24316,completely,el,word,1,εντελώς,2026-05-08T13:41:47.754Z
4,0bd62203-b691-43c0-a28b-bde657f24316,pollinating,el,word,1,επικονίαση,2026-05-08T13:41:49.138Z
4,0bd62203-b691-43c0-a28b-bde657f24316,species-other,el,word,2,είδη - άλλα,2026-05-08T13:42:32.257Z
4,0bd62203-b691-43c0-a28b-bde657f24316,effects.,el,word,1,επιπτώσεις.,2026-05-08T13:42:23.822Z
4,0bd62203-b691-43c0-a28b-bde657f24316,larkspurs-to,el,word,2,λαρκσπούρ-για,2026-05-08T13:42:33.207Z
4,0bd62203-b691-43c0-a28b-bde657f24316,"larkspur,",el,word,1,"λαρκσπούρ,",2026-05-08T13:42:26.071Z
4,0bd62203-b691-43c0-a28b-bde657f24316,"wildflower,",el,word,1,"αγριολούλουδο,",2026-05-08T13:42:27.651Z
4,0bd62203-b691-43c0-a28b-bde657f24316,pollination,el,word,1,επικονίαση,2026-05-08T13:42:29.596Z
4,0bd62203-b691-43c0-a28b-bde657f24316,survive.,el,word,1,επιβιώσει.,2026-05-08T13:42:34.016Z
4,0bd62203-b691-43c0-a28b-bde657f24316,"bumblebees,",el,word,1,"μελισσών,",2026-05-08T13:42:37.215Z
4,0bd62203-b691-43c0-a28b-bde657f24316,remaining,el,word,1,παραμένοντας,2026-05-08T13:42:38.431Z
4,0bd62203-b691-43c0-a28b-bde657f24316,importance,el,word,2,σημασία,2026-05-08T13:42:43.534Z
4,0bd62203-b691-43c0-a28b-bde657f24316,"biodiversity,",el,word,2,"βιοποικιλότητα,",2026-05-08T13:42:55.092Z
4,0bd62203-b691-43c0-a28b-bde657f24316,study,el,word,1,μελέτη,2026-05-08T13:42:54.939Z
4,0bd62203-b691-43c0-a28b-bde657f24316,effects,el,word,2,αποτελέσματα,2026-05-08T13:43:15.973Z
4,0bd62203-b691-43c0-a28b-bde657f24316,larkspur,el,word,1,λαρκσπούρ,2026-05-08T13:43:14.073Z
4,0bd62203-b691-43c0-a28b-bde657f24316,much,el,word,1,πολύ,2026-05-08T13:43:17.018Z
4,0bd62203-b691-43c0-a28b-bde657f24316,organizations,el,word,1,οργανισμοί,2026-05-08T13:43:34.089Z
4,0bd62203-b691-43c0-a28b-bde657f24316,enhancement...targeted,el,word,1,βελτίωση... στοχευμένη,2026-05-08T13:43:40.275Z
4,0bd62203-b691-43c0-a28b-bde657f24316,collectively,el,word,1,συλλογικά,2026-05-08T13:43:53.741Z
4,0bd62203-b691-43c0-a28b-bde657f24316,"colonies.""",el,word,1,αποικίες.»,2026-05-08T13:43:57.648Z
4,5642e2ed-b46c-475c-a3d3-e8817fc1a4ad,nose,el,word,1,μύτη,2026-05-08T13:50:54.961Z
4,5642e2ed-b46c-475c-a3d3-e8817fc1a4ad,commemorate,el,word,1,επισημάνει,2026-05-08T13:51:00.689Z
4,5642e2ed-b46c-475c-a3d3-e8817fc1a4ad,Navy,el,word,1,Ναυτικό,2026-05-08T13:51:13.896Z
4,5642e2ed-b46c-475c-a3d3-e8817fc1a4ad,ultimate,el,word,1,τελική,2026-05-08T13:51:19.026Z
4,5642e2ed-b46c-475c-a3d3-e8817fc1a4ad,support,el,word,2,υποστήριξη,2026-05-08T13:51:55.081Z
4,5642e2ed-b46c-475c-a3d3-e8817fc1a4ad,victory,el,word,1,νίκη,2026-05-08T13:51:23.656Z
4,5642e2ed-b46c-475c-a3d3-e8817fc1a4ad,World,el,word,1,Κόσμος,2026-05-08T13:51:25.680Z
4,5642e2ed-b46c-475c-a3d3-e8817fc1a4ad,creating,el,word,1,δημιουργία,2026-05-08T13:51:26.217Z
4,5642e2ed-b46c-475c-a3d3-e8817fc1a4ad,overwhelming,el,word,1,συντριπτική,2026-05-08T13:51:27.986Z
4,5642e2ed-b46c-475c-a3d3-e8817fc1a4ad,morale-boosting,el,word,2,που ενίσχυαν το ηθικό,2026-05-08T13:51:32.132Z
4,5642e2ed-b46c-475c-a3d3-e8817fc1a4ad,much,el,word,1,πολύ,2026-05-08T13:51:31.786Z
4,5642e2ed-b46c-475c-a3d3-e8817fc1a4ad,made,el,word,1,δημιούργησε,2026-05-08T13:51:41.204Z
4,5642e2ed-b46c-475c-a3d3-e8817fc1a4ad,"Morgenthau,",el,word,1,"Μόργκενταου,",2026-05-08T13:51:53.694Z
4,5642e2ed-b46c-475c-a3d3-e8817fc1a4ad,Navy's,el,word,1,του Πολεμικού Ναυτικού,2026-05-08T13:51:59.291Z
4,5642e2ed-b46c-475c-a3d3-e8817fc1a4ad,"produced,",el,word,1,"παρήγαγαν,",2026-05-08T13:52:09.563Z
4,5642e2ed-b46c-475c-a3d3-e8817fc1a4ad,"months,",el,word,1,"μήνες,",2026-05-08T13:52:14.313Z
4,5642e2ed-b46c-475c-a3d3-e8817fc1a4ad,navigation,el,word,1,πλοήγηση,2026-05-08T13:52:15.151Z
4,5642e2ed-b46c-475c-a3d3-e8817fc1a4ad,animated,el,word,1,κινούμενοι,2026-05-08T13:52:19.170Z
4,5642e2ed-b46c-475c-a3d3-e8817fc1a4ad,importance,el,word,1,σημασία,2026-05-08T13:52:56.040Z
4,5642e2ed-b46c-475c-a3d3-e8817fc1a4ad,Studios,el,word,1,Studios,2026-05-08T13:53:21.467Z
4,5642e2ed-b46c-475c-a3d3-e8817fc1a4ad,embellished,el,word,1,διακόσμησε,2026-05-08T13:53:31.228Z
4,5642e2ed-b46c-475c-a3d3-e8817fc1a4ad,esprit-de-corps.,el,word,1,το ομαδικό πνεύμα.,2026-05-08T13:53:41.008Z
4,5642e2ed-b46c-475c-a3d3-e8817fc1a4ad,"surprising,",el,word,1,"εκπληκτικό,",2026-05-08T13:53:45.704Z
4,5642e2ed-b46c-475c-a3d3-e8817fc1a4ad,"""mosquito",el,word,1,«mosquito,2026-05-08T13:53:54.831Z
4,5642e2ed-b46c-475c-a3d3-e8817fc1a4ad,"organization,",el,word,2,"οργανισμός,",2026-05-08T13:53:54.985Z
4,5642e2ed-b46c-475c-a3d3-e8817fc1a4ad,"response,",el,word,1,"απάντηση,",2026-05-08T13:54:03.473Z
4,5642e2ed-b46c-475c-a3d3-e8817fc1a4ad,charging,el,word,1,χρέωση,2026-05-08T13:54:34.540Z
4,5642e2ed-b46c-475c-a3d3-e8817fc1a4ad,manuscripts,el,word,1,χειρόγραφα,2026-05-08T13:54:36.290Z
4,72141b51-488f-4930-aa5c-926c7d9047d0,Hal,el,word,1,Χαλ,2026-05-08T14:12:55.500Z
4,72141b51-488f-4930-aa5c-926c7d9047d0,commemorate,el,word,1,επισημάνει,2026-05-08T14:12:58.153Z
4,72141b51-488f-4930-aa5c-926c7d9047d0,bomber,el,word,1,βομβαρδιστικό,2026-05-08T14:12:58.672Z
4,7966b9ae-bfc9-4990-a38f-de693feaaed2,tactics.,el,word,1,τακτικές.,2026-05-08T14:13:03.357Z
4,7966b9ae-bfc9-4990-a38f-de693feaaed2,effort.,el,word,1,προσπάθεια.,2026-05-08T14:13:03.615Z
4,7966b9ae-bfc9-4990-a38f-de693feaaed2,flight,el,word,2,πτήσης,2026-05-08T14:13:03.719Z
4,7966b9ae-bfc9-4990-a38f-de693feaaed2,Disney,el,word,2,Disney,2026-05-08T14:15:20.398Z
4,7966b9ae-bfc9-4990-a38f-de693feaaed2,support,el,word,5,υποστήριξη,2026-05-08T14:15:47.037Z
4,7966b9ae-bfc9-4990-a38f-de693feaaed2,"Meanwhile,",el,word,3,"Εν τω μεταξύ,",2026-05-08T14:13:59.781Z
4,7966b9ae-bfc9-4990-a38f-de693feaaed2,Front.,el,word,3,Μέτωπο.,2026-05-08T14:13:59.117Z
4,7966b9ae-bfc9-4990-a38f-de693feaaed2,Contributing,el,word,14,Συνεισφέροντας,2026-05-08T14:16:21.218Z
4,7966b9ae-bfc9-4990-a38f-de693feaaed2,morale-boosting,el,word,9,που ενίσχυαν το ηθικό,2026-05-08T14:16:17.533Z
4,7966b9ae-bfc9-4990-a38f-de693feaaed2,esprit-de-corps.,el,word,2,το ομαδικό πνεύμα.,2026-05-08T14:13:22.359Z
4,7966b9ae-bfc9-4990-a38f-de693feaaed2,figures.,el,word,2,χαρακτήρες.,2026-05-08T14:13:35.079Z
4,7966b9ae-bfc9-4990-a38f-de693feaaed2,insignia,el,word,1,διακριτικά,2026-05-08T14:13:27.352Z
4,7966b9ae-bfc9-4990-a38f-de693feaaed2,drawings,el,word,1,σχέδια,2026-05-08T14:13:30.263Z
4,7966b9ae-bfc9-4990-a38f-de693feaaed2,design,el,word,3,σχεδιασμός,2026-05-08T14:13:42.104Z
4,7966b9ae-bfc9-4990-a38f-de693feaaed2,"driver,",el,word,1,"οδηγός,",2026-05-08T14:13:35.822Z
4,7966b9ae-bfc9-4990-a38f-de693feaaed2,emblem,el,word,1,έμβλημα,2026-05-08T14:13:40.320Z
4,7966b9ae-bfc9-4990-a38f-de693feaaed2,"jackets,",el,word,2,"τζάκετ,",2026-05-08T14:15:34.000Z
4,7966b9ae-bfc9-4990-a38f-de693feaaed2,Axis,el,word,8,Άξονας,2026-05-08T14:16:20.896Z
4,7966b9ae-bfc9-4990-a38f-de693feaaed2,Powers,el,word,1,Δυνάμεις,2026-05-08T14:14:44.862Z
4,7966b9ae-bfc9-4990-a38f-de693feaaed2,much,el,word,1,πολύ,2026-05-08T14:14:45.534Z
4,7966b9ae-bfc9-4990-a38f-de693feaaed2,military,el,word,7,στρατιωτικός,2026-05-08T14:16:17.659Z
4,7966b9ae-bfc9-4990-a38f-de693feaaed2,Aviation,el,word,1,Αεροπορία,2026-05-08T14:15:06.004Z
4,7966b9ae-bfc9-4990-a38f-de693feaaed2,photo.,el,word,1,φωτογραφία.,2026-05-08T14:15:06.871Z
4,7966b9ae-bfc9-4990-a38f-de693feaaed2,Navy,el,word,1,Ναυτικό,2026-05-08T14:15:07.237Z
4,7966b9ae-bfc9-4990-a38f-de693feaaed2,started,el,word,1,ξεκίνησε,2026-05-08T14:15:07.716Z
4,7966b9ae-bfc9-4990-a38f-de693feaaed2,government.,el,word,3,κυβέρνηση.,2026-05-08T14:15:17.962Z
4,7966b9ae-bfc9-4990-a38f-de693feaaed2,"trucks,",el,word,1,"φορτηγά,",2026-05-08T14:15:21.015Z
4,7966b9ae-bfc9-4990-a38f-de693feaaed2,unwavering,el,word,3,ακλόνητη,2026-05-08T14:15:32.601Z
4,7966b9ae-bfc9-4990-a38f-de693feaaed2,Disney-designed,el,word,1,σχεδιασμένα από τη Disney,2026-05-08T14:15:24.043Z
4,7966b9ae-bfc9-4990-a38f-de693feaaed2,maintaining,el,word,1,διατήρηση,2026-05-08T14:15:24.570Z
4,7966b9ae-bfc9-4990-a38f-de693feaaed2,overwhelming,el,word,2,συντριπτική,2026-05-08T14:15:31.647Z
4,7966b9ae-bfc9-4990-a38f-de693feaaed2,Home,el,word,1,Αρχική,2026-05-08T14:15:31.122Z
4,7966b9ae-bfc9-4990-a38f-de693feaaed2,equipment,el,word,1,εξοπλισμός,2026-05-08T14:15:35.387Z
4,7966b9ae-bfc9-4990-a38f-de693feaaed2,commemorate,el,word,4,επισημάνει,2026-05-08T14:16:25.523Z
4,7966b9ae-bfc9-4990-a38f-de693feaaed2,America's,el,word,1,Η Αμερική,2026-05-08T14:15:47.467Z
4,7966b9ae-bfc9-4990-a38f-de693feaaed2,naval,el,word,1,ναυτική,2026-05-08T14:15:50.629Z
4,7966b9ae-bfc9-4990-a38f-de693feaaed2,professional,el,word,4,επαγγελματίας,2026-05-08T14:16:26.499Z
4,7966b9ae-bfc9-4990-a38f-de693feaaed2,bomber,el,word,3,βομβαρδιστικό,2026-05-08T14:16:26.389Z
4,7966b9ae-bfc9-4990-a38f-de693feaaed2,Ruptured,el,word,2,Ruptured,2026-05-08T14:16:29.636Z
4,7966b9ae-bfc9-4990-a38f-de693feaaed2,ensuring,el,word,1,εξασφαλίζοντας,2026-05-08T14:16:02.551Z
4,7966b9ae-bfc9-4990-a38f-de693feaaed2,American,el,word,1,Αμερικανική,2026-05-08T14:16:06.734Z
4,7966b9ae-bfc9-4990-a38f-de693feaaed2,"Island,",el,word,1,"Νησί,",2026-05-08T14:16:22.999Z
4,7966b9ae-bfc9-4990-a38f-de693feaaed2,"Hawaii,",el,word,1,"Χαβάη,",2026-05-08T14:16:23.671Z
4,7966b9ae-bfc9-4990-a38f-de693feaaed2,"Duck""",el,word,1,"Duck""",2026-05-08T14:16:30.252Z
4,7966b9ae-bfc9-4990-a38f-de693feaaed2,retired,el,word,1,συνταξιούχος,2026-05-08T14:16:32.116Z
4,7966b9ae-bfc9-4990-a38f-de693feaaed2,factor,el,word,1,παράγοντας,2026-05-08T14:16:34.076Z
4,7966b9ae-bfc9-4990-a38f-de693feaaed2,Army,el,word,1,Στρατός,2026-05-08T14:16:38.218Z
4,7966b9ae-bfc9-4990-a38f-de693feaaed2,navigation,el,word,1,πλοήγηση,2026-05-08T14:16:38.271Z
4,7966b9ae-bfc9-4990-a38f-de693feaaed2,Contributing much to creating and maintaining that Home Front support were Walt Disney films.,el,sentence,1,Σημαντικό ρόλο στη δημιουργία και τη διατήρηση αυτής της υποστήριξης από το εσωτερικό έπαιξαν οι ταινίες του Γουόλτ Ντίσνεϊ.,2026-05-08T14:17:08.856Z
4,7966b9ae-bfc9-4990-a38f-de693feaaed2,An important factor ensuring America's ultimate victory over the Axis Powers in World War II was the overwhelming and unwavering support of the Home Front.,el,sentence,4,Ένας σημαντικός παράγοντας που εξασφάλισε την τελική νίκη των Ηνωμένων Πολιτειών επί των δυνάμεων του Άξονα στον Β΄ Παγκόσμιο Πόλεμο ήταν η συντριπτική και αταλάντευτη υποστήριξη του εσωτερικού μετώπου.,2026-05-08T14:17:24.429Z
5,2505b0a5-9e57-4fb9-8b9c-04f11a556d05,"chair,",el,word,1,"καρέκλα,",2026-05-18T10:05:00.340Z
5,2505b0a5-9e57-4fb9-8b9c-04f11a556d05,adjusted,el,word,2,ρύθμισε,2026-05-18T10:05:01.896Z
5,2505b0a5-9e57-4fb9-8b9c-04f11a556d05,looked,el,word,1,κοίταξε,2026-05-18T10:05:00.902Z
5,2505b0a5-9e57-4fb9-8b9c-04f11a556d05,university,el,word,1,πανεπιστήμιο,2026-05-18T10:05:00.917Z
5,2505b0a5-9e57-4fb9-8b9c-04f11a556d05,"naturally,",el,word,3,"φυσικά,",2026-05-18T10:05:12.259Z
5,2505b0a5-9e57-4fb9-8b9c-04f11a556d05,read,el,word,2,να διαβάζεις,2026-05-18T10:05:16.935Z
5,2505b0a5-9e57-4fb9-8b9c-04f11a556d05,goal,el,word,2,στόχος,2026-05-18T10:05:14.317Z
5,2505b0a5-9e57-4fb9-8b9c-04f11a556d05,front,el,word,1,μπροστά,2026-05-18T10:05:22.778Z
5,0bfe49ce-f7b4-47a1-b011-6707490b9bc6,front,el,word,3,μπροστά,2026-05-18T10:05:48.912Z
5,0bfe49ce-f7b4-47a1-b011-6707490b9bc6,pace.,el,word,1,ρυθμό.,2026-05-18T10:05:39.870Z
5,0bfe49ce-f7b4-47a1-b011-6707490b9bc6,first,el,word,1,πρώτη,2026-05-18T10:05:42.866Z
5,0bfe49ce-f7b4-47a1-b011-6707490b9bc6,morning,el,word,2,πρωί,2026-05-18T10:05:49.215Z
5,6d9d323a-9bbe-4c82-bdf9-16f6b46f9f5d,morning,el,word,1,πρωί,2026-05-18T10:06:16.486Z
5,6d9d323a-9bbe-4c82-bdf9-16f6b46f9f5d,front,el,word,2,μπροστά,2026-05-18T10:06:18.864Z
5,6d9d323a-9bbe-4c82-bdf9-16f6b46f9f5d,first,el,word,4,πρώτη,2026-05-18T10:06:41.628Z
5,6d9d323a-9bbe-4c82-bdf9-16f6b46f9f5d,comfortable,el,word,3,άνετο,2026-05-18T10:06:46.484Z
5,6d9d323a-9bbe-4c82-bdf9-16f6b46f9f5d,avoid,el,word,1,αποφύγετε,2026-05-18T10:06:17.923Z
5,6d9d323a-9bbe-4c82-bdf9-16f6b46f9f5d,real,el,word,1,πραγματικό,2026-05-18T10:06:17.922Z
5,6d9d323a-9bbe-4c82-bdf9-16f6b46f9f5d,"screen,",el,word,1,"οθόνη,",2026-05-18T10:06:20.022Z
5,6d9d323a-9bbe-4c82-bdf9-16f6b46f9f5d,simple:,el,word,1,απλό:,2026-05-18T10:06:20.599Z
5,6d9d323a-9bbe-4c82-bdf9-16f6b46f9f5d,adjusted,el,word,1,ρύθμισε,2026-05-18T10:06:21.103Z
5,6d9d323a-9bbe-4c82-bdf9-16f6b46f9f5d,sudden,el,word,2,ξαφνικές,2026-05-18T10:06:30.164Z
5,6d9d323a-9bbe-4c82-bdf9-16f6b46f9f5d,quiet,el,word,1,ήσυχο,2026-05-18T10:06:23.092Z
5,6d9d323a-9bbe-4c82-bdf9-16f6b46f9f5d,gaze,el,word,2,βλέμμα,2026-05-18T10:07:40.041Z
5,6d9d323a-9bbe-4c82-bdf9-16f6b46f9f5d,points,el,word,1,σημεία,2026-05-18T10:06:28.352Z
5,6d9d323a-9bbe-4c82-bdf9-16f6b46f9f5d,followed,el,word,1,ακολουθούσε,2026-05-18T10:06:28.980Z
5,6d9d323a-9bbe-4c82-bdf9-16f6b46f9f5d,head,el,word,2,κεφάλι,2026-05-18T10:06:41.881Z
5,6d9d323a-9bbe-4c82-bdf9-16f6b46f9f5d,read,el,word,2,να διαβάζεις,2026-05-18T10:07:07.331Z
5,6d9d323a-9bbe-4c82-bdf9-16f6b46f9f5d,continue,el,word,1,συνέχεια,2026-05-18T10:06:49.474Z
5,6d9d323a-9bbe-4c82-bdf9-16f6b46f9f5d,accurately,el,word,5,με ακρίβεια,2026-05-18T10:08:02.627Z
5,6d9d323a-9bbe-4c82-bdf9-16f6b46f9f5d,becomes,el,word,1,γίνεται,2026-05-18T10:07:08.488Z
5,6d9d323a-9bbe-4c82-bdf9-16f6b46f9f5d,slightly,el,word,3,ελαφρώς,2026-05-18T10:08:02.444Z
5,6d9d323a-9bbe-4c82-bdf9-16f6b46f9f5d,f-,el,word,9,στ-,2026-05-18T10:08:41.734Z
5,6d9d323a-9bbe-4c82-bdf9-16f6b46f9f5d,Times,el,word,2,Times,2026-05-18T10:09:00.005Z
5,6d9d323a-9bbe-4c82-bdf9-16f6b46f9f5d,larges,el,word,5,μεγάλα,2026-05-18T10:08:37.631Z
5,6d9d323a-9bbe-4c82-bdf9-16f6b46f9f5d,.,el,word,2,.,2026-05-18T10:07:27.287Z
5,6d9d323a-9bbe-4c82-bdf9-16f6b46f9f5d,whether,el,word,2,αν,2026-05-18T10:07:30.192Z
5,6d9d323a-9bbe-4c82-bdf9-16f6b46f9f5d,letter,el,word,1,γράμμα,2026-05-18T10:07:21.447Z
5,6d9d323a-9bbe-4c82-bdf9-16f6b46f9f5d,shapes,el,word,3,σχήματα,2026-05-18T10:08:23.509Z
5,6d9d323a-9bbe-4c82-bdf9-16f6b46f9f5d,wider,el,word,1,ευρύτερο,2026-05-18T10:07:28.759Z
5,6d9d323a-9bbe-4c82-bdf9-16f6b46f9f5d,visual,el,word,2,οπτικά,2026-05-18T10:08:18.930Z
5,6d9d323a-9bbe-4c82-bdf9-16f6b46f9f5d,reveal,el,word,1,αποκαλύπτουν,2026-05-18T10:07:29.727Z
5,6d9d323a-9bbe-4c82-bdf9-16f6b46f9f5d,behaves,el,word,1,συμπεριφέρεται,2026-05-18T10:07:31.019Z
5,6d9d323a-9bbe-4c82-bdf9-16f6b46f9f5d,validation,el,word,1,επικύρωση,2026-05-18T10:07:32.292Z
5,6d9d323a-9bbe-4c82-bdf9-16f6b46f9f5d,tracking,el,word,2,απόσταση μεταξύ γραμμάτων,2026-05-18T10:08:16.125Z
5,6d9d323a-9bbe-4c82-bdf9-16f6b46f9f5d,current,el,word,1,ρεύμα,2026-05-18T10:07:33.961Z
5,6d9d323a-9bbe-4c82-bdf9-16f6b46f9f5d,smooth,el,word,1,ομαλή,2026-05-18T10:07:34.486Z
5,6d9d323a-9bbe-4c82-bdf9-16f6b46f9f5d,still,el,word,2,ακόμα,2026-05-18T10:07:58.910Z
5,6d9d323a-9bbe-4c82-bdf9-16f6b46f9f5d,detects,el,word,1,ανιχνεύει,2026-05-18T10:07:39.534Z
5,6d9d323a-9bbe-4c82-bdf9-16f6b46f9f5d,fixations,el,word,1,σταθεροποιήσεις,2026-05-18T10:07:40.259Z
5,6d9d323a-9bbe-4c82-bdf9-16f6b46f9f5d,beside,el,word,1,δίπλα,2026-05-18T10:07:41.595Z
5,6d9d323a-9bbe-4c82-bdf9-16f6b46f9f5d,"words,",el,word,1,"λέξεις,",2026-05-18T10:07:42.242Z
5,6d9d323a-9bbe-4c82-bdf9-16f6b46f9f5d,letters,el,word,1,γράμματα,2026-05-18T10:07:43.192Z
5,6d9d323a-9bbe-4c82-bdf9-16f6b46f9f5d,reduced.,el,word,1,μειωθεί.,2026-05-18T10:07:43.726Z
5,6d9d323a-9bbe-4c82-bdf9-16f6b46f9f5d,appears,el,word,2,φαίνεται,2026-05-18T10:07:58.019Z
5,6d9d323a-9bbe-4c82-bdf9-16f6b46f9f5d,experiment,el,word,2,πείραμα,2026-05-18T10:07:47.898Z
5,6d9d323a-9bbe-4c82-bdf9-16f6b46f9f5d,relevant,el,word,3,σχετικές,2026-05-18T10:08:24.356Z
5,6d9d323a-9bbe-4c82-bdf9-16f6b46f9f5d,settings,el,word,1,ρυθμίσεις,2026-05-18T10:07:46.974Z
5,6d9d323a-9bbe-4c82-bdf9-16f6b46f9f5d,begins.,el,word,1,ξεκινά.,2026-05-18T10:07:48.400Z
5,6d9d323a-9bbe-4c82-bdf9-16f6b46f9f5d,system,el,word,1,σύστημα,2026-05-18T10:07:54.310Z
5,6d9d323a-9bbe-4c82-bdf9-16f6b46f9f5d,paragraph,el,word,3,παράγραφος,2026-05-18T10:08:38.887Z
5,6d9d323a-9bbe-4c82-bdf9-16f6b46f9f5d,uses,el,word,1,χρησιμοποιεί,2026-05-18T10:07:56.375Z
5,6d9d323a-9bbe-4c82-bdf9-16f6b46f9f5d,larger,el,word,1,μεγαλύτερη,2026-05-18T10:07:57.185Z
5,6d9d323a-9bbe-4c82-bdf9-16f6b46f9f5d,"naturally,",el,word,1,"φυσικά,",2026-05-18T10:08:11.865Z
5,6d9d323a-9bbe-4c82-bdf9-16f6b46f9f5d,next,el,word,2,επόμενο,2026-05-18T10:08:16.198Z
5,6d9d323a-9bbe-4c82-bdf9-16f6b46f9f5d,systematic,el,word,1,συστηματική,2026-05-18T10:09:04.273Z
5,6d9d323a-9bbe-4c82-bdf9-16f6b46f9f5d,continent.,el,word,2,ηπειρωτική χώρα.,2026-05-18T10:11:44.751Z
5,6d9d323a-9bbe-4c82-bdf9-16f6b46f9f5d,circumstances,el,word,1,συνθήκες,2026-05-18T10:11:19.517Z
5,6d9d323a-9bbe-4c82-bdf9-16f6b46f9f5d,important,el,word,1,σημαντικό,2026-05-18T10:11:25.140Z
5,6d9d323a-9bbe-4c82-bdf9-16f6b46f9f5d,hunted,el,word,1,κυνηγούσαν,2026-05-18T10:11:25.863Z
5,6d9d323a-9bbe-4c82-bdf9-16f6b46f9f5d,European,el,word,1,Ευρωπαίοι,2026-05-18T10:11:26.813Z
5,6d9d323a-9bbe-4c82-bdf9-16f6b46f9f5d,seventeenth,el,word,1,17ος,2026-05-18T10:11:26.883Z
5,6d9d323a-9bbe-4c82-bdf9-16f6b46f9f5d,obtaining,el,word,1,απόκτηση,2026-05-18T10:11:26.949Z
5,6d9d323a-9bbe-4c82-bdf9-16f6b46f9f5d,uncharted,el,word,1,αχαρτογράφητα,2026-05-18T10:11:42.313Z
5,6d9d323a-9bbe-4c82-bdf9-16f6b46f9f5d,promise,el,word,1,υπόσχεση,2026-05-18T10:11:42.831Z
5,6d9d323a-9bbe-4c82-bdf9-16f6b46f9f5d,technology.,el,word,1,τεχνολογία.,2026-05-18T10:11:51.726Z
5,6d9d323a-9bbe-4c82-bdf9-16f6b46f9f5d,smallpox.,el,word,1,εφιάλτης.,2026-05-18T10:12:02.938Z
5,6d9d323a-9bbe-4c82-bdf9-16f6b46f9f5d,estimate,el,word,1,εκτιμούν,2026-05-18T10:12:05.287Z
5,6d9d323a-9bbe-4c82-bdf9-16f6b46f9f5d,smallpox,el,word,1,η ευλογιά,2026-05-18T10:12:10.552Z
5,6d9d323a-9bbe-4c82-bdf9-16f6b46f9f5d,Europeans.,el,word,1,Ευρωπαίοι.,2026-05-18T10:12:10.600Z
5,6d9d323a-9bbe-4c82-bdf9-16f6b46f9f5d,disputes,el,word,1,διαμάχες,2026-05-18T10:12:25.957Z
5,6d9d323a-9bbe-4c82-bdf9-16f6b46f9f5d,Americans,el,word,2,Αμερικανοί,2026-05-18T10:12:42.095Z
5,6d9d323a-9bbe-4c82-bdf9-16f6b46f9f5d,exchanged,el,word,1,αντάλλασσαν,2026-05-18T10:12:27.527Z
5,6d9d323a-9bbe-4c82-bdf9-16f6b46f9f5d,"Jamestown,",el,word,1,"Τζέιμσταουν,",2026-05-18T10:12:31.773Z
5,6d9d323a-9bbe-4c82-bdf9-16f6b46f9f5d,settlers,el,word,1,άποικοι,2026-05-18T10:12:34.006Z
5,6d9d323a-9bbe-4c82-bdf9-16f6b46f9f5d,pressured,el,word,1,πίεσαν,2026-05-18T10:12:53.237Z
5,6d9d323a-9bbe-4c82-bdf9-16f6b46f9f5d,Anglo-Powhatan,el,word,1,Αγγλο-Ποουχάταν,2026-05-18T10:12:58.172Z
5,6d9d323a-9bbe-4c82-bdf9-16f6b46f9f5d,North,el,word,1,Βόρεια,2026-05-18T10:13:05.934Z
5,6d9d323a-9bbe-4c82-bdf9-16f6b46f9f5d,reserved.,el,word,1,διατηρούνται.,2026-05-18T10:13:51.945Z
5,f07d91d8-952d-446d-af50-690e1d78a002,exploration,el,word,3,εξερεύνηση,2026-05-18T10:17:40.666Z
5,f07d91d8-952d-446d-af50-690e1d78a002,governments,el,word,1,κυβερνήσεις,2026-05-18T10:17:52.509Z
5,50dd1615-e574-4caf-8db6-37bc70815439,"Historically,",el,word,1,"Ιστορικά,",2026-05-18T10:18:01.033Z
5,50dd1615-e574-4caf-8db6-37bc70815439,prospect,el,word,1,προοπτική,2026-05-18T10:18:11.381Z
5,50dd1615-e574-4caf-8db6-37bc70815439,mainland,el,word,1,ηπειρωτική,2026-05-18T10:18:21.775Z
5,50dd1615-e574-4caf-8db6-37bc70815439,calculating,el,word,1,υπολογίζοντας,2026-05-18T10:18:23.172Z
5,50dd1615-e574-4caf-8db6-37bc70815439,"reckoning,""",el,word,1,"υπολογισμός»,",2026-05-18T10:18:26.142Z
5,50dd1615-e574-4caf-8db6-37bc70815439,"quadrant,",el,word,1,"τεταρτημόριο,",2026-05-18T10:18:50.941Z
5,50dd1615-e574-4caf-8db6-37bc70815439,Time-keeping,el,word,1,Χρονομέτρηση,2026-05-18T10:18:59.038Z
5,50dd1615-e574-4caf-8db6-37bc70815439,always,el,word,1,πάντα,2026-05-18T10:19:15.438Z
5,50dd1615-e574-4caf-8db6-37bc70815439,astrolabe,el,word,1,αστρολάβος,2026-05-18T10:19:35.525Z
5,50dd1615-e574-4caf-8db6-37bc70815439,navigational,el,word,1,ναυτιλιακά,2026-05-18T10:19:37.282Z
5,50dd1615-e574-4caf-8db6-37bc70815439,helpedexplorers,el,word,1,βοηθούσε τους εξερευνητές,2026-05-18T10:19:38.572Z
5,50dd1615-e574-4caf-8db6-37bc70815439,latitudinal,el,word,1,γεωγραφικό πλάτος,2026-05-18T10:19:39.684Z
5,50dd1615-e574-4caf-8db6-37bc70815439,location,el,word,1,τοποθεσία,2026-05-18T10:19:42.434Z
5,50dd1615-e574-4caf-8db6-37bc70815439,incomplete,el,word,2,ατελής,2026-05-18T10:19:46.709Z
5,50dd1615-e574-4caf-8db6-37bc70815439,Columbus's,el,word,4,Ο Κολόμβος,2026-05-18T10:20:23.708Z
5,50dd1615-e574-4caf-8db6-37bc70815439,determine,el,word,2,προσδιορίζω,2026-05-18T10:20:50.342Z
5,50dd1615-e574-4caf-8db6-37bc70815439,inadvertently,el,word,1,αθέλητα,2026-05-18T10:19:52.789Z
5,50dd1615-e574-4caf-8db6-37bc70815439,imprecise,el,word,1,ανακριβής,2026-05-18T10:19:55.374Z
5,50dd1615-e574-4caf-8db6-37bc70815439,available,el,word,1,διαθέσιμες,2026-05-18T10:20:04.656Z
5,50dd1615-e574-4caf-8db6-37bc70815439,would,el,word,1,θα,2026-05-18T10:20:12.001Z
5,50dd1615-e574-4caf-8db6-37bc70815439,governments,el,word,1,κυβερνήσεις,2026-05-18T10:20:24.617Z
5,50dd1615-e574-4caf-8db6-37bc70815439,limited,el,word,1,περιορισμένη,2026-05-18T10:20:29.748Z
5,50dd1615-e574-4caf-8db6-37bc70815439,sextant,el,word,1,εξάντα,2026-05-18T10:20:50.609Z
5,50dd1615-e574-4caf-8db6-37bc70815439,impossible,el,word,1,αδύνατο,2026-05-18T10:21:02.968Z
5,50dd1615-e574-4caf-8db6-37bc70815439,time,el,word,1,χρόνος,2026-05-18T10:29:47.020Z
6,ffdd5df8-07c9-4049-bfc4-bf247d2e6a1d,quiet,el,word,1,ήσυχο,2026-05-18T10:34:37.000Z
6,ffdd5df8-07c9-4049-bfc4-bf247d2e6a1d,normal,el,word,1,κανονικό,2026-05-18T10:34:40.183Z
6,ffdd5df8-07c9-4049-bfc4-bf247d2e6a1d,participant,el,word,1,συμμετέχων,2026-05-18T10:34:42.393Z
6,ffdd5df8-07c9-4049-bfc4-bf247d2e6a1d,checked,el,word,4,ελέγχθηκε,2026-05-18T10:36:19.511Z
6,ffdd5df8-07c9-4049-bfc4-bf247d2e6a1d,"movements,",el,word,4,"κινήσεις,",2026-05-18T10:36:23.617Z
6,ffdd5df8-07c9-4049-bfc4-bf247d2e6a1d,sudden,el,word,1,ξαφνικές,2026-05-18T10:34:54.821Z
6,ffdd5df8-07c9-4049-bfc4-bf247d2e6a1d,head,el,word,1,κεφάλι,2026-05-18T10:34:56.865Z
6,ffdd5df8-07c9-4049-bfc4-bf247d2e6a1d,system,el,word,2,σύστημα,2026-05-18T10:35:12.005Z
6,ffdd5df8-07c9-4049-bfc4-bf247d2e6a1d,reduced.,el,word,1,μειωθεί.,2026-05-18T10:34:57.855Z
6,ffdd5df8-07c9-4049-bfc4-bf247d2e6a1d,makes,el,word,2,κάνει,2026-05-18T10:35:10.040Z
6,ffdd5df8-07c9-4049-bfc4-bf247d2e6a1d,.,el,word,1,.,2026-05-18T10:35:01.849Z
6,ffdd5df8-07c9-4049-bfc4-bf247d2e6a1d,gaze,el,word,2,βλέμμα,2026-05-18T10:36:36.270Z
6,ffdd5df8-07c9-4049-bfc4-bf247d2e6a1d,neighboring,el,word,1,γειτονικά,2026-05-18T10:35:05.592Z
6,ffdd5df8-07c9-4049-bfc4-bf247d2e6a1d,distance,el,word,2,απόσταση,2026-05-18T10:35:15.722Z
6,ffdd5df8-07c9-4049-bfc4-bf247d2e6a1d,text,el,word,1,κείμενο,2026-05-18T10:35:08.688Z
6,ffdd5df8-07c9-4049-bfc4-bf247d2e6a1d,becomes,el,word,1,γίνεται,2026-05-18T10:35:08.988Z
6,ffdd5df8-07c9-4049-bfc4-bf247d2e6a1d,smaller.,el,word,1,μικρότερο.,2026-05-18T10:35:09.333Z
6,ffdd5df8-07c9-4049-bfc4-bf247d2e6a1d,easier,el,word,1,ευκολότερο,2026-05-18T10:35:10.455Z
6,ffdd5df8-07c9-4049-bfc4-bf247d2e6a1d,whether,el,word,1,αν,2026-05-18T10:35:11.201Z
6,ffdd5df8-07c9-4049-bfc4-bf247d2e6a1d,detects,el,word,1,ανιχνεύει,2026-05-18T10:35:12.680Z
6,ffdd5df8-07c9-4049-bfc4-bf247d2e6a1d,fixations,el,word,1,σταθεροποιήσεις,2026-05-18T10:35:13.558Z
6,ffdd5df8-07c9-4049-bfc4-bf247d2e6a1d,accurately,el,word,1,με ακρίβεια,2026-05-18T10:35:14.415Z
6,ffdd5df8-07c9-4049-bfc4-bf247d2e6a1d,followed,el,word,1,ακολουθούσε,2026-05-18T10:35:18.952Z
6,ffdd5df8-07c9-4049-bfc4-bf247d2e6a1d,comfortable,el,word,1,άνετο,2026-05-18T10:35:20.264Z
6,ffdd5df8-07c9-4049-bfc4-bf247d2e6a1d,text.,el,word,1,κείμενο.,2026-05-18T10:35:21.280Z
6,ffdd5df8-07c9-4049-bfc4-bf247d2e6a1d,researcher,el,word,1,ερευνητής,2026-05-18T10:36:16.694Z
6,ffdd5df8-07c9-4049-bfc4-bf247d2e6a1d,continue,el,word,1,συνέχεια,2026-05-18T10:36:26.801Z
6,ffdd5df8-07c9-4049-bfc4-bf247d2e6a1d,simple:,el,word,1,απλό:,2026-05-18T10:36:28.354Z
6,cf06b6aa-0f00-4c62-86d1-283a34736f09,nose,el,word,1,μύτη,2026-05-18T10:38:41.435Z
6,cf06b6aa-0f00-4c62-86d1-283a34736f09,Ruptured,el,word,1,Ruptured,2026-05-18T10:38:43.208Z
6,cf06b6aa-0f00-4c62-86d1-283a34736f09,Museum,el,word,1,Μουσείο,2026-05-18T10:38:44.209Z
6,cf06b6aa-0f00-4c62-86d1-283a34736f09,"Hawaii,",el,word,1,"Χαβάη,",2026-05-18T10:38:49.323Z
6,cf06b6aa-0f00-4c62-86d1-283a34736f09,commemorate,el,word,1,επισημάνει,2026-05-18T10:38:50.181Z
6,cf06b6aa-0f00-4c62-86d1-283a34736f09,"mechanic,",el,word,1,"μηχανικός,",2026-05-18T10:38:52.268Z
6,cf06b6aa-0f00-4c62-86d1-283a34736f09,aircraft's,el,word,1,αεροσκάφους,2026-05-18T10:38:53.495Z
6,cf06b6aa-0f00-4c62-86d1-283a34736f09,retired,el,word,1,συνταξιούχος,2026-05-18T10:38:55.851Z
6,cf06b6aa-0f00-4c62-86d1-283a34736f09,important,el,word,3,σημαντικό,2026-05-18T10:39:04.336Z
6,cf06b6aa-0f00-4c62-86d1-283a34736f09,overwhelming,el,word,2,συντριπτική,2026-05-18T10:39:11.805Z
6,cf06b6aa-0f00-4c62-86d1-283a34736f09,film,el,word,1,ταινία,2026-05-18T10:39:03.243Z
6,cf06b6aa-0f00-4c62-86d1-283a34736f09,factor,el,word,1,παράγοντας,2026-05-18T10:39:05.079Z
6,cf06b6aa-0f00-4c62-86d1-283a34736f09,ensuring,el,word,1,εξασφαλίζοντας,2026-05-18T10:39:05.952Z
6,cf06b6aa-0f00-4c62-86d1-283a34736f09,Front.,el,word,1,Μέτωπο.,2026-05-18T10:39:07.729Z
6,cf06b6aa-0f00-4c62-86d1-283a34736f09,Contributing,el,word,1,Συνεισφέροντας,2026-05-18T10:39:08.627Z
6,cf06b6aa-0f00-4c62-86d1-283a34736f09,unwavering,el,word,1,ακλόνητη,2026-05-18T10:39:12.782Z
6,cf06b6aa-0f00-4c62-86d1-283a34736f09,morale-boosting,el,word,3,που ενίσχυαν το ηθικό,2026-05-18T10:39:26.328Z
6,cf06b6aa-0f00-4c62-86d1-283a34736f09,creating,el,word,1,δημιουργία,2026-05-18T10:39:18.318Z
6,cf06b6aa-0f00-4c62-86d1-283a34736f09,maintaining,el,word,1,διατήρηση,2026-05-18T10:39:19.533Z
6,cf06b6aa-0f00-4c62-86d1-283a34736f09,"trucks,",el,word,2,"φορτηγά,",2026-05-18T10:47:27.866Z
6,cf06b6aa-0f00-4c62-86d1-283a34736f09,"Meanwhile,",el,word,2,"Εν τω μεταξύ,",2026-05-18T10:47:19.556Z
6,cf06b6aa-0f00-4c62-86d1-283a34736f09,military,el,word,2,στρατιωτικός,2026-05-18T10:45:38.196Z
6,cf06b6aa-0f00-4c62-86d1-283a34736f09,Disney-designed,el,word,1,σχεδιασμένα από τη Disney,2026-05-18T10:39:27.353Z
6,cf06b6aa-0f00-4c62-86d1-283a34736f09,appeared,el,word,1,εμφανίστηκαν,2026-05-18T10:39:30.085Z
6,cf06b6aa-0f00-4c62-86d1-283a34736f09,"planes,",el,word,1,"αεροπλάνα,",2026-05-18T10:39:31.559Z
6,cf06b6aa-0f00-4c62-86d1-283a34736f09,accomplished,el,word,1,πέτυχε,2026-05-18T10:39:36.323Z
6,cf06b6aa-0f00-4c62-86d1-283a34736f09,Disney,el,word,2,Disney,2026-05-18T10:40:46.922Z
6,cf06b6aa-0f00-4c62-86d1-283a34736f09,Typical,el,word,1,Χαρακτηριστικό,2026-05-18T10:39:47.737Z
6,cf06b6aa-0f00-4c62-86d1-283a34736f09,Spirit,el,word,1,Spirit,2026-05-18T10:39:53.252Z
6,cf06b6aa-0f00-4c62-86d1-283a34736f09,produced,el,word,4,παραγωγή,2026-05-18T10:41:20.609Z
6,cf06b6aa-0f00-4c62-86d1-283a34736f09,Secretary,el,word,2,Υπουργός,2026-05-18T10:39:59.908Z
6,cf06b6aa-0f00-4c62-86d1-283a34736f09,government.,el,word,2,κυβέρνηση.,2026-05-18T10:40:00.113Z
6,cf06b6aa-0f00-4c62-86d1-283a34736f09,depicted,el,word,2,απεικονίζει,2026-05-18T10:40:13.296Z
6,cf06b6aa-0f00-4c62-86d1-283a34736f09,federal,el,word,1,ομοσπονδιακός,2026-05-18T10:40:06.811Z
6,cf06b6aa-0f00-4c62-86d1-283a34736f09,Henry,el,word,1,Χένρι,2026-05-18T10:40:10.395Z
6,cf06b6aa-0f00-4c62-86d1-283a34736f09,"Morgenthau,",el,word,1,"Μόργκενταου,",2026-05-18T10:40:11.522Z
6,cf06b6aa-0f00-4c62-86d1-283a34736f09,Donald,el,word,1,Ντόναλντ,2026-05-18T10:40:13.725Z
6,cf06b6aa-0f00-4c62-86d1-283a34736f09,dealing,el,word,5,αντιμετωπίζει,2026-05-18T10:44:43.782Z
6,cf06b6aa-0f00-4c62-86d1-283a34736f09,Studios,el,word,3,Στούντιο,2026-05-18T10:43:30.636Z
6,cf06b6aa-0f00-4c62-86d1-283a34736f09,navigation,el,word,1,πλοήγηση,2026-05-18T10:40:15.700Z
6,cf06b6aa-0f00-4c62-86d1-283a34736f09,Navy's,el,word,2,του Πολεμικού Ναυτικού,2026-05-18T10:40:37.400Z
6,cf06b6aa-0f00-4c62-86d1-283a34736f09,"produced,",el,word,2,"παρήγαγαν,",2026-05-18T10:46:33.608Z
6,cf06b6aa-0f00-4c62-86d1-283a34736f09,animators,el,word,2,animators,2026-05-18T10:48:51.564Z
6,cf06b6aa-0f00-4c62-86d1-283a34736f09,tactics.,el,word,2,τακτικές.,2026-05-18T10:48:49.620Z
6,cf06b6aa-0f00-4c62-86d1-283a34736f09,Hollywood,el,word,2,Χόλιγουντ,2026-05-18T10:41:36.755Z
6,cf06b6aa-0f00-4c62-86d1-283a34736f09,producer,el,word,1,παραγωγός,2026-05-18T10:40:51.659Z
6,cf06b6aa-0f00-4c62-86d1-283a34736f09,consider,el,word,1,εξετάζω,2026-05-18T10:40:54.542Z
6,cf06b6aa-0f00-4c62-86d1-283a34736f09,devoted,el,word,1,αφιερωμένοι,2026-05-18T10:41:02.465Z
6,cf06b6aa-0f00-4c62-86d1-283a34736f09,production,el,word,1,παραγωγή,2026-05-18T10:41:04.010Z
6,cf06b6aa-0f00-4c62-86d1-283a34736f09,training,el,word,1,εκπαίδευση,2026-05-18T10:41:05.752Z
6,cf06b6aa-0f00-4c62-86d1-283a34736f09,representing,el,word,2,που αντιστοιχούν σε,2026-05-18T10:41:23.548Z
6,cf06b6aa-0f00-4c62-86d1-283a34736f09,continuous,el,word,1,συνεχής,2026-05-18T10:41:17.619Z
6,cf06b6aa-0f00-4c62-86d1-283a34736f09,films,el,word,1,ταινίες,2026-05-18T10:41:20.246Z
6,cf06b6aa-0f00-4c62-86d1-283a34736f09,featuring,el,word,1,με πρωταγωνιστή,2026-05-18T10:41:24.248Z
6,cf06b6aa-0f00-4c62-86d1-283a34736f09,importance,el,word,1,σημασία,2026-05-18T10:41:32.443Z
6,cf06b6aa-0f00-4c62-86d1-283a34736f09,accorded,el,word,1,απονέμεται,2026-05-18T10:41:40.329Z
6,cf06b6aa-0f00-4c62-86d1-283a34736f09,deployed,el,word,1,ανέπτυξε,2026-05-18T10:41:43.040Z
6,cf06b6aa-0f00-4c62-86d1-283a34736f09,Sleeve,el,word,1,Μανίκι,2026-05-18T10:41:51.081Z
6,cf06b6aa-0f00-4c62-86d1-283a34736f09,Service,el,word,1,Υπηρεσία,2026-05-18T10:41:51.113Z
6,cf06b6aa-0f00-4c62-86d1-283a34736f09,"""Fifinella,""",el,word,2,"«Fifinella»,",2026-05-18T10:41:51.207Z
6,cf06b6aa-0f00-4c62-86d1-283a34736f09,drawings,el,word,1,σχέδια,2026-05-18T10:42:19.602Z
6,cf06b6aa-0f00-4c62-86d1-283a34736f09,Walt,el,word,1,Ο Walt,2026-05-18T10:42:23.991Z
6,cf06b6aa-0f00-4c62-86d1-283a34736f09,esprit-de-corps.,el,word,3,το ομαδικό πνεύμα.,2026-05-18T10:42:41.120Z
6,cf06b6aa-0f00-4c62-86d1-283a34736f09,insignia,el,word,2,διακριτικά,2026-05-18T10:42:52.149Z
6,cf06b6aa-0f00-4c62-86d1-283a34736f09,often,el,word,1,συχνά,2026-05-18T10:42:36.379Z
6,cf06b6aa-0f00-4c62-86d1-283a34736f09,unit,el,word,1,μονάδα,2026-05-18T10:42:36.546Z
6,cf06b6aa-0f00-4c62-86d1-283a34736f09,talents,el,word,2,ταλέντα,2026-05-18T10:42:40.359Z
6,cf06b6aa-0f00-4c62-86d1-283a34736f09,appropriate,el,word,2,κατάλληλο,2026-05-18T10:43:08.696Z
6,cf06b6aa-0f00-4c62-86d1-283a34736f09,"response,",el,word,1,"απάντηση,",2026-05-18T10:43:06.287Z
6,cf06b6aa-0f00-4c62-86d1-283a34736f09,provided,el,word,1,παρείχε,2026-05-18T10:43:07.620Z
6,cf06b6aa-0f00-4c62-86d1-283a34736f09,constructed,el,word,1,κατασκευασμένα,2026-05-18T10:43:17.100Z
6,cf06b6aa-0f00-4c62-86d1-283a34736f09,"torpedo,",el,word,2,"τορπίλη,",2026-05-18T10:43:22.730Z
6,cf06b6aa-0f00-4c62-86d1-283a34736f09,Supplies,el,word,1,Προμήθειες,2026-05-18T10:43:22.680Z
6,cf06b6aa-0f00-4c62-86d1-283a34736f09,boats.,el,word,2,σκάφη.,2026-05-18T10:43:27.351Z
6,cf06b6aa-0f00-4c62-86d1-283a34736f09,winged,el,word,2,φτερωτή,2026-05-18T10:43:29.273Z
6,cf06b6aa-0f00-4c62-86d1-283a34736f09,Education,el,word,1,Εκπαίδευση,2026-05-18T10:43:27.495Z
6,cf06b6aa-0f00-4c62-86d1-283a34736f09,tiger,el,word,1,τίγρης,2026-05-18T10:43:31.077Z
6,cf06b6aa-0f00-4c62-86d1-283a34736f09,charging,el,word,1,χρέωση,2026-05-18T10:43:56.477Z
6,cf06b6aa-0f00-4c62-86d1-283a34736f09,effort.,el,word,1,προσπάθεια.,2026-05-18T10:44:44.686Z
6,cf06b6aa-0f00-4c62-86d1-283a34736f09,flight,el,word,2,πτήσης,2026-05-18T10:47:29.390Z
6,cf06b6aa-0f00-4c62-86d1-283a34736f09,"jackets,",el,word,1,"τζάκετ,",2026-05-18T10:45:34.422Z
6,cf06b6aa-0f00-4c62-86d1-283a34736f09,every,el,word,1,κάθε,2026-05-18T10:45:56.581Z
6,cf06b6aa-0f00-4c62-86d1-283a34736f09,films.,el,word,1,ταινίες.,2026-05-18T10:47:17.515Z
6,cf06b6aa-0f00-4c62-86d1-283a34736f09,support,el,word,1,υποστήριξη,2026-05-18T10:48:57.909Z
6,f1566699-6eae-4e15-a085-7dfdf6baeb9b,places,el,word,1,μέρη,2026-05-18T10:49:43.987Z
6,566cc61c-0ac3-4fb6-9256-7f55b55c2fee,places,el,word,1,μέρη,2026-05-18T10:49:49.459Z
6,566cc61c-0ac3-4fb6-9256-7f55b55c2fee,thousands,el,word,3,χιλιάδες,2026-05-18T10:50:12.938Z
6,566cc61c-0ac3-4fb6-9256-7f55b55c2fee,fascinated,el,word,1,γοητευμένοι,2026-05-18T10:49:58.227Z
6,566cc61c-0ac3-4fb6-9256-7f55b55c2fee,world,el,word,1,κόσμος,2026-05-18T10:49:59.618Z
6,566cc61c-0ac3-4fb6-9256-7f55b55c2fee,discovering,el,word,1,ανακαλύπτοντας,2026-05-18T10:50:01.377Z
6,566cc61c-0ac3-4fb6-9256-7f55b55c2fee,governments,el,word,5,κυβερνήσεις,2026-05-18T10:51:54.701Z
6,566cc61c-0ac3-4fb6-9256-7f55b55c2fee,prospect,el,word,1,προοπτική,2026-05-18T10:50:20.316Z
6,566cc61c-0ac3-4fb6-9256-7f55b55c2fee,silks,el,word,2,μεταξωτά,2026-05-18T10:50:38.664Z
6,566cc61c-0ac3-4fb6-9256-7f55b55c2fee,China,el,word,1,Κίνα,2026-05-18T10:50:34.686Z
6,566cc61c-0ac3-4fb6-9256-7f55b55c2fee,Early,el,word,1,Οι πρώτοι,2026-05-18T10:50:36.801Z
6,566cc61c-0ac3-4fb6-9256-7f55b55c2fee,mainland,el,word,1,ηπειρωτική,2026-05-18T10:50:42.470Z
6,566cc61c-0ac3-4fb6-9256-7f55b55c2fee,calculating,el,word,3,υπολογισμός,2026-05-18T10:53:57.704Z
6,566cc61c-0ac3-4fb6-9256-7f55b55c2fee,landmasses),el,word,2,ηπειρωτικές μάζες),2026-05-18T10:51:55.128Z
6,566cc61c-0ac3-4fb6-9256-7f55b55c2fee,"""dead",el,word,1,«dead,2026-05-18T10:50:51.516Z
6,566cc61c-0ac3-4fb6-9256-7f55b55c2fee,"reckoning,""",el,word,1,"υπολογισμός»,",2026-05-18T10:50:53.510Z
6,566cc61c-0ac3-4fb6-9256-7f55b55c2fee,drift,el,word,2,παρασυρόμενοι,2026-05-18T10:50:57.683Z
6,566cc61c-0ac3-4fb6-9256-7f55b55c2fee,exploration,el,word,7,εξερεύνηση,2026-05-18T10:52:09.801Z
6,566cc61c-0ac3-4fb6-9256-7f55b55c2fee,expand,el,word,4,επεκτείνουν,2026-05-18T10:52:09.641Z
6,566cc61c-0ac3-4fb6-9256-7f55b55c2fee,goods,el,word,2,αγαθά,2026-05-18T10:51:40.424Z
6,566cc61c-0ac3-4fb6-9256-7f55b55c2fee,became,el,word,1,έγινε,2026-05-18T10:51:01.214Z
6,566cc61c-0ac3-4fb6-9256-7f55b55c2fee,important,el,word,2,σημαντικό,2026-05-18T10:51:13.492Z
6,566cc61c-0ac3-4fb6-9256-7f55b55c2fee,veer,el,word,1,παρασυρθεί,2026-05-18T10:51:05.002Z
6,566cc61c-0ac3-4fb6-9256-7f55b55c2fee,Europe's,el,word,1,η Ευρώπη,2026-05-18T10:51:06.317Z
6,566cc61c-0ac3-4fb6-9256-7f55b55c2fee,"interests,",el,word,3,"τα συμφέροντα,",2026-05-18T10:51:55.804Z
6,566cc61c-0ac3-4fb6-9256-7f55b55c2fee,advanced,el,word,1,προηγμένες,2026-05-18T10:51:09.061Z
6,566cc61c-0ac3-4fb6-9256-7f55b55c2fee,inexact,el,word,1,ανακριβής,2026-05-18T10:51:09.635Z
6,566cc61c-0ac3-4fb6-9256-7f55b55c2fee,devices,el,word,2,συσκευές,2026-05-18T10:54:39.191Z
6,566cc61c-0ac3-4fb6-9256-7f55b55c2fee,science.,el,word,1,επιστήμη.,2026-05-18T10:51:10.811Z
6,566cc61c-0ac3-4fb6-9256-7f55b55c2fee,century,el,word,3,αιώνα,2026-05-18T10:51:58.018Z
6,566cc61c-0ac3-4fb6-9256-7f55b55c2fee,commercial,el,word,3,εμπορικό,2026-05-18T10:51:37.698Z
6,566cc61c-0ac3-4fb6-9256-7f55b55c2fee,interests,el,word,2,ενδιαφέροντα,2026-05-18T10:52:19.181Z
6,566cc61c-0ac3-4fb6-9256-7f55b55c2fee,started,el,word,1,ξεκίνησαν,2026-05-18T10:51:35.754Z
6,566cc61c-0ac3-4fb6-9256-7f55b55c2fee,frontier,el,word,5,όριο,2026-05-18T10:52:10.802Z
6,566cc61c-0ac3-4fb6-9256-7f55b55c2fee,"""age",el,word,8,«εποχή,2026-05-18T10:52:02.354Z
6,566cc61c-0ac3-4fb6-9256-7f55b55c2fee,sea,el,word,1,θάλασσα,2026-05-18T10:51:46.432Z
6,566cc61c-0ac3-4fb6-9256-7f55b55c2fee,across,el,word,2,δια,2026-05-18T10:51:53.909Z
6,566cc61c-0ac3-4fb6-9256-7f55b55c2fee,method,el,word,2,μέθοδος,2026-05-18T10:51:55.439Z
6,566cc61c-0ac3-4fb6-9256-7f55b55c2fee,system,el,word,3,σύστημα,2026-05-18T10:51:55.087Z
6,566cc61c-0ac3-4fb6-9256-7f55b55c2fee,"example,",el,word,1,"παράδειγμα,",2026-05-18T10:51:54.932Z
6,566cc61c-0ac3-4fb6-9256-7f55b55c2fee,unavailable,el,word,1,δεν ήταν διαθέσιμα,2026-05-18T10:51:54.991Z
6,566cc61c-0ac3-4fb6-9256-7f55b55c2fee,technologies,el,word,4,τεχνολογίες,2026-05-18T10:52:17.407Z
6,566cc61c-0ac3-4fb6-9256-7f55b55c2fee,epoch,el,word,1,εποχή,2026-05-18T10:52:19.702Z
6,566cc61c-0ac3-4fb6-9256-7f55b55c2fee,resulting,el,word,1,με αποτέλεσμα,2026-05-18T10:52:27.905Z
6,566cc61c-0ac3-4fb6-9256-7f55b55c2fee,traditions.,el,word,10,παραδόσεις.,2026-05-18T10:53:15.501Z
6,566cc61c-0ac3-4fb6-9256-7f55b55c2fee,device,el,word,1,συσκευή,2026-05-18T10:52:34.798Z
6,566cc61c-0ac3-4fb6-9256-7f55b55c2fee,"quadrant,",el,word,4,"τεταρτημόριο,",2026-05-18T10:55:01.406Z
6,566cc61c-0ac3-4fb6-9256-7f55b55c2fee,began,el,word,5,άρχισαν,2026-05-18T10:55:55.406Z
6,566cc61c-0ac3-4fb6-9256-7f55b55c2fee,developed.,el,word,3,αναπτύχθηκαν.,2026-05-18T10:52:54.020Z
6,566cc61c-0ac3-4fb6-9256-7f55b55c2fee,Christopher,el,word,3,Χριστόφορος,2026-05-18T10:53:13.340Z
6,566cc61c-0ac3-4fb6-9256-7f55b55c2fee,"hourglasses,",el,word,2,"κλεψύδρες,",2026-05-18T10:53:47.619Z
6,566cc61c-0ac3-4fb6-9256-7f55b55c2fee,quadrant,el,word,1,τεταρτημόριο,2026-05-18T10:53:17.734Z
6,566cc61c-0ac3-4fb6-9256-7f55b55c2fee,navigators,el,word,2,πλοηγοί,2026-05-18T10:54:02.464Z
6,566cc61c-0ac3-4fb6-9256-7f55b55c2fee,ReadWorks,el,word,3,ReadWorks,2026-05-18T10:53:35.776Z
6,566cc61c-0ac3-4fb6-9256-7f55b55c2fee,latitude,el,word,1,γεωγραφικό πλάτος,2026-05-18T10:53:35.658Z
6,566cc61c-0ac3-4fb6-9256-7f55b55c2fee,Time-keeping,el,word,1,Χρονομέτρηση,2026-05-18T10:53:45.145Z
6,566cc61c-0ac3-4fb6-9256-7f55b55c2fee,"north,",el,word,1,"βόρεια,",2026-05-18T10:53:51.081Z
6,566cc61c-0ac3-4fb6-9256-7f55b55c2fee,"south,",el,word,1,"νότια,",2026-05-18T10:53:52.243Z
6,566cc61c-0ac3-4fb6-9256-7f55b55c2fee,"east,",el,word,1,"ανατολικά,",2026-05-18T10:53:53.019Z
6,566cc61c-0ac3-4fb6-9256-7f55b55c2fee,although,el,word,1,αν και,2026-05-18T10:54:03.408Z
6,566cc61c-0ac3-4fb6-9256-7f55b55c2fee,discover,el,word,1,ανακαλύπτουν,2026-05-18T10:54:05.744Z
6,566cc61c-0ac3-4fb6-9256-7f55b55c2fee,navigational,el,word,2,ναυτιλιακά,2026-05-18T10:54:06.033Z
6,566cc61c-0ac3-4fb6-9256-7f55b55c2fee,open,el,word,1,ανοιχτή,2026-05-18T10:54:08.488Z
6,566cc61c-0ac3-4fb6-9256-7f55b55c2fee,seas,el,word,1,θάλασσες,2026-05-18T10:54:17.624Z
6,566cc61c-0ac3-4fb6-9256-7f55b55c2fee,efficient,el,word,1,αποδοτική,2026-05-18T10:54:20.605Z
6,566cc61c-0ac3-4fb6-9256-7f55b55c2fee,Central,el,word,1,Κεντρική,2026-05-18T10:54:37.001Z
6,566cc61c-0ac3-4fb6-9256-7f55b55c2fee,available,el,word,2,διαθέσιμοι,2026-05-18T10:55:17.624Z
6,566cc61c-0ac3-4fb6-9256-7f55b55c2fee,helpedexplorers,el,word,2,βοηθούσε τους εξερευνητές,2026-05-18T10:54:51.955Z
6,566cc61c-0ac3-4fb6-9256-7f55b55c2fee,including,el,word,1,συμπεριλαμβανομένου,2026-05-18T10:54:43.166Z
6,566cc61c-0ac3-4fb6-9256-7f55b55c2fee,astrolabe,el,word,1,αστρολάβος,2026-05-18T10:54:45.803Z
6,566cc61c-0ac3-4fb6-9256-7f55b55c2fee,"globe),",el,word,1,"γλόμπο),",2026-05-18T10:54:56.260Z
6,566cc61c-0ac3-4fb6-9256-7f55b55c2fee,predicted,el,word,2,προέβλεπε,2026-05-18T10:55:02.188Z
6,566cc61c-0ac3-4fb6-9256-7f55b55c2fee,location,el,word,3,τοποθεσία,2026-05-18T10:55:07.961Z
6,566cc61c-0ac3-4fb6-9256-7f55b55c2fee,stars,el,word,1,αστέρια,2026-05-18T10:55:03.922Z
6,566cc61c-0ac3-4fb6-9256-7f55b55c2fee,incomplete,el,word,1,ατελής,2026-05-18T10:55:04.095Z
6,566cc61c-0ac3-4fb6-9256-7f55b55c2fee,brought,el,word,1,έφερε,2026-05-18T10:55:16.024Z
6,566cc61c-0ac3-4fb6-9256-7f55b55c2fee,inadvertently,el,word,1,αθέλητα,2026-05-18T10:55:19.895Z
6,566cc61c-0ac3-4fb6-9256-7f55b55c2fee,Americas,el,word,1,Αμερική,2026-05-18T10:55:21.594Z
6,566cc61c-0ac3-4fb6-9256-7f55b55c2fee,imprecise,el,word,1,ανακριβής,2026-05-18T10:55:30.405Z
6,566cc61c-0ac3-4fb6-9256-7f55b55c2fee,meant,el,word,1,σκόπευε,2026-05-18T10:55:32.407Z
6,566cc61c-0ac3-4fb6-9256-7f55b55c2fee,north.,el,word,1,βόρεια.,2026-05-18T10:55:42.801Z
6,566cc61c-0ac3-4fb6-9256-7f55b55c2fee,first,el,word,1,πρώτα,2026-05-18T10:55:47.304Z
6,566cc61c-0ac3-4fb6-9256-7f55b55c2fee,territory.,el,word,2,περιοχής.,2026-05-18T10:55:54.955Z
6,566cc61c-0ac3-4fb6-9256-7f55b55c2fee,impossible,el,word,1,αδύνατο,2026-05-18T10:56:18.245Z
6,566cc61c-0ac3-4fb6-9256-7f55b55c2fee,celestial,el,word,2,ουράνιος,2026-05-18T10:57:18.626Z
6,566cc61c-0ac3-4fb6-9256-7f55b55c2fee,objects,el,word,3,αντικείμενα,2026-05-18T10:59:14.011Z
6,566cc61c-0ac3-4fb6-9256-7f55b55c2fee,developing,el,word,1,ανάπτυξη,2026-05-18T10:57:10.709Z
6,566cc61c-0ac3-4fb6-9256-7f55b55c2fee,earliest,el,word,1,πρώτοι,2026-05-18T10:57:11.710Z
6,566cc61c-0ac3-4fb6-9256-7f55b55c2fee,explorers.,el,word,1,εξερευνητές.,2026-05-18T10:57:12.707Z
6,566cc61c-0ac3-4fb6-9256-7f55b55c2fee,calculate,el,word,2,υπολογίζω,2026-05-18T10:58:34.710Z
6,566cc61c-0ac3-4fb6-9256-7f55b55c2fee,used,el,word,1,χρησιμοποιούνταν,2026-05-18T10:57:24.209Z
6,566cc61c-0ac3-4fb6-9256-7f55b55c2fee,inventions,el,word,3,εφευρέσεις,2026-05-18T10:57:52.502Z
6,566cc61c-0ac3-4fb6-9256-7f55b55c2fee,arrived,el,word,3,εμφανίστηκαν,2026-05-18T10:58:36.661Z
6,566cc61c-0ac3-4fb6-9256-7f55b55c2fee,length,el,word,1,μήκος,2026-05-18T10:57:34.873Z
7,31c36898-e836-4c4c-a644-22b5e3aaad47,adjusted,el,word,1,ρύθμισε,2026-05-18T11:15:53.283Z
7,31c36898-e836-4c4c-a644-22b5e3aaad47,university,el,word,1,πανεπιστήμιο,2026-05-18T11:15:53.286Z
7,31c36898-e836-4c4c-a644-22b5e3aaad47,"screen,",el,word,1,"οθόνη,",2026-05-18T11:15:57.916Z
7,31c36898-e836-4c4c-a644-22b5e3aaad47,quiet,el,word,1,ήσυχο,2026-05-18T11:16:02.596Z
7,31c36898-e836-4c4c-a644-22b5e3aaad47,morning,el,word,1,πρωί,2026-05-18T11:16:02.939Z
7,fdad871c-99a9-4488-84fe-392a14a84578,checked,el,word,1,ελέγχθηκε,2026-05-18T11:16:39.323Z
7,fdad871c-99a9-4488-84fe-392a14a84578,morning,el,word,2,πρωί,2026-05-18T11:16:51.489Z
7,fdad871c-99a9-4488-84fe-392a14a84578,front,el,word,3,μπροστά,2026-05-18T11:16:52.755Z
7,8f9fcc08-d289-4c5e-8fcf-3de28b921cb7,morning,el,word,1,πρωί,2026-05-18T11:18:33.040Z
7,8f9fcc08-d289-4c5e-8fcf-3de28b921cb7,"screen,",el,word,1,"οθόνη,",2026-05-18T11:18:33.092Z
7,8f9fcc08-d289-4c5e-8fcf-3de28b921cb7,participant,el,word,1,συμμετέχων,2026-05-18T11:18:35.744Z
7,8f9fcc08-d289-4c5e-8fcf-3de28b921cb7,researcher,el,word,2,ερευνητής,2026-05-18T11:18:47.474Z
7,8f9fcc08-d289-4c5e-8fcf-3de28b921cb7,line,el,word,1,γραμμή,2026-05-18T11:18:42.330Z
7,734cec3b-2e3a-4942-8f97-b2b9f33c7783,morning,el,word,4,πρωί,2026-05-18T11:22:02.029Z
7,734cec3b-2e3a-4942-8f97-b2b9f33c7783,quiet,el,word,4,ήσυχο,2026-05-18T11:22:08.665Z
7,734cec3b-2e3a-4942-8f97-b2b9f33c7783,began,el,word,2,ξεκίνησε,2026-05-18T11:22:02.225Z
7,734cec3b-2e3a-4942-8f97-b2b9f33c7783,right.,el,word,1,δεξιά.,2026-05-18T11:22:04.804Z
7,734cec3b-2e3a-4942-8f97-b2b9f33c7783,researcher,el,word,3,ερευνητής,2026-05-18T11:23:11.799Z
7,734cec3b-2e3a-4942-8f97-b2b9f33c7783,text.,el,word,1,κείμενο.,2026-05-18T11:22:08.176Z
7,734cec3b-2e3a-4942-8f97-b2b9f33c7783,comfortable,el,word,1,άνετο,2026-05-18T11:22:09.358Z
7,734cec3b-2e3a-4942-8f97-b2b9f33c7783,Paragraph,el,word,2,Παράγραφος,2026-05-18T11:22:26.462Z
7,734cec3b-2e3a-4942-8f97-b2b9f33c7783,Helvetica,el,word,1,Helvetica,2026-05-18T11:22:11.455Z
7,734cec3b-2e3a-4942-8f97-b2b9f33c7783,next,el,word,1,επόμενο,2026-05-18T11:22:11.650Z
7,734cec3b-2e3a-4942-8f97-b2b9f33c7783,"section,",el,word,2,"ενότητα,",2026-05-18T11:22:12.374Z
7,734cec3b-2e3a-4942-8f97-b2b9f33c7783,normal,el,word,1,κανονική,2026-05-18T11:22:11.967Z
7,734cec3b-2e3a-4942-8f97-b2b9f33c7783,text,el,word,1,κείμενο,2026-05-18T11:22:12.499Z
7,734cec3b-2e3a-4942-8f97-b2b9f33c7783,becomes,el,word,1,γίνεται,2026-05-18T11:22:13.021Z
7,734cec3b-2e3a-4942-8f97-b2b9f33c7783,smaller.,el,word,1,μικρότερο.,2026-05-18T11:22:13.544Z
7,734cec3b-2e3a-4942-8f97-b2b9f33c7783,easier,el,word,1,ευκολότερο,2026-05-18T11:22:14.224Z
7,734cec3b-2e3a-4942-8f97-b2b9f33c7783,sat,el,word,1,καθόταν,2026-05-18T11:22:15.527Z
7,734cec3b-2e3a-4942-8f97-b2b9f33c7783,"screen,",el,word,1,"οθόνη,",2026-05-18T11:22:17.292Z
7,734cec3b-2e3a-4942-8f97-b2b9f33c7783,adjusted,el,word,1,ρύθμισε,2026-05-18T11:22:17.851Z
7,734cec3b-2e3a-4942-8f97-b2b9f33c7783,"chair,",el,word,1,"καρέκλα,",2026-05-18T11:22:18.627Z
7,734cec3b-2e3a-4942-8f97-b2b9f33c7783,looked,el,word,1,κοίταξε,2026-05-18T11:22:19.486Z
7,734cec3b-2e3a-4942-8f97-b2b9f33c7783,beside,el,word,2,δίπλα,2026-05-18T11:22:23.687Z
7,734cec3b-2e3a-4942-8f97-b2b9f33c7783,distance,el,word,2,απόσταση,2026-05-18T11:22:24.659Z
7,734cec3b-2e3a-4942-8f97-b2b9f33c7783,begins.,el,word,1,ξεκινά.,2026-05-18T11:22:23.121Z
7,734cec3b-2e3a-4942-8f97-b2b9f33c7783,makes,el,word,2,κάνει,2026-05-18T11:23:21.550Z
7,734cec3b-2e3a-4942-8f97-b2b9f33c7783,letters,el,word,1,γράμματα,2026-05-18T11:22:35.184Z
7,734cec3b-2e3a-4942-8f97-b2b9f33c7783,.,el,word,4,.,2026-05-18T11:23:42.074Z
7,734cec3b-2e3a-4942-8f97-b2b9f33c7783,wider,el,word,1,ευρύτερο,2026-05-18T11:22:36.412Z
7,734cec3b-2e3a-4942-8f97-b2b9f33c7783,f-,el,word,2,στ-,2026-05-18T11:22:41.606Z
7,734cec3b-2e3a-4942-8f97-b2b9f33c7783,larges,el,word,2,μεγάλα,2026-05-18T11:22:42.335Z
7,734cec3b-2e3a-4942-8f97-b2b9f33c7783,paragraph,el,word,1,παράγραφος,2026-05-18T11:22:45.892Z
7,734cec3b-2e3a-4942-8f97-b2b9f33c7783,larger,el,word,1,μεγαλύτερη,2026-05-18T11:22:46.990Z
7,734cec3b-2e3a-4942-8f97-b2b9f33c7783,font.,el,word,1,γραμματοσειρά.,2026-05-18T11:22:48.533Z
7,734cec3b-2e3a-4942-8f97-b2b9f33c7783,reduced.,el,word,1,μειωθεί.,2026-05-18T11:22:49.468Z
7,734cec3b-2e3a-4942-8f97-b2b9f33c7783,adjust,el,word,1,προσαρμόζω,2026-05-18T11:22:49.831Z
7,734cec3b-2e3a-4942-8f97-b2b9f33c7783,"naturally,",el,word,1,"φυσικά,",2026-05-18T11:23:04.529Z
7,734cec3b-2e3a-4942-8f97-b2b9f33c7783,front,el,word,1,μπροστά,2026-05-18T11:23:05.970Z
7,734cec3b-2e3a-4942-8f97-b2b9f33c7783,sudden,el,word,1,ξαφνικές,2026-05-18T11:23:10.561Z
7,734cec3b-2e3a-4942-8f97-b2b9f33c7783,whether,el,word,1,αν,2026-05-18T11:23:23.372Z
7,734cec3b-2e3a-4942-8f97-b2b9f33c7783,followed,el,word,1,ακολουθούσε,2026-05-18T11:23:37.008Z
7,9b862d6c-1462-4c7d-9ccb-7bf772224eb4,thousands,el,word,1,χιλιάδες,2026-05-18T11:24:21.752Z
7,9b862d6c-1462-4c7d-9ccb-7bf772224eb4,fascinated,el,word,1,γοητευμένοι,2026-05-18T11:24:33.999Z
7,9b862d6c-1462-4c7d-9ccb-7bf772224eb4,navigate,el,word,2,πλοηγούνται,2026-05-18T11:27:03.387Z
7,9b862d6c-1462-4c7d-9ccb-7bf772224eb4,exploration,el,word,2,εξερεύνηση,2026-05-18T11:25:39.835Z
7,9b862d6c-1462-4c7d-9ccb-7bf772224eb4,bring,el,word,1,φέρουν,2026-05-18T11:24:56.460Z
7,9b862d6c-1462-4c7d-9ccb-7bf772224eb4,"reckoning,""",el,word,1,"υπολογισμός»,",2026-05-18T11:25:08.409Z
7,9b862d6c-1462-4c7d-9ccb-7bf772224eb4,Europe),el,word,1,Ευρώπη),2026-05-18T11:25:09.341Z
7,9b862d6c-1462-4c7d-9ccb-7bf772224eb4,sell,el,word,1,πωλούν,2026-05-18T11:25:10.316Z
7,9b862d6c-1462-4c7d-9ccb-7bf772224eb4,calculating,el,word,2,υπολογίζοντας,2026-05-18T11:25:18.543Z
7,9b862d6c-1462-4c7d-9ccb-7bf772224eb4,Spanish,el,word,1,Ισπανικά,2026-05-18T11:25:12.761Z
7,9b862d6c-1462-4c7d-9ccb-7bf772224eb4,position,el,word,1,θέση,2026-05-18T11:25:20.962Z
7,9b862d6c-1462-4c7d-9ccb-7bf772224eb4,positions,el,word,2,θέσεις,2026-05-18T11:25:59.976Z
7,9b862d6c-1462-4c7d-9ccb-7bf772224eb4,landmasses),el,word,1,ηπειρωτικές μάζες),2026-05-18T11:25:26.735Z
7,9b862d6c-1462-4c7d-9ccb-7bf772224eb4,inexact,el,word,1,ανακριβής,2026-05-18T11:25:27.651Z
7,9b862d6c-1462-4c7d-9ccb-7bf772224eb4,estimated,el,word,1,εκτιμώμενη,2026-05-18T11:25:28.650Z
7,9b862d6c-1462-4c7d-9ccb-7bf772224eb4,Europe's,el,word,2,η Ευρώπη,2026-05-18T11:25:35.568Z
7,9b862d6c-1462-4c7d-9ccb-7bf772224eb4,course;,el,word,2,πορεία·,2026-05-18T11:25:35.689Z
7,9b862d6c-1462-4c7d-9ccb-7bf772224eb4,"interests,",el,word,1,"τα συμφέροντα,",2026-05-18T11:25:37.201Z
7,9b862d6c-1462-4c7d-9ccb-7bf772224eb4,important,el,word,1,σημαντικό,2026-05-18T11:25:43.743Z
7,9b862d6c-1462-4c7d-9ccb-7bf772224eb4,traditions.,el,word,1,παραδόσεις.,2026-05-18T11:27:00.663Z
7,9b862d6c-1462-4c7d-9ccb-7bf772224eb4,"quadrant,",el,word,1,"τεταρτημόριο,",2026-05-18T11:27:01.068Z
7,9b862d6c-1462-4c7d-9ccb-7bf772224eb4,across,el,word,1,διασχίζοντας,2026-05-18T11:27:04.402Z
7,9b862d6c-1462-4c7d-9ccb-7bf772224eb4,altitude,el,word,1,ύψος,2026-05-18T11:27:04.984Z
7,9b862d6c-1462-4c7d-9ccb-7bf772224eb4,device,el,word,1,συσκευή,2026-05-18T11:27:07.231Z
7,9b862d6c-1462-4c7d-9ccb-7bf772224eb4,called,el,word,1,που ονομάζεται,2026-05-18T11:27:08.183Z
7,9b862d6c-1462-4c7d-9ccb-7bf772224eb4,Time-keeping,el,word,1,Χρονομέτρηση,2026-05-18T11:27:23.405Z
7,9b862d6c-1462-4c7d-9ccb-7bf772224eb4,"hourglasses,",el,word,2,"κλεψύδρες,",2026-05-18T11:27:31.960Z
7,9b862d6c-1462-4c7d-9ccb-7bf772224eb4,"east,",el,word,1,"ανατολικά,",2026-05-18T11:27:28.414Z
7,9b862d6c-1462-4c7d-9ccb-7bf772224eb4,navigators,el,word,2,πλοηγοί,2026-05-18T11:29:46.295Z
7,9b862d6c-1462-4c7d-9ccb-7bf772224eb4,improved,el,word,1,βελτιωμένοι,2026-05-18T11:27:40.347Z
7,9b862d6c-1462-4c7d-9ccb-7bf772224eb4,time,el,word,2,χρόνος,2026-05-18T11:30:03.270Z
7,9b862d6c-1462-4c7d-9ccb-7bf772224eb4,navigational,el,word,4,πλοήγησης,2026-05-18T11:32:51.783Z
7,9b862d6c-1462-4c7d-9ccb-7bf772224eb4,instruments,el,word,1,όργανα,2026-05-18T11:28:22.919Z
7,9b862d6c-1462-4c7d-9ccb-7bf772224eb4,astrolabe,el,word,1,αστρολάβος,2026-05-18T11:28:25.637Z
7,9b862d6c-1462-4c7d-9ccb-7bf772224eb4,helpedexplorers,el,word,2,βοηθούσε τους εξερευνητές,2026-05-18T11:28:38.247Z
7,9b862d6c-1462-4c7d-9ccb-7bf772224eb4,"compass,",el,word,1,"πυξίδα,",2026-05-18T11:28:31.545Z
7,9b862d6c-1462-4c7d-9ccb-7bf772224eb4,vertical,el,word,1,κάθετη,2026-05-18T11:28:32.987Z
7,9b862d6c-1462-4c7d-9ccb-7bf772224eb4,incomplete,el,word,1,ατελής,2026-05-18T11:28:36.249Z
7,9b862d6c-1462-4c7d-9ccb-7bf772224eb4,knowledge,el,word,1,γνώση,2026-05-18T11:28:46.235Z
7,9b862d6c-1462-4c7d-9ccb-7bf772224eb4,inadvertently,el,word,1,αθέλητα,2026-05-18T11:28:47.366Z
7,9b862d6c-1462-4c7d-9ccb-7bf772224eb4,meant,el,word,1,σκόπευε,2026-05-18T11:28:56.486Z
7,9b862d6c-1462-4c7d-9ccb-7bf772224eb4,resources,el,word,1,πόροι,2026-05-18T11:28:56.999Z
7,9b862d6c-1462-4c7d-9ccb-7bf772224eb4,would,el,word,1,θα,2026-05-18T11:29:12.112Z
7,9b862d6c-1462-4c7d-9ccb-7bf772224eb4,inaccuracies,el,word,1,ανακρίβειες,2026-05-18T11:29:25.624Z
7,9b862d6c-1462-4c7d-9ccb-7bf772224eb4,governments,el,word,1,κυβερνήσεις,2026-05-18T11:29:48.276Z
7,9b862d6c-1462-4c7d-9ccb-7bf772224eb4,irretrievably,el,word,3,ανεπανόρθωτα,2026-05-18T11:29:50.609Z
7,9b862d6c-1462-4c7d-9ccb-7bf772224eb4,developing,el,word,3,ανάπτυξη,2026-05-18T11:30:20.133Z
7,9b862d6c-1462-4c7d-9ccb-7bf772224eb4,reached,el,word,1,έφτασε,2026-05-18T11:29:59.322Z
7,9b862d6c-1462-4c7d-9ccb-7bf772224eb4,explorations,el,word,1,εξερευνήσεις,2026-05-18T11:30:13.283Z
7,9b862d6c-1462-4c7d-9ccb-7bf772224eb4,earliest,el,word,3,πρώτοι,2026-05-18T11:30:22.856Z
7,9b862d6c-1462-4c7d-9ccb-7bf772224eb4,objects,el,word,3,αντικείμενα,2026-05-18T11:31:52.596Z
7,9b862d6c-1462-4c7d-9ccb-7bf772224eb4,arrived,el,word,2,εμφανίστηκαν,2026-05-18T11:32:02.245Z
7,9b862d6c-1462-4c7d-9ccb-7bf772224eb4,sextant,el,word,1,εξάντα,2026-05-18T11:30:26.073Z
7,9b862d6c-1462-4c7d-9ccb-7bf772224eb4,celestial,el,word,7,ουράνιος,2026-05-18T11:31:57.671Z
7,9b862d6c-1462-4c7d-9ccb-7bf772224eb4,order,el,word,1,παραγγελία,2026-05-18T11:30:32.237Z
7,9b862d6c-1462-4c7d-9ccb-7bf772224eb4,angles,el,word,1,γωνίες,2026-05-18T11:30:35.755Z
7,9b862d6c-1462-4c7d-9ccb-7bf772224eb4,Longitude,el,word,1,Γεωγραφικό μήκος,2026-05-18T11:30:35.830Z
7,9b862d6c-1462-4c7d-9ccb-7bf772224eb4,timekeeping,el,word,1,χρονομέτρηση,2026-05-18T11:30:41.226Z
7,9b862d6c-1462-4c7d-9ccb-7bf772224eb4,allowed,el,word,1,επέτρεψε,2026-05-18T11:30:46.882Z
7,9b862d6c-1462-4c7d-9ccb-7bf772224eb4,captains,el,word,1,καπετάνιοι,2026-05-18T11:30:48.124Z
7,9b862d6c-1462-4c7d-9ccb-7bf772224eb4,horizon,el,word,1,ορίζοντας,2026-05-18T11:31:01.476Z
7,9b862d6c-1462-4c7d-9ccb-7bf772224eb4,become,el,word,1,γίνονται,2026-05-18T11:31:14.094Z
7,9b862d6c-1462-4c7d-9ccb-7bf772224eb4,European,el,word,1,Ευρωπαϊκές,2026-05-18T11:31:21.414Z
7,9b862d6c-1462-4c7d-9ccb-7bf772224eb4,countries,el,word,1,χώρες,2026-05-18T11:31:33.229Z
7,9b862d6c-1462-4c7d-9ccb-7bf772224eb4,used,el,word,1,χρησιμοποιούνταν,2026-05-18T11:31:46.587Z
7,9b862d6c-1462-4c7d-9ccb-7bf772224eb4,calculate,el,word,4,υπολογίζω,2026-05-18T11:32:14.045Z
7,9b862d6c-1462-4c7d-9ccb-7bf772224eb4,invention,el,word,1,εφεύρεση,2026-05-18T11:31:53.750Z
7,9b862d6c-1462-4c7d-9ccb-7bf772224eb4,inventions,el,word,1,εφευρέσεις,2026-05-18T11:32:25.998Z
7,9b862d6c-1462-4c7d-9ccb-7bf772224eb4,"bees,",el,word,1,"μέλισσες,",2026-05-18T11:33:21.726Z
7,fdb12a6e-aeb5-469a-ba30-51044d0da005,truth,el,word,1,η αλήθεια,2026-05-18T11:33:32.552Z
7,fdb12a6e-aeb5-469a-ba30-51044d0da005,might,el,word,1,ίσως,2026-05-18T11:33:37.904Z
7,fdb12a6e-aeb5-469a-ba30-51044d0da005,ecosystem,el,word,1,οικοσύστημα,2026-05-18T11:33:49.540Z
7,fdb12a6e-aeb5-469a-ba30-51044d0da005,disappearing,el,word,1,εξαφανίζονται,2026-05-18T11:33:50.690Z
7,fdb12a6e-aeb5-469a-ba30-51044d0da005,honeybees,el,word,3,μέλισσες,2026-05-18T11:35:34.267Z
7,fdb12a6e-aeb5-469a-ba30-51044d0da005,dying,el,word,1,πεθαίνουν,2026-05-18T11:34:07.496Z
7,fdb12a6e-aeb5-469a-ba30-51044d0da005,disappearance,el,word,2,εξαφάνιση,2026-05-18T11:36:01.946Z
7,fdb12a6e-aeb5-469a-ba30-51044d0da005,California's,el,word,1,της Καλιφόρνιας,2026-05-18T11:34:34.829Z
7,fdb12a6e-aeb5-469a-ba30-51044d0da005,almond,el,word,1,αμύγδαλο,2026-05-18T11:34:36.101Z
7,fdb12a6e-aeb5-469a-ba30-51044d0da005,heavily,el,word,1,σε μεγάλο βαθμό,2026-05-18T11:34:38.269Z
7,fdb12a6e-aeb5-469a-ba30-51044d0da005,bee,el,word,1,μέλισσα,2026-05-18T11:34:39.696Z
7,fdb12a6e-aeb5-469a-ba30-51044d0da005,pollinate,el,word,1,επικονίαση,2026-05-18T11:34:39.822Z
7,fdb12a6e-aeb5-469a-ba30-51044d0da005,pollination.,el,word,1,επικονίαση.,2026-05-18T11:34:43.266Z
7,fdb12a6e-aeb5-469a-ba30-51044d0da005,pollination,el,word,2,επικονίαση,2026-05-18T11:38:36.635Z
7,fdb12a6e-aeb5-469a-ba30-51044d0da005,reproduce,el,word,1,αναπαραγωγή,2026-05-18T11:34:53.996Z
7,fdb12a6e-aeb5-469a-ba30-51044d0da005,may,el,word,1,ενδέχεται,2026-05-18T11:34:55.562Z
7,fdb12a6e-aeb5-469a-ba30-51044d0da005,mysterious,el,word,6,μυστηριώδη,2026-05-18T11:35:20.202Z
7,fdb12a6e-aeb5-469a-ba30-51044d0da005,many,el,word,1,πολλά,2026-05-18T11:35:05.702Z
7,fdb12a6e-aeb5-469a-ba30-51044d0da005,"pesticides,",el,word,5,"φυτοφάρμακα,",2026-05-18T11:35:19.903Z
7,fdb12a6e-aeb5-469a-ba30-51044d0da005,development,el,word,4,ανάπτυξη,2026-05-18T11:35:27.055Z
7,fdb12a6e-aeb5-469a-ba30-51044d0da005,"known,",el,word,1,"γνωστά,",2026-05-18T11:35:10.981Z
7,fdb12a6e-aeb5-469a-ba30-51044d0da005,scientists.,el,word,1,επιστήμονες.,2026-05-18T11:35:11.162Z
7,fdb12a6e-aeb5-469a-ba30-51044d0da005,quantities.,el,word,6,ποσότητες.,2026-05-18T11:35:11.730Z
7,fdb12a6e-aeb5-469a-ba30-51044d0da005,deaths,el,word,1,θανάτων,2026-05-18T11:35:15.638Z
7,fdb12a6e-aeb5-469a-ba30-51044d0da005,agricultural,el,word,1,γεωργικές,2026-05-18T11:35:29.049Z
7,fdb12a6e-aeb5-469a-ba30-51044d0da005,Bumblebees,el,word,2,Μελισσούλες,2026-05-18T11:35:47.110Z
7,fdb12a6e-aeb5-469a-ba30-51044d0da005,kinds,el,word,1,είδη,2026-05-18T11:35:39.505Z
7,fdb12a6e-aeb5-469a-ba30-51044d0da005,widespread,el,word,1,ευρεία,2026-05-18T11:35:43.996Z
7,fdb12a6e-aeb5-469a-ba30-51044d0da005,added,el,word,1,προστέθηκε,2026-05-18T11:35:48.456Z
7,fdb12a6e-aeb5-469a-ba30-51044d0da005,uncovering,el,word,1,αποκαλύπτουν,2026-05-18T11:35:49.487Z
7,fdb12a6e-aeb5-469a-ba30-51044d0da005,researchers,el,word,1,ερευνητές,2026-05-18T11:35:55.166Z
7,fdb12a6e-aeb5-469a-ba30-51044d0da005,ecologically,el,word,1,οικολογικά,2026-05-18T11:36:01.173Z
7,fdb12a6e-aeb5-469a-ba30-51044d0da005,reproducing,el,word,1,αναπαραγωγή,2026-05-18T11:36:02.052Z
7,fdb12a6e-aeb5-469a-ba30-51044d0da005,Proceedings,el,word,1,Πρακτικά,2026-05-18T11:36:06.126Z
7,fdb12a6e-aeb5-469a-ba30-51044d0da005,bumblebee,el,word,1,μελισσών,2026-05-18T11:36:31.198Z
7,fdb12a6e-aeb5-469a-ba30-51044d0da005,flew,el,word,1,πέταξαν,2026-05-18T11:36:31.830Z
7,fdb12a6e-aeb5-469a-ba30-51044d0da005,"instance,",el,word,1,"για παράδειγμα,",2026-05-18T11:36:31.885Z
7,fdb12a6e-aeb5-469a-ba30-51044d0da005,larkspurs-to,el,word,1,λαρκσπούρ-για,2026-05-18T11:36:31.930Z
7,fdb12a6e-aeb5-469a-ba30-51044d0da005,competition,el,word,1,ανταγωνισμός,2026-05-18T11:36:33.600Z
7,fdb12a6e-aeb5-469a-ba30-51044d0da005,completely,el,word,1,εντελώς,2026-05-18T11:36:36.011Z
7,fdb12a6e-aeb5-469a-ba30-51044d0da005,remaining,el,word,1,υπόλοιπα,2026-05-18T11:36:38.153Z
7,fdb12a6e-aeb5-469a-ba30-51044d0da005,"larkspur,",el,word,1,"λαρκσπούρ,",2026-05-18T11:36:59.911Z
7,fdb12a6e-aeb5-469a-ba30-51044d0da005,requires,el,word,1,απαιτεί,2026-05-18T11:37:04.517Z
7,fdb12a6e-aeb5-469a-ba30-51044d0da005,species-other,el,word,1,είδη - άλλα,2026-05-18T11:37:07.908Z
7,fdb12a6e-aeb5-469a-ba30-51044d0da005,continuation,el,word,1,συνέχιση,2026-05-18T11:37:25.634Z
7,fdb12a6e-aeb5-469a-ba30-51044d0da005,plant,el,word,1,φυτό,2026-05-18T11:37:26.643Z
7,fdb12a6e-aeb5-469a-ba30-51044d0da005,"biodiversity,",el,word,1,"βιοποικιλότητα,",2026-05-18T11:37:29.960Z
7,fdb12a6e-aeb5-469a-ba30-51044d0da005,Protection,el,word,1,Προστασία,2026-05-18T11:37:45.900Z
7,fdb12a6e-aeb5-469a-ba30-51044d0da005,solution,el,word,1,λύση,2026-05-18T11:37:53.057Z
7,fdb12a6e-aeb5-469a-ba30-51044d0da005,silver,el,word,1,ασημένια,2026-05-18T11:38:00.647Z
7,fdb12a6e-aeb5-469a-ba30-51044d0da005,terms,el,word,1,όροι,2026-05-18T11:38:08.626Z
7,fdb12a6e-aeb5-469a-ba30-51044d0da005,pesticide,el,word,1,φυτοφάρμακα,2026-05-18T11:38:14.742Z
7,fdb12a6e-aeb5-469a-ba30-51044d0da005,enhancement...targeted,el,word,1,βελτίωση... στοχευμένη,2026-05-18T11:38:20.796Z
7,fdb12a6e-aeb5-469a-ba30-51044d0da005,collectively,el,word,1,συλλογικά,2026-05-18T11:38:23.392Z
7,fdb12a6e-aeb5-469a-ba30-51044d0da005,"security.""",el,word,2,ασφάλεια».,2026-05-18T11:44:39.001Z
7,fdb12a6e-aeb5-469a-ba30-51044d0da005,importantly,el,word,2,σημαντικό,2026-05-18T11:44:31.171Z
7,fdb12a6e-aeb5-469a-ba30-51044d0da005,disease,el,word,2,ασθένεια,2026-05-18T11:44:43.847Z
7,fdb12a6e-aeb5-469a-ba30-51044d0da005,pest,el,word,1,επιβλαβείς οργανισμοί,2026-05-18T11:39:09.548Z
7,fdb12a6e-aeb5-469a-ba30-51044d0da005,organizations,el,word,1,οργανισμοί,2026-05-18T11:41:32.727Z
7,fdb12a6e-aeb5-469a-ba30-51044d0da005,techniques,el,word,1,τεχνικές,2026-05-18T11:41:38.446Z
7,fdb12a6e-aeb5-469a-ba30-51044d0da005,food,el,word,1,τρόφιμα,2026-05-18T11:44:39.142Z
7,fdb12a6e-aeb5-469a-ba30-51044d0da005,"colonies.""",el,word,1,αποικίες.»,2026-05-18T11:44:50.815Z
8,fe2b8212-295b-4b20-8a21-91182c4034f5,left,el,word,1,αριστερά,2026-05-18T11:50:15.813Z
8,fe2b8212-295b-4b20-8a21-91182c4034f5,head,el,word,2,κεφάλι,2026-05-18T11:50:15.842Z
8,fe2b8212-295b-4b20-8a21-91182c4034f5,see,el,word,2,βλέπε,2026-05-18T11:50:16.997Z
8,fe2b8212-295b-4b20-8a21-91182c4034f5,whether,el,word,2,αν,2026-05-18T11:50:49.539Z
8,fe2b8212-295b-4b20-8a21-91182c4034f5,neighboring,el,word,1,γειτονικά,2026-05-18T11:50:17.456Z
8,fe2b8212-295b-4b20-8a21-91182c4034f5,distance,el,word,2,απόσταση,2026-05-18T11:50:42.416Z
8,fe2b8212-295b-4b20-8a21-91182c4034f5,"words,",el,word,1,"λέξεις,",2026-05-18T11:50:19.838Z
8,fe2b8212-295b-4b20-8a21-91182c4034f5,system,el,word,1,σύστημα,2026-05-18T11:50:21.230Z
8,fe2b8212-295b-4b20-8a21-91182c4034f5,comfortable,el,word,3,άνετο,2026-05-18T11:51:39.258Z
8,fe2b8212-295b-4b20-8a21-91182c4034f5,experiment,el,word,2,πείραμα,2026-05-18T11:50:42.490Z
8,fe2b8212-295b-4b20-8a21-91182c4034f5,smaller.,el,word,1,μικρότερο.,2026-05-18T11:50:43.380Z
8,fe2b8212-295b-4b20-8a21-91182c4034f5,Paragraph,el,word,1,Παράγραφος,2026-05-18T11:50:45.689Z
8,fe2b8212-295b-4b20-8a21-91182c4034f5,makes,el,word,3,κάνει,2026-05-18T11:52:42.404Z
8,fe2b8212-295b-4b20-8a21-91182c4034f5,Helvetica,el,word,1,Helvetica,2026-05-18T11:50:52.857Z
8,fe2b8212-295b-4b20-8a21-91182c4034f5,larges,el,word,3,μεγάλα,2026-05-18T11:51:05.063Z
8,fe2b8212-295b-4b20-8a21-91182c4034f5,paragraph,el,word,3,παράγραφος,2026-05-18T11:51:17.223Z
8,fe2b8212-295b-4b20-8a21-91182c4034f5,.,el,word,1,.,2026-05-18T11:50:55.954Z
8,fe2b8212-295b-4b20-8a21-91182c4034f5,reveal,el,word,1,αποκαλύπτουν,2026-05-18T11:50:58.242Z
8,fe2b8212-295b-4b20-8a21-91182c4034f5,shapes,el,word,2,σχήματα,2026-05-18T11:51:03.422Z
8,fe2b8212-295b-4b20-8a21-91182c4034f5,tracking,el,word,2,απόσταση μεταξύ γραμμάτων,2026-05-18T11:51:09.139Z
8,fe2b8212-295b-4b20-8a21-91182c4034f5,behaves,el,word,1,συμπεριφέρεται,2026-05-18T11:51:02.117Z
8,fe2b8212-295b-4b20-8a21-91182c4034f5,settings,el,word,1,ρυθμίσεις,2026-05-18T11:51:05.851Z
8,fe2b8212-295b-4b20-8a21-91182c4034f5,appears,el,word,1,φαίνεται,2026-05-18T11:51:06.535Z
8,fe2b8212-295b-4b20-8a21-91182c4034f5,slightly,el,word,1,ελαφρώς,2026-05-18T11:51:06.881Z
8,fe2b8212-295b-4b20-8a21-91182c4034f5,letter,el,word,1,γράμμα,2026-05-18T11:51:11.252Z
8,fe2b8212-295b-4b20-8a21-91182c4034f5,f-,el,word,1,στ-,2026-05-18T11:51:12.852Z
8,fe2b8212-295b-4b20-8a21-91182c4034f5,larger,el,word,2,μεγαλύτερη,2026-05-18T11:51:17.733Z
8,fe2b8212-295b-4b20-8a21-91182c4034f5,Times,el,word,1,Times,2026-05-18T11:51:16.398Z
8,fe2b8212-295b-4b20-8a21-91182c4034f5,"naturally,",el,word,2,"φυσικά,",2026-05-18T11:51:46.990Z
8,fe2b8212-295b-4b20-8a21-91182c4034f5,laboratory.,el,word,1,εργαστήριο.,2026-05-18T11:51:41.930Z
8,fe2b8212-295b-4b20-8a21-91182c4034f5,morning,el,word,1,πρωί,2026-05-18T11:51:51.417Z
8,fe2b8212-295b-4b20-8a21-91182c4034f5,accurately,el,word,1,με ακρίβεια,2026-05-18T11:52:11.669Z
8,fe2b8212-295b-4b20-8a21-91182c4034f5,across,el,word,1,σε όλες,2026-05-18T11:52:47.515Z
8,fe2b8212-295b-4b20-8a21-91182c4034f5,operations,el,word,1,δραστηριότητες,2026-05-18T11:53:24.473Z
8,fe2b8212-295b-4b20-8a21-91182c4034f5,estimated,el,word,1,εκτιμώμενη,2026-05-18T11:53:37.808Z
8,fe2b8212-295b-4b20-8a21-91182c4034f5,fan-shaped,el,word,1,σε σχήμα βεντάλιας,2026-05-18T11:53:56.850Z
8,fe2b8212-295b-4b20-8a21-91182c4034f5,would,el,word,1,θα,2026-05-18T11:54:57.735Z
8,fe2b8212-295b-4b20-8a21-91182c4034f5,believed,el,word,1,πίστευε,2026-05-18T11:55:01.689Z
8,fe2b8212-295b-4b20-8a21-91182c4034f5,objects,el,word,1,αντικείμενα,2026-05-18T11:55:47.021Z
8,fe2b8212-295b-4b20-8a21-91182c4034f5,"explored,",el,word,1,"εξερευνηθεί,",2026-05-18T11:57:31.767Z
8,fe2b8212-295b-4b20-8a21-91182c4034f5,accuracy,el,word,1,ακρίβεια,2026-05-18T11:57:32.134Z
8,1e08bc94-0659-4382-93f3-095bd173c855,Anglo-Powhatan,el,word,1,Αγγλο-Ποουχάταν,2026-05-18T11:59:34.516Z
8,1e08bc94-0659-4382-93f3-095bd173c855,affected,el,word,1,επηρέασαν,2026-05-18T11:59:41.849Z
8,1e08bc94-0659-4382-93f3-095bd173c855,relationships,el,word,1,σχέσεις,2026-05-18T11:59:42.312Z
8,1e08bc94-0659-4382-93f3-095bd173c855,sturdy,el,word,1,ανθεκτικά,2026-05-18T11:59:50.405Z
8,1e08bc94-0659-4382-93f3-095bd173c855,tenuous,el,word,1,εύθραυστες,2026-05-18T11:59:55.895Z
8,1e08bc94-0659-4382-93f3-095bd173c855,mounting,el,word,1,αυξανόμενη,2026-05-18T12:00:04.459Z
8,1e08bc94-0659-4382-93f3-095bd173c855,scarce,el,word,1,σπάνια,2026-05-18T12:00:10.410Z
9,e2067df6-37eb-48c5-bb7b-fdbe820cd4c6,reduced.,el,word,2,μειωθεί.,2026-05-18T12:13:36.231Z
9,e2067df6-37eb-48c5-bb7b-fdbe820cd4c6,adjust,el,word,1,προσαρμόζω,2026-05-18T12:11:59.145Z
9,e2067df6-37eb-48c5-bb7b-fdbe820cd4c6,checked,el,word,1,ελέγχθηκε,2026-05-18T12:11:59.210Z
9,e2067df6-37eb-48c5-bb7b-fdbe820cd4c6,front,el,word,5,μπροστά,2026-05-18T12:12:51.082Z
9,e2067df6-37eb-48c5-bb7b-fdbe820cd4c6,quiet,el,word,4,ήσυχο,2026-05-18T12:12:51.075Z
9,e2067df6-37eb-48c5-bb7b-fdbe820cd4c6,"naturally,",el,word,2,"φυσικά,",2026-05-18T12:12:52.140Z
9,e2067df6-37eb-48c5-bb7b-fdbe820cd4c6,comfortable,el,word,1,άνετο,2026-05-18T12:12:15.092Z
9,e2067df6-37eb-48c5-bb7b-fdbe820cd4c6,followed,el,word,1,ακολουθούσε,2026-05-18T12:12:23.580Z
9,e2067df6-37eb-48c5-bb7b-fdbe820cd4c6,pace.,el,word,1,ρυθμό.,2026-05-18T12:12:27.109Z
9,e2067df6-37eb-48c5-bb7b-fdbe820cd4c6,goal,el,word,2,στόχος,2026-05-18T12:12:46.996Z
9,e2067df6-37eb-48c5-bb7b-fdbe820cd4c6,"screen,",el,word,2,"οθόνη,",2026-05-18T12:12:47.306Z
9,e2067df6-37eb-48c5-bb7b-fdbe820cd4c6,continue,el,word,1,συνέχεια,2026-05-18T12:12:47.117Z
9,e2067df6-37eb-48c5-bb7b-fdbe820cd4c6,began,el,word,1,ξεκίνησε,2026-05-18T12:12:47.362Z
9,e2067df6-37eb-48c5-bb7b-fdbe820cd4c6,laboratory.,el,word,1,εργαστήριο.,2026-05-18T12:12:48.305Z
9,e2067df6-37eb-48c5-bb7b-fdbe820cd4c6,adjusted,el,word,1,ρύθμισε,2026-05-18T12:12:51.295Z
9,e2067df6-37eb-48c5-bb7b-fdbe820cd4c6,read,el,word,1,να διαβάζεις,2026-05-18T12:12:51.520Z
9,e2067df6-37eb-48c5-bb7b-fdbe820cd4c6,f-,el,word,4,στ-,2026-05-18T12:12:54.145Z
9,e2067df6-37eb-48c5-bb7b-fdbe820cd4c6,shapes,el,word,2,σχήματα,2026-05-18T12:13:02.712Z
9,e2067df6-37eb-48c5-bb7b-fdbe820cd4c6,tracking,el,word,3,απόσταση μεταξύ γραμμάτων,2026-05-18T12:13:06.441Z
9,e2067df6-37eb-48c5-bb7b-fdbe820cd4c6,Times,el,word,1,Times,2026-05-18T12:12:58.235Z
9,e2067df6-37eb-48c5-bb7b-fdbe820cd4c6,larges,el,word,1,μεγάλα,2026-05-18T12:12:58.419Z
9,e2067df6-37eb-48c5-bb7b-fdbe820cd4c6,paragraph,el,word,1,παράγραφος,2026-05-18T12:12:58.851Z
9,e2067df6-37eb-48c5-bb7b-fdbe820cd4c6,larger,el,word,1,μεγαλύτερη,2026-05-18T12:12:59.509Z
9,e2067df6-37eb-48c5-bb7b-fdbe820cd4c6,.,el,word,2,.,2026-05-18T12:13:00.769Z
9,e2067df6-37eb-48c5-bb7b-fdbe820cd4c6,font.,el,word,1,γραμματοσειρά.,2026-05-18T12:13:00.460Z
9,e2067df6-37eb-48c5-bb7b-fdbe820cd4c6,letter,el,word,1,γράμμα,2026-05-18T12:13:01.972Z
9,e2067df6-37eb-48c5-bb7b-fdbe820cd4c6,wider,el,word,1,ευρύτερο,2026-05-18T12:13:03.258Z
9,e2067df6-37eb-48c5-bb7b-fdbe820cd4c6,visual,el,word,1,οπτικά,2026-05-18T12:13:03.874Z
9,e2067df6-37eb-48c5-bb7b-fdbe820cd4c6,features,el,word,1,χαρακτηριστικά,2026-05-18T12:13:04.253Z
9,e2067df6-37eb-48c5-bb7b-fdbe820cd4c6,help,el,word,1,βοήθεια,2026-05-18T12:13:04.672Z
9,e2067df6-37eb-48c5-bb7b-fdbe820cd4c6,reveal,el,word,1,αποκαλύπτουν,2026-05-18T12:13:04.913Z
9,e2067df6-37eb-48c5-bb7b-fdbe820cd4c6,whether,el,word,1,αν,2026-05-18T12:13:05.645Z
9,e2067df6-37eb-48c5-bb7b-fdbe820cd4c6,behaves,el,word,1,συμπεριφέρεται,2026-05-18T12:13:07.047Z
9,e2067df6-37eb-48c5-bb7b-fdbe820cd4c6,consistently,el,word,2,με συνέπεια,2026-05-18T12:13:10.889Z
9,e2067df6-37eb-48c5-bb7b-fdbe820cd4c6,good,el,word,1,καλή,2026-05-18T12:13:08.422Z
9,e2067df6-37eb-48c5-bb7b-fdbe820cd4c6,validation,el,word,1,επικύρωση,2026-05-18T12:13:09.026Z
9,e2067df6-37eb-48c5-bb7b-fdbe820cd4c6,show,el,word,1,δείξει,2026-05-18T12:13:10.132Z
9,e2067df6-37eb-48c5-bb7b-fdbe820cd4c6,stable,el,word,1,σταθερές,2026-05-18T12:13:10.464Z
9,e2067df6-37eb-48c5-bb7b-fdbe820cd4c6,current,el,word,1,ρεύμα,2026-05-18T12:13:11.528Z
9,e2067df6-37eb-48c5-bb7b-fdbe820cd4c6,smooth,el,word,1,ομαλή,2026-05-18T12:13:12.358Z
9,e2067df6-37eb-48c5-bb7b-fdbe820cd4c6,"line,",el,word,2,"γραμμή,",2026-05-18T12:13:15.205Z
9,e2067df6-37eb-48c5-bb7b-fdbe820cd4c6,next,el,word,1,επόμενο,2026-05-18T12:13:15.112Z
9,e2067df6-37eb-48c5-bb7b-fdbe820cd4c6,systematic,el,word,1,συστηματική,2026-05-18T12:13:18.103Z
9,e2067df6-37eb-48c5-bb7b-fdbe820cd4c6,page.,el,word,2,σελίδα.,2026-05-18T12:13:36.185Z
9,e2067df6-37eb-48c5-bb7b-fdbe820cd4c6,Paragraph,el,word,2,Παράγραφος,2026-05-18T12:13:21.473Z
9,e2067df6-37eb-48c5-bb7b-fdbe820cd4c6,Courier,el,word,2,Courier,2026-05-18T12:13:22.720Z
9,e2067df6-37eb-48c5-bb7b-fdbe820cd4c6,last,el,word,3,τελευταία,2026-05-18T12:13:30.315Z
9,e2067df6-37eb-48c5-bb7b-fdbe820cd4c6,line,el,word,2,γραμμή,2026-05-18T12:13:31.920Z
9,e2067df6-37eb-48c5-bb7b-fdbe820cd4c6,increased,el,word,1,αυξημένη,2026-05-18T12:13:23.467Z
9,e2067df6-37eb-48c5-bb7b-fdbe820cd4c6,intentionally,el,word,7,σκόπιμα,2026-05-18T12:13:33.544Z
9,e2067df6-37eb-48c5-bb7b-fdbe820cd4c6,simple,el,word,1,απλή,2026-05-18T12:13:25.231Z
9,e2067df6-37eb-48c5-bb7b-fdbe820cd4c6,quick,el,word,2,γρήγορος,2026-05-18T12:13:35.968Z
9,e2067df6-37eb-48c5-bb7b-fdbe820cd4c6,continuing.,el,word,1,συνέχεια.,2026-05-18T12:13:33.564Z
9,e2067df6-37eb-48c5-bb7b-fdbe820cd4c6,"movements,",el,word,1,"κινήσεις,",2026-05-18T12:13:36.322Z
9,e2067df6-37eb-48c5-bb7b-fdbe820cd4c6,participant,el,word,1,συμμετέχων,2026-05-18T12:14:10.386Z
9,e2067df6-37eb-48c5-bb7b-fdbe820cd4c6,researcher,el,word,1,ερευνητής,2026-05-18T12:14:21.111Z
9,e2067df6-37eb-48c5-bb7b-fdbe820cd4c6,relevant,el,word,1,σχετικές,2026-05-18T12:14:26.674Z
9,e2067df6-37eb-48c5-bb7b-fdbe820cd4c6,"section,",el,word,1,"ενότητα,",2026-05-18T12:14:28.302Z
9,e2067df6-37eb-48c5-bb7b-fdbe820cd4c6,text,el,word,2,κείμενο,2026-05-18T12:14:31.316Z
9,e2067df6-37eb-48c5-bb7b-fdbe820cd4c6,becomes,el,word,2,γίνεται,2026-05-18T12:14:38.910Z
9,e2067df6-37eb-48c5-bb7b-fdbe820cd4c6,Noisy,el,word,4,Θορυβώδεις,2026-05-18T12:16:00.109Z
9,e2067df6-37eb-48c5-bb7b-fdbe820cd4c6,Humans,el,word,2,Άνθρωποι,2026-05-18T12:16:00.339Z
9,e2067df6-37eb-48c5-bb7b-fdbe820cd4c6,Drown,el,word,1,Πνίγουν,2026-05-18T12:15:24.845Z
9,e2067df6-37eb-48c5-bb7b-fdbe820cd4c6,Nature,el,word,1,Φύση,2026-05-18T12:15:36.414Z
9,e2067df6-37eb-48c5-bb7b-fdbe820cd4c6,Protected,el,word,2,Προστατευόμενες,2026-05-18T12:15:41.783Z
9,e2067df6-37eb-48c5-bb7b-fdbe820cd4c6,commercial,el,word,1,εμπορική,2026-05-18T12:15:40.152Z
9,e2067df6-37eb-48c5-bb7b-fdbe820cd4c6,Holtz,el,word,1,Holtz,2026-05-18T12:15:55.900Z
9,e2067df6-37eb-48c5-bb7b-fdbe820cd4c6,wilderness,el,word,1,άγρια φύση,2026-05-18T12:16:05.653Z
9,e2067df6-37eb-48c5-bb7b-fdbe820cd4c6,public,el,word,1,δημόσια,2026-05-18T12:16:19.287Z
9,e2067df6-37eb-48c5-bb7b-fdbe820cd4c6,"""pervasive""",el,word,1,«διαδεδομένοι»,2026-05-18T12:16:22.958Z
9,e2067df6-37eb-48c5-bb7b-fdbe820cd4c6,lands,el,word,1,χώροι,2026-05-18T12:16:25.629Z
9,e2067df6-37eb-48c5-bb7b-fdbe820cd4c6,conservation,el,word,2,διατήρηση,2026-05-18T12:17:11.806Z
9,e2067df6-37eb-48c5-bb7b-fdbe820cd4c6,scientists,el,word,1,επιστήμονες,2026-05-18T12:16:31.894Z
9,e2067df6-37eb-48c5-bb7b-fdbe820cd4c6,tranquil,el,word,1,ήσυχη,2026-05-18T12:16:50.901Z
9,e2067df6-37eb-48c5-bb7b-fdbe820cd4c6,protected,el,word,1,προστατευόμενες,2026-05-18T12:16:56.043Z
9,e2067df6-37eb-48c5-bb7b-fdbe820cd4c6,arises,el,word,1,προκύπτει,2026-05-18T12:17:04.369Z
9,e2067df6-37eb-48c5-bb7b-fdbe820cd4c6,appreciation,el,word,1,αντίληψη,2026-05-18T12:17:06.619Z
9,e2067df6-37eb-48c5-bb7b-fdbe820cd4c6,effects,el,word,1,επιπτώσεις,2026-05-18T12:17:08.156Z
9,e2067df6-37eb-48c5-bb7b-fdbe820cd4c6,excess,el,word,1,υπερβολικός,2026-05-18T12:17:09.476Z
9,e2067df6-37eb-48c5-bb7b-fdbe820cd4c6,quantify,el,word,1,ποσοτικοποίηση,2026-05-18T12:17:12.891Z
9,e2067df6-37eb-48c5-bb7b-fdbe820cd4c6,collated,el,word,1,συγκέντρωσαν,2026-05-18T12:17:24.771Z
9,e2067df6-37eb-48c5-bb7b-fdbe820cd4c6,park-land,el,word,1,πάρκα,2026-05-18T12:17:28.117Z
9,e2067df6-37eb-48c5-bb7b-fdbe820cd4c6,landscape,el,word,2,τοπίο,2026-05-18T12:17:33.731Z
9,e2067df6-37eb-48c5-bb7b-fdbe820cd4c6,recordings.,el,word,1,ηχογραφήσεις.,2026-05-18T12:17:33.370Z
9,e2067df6-37eb-48c5-bb7b-fdbe820cd4c6,babbling,el,word,1,κυλά,2026-05-18T12:17:51.872Z
9,e2067df6-37eb-48c5-bb7b-fdbe820cd4c6,background,el,word,2,φόντο,2026-05-18T12:19:08.955Z
9,e2067df6-37eb-48c5-bb7b-fdbe820cd4c6,traffic,el,word,2,κυκλοφορία,2026-05-18T12:18:01.771Z
9,e2067df6-37eb-48c5-bb7b-fdbe820cd4c6,Canyon,el,word,1,Canyon,2026-05-18T12:18:01.790Z
9,e2067df6-37eb-48c5-bb7b-fdbe820cd4c6,canyon,el,word,1,φαράγγι,2026-05-18T12:18:01.856Z
9,e2067df6-37eb-48c5-bb7b-fdbe820cd4c6,hindering,el,word,1,εμποδίζοντας,2026-05-18T12:18:18.093Z
9,e2067df6-37eb-48c5-bb7b-fdbe820cd4c6,avian,el,word,1,πτηνών,2026-05-18T12:18:25.421Z
9,e2067df6-37eb-48c5-bb7b-fdbe820cd4c6,behavioral,el,word,1,συμπεριφορά,2026-05-18T12:18:26.754Z
9,e2067df6-37eb-48c5-bb7b-fdbe820cd4c6,louder,el,word,1,πιο δυνατά,2026-05-18T12:18:32.022Z
9,e2067df6-37eb-48c5-bb7b-fdbe820cd4c6,cognitive,el,word,2,γνωστικές,2026-05-18T12:19:22.163Z
9,e2067df6-37eb-48c5-bb7b-fdbe820cd4c6,musicologist,el,word,3,μουσικολόγος,2026-05-18T12:18:52.661Z
9,e2067df6-37eb-48c5-bb7b-fdbe820cd4c6,office,el,word,1,γραφείο,2026-05-18T12:18:49.349Z
9,e2067df6-37eb-48c5-bb7b-fdbe820cd4c6,burble,el,word,1,κυματισμός,2026-05-18T12:18:50.960Z
9,e2067df6-37eb-48c5-bb7b-fdbe820cd4c6,flowing,el,word,1,ρέον,2026-05-18T12:18:52.544Z
9,e2067df6-37eb-48c5-bb7b-fdbe820cd4c6,Polytechnic,el,word,2,Πολυτεχνείο,2026-05-18T12:18:56.048Z
9,e2067df6-37eb-48c5-bb7b-fdbe820cd4c6,taking,el,word,1,λαμβάνοντας,2026-05-18T12:18:55.954Z
9,e2067df6-37eb-48c5-bb7b-fdbe820cd4c6,reported,el,word,1,ανέφεραν,2026-05-18T12:18:59.064Z
9,e2067df6-37eb-48c5-bb7b-fdbe820cd4c6,recording,el,word,4,ηχογράφηση,2026-05-18T12:21:11.893Z
9,e2067df6-37eb-48c5-bb7b-fdbe820cd4c6,restorative,el,word,4,αναζωογονητική,2026-05-18T12:19:19.905Z
9,e2067df6-37eb-48c5-bb7b-fdbe820cd4c6,white,el,word,3,λευκό,2026-05-18T12:19:12.767Z
9,e2067df6-37eb-48c5-bb7b-fdbe820cd4c6,noise.,el,word,3,θόρυβο.,2026-05-18T12:19:15.134Z
9,e2067df6-37eb-48c5-bb7b-fdbe820cd4c6,"surroundings,",el,word,1,"περιβάλλον,",2026-05-18T12:19:14.272Z
9,e2067df6-37eb-48c5-bb7b-fdbe820cd4c6,surgery.,el,word,1,χειρουργική επέμβαση.,2026-05-18T12:19:36.034Z
9,e2067df6-37eb-48c5-bb7b-fdbe820cd4c6,"cars,",el,word,1,"αυτοκίνητα,",2026-05-18T12:20:18.700Z
9,e2067df6-37eb-48c5-bb7b-fdbe820cd4c6,added,el,word,5,προστέθηκε,2026-05-18T12:22:08.300Z
9,e2067df6-37eb-48c5-bb7b-fdbe820cd4c6,listened,el,word,8,άκουσαν,2026-05-18T12:23:46.620Z
9,e2067df6-37eb-48c5-bb7b-fdbe820cd4c6,tape,el,word,2,κασέτα,2026-05-18T12:22:00.229Z
9,e2067df6-37eb-48c5-bb7b-fdbe820cd4c6,University,el,word,3,Πανεπιστήμιο,2026-05-18T12:22:37.861Z
9,e2067df6-37eb-48c5-bb7b-fdbe820cd4c6,psychologists.,el,word,2,ψυχολόγοι.,2026-05-18T12:22:36.200Z
9,b7f39a1d-5700-46b8-8c40-a9fa8bf1209f,December,el,word,1,Δεκέμβριος,2026-05-18T12:24:24.269Z
9,b7f39a1d-5700-46b8-8c40-a9fa8bf1209f,wanting,el,word,1,θέλω,2026-05-18T12:24:29.457Z
9,b7f39a1d-5700-46b8-8c40-a9fa8bf1209f,defiance,el,word,1,ανυπακοή,2026-05-18T12:24:37.066Z
9,b7f39a1d-5700-46b8-8c40-a9fa8bf1209f,unacceptable.,el,word,1,απαράδεκτο.,2026-05-18T12:24:38.003Z
9,b7f39a1d-5700-46b8-8c40-a9fa8bf1209f,Montgomery,el,word,2,Μοντγκόμερι,2026-05-18T12:24:59.507Z
9,b7f39a1d-5700-46b8-8c40-a9fa8bf1209f,Rosa,el,word,1,Ρόζα,2026-05-18T12:24:51.274Z
9,b7f39a1d-5700-46b8-8c40-a9fa8bf1209f,protest,el,word,1,διαμαρτυρία,2026-05-18T12:25:02.100Z
9,b7f39a1d-5700-46b8-8c40-a9fa8bf1209f,disobedience,el,word,1,ανυπακοή,2026-05-18T12:25:03.974Z
9,b7f39a1d-5700-46b8-8c40-a9fa8bf1209f,second-class,el,word,1,δεύτερης κατηγορίας,2026-05-18T12:25:11.624Z
9,b7f39a1d-5700-46b8-8c40-a9fa8bf1209f,carpools.,el,word,1,ομάδες μεταφοράς με αυτοκίνητο.,2026-05-18T12:25:15.162Z
9,b7f39a1d-5700-46b8-8c40-a9fa8bf1209f,stirred,el,word,1,συγκίνησαν,2026-05-18T12:25:20.711Z
9,b7f39a1d-5700-46b8-8c40-a9fa8bf1209f,conscience,el,word,1,συνείδηση,2026-05-18T12:25:30.905Z
9,b7f39a1d-5700-46b8-8c40-a9fa8bf1209f,resilience,el,word,1,ανθεκτικότητα,2026-05-18T12:25:35.091Z
9,b7f39a1d-5700-46b8-8c40-a9fa8bf1209f,transportation,el,word,1,μεταφορές,2026-05-18T12:25:36.112Z
9,b7f39a1d-5700-46b8-8c40-a9fa8bf1209f,across,el,word,2,σε όλη,2026-05-18T12:25:37.739Z
9,b7f39a1d-5700-46b8-8c40-a9fa8bf1209f,fierce,el,word,1,άγρια,2026-05-18T12:25:37.667Z
9,b7f39a1d-5700-46b8-8c40-a9fa8bf1209f,intimidation,el,word,1,εκφοβισμός,2026-05-18T12:25:38.994Z
9,b7f39a1d-5700-46b8-8c40-a9fa8bf1209f,ultimately,el,word,1,τελικά,2026-05-18T12:25:39.955Z
9,b7f39a1d-5700-46b8-8c40-a9fa8bf1209f,desegregation,el,word,1,κατάργηση των φυλετικών διακρίσεων,2026-05-18T12:25:42.266Z
9,b7f39a1d-5700-46b8-8c40-a9fa8bf1209f,"self-evident,",el,word,1,"αυτονόητη,",2026-05-18T12:25:57.308Z
9,b7f39a1d-5700-46b8-8c40-a9fa8bf1209f,generations,el,word,1,γενιές,2026-05-18T12:26:01.307Z
9,b7f39a1d-5700-46b8-8c40-a9fa8bf1209f,hopeful,el,word,1,γεμάτοι ελπίδα,2026-05-18T12:26:02.621Z
9,b7f39a1d-5700-46b8-8c40-a9fa8bf1209f,perfecting,el,word,2,τελειοποίηση,2026-05-18T12:26:14.344Z
9,b7f39a1d-5700-46b8-8c40-a9fa8bf1209f,came,el,word,1,ήρθαμε,2026-05-18T12:26:14.001Z
9,b7f39a1d-5700-46b8-8c40-a9fa8bf1209f,Anniversary,el,word,1,Επέτειος,2026-05-18T12:26:27.072Z
9,b7f39a1d-5700-46b8-8c40-a9fa8bf1209f,hereby,el,word,1,με την παρούσα,2026-05-18T12:26:29.211Z
9,b7f39a1d-5700-46b8-8c40-a9fa8bf1209f,upon,el,word,2,να,2026-05-18T12:26:31.929Z
9,b7f39a1d-5700-46b8-8c40-a9fa8bf1209f,programs,el,word,1,προγράμματα,2026-05-18T12:26:31.766Z
9,b7f39a1d-5700-46b8-8c40-a9fa8bf1209f,"thirteen,",el,word,2,"δέκα τρία,",2026-05-18T12:26:48.471Z
9,b7f39a1d-5700-46b8-8c40-a9fa8bf1209f,hereunto,el,word,1,στο παρόν,2026-05-18T12:26:42.585Z
9,b7f39a1d-5700-46b8-8c40-a9fa8bf1209f,Independence,el,word,1,Ανεξαρτησία,2026-05-18T12:26:43.409Z
9,b7f39a1d-5700-46b8-8c40-a9fa8bf1209f,thirty-seventh.,el,word,3,τριακοστή έβδομη.,2026-05-18T12:26:53.242Z
9,b7f39a1d-5700-46b8-8c40-a9fa8bf1209f,thousand,el,word,1,χιλιάδες,2026-05-18T12:26:48.232Z
10,0823c0ab-65f4-42b7-8b3d-28d3ec50b5d1,continue,el,word,2,συνέχεια,2026-05-18T12:42:47.583Z
10,0823c0ab-65f4-42b7-8b3d-28d3ec50b5d1,right.,el,word,2,δεξιά.,2026-05-18T12:42:15.863Z
10,0823c0ab-65f4-42b7-8b3d-28d3ec50b5d1,whether,el,word,3,αν,2026-05-18T12:44:12.466Z
10,0823c0ab-65f4-42b7-8b3d-28d3ec50b5d1,letters,el,word,5,γράμματα,2026-05-18T12:44:16.793Z
10,0823c0ab-65f4-42b7-8b3d-28d3ec50b5d1,researcher,el,word,4,ερευνητής,2026-05-18T12:44:21.735Z
10,0823c0ab-65f4-42b7-8b3d-28d3ec50b5d1,becomes,el,word,4,γίνεται,2026-05-18T12:44:10.844Z
10,0823c0ab-65f4-42b7-8b3d-28d3ec50b5d1,easier,el,word,1,ευκολότερο,2026-05-18T12:42:19.259Z
10,0823c0ab-65f4-42b7-8b3d-28d3ec50b5d1,system,el,word,2,σύστημα,2026-05-18T12:44:13.333Z
10,0823c0ab-65f4-42b7-8b3d-28d3ec50b5d1,still,el,word,1,ακόμα,2026-05-18T12:42:22.094Z
10,0823c0ab-65f4-42b7-8b3d-28d3ec50b5d1,detects,el,word,3,ανιχνεύει,2026-05-18T12:44:18.440Z
10,0823c0ab-65f4-42b7-8b3d-28d3ec50b5d1,fixations,el,word,3,σταθεροποιήσεις,2026-05-18T12:44:19.232Z
10,0823c0ab-65f4-42b7-8b3d-28d3ec50b5d1,accurately,el,word,4,με ακρίβεια,2026-05-18T12:44:19.605Z
10,0823c0ab-65f4-42b7-8b3d-28d3ec50b5d1,distance,el,word,4,απόσταση,2026-05-18T12:44:15.715Z
10,0823c0ab-65f4-42b7-8b3d-28d3ec50b5d1,reduced.,el,word,6,μειωθεί.,2026-05-18T12:44:31.012Z
10,0823c0ab-65f4-42b7-8b3d-28d3ec50b5d1,appears,el,word,3,φαίνεται,2026-05-18T12:44:25.717Z
10,0823c0ab-65f4-42b7-8b3d-28d3ec50b5d1,slightly,el,word,2,ελαφρώς,2026-05-18T12:44:26.404Z
10,0823c0ab-65f4-42b7-8b3d-28d3ec50b5d1,"words,",el,word,1,"λέξεις,",2026-05-18T12:42:28.870Z
10,0823c0ab-65f4-42b7-8b3d-28d3ec50b5d1,quiet,el,word,1,ήσυχο,2026-05-18T12:42:31.599Z
10,0823c0ab-65f4-42b7-8b3d-28d3ec50b5d1,first,el,word,1,πρώτη,2026-05-18T12:42:36.693Z
10,0823c0ab-65f4-42b7-8b3d-28d3ec50b5d1,line,el,word,1,γραμμή,2026-05-18T12:42:37.147Z
10,0823c0ab-65f4-42b7-8b3d-28d3ec50b5d1,text.,el,word,1,κείμενο.,2026-05-18T12:42:44.351Z
10,0823c0ab-65f4-42b7-8b3d-28d3ec50b5d1,"movements,",el,word,4,"κινήσεις,",2026-05-18T12:44:04.037Z
10,0823c0ab-65f4-42b7-8b3d-28d3ec50b5d1,comfortable,el,word,3,άνετο,2026-05-18T12:45:46.985Z
10,0823c0ab-65f4-42b7-8b3d-28d3ec50b5d1,read,el,word,1,να διαβάζεις,2026-05-18T12:42:56.028Z
10,0823c0ab-65f4-42b7-8b3d-28d3ec50b5d1,followed,el,word,4,ακολουθούσε,2026-05-18T12:45:39.845Z
10,0823c0ab-65f4-42b7-8b3d-28d3ec50b5d1,smaller.,el,word,4,μικρότερο.,2026-05-18T12:44:11.197Z
10,0823c0ab-65f4-42b7-8b3d-28d3ec50b5d1,makes,el,word,1,κάνει,2026-05-18T12:43:06.837Z
10,0823c0ab-65f4-42b7-8b3d-28d3ec50b5d1,final,el,word,5,τελικός,2026-05-18T12:43:59.316Z
10,0823c0ab-65f4-42b7-8b3d-28d3ec50b5d1,continuous,el,word,2,συνεχής,2026-05-18T12:43:10.552Z
10,0823c0ab-65f4-42b7-8b3d-28d3ec50b5d1,text,el,word,1,κείμενο,2026-05-18T12:43:10.516Z
10,0823c0ab-65f4-42b7-8b3d-28d3ec50b5d1,paragraph,el,word,4,παράγραφος,2026-05-18T12:43:56.110Z
10,0823c0ab-65f4-42b7-8b3d-28d3ec50b5d1,uses,el,word,2,χρησιμοποιεί,2026-05-18T12:43:16.452Z
10,0823c0ab-65f4-42b7-8b3d-28d3ec50b5d1,features,el,word,4,χαρακτηριστικά,2026-05-18T12:43:16.006Z
10,0823c0ab-65f4-42b7-8b3d-28d3ec50b5d1,gaze,el,word,4,βλέμμα,2026-05-18T12:45:37.505Z
10,0823c0ab-65f4-42b7-8b3d-28d3ec50b5d1,experiment,el,word,3,πείραμα,2026-05-18T12:44:36.411Z
10,0823c0ab-65f4-42b7-8b3d-28d3ec50b5d1,Paragraph,el,word,4,Παράγραφος,2026-05-18T12:44:07.985Z
10,0823c0ab-65f4-42b7-8b3d-28d3ec50b5d1,checked,el,word,3,ελέγχθηκε,2026-05-18T12:43:46.946Z
10,0823c0ab-65f4-42b7-8b3d-28d3ec50b5d1,neighboring,el,word,2,γειτονικά,2026-05-18T12:44:16.564Z
10,0823c0ab-65f4-42b7-8b3d-28d3ec50b5d1,.,el,word,1,.,2026-05-18T12:43:53.340Z
10,0823c0ab-65f4-42b7-8b3d-28d3ec50b5d1,graph,el,word,2,graph,2026-05-18T12:44:29.296Z
10,0823c0ab-65f4-42b7-8b3d-28d3ec50b5d1,large,el,word,2,μεγάλες,2026-05-18T12:44:01.175Z
10,0823c0ab-65f4-42b7-8b3d-28d3ec50b5d1,Font,el,word,1,Γραμματοσειρά,2026-05-18T12:44:01.268Z
10,0823c0ab-65f4-42b7-8b3d-28d3ec50b5d1,"section,",el,word,2,"ενότητα,",2026-05-18T12:44:10.238Z
10,0823c0ab-65f4-42b7-8b3d-28d3ec50b5d1,adjust,el,word,2,προσαρμόζω,2026-05-18T12:44:23.688Z
10,0823c0ab-65f4-42b7-8b3d-28d3ec50b5d1,relevant,el,word,1,σχετικές,2026-05-18T12:44:24.428Z
10,0823c0ab-65f4-42b7-8b3d-28d3ec50b5d1,settings,el,word,1,ρυθμίσεις,2026-05-18T12:44:25.713Z
10,0823c0ab-65f4-42b7-8b3d-28d3ec50b5d1,beside,el,word,1,δίπλα,2026-05-18T12:44:28.065Z
10,0823c0ab-65f4-42b7-8b3d-28d3ec50b5d1,begins.,el,word,1,ξεκινά.,2026-05-18T12:44:32.866Z
10,0823c0ab-65f4-42b7-8b3d-28d3ec50b5d1,real,el,word,1,πραγματικό,2026-05-18T12:44:37.425Z
10,0823c0ab-65f4-42b7-8b3d-28d3ec50b5d1,Full-width,el,word,1,Πλήρες πλάτος,2026-05-18T12:45:14.460Z
10,0823c0ab-65f4-42b7-8b3d-28d3ec50b5d1,morning,el,word,2,πρωί,2026-05-18T12:45:49.893Z
10,0823c0ab-65f4-42b7-8b3d-28d3ec50b5d1,goal,el,word,3,στόχος,2026-05-18T12:45:31.546Z
10,0823c0ab-65f4-42b7-8b3d-28d3ec50b5d1,"screen,",el,word,1,"οθόνη,",2026-05-18T12:45:50.855Z
10,0823c0ab-65f4-42b7-8b3d-28d3ec50b5d1,Electromagnetic,el,word,2,Ηλεκτρομαγνητική,2026-05-18T12:47:55.426Z
10,0823c0ab-65f4-42b7-8b3d-28d3ec50b5d1,Radiation,el,word,1,Ακτινοβολία,2026-05-18T12:47:10.811Z
10,0823c0ab-65f4-42b7-8b3d-28d3ec50b5d1,process,el,word,1,επεξεργασία,2026-05-18T12:47:41.284Z
10,0823c0ab-65f4-42b7-8b3d-28d3ec50b5d1,electromagnetic,el,word,9,ηλεκτρομαγνητικό,2026-05-18T12:49:55.750Z
10,0823c0ab-65f4-42b7-8b3d-28d3ec50b5d1,stream,el,word,1,ροή,2026-05-18T12:47:59.378Z
10,0823c0ab-65f4-42b7-8b3d-28d3ec50b5d1,travels,el,word,2,ταξιδεύει,2026-05-18T12:48:03.219Z
10,0823c0ab-65f4-42b7-8b3d-28d3ec50b5d1,spectrum,el,word,1,φάσμα,2026-05-18T12:48:03.249Z
10,0823c0ab-65f4-42b7-8b3d-28d3ec50b5d1,ultraviolet,el,word,1,υπεριώδες,2026-05-18T12:48:03.318Z
10,0823c0ab-65f4-42b7-8b3d-28d3ec50b5d1,infrared,el,word,1,υπέρυθρο,2026-05-18T12:48:11.215Z
10,0823c0ab-65f4-42b7-8b3d-28d3ec50b5d1,capable,el,word,2,ικανά,2026-05-18T12:48:54.601Z
10,0823c0ab-65f4-42b7-8b3d-28d3ec50b5d1,"radiation,",el,word,1,"ακτινοβολίας,",2026-05-18T12:48:54.507Z
10,0823c0ab-65f4-42b7-8b3d-28d3ec50b5d1,"spectrum,",el,word,1,"φάσμα,",2026-05-18T12:49:00.612Z
10,0823c0ab-65f4-42b7-8b3d-28d3ec50b5d1,intensities,el,word,1,εντάσεις,2026-05-18T12:49:08.386Z
10,0823c0ab-65f4-42b7-8b3d-28d3ec50b5d1,wavelength.,el,word,1,μήκος κύματος.,2026-05-18T12:49:12.613Z
10,0823c0ab-65f4-42b7-8b3d-28d3ec50b5d1,scrunched,el,word,2,συμπιεσμένα,2026-05-18T12:49:41.551Z
10,0823c0ab-65f4-42b7-8b3d-28d3ec50b5d1,"light,",el,word,1,"φως,",2026-05-18T12:49:21.552Z
10,0823c0ab-65f4-42b7-8b3d-28d3ec50b5d1,slinky.,el,word,1,σπείρα.,2026-05-18T12:49:22.054Z
10,0823c0ab-65f4-42b7-8b3d-28d3ec50b5d1,slinky,el,word,1,σπείρα,2026-05-18T12:49:26.332Z
10,0823c0ab-65f4-42b7-8b3d-28d3ec50b5d1,portion,el,word,1,τμήμα,2026-05-18T12:49:29.979Z
10,0823c0ab-65f4-42b7-8b3d-28d3ec50b5d1,light-is,el,word,1,φως-είναι,2026-05-18T12:49:34.669Z
10,0823c0ab-65f4-42b7-8b3d-28d3ec50b5d1,smack,el,word,1,ακριβώς,2026-05-18T12:49:35.182Z
10,0823c0ab-65f4-42b7-8b3d-28d3ec50b5d1,commonplace,el,word,1,συνηθισμένη,2026-05-18T12:49:52.700Z
10,0823c0ab-65f4-42b7-8b3d-28d3ec50b5d1,practically,el,word,1,σχεδόν,2026-05-18T12:50:02.528Z
10,0823c0ab-65f4-42b7-8b3d-28d3ec50b5d1,humankind,el,word,1,η ανθρωπότητα,2026-05-18T12:50:32.779Z
10,0823c0ab-65f4-42b7-8b3d-28d3ec50b5d1,natural,el,word,1,φυσικός,2026-05-18T12:50:44.930Z
10,0823c0ab-65f4-42b7-8b3d-28d3ec50b5d1,mankind,el,word,1,ανθρωπότητα,2026-05-18T12:50:46.708Z
10,0823c0ab-65f4-42b7-8b3d-28d3ec50b5d1,"universe,",el,word,1,"σύμπαν,",2026-05-18T12:50:48.426Z
10,0823c0ab-65f4-42b7-8b3d-28d3ec50b5d1,night-vision,el,word,1,νυχτερινή όραση,2026-05-18T12:50:58.704Z
10,0823c0ab-65f4-42b7-8b3d-28d3ec50b5d1,goggles,el,word,2,γυαλιά,2026-05-18T12:51:06.084Z
10,0823c0ab-65f4-42b7-8b3d-28d3ec50b5d1,frequencies,el,word,2,συχνότητες,2026-05-18T12:51:07.119Z
10,0823c0ab-65f4-42b7-8b3d-28d3ec50b5d1,"machines,",el,word,2,"μηχανήματα,",2026-05-18T12:51:06.211Z
10,0823c0ab-65f4-42b7-8b3d-28d3ec50b5d1,bouncing,el,word,1,που αναπηδά,2026-05-18T12:51:06.267Z
10,0823c0ab-65f4-42b7-8b3d-28d3ec50b5d1,faces,el,word,1,πρόσωπα,2026-05-18T12:51:23.814Z
10,0823c0ab-65f4-42b7-8b3d-28d3ec50b5d1,comprehensible,el,word,1,κατανοητές,2026-05-18T12:51:24.526Z
10,0823c0ab-65f4-42b7-8b3d-28d3ec50b5d1,images,el,word,4,εικόνες,2026-05-18T12:51:39.563Z
10,0823c0ab-65f4-42b7-8b3d-28d3ec50b5d1,emitted,el,word,3,εκπέμπονται,2026-05-18T12:51:38.063Z
10,0823c0ab-65f4-42b7-8b3d-28d3ec50b5d1,Even,el,word,1,Ακόμη και,2026-05-18T12:53:38.526Z
10,c453644c-7b9c-4d36-93ef-a8da76f00adc,parts,el,word,1,μέρη,2026-05-18T12:55:26.936Z
10,c453644c-7b9c-4d36-93ef-a8da76f00adc,geography.,el,word,1,γεωγραφία.,2026-05-18T12:55:31.345Z
10,c453644c-7b9c-4d36-93ef-a8da76f00adc,"""hemisphere""",el,word,1,«ημισφαίριο»,2026-05-18T12:55:32.721Z
10,c453644c-7b9c-4d36-93ef-a8da76f00adc,Southern,el,word,3,Νότιο,2026-05-18T12:55:49.982Z
10,c453644c-7b9c-4d36-93ef-a8da76f00adc,equator.,el,word,2,ισημερινός.,2026-05-18T12:55:50.122Z
10,c453644c-7b9c-4d36-93ef-a8da76f00adc,Antarctica.,el,word,1,Ανταρκτική.,2026-05-18T12:55:49.950Z
10,c453644c-7b9c-4d36-93ef-a8da76f00adc,temperate,el,word,2,εύκρατο,2026-05-18T12:55:54.887Z
10,c453644c-7b9c-4d36-93ef-a8da76f00adc,"tropical,",el,word,1,"τροπικά,",2026-05-18T12:55:54.586Z
10,c453644c-7b9c-4d36-93ef-a8da76f00adc,precipitation.,el,word,1,βροχοπτώσεις.,2026-05-18T12:56:11.797Z
10,c453644c-7b9c-4d36-93ef-a8da76f00adc,animal,el,word,1,ζώο,2026-05-18T12:56:36.180Z
10,c453644c-7b9c-4d36-93ef-a8da76f00adc,finding,el,word,3,εύρεση,2026-05-18T12:56:45.533Z
10,c453644c-7b9c-4d36-93ef-a8da76f00adc,ecosystems,el,word,1,οικοσυστήματα,2026-05-18T12:57:04.906Z
10,c453644c-7b9c-4d36-93ef-a8da76f00adc,roamed,el,word,1,περιπλανιόνταν,2026-05-18T12:57:05.800Z
10,c453644c-7b9c-4d36-93ef-a8da76f00adc,every,el,word,1,κάθε,2026-05-18T12:57:14.119Z
10,c453644c-7b9c-4d36-93ef-a8da76f00adc,"toucans,",el,word,1,"τουκάν,",2026-05-18T12:57:21.874Z
10,c453644c-7b9c-4d36-93ef-a8da76f00adc,tarantulas,el,word,1,ταραντούλες,2026-05-18T12:57:23.300Z
10,c453644c-7b9c-4d36-93ef-a8da76f00adc,call,el,word,1,καλούν,2026-05-18T12:57:24.269Z
10,c453644c-7b9c-4d36-93ef-a8da76f00adc,endangered,el,word,1,απειλούμενα,2026-05-18T12:57:30.138Z
10,c453644c-7b9c-4d36-93ef-a8da76f00adc,hindquarters,el,word,2,οπίσθια άκρα,2026-05-18T12:57:40.103Z
10,c453644c-7b9c-4d36-93ef-a8da76f00adc,animals,el,word,1,ζώα,2026-05-18T12:57:37.376Z
10,c453644c-7b9c-4d36-93ef-a8da76f00adc,misnomer,el,word,1,απαράδεκτη ονομασία,2026-05-18T12:58:08.834Z
10,c453644c-7b9c-4d36-93ef-a8da76f00adc,altitude),el,word,1,ύψος),2026-05-18T12:58:13.467Z
10,c453644c-7b9c-4d36-93ef-a8da76f00adc,spiders,el,word,1,αράχνες,2026-05-18T12:58:15.335Z
10,c453644c-7b9c-4d36-93ef-a8da76f00adc,endemic,el,word,2,ενδημικά,2026-05-18T12:58:29.881Z
10,c453644c-7b9c-4d36-93ef-a8da76f00adc,"rainforests,",el,word,1,"τροπικά δάση,",2026-05-18T12:58:28.677Z
10,c453644c-7b9c-4d36-93ef-a8da76f00adc,nuts,el,word,1,καρύδια,2026-05-18T12:58:53.806Z
10,c453644c-7b9c-4d36-93ef-a8da76f00adc,strong,el,word,1,ισχυρό,2026-05-18T12:58:54.282Z
10,c453644c-7b9c-4d36-93ef-a8da76f00adc,predators.,el,word,1,αρπακτικά.,2026-05-18T12:59:12.088Z
10,c453644c-7b9c-4d36-93ef-a8da76f00adc,insect,el,word,1,έντομο,2026-05-18T12:59:13.050Z
10,c453644c-7b9c-4d36-93ef-a8da76f00adc,unnoticeable,el,word,1,αόρατο,2026-05-18T12:59:20.698Z
10,c453644c-7b9c-4d36-93ef-a8da76f00adc,masks,el,word,1,κρύβει,2026-05-18T12:59:26.050Z
10,c453644c-7b9c-4d36-93ef-a8da76f00adc,biodiversity,el,word,1,βιοποικιλότητα,2026-05-18T12:59:28.753Z
10,c453644c-7b9c-4d36-93ef-a8da76f00adc,killed,el,word,1,σκότωσε,2026-05-18T12:59:47.066Z
10,c453644c-7b9c-4d36-93ef-a8da76f00adc,rainforests,el,word,1,τροπικά δάση,2026-05-18T12:59:50.974Z
10,c453644c-7b9c-4d36-93ef-a8da76f00adc,crucial,el,word,1,ζωτικής σημασίας,2026-05-18T12:59:59.610Z
10,c453644c-7b9c-4d36-93ef-a8da76f00adc,take,el,word,1,να,2026-05-18T13:00:00.363Z
11,ab884987-eb2e-4c2e-b8d6-003166986420,"movements,",el,word,5,"κινήσεις,",2026-05-18T13:14:17.307Z
11,ab884987-eb2e-4c2e-b8d6-003166986420,quiet,el,word,2,ήσυχο,2026-05-18T13:14:57.881Z
11,ab884987-eb2e-4c2e-b8d6-003166986420,front,el,word,2,μπροστά,2026-05-18T13:14:03.121Z
11,ab884987-eb2e-4c2e-b8d6-003166986420,adjusted,el,word,1,ρύθμισε,2026-05-18T13:13:33.886Z
11,ab884987-eb2e-4c2e-b8d6-003166986420,text.,el,word,3,κείμενο.,2026-05-18T13:14:25.967Z
11,ab884987-eb2e-4c2e-b8d6-003166986420,researcher,el,word,2,ερευνητής,2026-05-18T13:14:19.230Z
11,ab884987-eb2e-4c2e-b8d6-003166986420,checked,el,word,3,ελέγχθηκε,2026-05-18T13:14:26.422Z
11,ab884987-eb2e-4c2e-b8d6-003166986420,followed,el,word,3,ακολουθούσε,2026-05-18T13:14:14.570Z
11,ab884987-eb2e-4c2e-b8d6-003166986420,words,el,word,1,λέξεις,2026-05-18T13:13:42.687Z
11,ab884987-eb2e-4c2e-b8d6-003166986420,right.,el,word,3,δεξιά.,2026-05-18T13:14:24.436Z
11,ab884987-eb2e-4c2e-b8d6-003166986420,Paragraph,el,word,1,Παράγραφος,2026-05-18T13:13:46.210Z
11,ab884987-eb2e-4c2e-b8d6-003166986420,beside,el,word,6,δίπλα,2026-05-18T13:14:32.912Z
11,ab884987-eb2e-4c2e-b8d6-003166986420,distance,el,word,1,απόσταση,2026-05-18T13:13:54.573Z
11,ab884987-eb2e-4c2e-b8d6-003166986420,"chair,",el,word,2,"καρέκλα,",2026-05-18T13:14:04.100Z
11,ab884987-eb2e-4c2e-b8d6-003166986420,"naturally,",el,word,1,"φυσικά,",2026-05-18T13:14:05.589Z
11,ab884987-eb2e-4c2e-b8d6-003166986420,comfortable,el,word,2,άνετο,2026-05-18T13:14:15.960Z
11,ab884987-eb2e-4c2e-b8d6-003166986420,normal,el,word,2,κανονικό,2026-05-18T13:14:13.000Z
11,ab884987-eb2e-4c2e-b8d6-003166986420,"section,",el,word,2,"ενότητα,",2026-05-18T13:14:13.473Z
11,ab884987-eb2e-4c2e-b8d6-003166986420,first,el,word,3,πρώτη,2026-05-18T13:14:23.913Z
11,ab884987-eb2e-4c2e-b8d6-003166986420,participant,el,word,4,συμμετέχων,2026-05-18T13:14:23.873Z
11,ab884987-eb2e-4c2e-b8d6-003166986420,reduced.,el,word,1,μειωθεί.,2026-05-18T13:14:24.857Z
11,ab884987-eb2e-4c2e-b8d6-003166986420,system,el,word,2,σύστημα,2026-05-18T13:14:25.688Z
11,ab884987-eb2e-4c2e-b8d6-003166986420,begins.,el,word,7,ξεκινά.,2026-05-18T13:14:33.351Z
11,ab884987-eb2e-4c2e-b8d6-003166986420,larger,el,word,6,μεγαλύτερη,2026-05-18T13:14:32.568Z
11,ab884987-eb2e-4c2e-b8d6-003166986420,help,el,word,2,βοήθεια,2026-05-18T13:14:30.755Z
11,ab884987-eb2e-4c2e-b8d6-003166986420,continuous,el,word,1,συνεχής,2026-05-18T13:14:34.647Z
11,ab884987-eb2e-4c2e-b8d6-003166986420,morning,el,word,2,πρωί,2026-05-18T13:14:58.758Z
11,ab884987-eb2e-4c2e-b8d6-003166986420,reading,el,word,1,ανάγνωση,2026-05-18T13:14:39.898Z
11,ab884987-eb2e-4c2e-b8d6-003166986420,Page,el,word,1,Σελίδα,2026-05-18T13:14:40.274Z
11,ab884987-eb2e-4c2e-b8d6-003166986420,looked,el,word,1,κοίταξε,2026-05-18T13:15:03.843Z
11,213f61b9-68db-4322-8977-eeb9fcef48f5,respite,el,word,1,ανάπαυλα,2026-05-18T13:17:11.904Z
11,213f61b9-68db-4322-8977-eeb9fcef48f5,"life,",el,word,1,"ζωής,",2026-05-18T13:17:13.526Z
11,213f61b9-68db-4322-8977-eeb9fcef48f5,daily,el,word,1,καθημερινά,2026-05-18T13:17:16.286Z
11,213f61b9-68db-4322-8977-eeb9fcef48f5,Colorado,el,word,1,Κολοράντο,2026-05-18T13:17:18.406Z
11,213f61b9-68db-4322-8977-eeb9fcef48f5,said,el,word,1,δήλωσαν,2026-05-18T13:17:20.041Z
11,213f61b9-68db-4322-8977-eeb9fcef48f5,public,el,word,1,δημόσια,2026-05-18T13:17:22.795Z
11,213f61b9-68db-4322-8977-eeb9fcef48f5,analyzed,el,word,2,ανέλυσαν,2026-05-18T13:18:38.166Z
11,213f61b9-68db-4322-8977-eeb9fcef48f5,"federal,",el,word,1,"ομοσπονδιακά,",2026-05-18T13:17:46.322Z
11,213f61b9-68db-4322-8977-eeb9fcef48f5,"mining,",el,word,1,"εξόρυξης,",2026-05-18T13:17:49.988Z
11,213f61b9-68db-4322-8977-eeb9fcef48f5,raised,el,word,1,αυξήθηκαν,2026-05-18T13:17:51.910Z
11,213f61b9-68db-4322-8977-eeb9fcef48f5,Sounds,el,word,1,Sounds,2026-05-18T13:18:09.519Z
11,213f61b9-68db-4322-8977-eeb9fcef48f5,growing,el,word,1,αυξανόμενη,2026-05-18T13:18:25.319Z
11,213f61b9-68db-4322-8977-eeb9fcef48f5,conservation,el,word,1,διατήρηση,2026-05-18T13:18:33.837Z
11,213f61b9-68db-4322-8977-eeb9fcef48f5,computerized,el,word,1,υπολογιστικό,2026-05-18T13:18:35.755Z
11,213f61b9-68db-4322-8977-eeb9fcef48f5,human,el,word,1,ανθρώπινη,2026-05-18T13:18:35.987Z
11,213f61b9-68db-4322-8977-eeb9fcef48f5,park-land,el,word,2,πάρκα,2026-05-18T13:18:40.667Z
11,213f61b9-68db-4322-8977-eeb9fcef48f5,level,el,word,1,επίπεδο,2026-05-18T13:18:40.652Z
11,213f61b9-68db-4322-8977-eeb9fcef48f5,computer,el,word,1,υπολογιστής,2026-05-18T13:18:44.614Z
11,213f61b9-68db-4322-8977-eeb9fcef48f5,algorithm,el,word,1,αλγόριθμος,2026-05-18T13:18:45.642Z
11,213f61b9-68db-4322-8977-eeb9fcef48f5,combined,el,word,1,συνδυασμένα,2026-05-18T13:18:46.080Z
11,213f61b9-68db-4322-8977-eeb9fcef48f5,variables,el,word,1,μεταβλητές,2026-05-18T13:18:48.373Z
11,213f61b9-68db-4322-8977-eeb9fcef48f5,"comparison,",el,word,2,"σύγκριση,",2026-05-18T13:18:59.680Z
11,213f61b9-68db-4322-8977-eeb9fcef48f5,independent,el,word,1,ανεξάρτητη,2026-05-18T13:19:19.366Z
11,213f61b9-68db-4322-8977-eeb9fcef48f5,study,el,word,1,μελέτη,2026-05-18T13:19:25.259Z
11,213f61b9-68db-4322-8977-eeb9fcef48f5,researchers,el,word,1,ερευνητές,2026-05-18T13:19:27.948Z
11,213f61b9-68db-4322-8977-eeb9fcef48f5,National,el,word,1,Εθνικό,2026-05-18T13:19:32.625Z
11,213f61b9-68db-4322-8977-eeb9fcef48f5,University,el,word,3,Πανεπιστήμιο,2026-05-18T13:20:29.643Z
11,213f61b9-68db-4322-8977-eeb9fcef48f5,impact,el,word,1,επιπτώσεις,2026-05-18T13:19:37.931Z
11,213f61b9-68db-4322-8977-eeb9fcef48f5,calls,el,word,1,καλέσματα,2026-05-18T13:19:40.094Z
11,213f61b9-68db-4322-8977-eeb9fcef48f5,deafen,el,word,1,να τα κάνει κουφά,2026-05-18T13:19:41.904Z
11,213f61b9-68db-4322-8977-eeb9fcef48f5,noise,el,word,1,θόρυβος,2026-05-18T13:19:55.216Z
11,213f61b9-68db-4322-8977-eeb9fcef48f5,birds,el,word,1,πουλιά,2026-05-18T13:19:56.550Z
11,213f61b9-68db-4322-8977-eeb9fcef48f5,Psychologists,el,word,1,Ψυχολόγοι,2026-05-18T13:20:04.895Z
11,213f61b9-68db-4322-8977-eeb9fcef48f5,cognitive,el,word,1,γνωστικές,2026-05-18T13:20:13.408Z
11,213f61b9-68db-4322-8977-eeb9fcef48f5,musicologist,el,word,1,μουσικολόγος,2026-05-18T13:20:39.772Z
11,213f61b9-68db-4322-8977-eeb9fcef48f5,Polytechnic,el,word,1,Πολυτεχνείο,2026-05-18T13:20:42.345Z
11,213f61b9-68db-4322-8977-eeb9fcef48f5,Listening,el,word,1,Ακούγοντας,2026-05-18T13:21:04.208Z
11,213f61b9-68db-4322-8977-eeb9fcef48f5,psychologists.,el,word,1,ψυχολόγοι.,2026-05-18T13:21:06.562Z
11,78925cf1-9c5b-4516-8d56-735c4a47e586,"Alabama,",el,word,1,"Αλαμπάμα,",2026-05-18T13:24:11.447Z
11,78925cf1-9c5b-4516-8d56-735c4a47e586,December,el,word,2,Δεκεμβρίου,2026-05-18T13:25:01.653Z
11,78925cf1-9c5b-4516-8d56-735c4a47e586,seamstress,el,word,3,ραπτική,2026-05-18T13:24:55.946Z
11,78925cf1-9c5b-4516-8d56-735c4a47e586,protest,el,word,1,διαμαρτυρία,2026-05-18T13:24:55.040Z
11,ceef30fa-c8aa-4238-8dc9-7dbf7c5b6f07,seamstress,el,word,2,ραπτική,2026-05-18T13:25:12.446Z
11,ceef30fa-c8aa-4238-8dc9-7dbf7c5b6f07,"history,",el,word,1,"ιστορία,",2026-05-18T13:25:11.469Z
11,ceef30fa-c8aa-4238-8dc9-7dbf7c5b6f07,disobedience,el,word,1,ανυπακοή,2026-05-18T13:25:31.208Z
11,ceef30fa-c8aa-4238-8dc9-7dbf7c5b6f07,Montgomery,el,word,2,Μοντγκόμερι,2026-05-18T13:25:36.896Z
11,ceef30fa-c8aa-4238-8dc9-7dbf7c5b6f07,unacceptable.,el,word,1,απαράδεκτο.,2026-05-18T13:25:39.793Z
11,ceef30fa-c8aa-4238-8dc9-7dbf7c5b6f07,carpools.,el,word,1,ομάδες μεταφοράς με αυτοκίνητο.,2026-05-18T13:25:44.578Z
11,ceef30fa-c8aa-4238-8dc9-7dbf7c5b6f07,actions,el,word,1,ενέργειες,2026-05-18T13:25:46.322Z
11,ceef30fa-c8aa-4238-8dc9-7dbf7c5b6f07,conscience,el,word,1,συνείδηση,2026-05-18T13:25:47.490Z
11,ceef30fa-c8aa-4238-8dc9-7dbf7c5b6f07,desegregation,el,word,1,κατάργηση των φυλετικών διακρίσεων,2026-05-18T13:25:53.898Z
11,ceef30fa-c8aa-4238-8dc9-7dbf7c5b6f07,"background,",el,word,1,"προέλευσης,",2026-05-18T13:25:54.737Z
11,ceef30fa-c8aa-4238-8dc9-7dbf7c5b6f07,self-executing.,el,word,1,αυτοεκτελέσιμο.,2026-05-18T13:26:16.954Z
11,ceef30fa-c8aa-4238-8dc9-7dbf7c5b6f07,also,el,word,1,επίσης,2026-05-18T13:26:25.769Z
11,ceef30fa-c8aa-4238-8dc9-7dbf7c5b6f07,day,el,word,2,ημέρα,2026-05-18T13:26:32.951Z
11,ceef30fa-c8aa-4238-8dc9-7dbf7c5b6f07,legacy.,el,word,1,κληρονομιά.,2026-05-18T13:26:32.725Z
11,ceef30fa-c8aa-4238-8dc9-7dbf7c5b6f07,"America,",el,word,2,"Αμερική,",2026-05-18T13:26:36.798Z
11,ceef30fa-c8aa-4238-8dc9-7dbf7c5b6f07,hereby,el,word,1,με την παρούσα,2026-05-18T13:26:36.517Z
11,ceef30fa-c8aa-4238-8dc9-7dbf7c5b6f07,enduring,el,word,2,διαχρονική,2026-05-18T13:26:46.081Z
11,ceef30fa-c8aa-4238-8dc9-7dbf7c5b6f07,thirty-seventh.,el,word,3,τριακοστή έβδομη.,2026-05-18T13:26:47.452Z
11,ceef30fa-c8aa-4238-8dc9-7dbf7c5b6f07,thousand,el,word,1,χιλιάδες,2026-05-18T13:26:47.337Z
11,ceef30fa-c8aa-4238-8dc9-7dbf7c5b6f07,hereunto,el,word,1,στο παρόν,2026-05-18T13:26:50.319Z
11,ceef30fa-c8aa-4238-8dc9-7dbf7c5b6f07,year,el,word,1,έτος,2026-05-18T13:27:00.905Z
12,09820149-13dd-486f-bb8f-9472287b848e,simple:,el,word,3,απλό:,2026-05-18T13:38:08.666Z
12,09820149-13dd-486f-bb8f-9472287b848e,pace.,el,word,1,ρυθμό.,2026-05-18T13:37:56.025Z
12,09820149-13dd-486f-bb8f-9472287b848e,followed,el,word,3,ακολουθούσε,2026-05-18T13:38:19.079Z
12,09820149-13dd-486f-bb8f-9472287b848e,gaze,el,word,5,βλέμμα,2026-05-18T13:42:12.426Z
12,09820149-13dd-486f-bb8f-9472287b848e,quiet,el,word,1,ήσυχο,2026-05-18T13:38:00.052Z
12,09820149-13dd-486f-bb8f-9472287b848e,morning,el,word,2,πρωί,2026-05-18T13:40:52.005Z
12,09820149-13dd-486f-bb8f-9472287b848e,adjusted,el,word,1,ρύθμισε,2026-05-18T13:38:01.293Z
12,09820149-13dd-486f-bb8f-9472287b848e,front,el,word,2,μπροστά,2026-05-18T13:38:09.013Z
12,09820149-13dd-486f-bb8f-9472287b848e,"screen,",el,word,1,"οθόνη,",2026-05-18T13:38:04.423Z
12,09820149-13dd-486f-bb8f-9472287b848e,read,el,word,1,να διαβάζεις,2026-05-18T13:38:05.134Z
12,09820149-13dd-486f-bb8f-9472287b848e,"naturally,",el,word,4,"φυσικά,",2026-05-18T13:40:43.965Z
12,09820149-13dd-486f-bb8f-9472287b848e,avoid,el,word,1,αποφύγετε,2026-05-18T13:38:05.869Z
12,09820149-13dd-486f-bb8f-9472287b848e,looked,el,word,1,κοίταξε,2026-05-18T13:38:07.597Z
12,09820149-13dd-486f-bb8f-9472287b848e,text.,el,word,1,κείμενο.,2026-05-18T13:38:12.487Z
12,09820149-13dd-486f-bb8f-9472287b848e,right.,el,word,2,δεξιά.,2026-05-18T13:40:25.093Z
12,09820149-13dd-486f-bb8f-9472287b848e,checked,el,word,1,ελέγχθηκε,2026-05-18T13:38:14.854Z
12,09820149-13dd-486f-bb8f-9472287b848e,points,el,word,3,σημεία,2026-05-18T13:42:03.510Z
12,09820149-13dd-486f-bb8f-9472287b848e,words,el,word,2,λέξεις,2026-05-18T13:38:20.389Z
12,09820149-13dd-486f-bb8f-9472287b848e,.,el,word,3,.,2026-05-18T13:41:28.012Z
12,09820149-13dd-486f-bb8f-9472287b848e,fixations,el,word,4,σταθεροποιήσεις,2026-05-18T13:41:35.921Z
12,09820149-13dd-486f-bb8f-9472287b848e,next,el,word,2,επόμενο,2026-05-18T13:38:26.009Z
12,09820149-13dd-486f-bb8f-9472287b848e,Paragraph,el,word,3,Παράγραφος,2026-05-18T13:40:01.134Z
12,09820149-13dd-486f-bb8f-9472287b848e,"section,",el,word,1,"ενότητα,",2026-05-18T13:38:26.696Z
12,09820149-13dd-486f-bb8f-9472287b848e,text,el,word,3,κείμενο,2026-05-18T13:42:03.689Z
12,09820149-13dd-486f-bb8f-9472287b848e,accurately,el,word,3,με ακρίβεια,2026-05-18T13:39:54.043Z
12,09820149-13dd-486f-bb8f-9472287b848e,distance,el,word,10,απόσταση,2026-05-18T13:39:43.631Z
12,09820149-13dd-486f-bb8f-9472287b848e,experiment,el,word,14,πείραμα,2026-05-18T13:42:02.696Z
12,09820149-13dd-486f-bb8f-9472287b848e,beside,el,word,3,δίπλα,2026-05-18T13:39:33.777Z
12,09820149-13dd-486f-bb8f-9472287b848e,begins.,el,word,5,ξεκινά.,2026-05-18T13:42:09.504Z
12,09820149-13dd-486f-bb8f-9472287b848e,larges,el,word,3,μεγάλα,2026-05-18T13:41:37.778Z
12,09820149-13dd-486f-bb8f-9472287b848e,becomes,el,word,5,γίνεται,2026-05-18T13:42:04.364Z
12,09820149-13dd-486f-bb8f-9472287b848e,whether,el,word,1,αν,2026-05-18T13:38:51.613Z
12,09820149-13dd-486f-bb8f-9472287b848e,detects,el,word,1,ανιχνεύει,2026-05-18T13:38:52.732Z
12,09820149-13dd-486f-bb8f-9472287b848e,neighboring,el,word,2,γειτονικά,2026-05-18T13:39:18.160Z
12,09820149-13dd-486f-bb8f-9472287b848e,reduced.,el,word,3,μειωθεί.,2026-05-18T13:40:01.380Z
12,09820149-13dd-486f-bb8f-9472287b848e,appears,el,word,3,φαίνεται,2026-05-18T13:39:52.451Z
12,09820149-13dd-486f-bb8f-9472287b848e,slightly,el,word,2,ελαφρώς,2026-05-18T13:41:46.155Z
12,09820149-13dd-486f-bb8f-9472287b848e,researcher,el,word,1,ερευνητής,2026-05-18T13:38:58.540Z
12,09820149-13dd-486f-bb8f-9472287b848e,fonts.,el,word,1,γραμματοσειρές.,2026-05-18T13:39:07.319Z
12,09820149-13dd-486f-bb8f-9472287b848e,final,el,word,1,τελική,2026-05-18T13:39:08.219Z
12,09820149-13dd-486f-bb8f-9472287b848e,paragraph,el,word,1,παράγραφος,2026-05-18T13:39:09.058Z
12,09820149-13dd-486f-bb8f-9472287b848e,wider,el,word,1,ευρύτερο,2026-05-18T13:39:11.346Z
12,09820149-13dd-486f-bb8f-9472287b848e,features,el,word,4,χαρακτηριστικά,2026-05-18T13:42:02.356Z
12,09820149-13dd-486f-bb8f-9472287b848e,uses,el,word,2,χρησιμοποιεί,2026-05-18T13:42:02.495Z
12,09820149-13dd-486f-bb8f-9472287b848e,smaller.,el,word,4,μικρότερο.,2026-05-18T13:39:55.077Z
12,09820149-13dd-486f-bb8f-9472287b848e,comfortable,el,word,1,άνετο,2026-05-18T13:39:43.408Z
12,09820149-13dd-486f-bb8f-9472287b848e,settings,el,word,3,ρυθμίσεις,2026-05-18T13:41:35.340Z
12,09820149-13dd-486f-bb8f-9472287b848e,continuous,el,word,3,συνεχής,2026-05-18T13:41:37.815Z
12,09820149-13dd-486f-bb8f-9472287b848e,"movements,",el,word,3,"κινήσεις,",2026-05-18T13:39:53.316Z
12,09820149-13dd-486f-bb8f-9472287b848e,system,el,word,3,σύστημα,2026-05-18T13:40:02.830Z
12,09820149-13dd-486f-bb8f-9472287b848e,still,el,word,1,ακόμα,2026-05-18T13:40:02.214Z
12,09820149-13dd-486f-bb8f-9472287b848e,university,el,word,1,πανεπιστήμιο,2026-05-18T13:40:43.872Z
12,09820149-13dd-486f-bb8f-9472287b848e,normal,el,word,1,κανονικό,2026-05-18T13:41:35.895Z
12,09820149-13dd-486f-bb8f-9472287b848e,relevant,el,word,2,σχετικές,2026-05-18T13:42:11.611Z
12,09820149-13dd-486f-bb8f-9472287b848e,toward,el,word,2,προς,2026-05-18T13:42:02.167Z
12,09820149-13dd-486f-bb8f-9472287b848e,across,el,word,1,σε όλες,2026-05-18T13:42:02.239Z
12,09820149-13dd-486f-bb8f-9472287b848e,adjust,el,word,1,προσαρμόζω,2026-05-18T13:42:05.565Z
12,09820149-13dd-486f-bb8f-9472287b848e,real,el,word,1,πραγματικό,2026-05-18T13:42:07.725Z
12,5cab1f9b-6f9b-411d-8c8e-cec9137cb4c0,ReadWorks,el,word,1,ReadWorks,2026-05-18T13:42:58.538Z
12,5cab1f9b-6f9b-411d-8c8e-cec9137cb4c0,prospect,el,word,1,προοπτική,2026-05-18T13:43:24.286Z
12,5cab1f9b-6f9b-411d-8c8e-cec9137cb4c0,mainland,el,word,2,ηπειρωτική,2026-05-18T13:43:43.931Z
12,5cab1f9b-6f9b-411d-8c8e-cec9137cb4c0,"reckoning,""",el,word,3,"υπολογισμός»,",2026-05-18T13:43:50.784Z
12,5cab1f9b-6f9b-411d-8c8e-cec9137cb4c0,"""dead",el,word,1,«dead,2026-05-18T13:43:46.151Z
12,5cab1f9b-6f9b-411d-8c8e-cec9137cb4c0,medieval,el,word,1,μεσαιωνικός,2026-05-18T13:44:08.428Z
12,5cab1f9b-6f9b-411d-8c8e-cec9137cb4c0,calculating,el,word,2,υπολογίζοντας,2026-05-18T13:44:40.921Z
12,5cab1f9b-6f9b-411d-8c8e-cec9137cb4c0,estimated,el,word,1,εκτιμώμενη,2026-05-18T13:45:05.027Z
12,5cab1f9b-6f9b-411d-8c8e-cec9137cb4c0,velocity,el,word,1,ταχύτητα,2026-05-18T13:45:05.409Z
12,5cab1f9b-6f9b-411d-8c8e-cec9137cb4c0,made,el,word,3,κατασκευάστηκαν,2026-05-18T13:45:59.043Z
12,5cab1f9b-6f9b-411d-8c8e-cec9137cb4c0,science.,el,word,1,επιστήμη.,2026-05-18T13:45:09.760Z
12,5cab1f9b-6f9b-411d-8c8e-cec9137cb4c0,epoch,el,word,3,εποχή,2026-05-18T13:45:28.718Z
12,5cab1f9b-6f9b-411d-8c8e-cec9137cb4c0,"exploration""",el,word,1,εξερεύνηση»,2026-05-18T13:45:14.260Z
12,5cab1f9b-6f9b-411d-8c8e-cec9137cb4c0,frontier,el,word,1,όριο,2026-05-18T13:45:15.825Z
12,5cab1f9b-6f9b-411d-8c8e-cec9137cb4c0,began,el,word,1,ξεκίνησε,2026-05-18T13:45:19.623Z
12,5cab1f9b-6f9b-411d-8c8e-cec9137cb4c0,goods,el,word,1,αγαθά,2026-05-18T13:45:25.182Z
12,5cab1f9b-6f9b-411d-8c8e-cec9137cb4c0,interests,el,word,2,ενδιαφέροντα,2026-05-18T13:45:28.799Z
12,5cab1f9b-6f9b-411d-8c8e-cec9137cb4c0,sometimes,el,word,1,μερικές φορές,2026-05-18T13:45:32.571Z
12,5cab1f9b-6f9b-411d-8c8e-cec9137cb4c0,resulting,el,word,1,με αποτέλεσμα,2026-05-18T13:45:36.050Z
12,5cab1f9b-6f9b-411d-8c8e-cec9137cb4c0,device,el,word,1,συσκευή,2026-05-18T13:45:38.370Z
12,5cab1f9b-6f9b-411d-8c8e-cec9137cb4c0,traditions.,el,word,2,παραδόσεις.,2026-05-18T13:45:44.040Z
12,5cab1f9b-6f9b-411d-8c8e-cec9137cb4c0,"quadrant,",el,word,4,"τεταρτημόριο,",2026-05-18T13:47:36.776Z
12,5cab1f9b-6f9b-411d-8c8e-cec9137cb4c0,fan-shaped,el,word,3,σε σχήμα βεντάλιας,2026-05-18T13:46:14.187Z
12,5cab1f9b-6f9b-411d-8c8e-cec9137cb4c0,Sailors,el,word,2,Ναυτικοί,2026-05-18T13:46:14.182Z
12,5cab1f9b-6f9b-411d-8c8e-cec9137cb4c0,altitude,el,word,1,ύψος,2026-05-18T13:46:16.576Z
12,5cab1f9b-6f9b-411d-8c8e-cec9137cb4c0,determine,el,word,2,καθορίζω,2026-05-18T13:47:15.111Z
12,5cab1f9b-6f9b-411d-8c8e-cec9137cb4c0,"hourglasses,",el,word,1,"κλεψύδρες,",2026-05-18T13:46:30.459Z
12,5cab1f9b-6f9b-411d-8c8e-cec9137cb4c0,always,el,word,1,πάντα,2026-05-18T13:46:45.537Z
12,5cab1f9b-6f9b-411d-8c8e-cec9137cb4c0,new,el,word,1,νέα,2026-05-18T13:46:47.227Z
12,5cab1f9b-6f9b-411d-8c8e-cec9137cb4c0,explorations.,el,word,1,εξερευνήσεις.,2026-05-18T13:46:47.804Z
12,5cab1f9b-6f9b-411d-8c8e-cec9137cb4c0,Christopher,el,word,1,Χριστόφορος,2026-05-18T13:46:53.003Z
12,5cab1f9b-6f9b-411d-8c8e-cec9137cb4c0,set,el,word,1,ορίστηκε,2026-05-18T13:47:00.473Z
12,5cab1f9b-6f9b-411d-8c8e-cec9137cb4c0,Central,el,word,1,Κεντρική,2026-05-18T13:47:00.939Z
12,5cab1f9b-6f9b-411d-8c8e-cec9137cb4c0,stumbled,el,word,1,συνάντησε,2026-05-18T13:47:04.326Z
12,5cab1f9b-6f9b-411d-8c8e-cec9137cb4c0,known,el,word,1,γνωστός,2026-05-18T13:47:06.116Z
12,5cab1f9b-6f9b-411d-8c8e-cec9137cb4c0,navigational,el,word,4,πλοήγησης,2026-05-18T13:48:52.257Z
12,5cab1f9b-6f9b-411d-8c8e-cec9137cb4c0,instruments,el,word,2,όργανα,2026-05-18T13:47:19.310Z
12,5cab1f9b-6f9b-411d-8c8e-cec9137cb4c0,helpedexplorers,el,word,1,βοηθούσε τους εξερευνητές,2026-05-18T13:47:20.190Z
12,5cab1f9b-6f9b-411d-8c8e-cec9137cb4c0,vertical,el,word,1,κάθετη,2026-05-18T13:47:25.272Z
12,5cab1f9b-6f9b-411d-8c8e-cec9137cb4c0,predicted,el,word,1,προέβλεπε,2026-05-18T13:47:28.851Z
12,5cab1f9b-6f9b-411d-8c8e-cec9137cb4c0,location,el,word,1,τοποθεσία,2026-05-18T13:47:31.379Z
12,5cab1f9b-6f9b-411d-8c8e-cec9137cb4c0,incomplete,el,word,1,ατελής,2026-05-18T13:47:33.966Z
12,5cab1f9b-6f9b-411d-8c8e-cec9137cb4c0,brought,el,word,1,έφερε,2026-05-18T13:47:38.606Z
12,5cab1f9b-6f9b-411d-8c8e-cec9137cb4c0,traveled,el,word,1,ταξίδεψε,2026-05-18T13:47:55.618Z
12,5cab1f9b-6f9b-411d-8c8e-cec9137cb4c0,reached,el,word,1,έφτασε,2026-05-18T13:47:58.053Z
12,5cab1f9b-6f9b-411d-8c8e-cec9137cb4c0,farthest,el,word,1,πιο μακρινό,2026-05-18T13:47:58.890Z
12,5cab1f9b-6f9b-411d-8c8e-cec9137cb4c0,place,el,word,1,μέρος,2026-05-18T13:47:59.858Z
12,5cab1f9b-6f9b-411d-8c8e-cec9137cb4c0,complete,el,word,1,πλήρης,2026-05-18T13:48:07.196Z
12,5cab1f9b-6f9b-411d-8c8e-cec9137cb4c0,believed,el,word,1,πίστευε,2026-05-18T13:48:09.830Z
12,5cab1f9b-6f9b-411d-8c8e-cec9137cb4c0,opposite,el,word,1,αντίθετη,2026-05-18T13:48:14.405Z
12,5cab1f9b-6f9b-411d-8c8e-cec9137cb4c0,inconsistent,el,word,1,ασυνεπής,2026-05-18T13:48:14.783Z
12,5cab1f9b-6f9b-411d-8c8e-cec9137cb4c0,India.,el,word,1,Ινδία.,2026-05-18T13:48:16.756Z
12,5cab1f9b-6f9b-411d-8c8e-cec9137cb4c0,hindered,el,word,1,εμπόδισε,2026-05-18T13:48:23.216Z
12,5cab1f9b-6f9b-411d-8c8e-cec9137cb4c0,knowledge,el,word,1,γνώση,2026-05-18T13:48:26.260Z
12,5cab1f9b-6f9b-411d-8c8e-cec9137cb4c0,financial,el,word,2,οικονομικά,2026-05-18T13:48:27.965Z
12,5cab1f9b-6f9b-411d-8c8e-cec9137cb4c0,world's,el,word,1,του κόσμου,2026-05-18T13:48:27.763Z
12,5cab1f9b-6f9b-411d-8c8e-cec9137cb4c0,unpredictable;,el,word,1,απρόβλεπτη·,2026-05-18T13:48:29.656Z
12,5cab1f9b-6f9b-411d-8c8e-cec9137cb4c0,sextant,el,word,2,εξάντα,2026-05-18T13:48:54.956Z
12,5cab1f9b-6f9b-411d-8c8e-cec9137cb4c0,"chronometer,",el,word,2,"χρονομέτρου,",2026-05-18T13:49:17.776Z
12,5cab1f9b-6f9b-411d-8c8e-cec9137cb4c0,used,el,word,3,χρησιμοποιούνταν,2026-05-18T13:50:05.602Z
12,5cab1f9b-6f9b-411d-8c8e-cec9137cb4c0,celestial,el,word,3,ουράνιος,2026-05-18T13:50:40.653Z
12,5cab1f9b-6f9b-411d-8c8e-cec9137cb4c0,latitude.,el,word,1,γεωγραφικό πλάτος.,2026-05-18T13:49:03.148Z
12,5cab1f9b-6f9b-411d-8c8e-cec9137cb4c0,invention,el,word,1,εφεύρεση,2026-05-18T13:49:11.417Z
12,5cab1f9b-6f9b-411d-8c8e-cec9137cb4c0,become,el,word,1,γίνονται,2026-05-18T13:49:43.716Z
12,5cab1f9b-6f9b-411d-8c8e-cec9137cb4c0,countries,el,word,6,χώρες,2026-05-18T13:50:32.816Z
12,5cab1f9b-6f9b-411d-8c8e-cec9137cb4c0,developing,el,word,4,ανάπτυξη,2026-05-18T13:50:34.221Z
12,5cab1f9b-6f9b-411d-8c8e-cec9137cb4c0,irretrievably,el,word,2,ανεπανόρθωτα,2026-05-18T13:50:30.952Z
12,5cab1f9b-6f9b-411d-8c8e-cec9137cb4c0,"race,",el,word,1,"αγώνα,",2026-05-18T13:50:14.662Z
12,5cab1f9b-6f9b-411d-8c8e-cec9137cb4c0,earliest,el,word,1,πρώτοι,2026-05-18T13:50:17.555Z
12,5cab1f9b-6f9b-411d-8c8e-cec9137cb4c0,"Unfortunately,",el,word,2,"Δυστυχώς,",2026-05-18T13:51:32.146Z
12,5cab1f9b-6f9b-411d-8c8e-cec9137cb4c0,disappearance,el,word,1,εξαφάνιση,2026-05-18T13:51:32.154Z
12,5cab1f9b-6f9b-411d-8c8e-cec9137cb4c0,might,el,word,1,ίσως,2026-05-18T13:51:40.405Z
12,5cab1f9b-6f9b-411d-8c8e-cec9137cb4c0,wonder:,el,word,2,αναρωτιόμαστε:,2026-05-18T13:51:40.457Z
12,08eaf9e3-ebd5-4c7a-9621-409c7a55c17b,wonder:,el,word,1,αναρωτιόμαστε:,2026-05-18T13:51:52.196Z
12,08eaf9e3-ebd5-4c7a-9621-409c7a55c17b,"bees,",el,word,1,"μέλισσες,",2026-05-18T13:51:58.161Z
12,08eaf9e3-ebd5-4c7a-9621-409c7a55c17b,bees?,el,word,1,τις μέλισσες;,2026-05-18T13:52:06.045Z
12,08eaf9e3-ebd5-4c7a-9621-409c7a55c17b,honeybee,el,word,1,μέλισσα,2026-05-18T13:52:20.687Z
12,08eaf9e3-ebd5-4c7a-9621-409c7a55c17b,frighteningly,el,word,2,τρομακτικά,2026-05-18T13:52:28.528Z
12,08eaf9e3-ebd5-4c7a-9621-409c7a55c17b,reporters,el,word,1,δημοσιογράφοι,2026-05-18T13:52:28.170Z
12,08eaf9e3-ebd5-4c7a-9621-409c7a55c17b,disappear,el,word,1,εξαφανίζονται,2026-05-18T13:52:31.399Z
12,08eaf9e3-ebd5-4c7a-9621-409c7a55c17b,Agriculture,el,word,1,Γεωργία,2026-05-18T13:52:38.885Z
12,08eaf9e3-ebd5-4c7a-9621-409c7a55c17b,national,el,word,1,εθνικό,2026-05-18T13:52:39.341Z
12,08eaf9e3-ebd5-4c7a-9621-409c7a55c17b,massive,el,word,1,μαζική,2026-05-18T13:52:39.907Z
12,08eaf9e3-ebd5-4c7a-9621-409c7a55c17b,pollinate,el,word,1,επικονίαση,2026-05-18T13:52:48.237Z
12,08eaf9e3-ebd5-4c7a-9621-409c7a55c17b,California's,el,word,1,της Καλιφόρνιας,2026-05-18T13:52:59.620Z
12,08eaf9e3-ebd5-4c7a-9621-409c7a55c17b,pollination,el,word,1,επικονίαση,2026-05-18T13:53:02.051Z
12,08eaf9e3-ebd5-4c7a-9621-409c7a55c17b,practices,el,word,1,πρακτικές,2026-05-18T13:53:05.807Z
12,08eaf9e3-ebd5-4c7a-9621-409c7a55c17b,populations.,el,word,1,πληθυσμούς.,2026-05-18T13:53:14.308Z
12,08eaf9e3-ebd5-4c7a-9621-409c7a55c17b,around,el,word,1,γύρω από,2026-05-18T13:53:18.404Z
12,08eaf9e3-ebd5-4c7a-9621-409c7a55c17b,quantities.,el,word,1,ποσότητες.,2026-05-18T13:53:29.345Z
12,08eaf9e3-ebd5-4c7a-9621-409c7a55c17b,Bumblebees,el,word,1,Μέλισσες,2026-05-18T13:53:30.369Z
12,08eaf9e3-ebd5-4c7a-9621-409c7a55c17b,added,el,word,1,προστέθηκε,2026-05-18T13:53:32.736Z
12,08eaf9e3-ebd5-4c7a-9621-409c7a55c17b,"supplies,",el,word,1,"προμήθειες,",2026-05-18T13:53:40.257Z
12,08eaf9e3-ebd5-4c7a-9621-409c7a55c17b,distressing,el,word,1,ανησυχητικές,2026-05-18T13:53:43.941Z
12,08eaf9e3-ebd5-4c7a-9621-409c7a55c17b,researchers,el,word,4,οι ερευνητές,2026-05-18T13:54:42.628Z
12,08eaf9e3-ebd5-4c7a-9621-409c7a55c17b,bumblebees,el,word,1,μελισσών,2026-05-18T13:53:51.826Z
12,08eaf9e3-ebd5-4c7a-9621-409c7a55c17b,plants,el,word,1,φυτά,2026-05-18T13:53:57.882Z
12,08eaf9e3-ebd5-4c7a-9621-409c7a55c17b,reproducing,el,word,1,αναπαραγωγή,2026-05-18T13:53:59.904Z
12,08eaf9e3-ebd5-4c7a-9621-409c7a55c17b,conducted,el,word,1,διεξήγαγε,2026-05-18T13:54:06.046Z
12,08eaf9e3-ebd5-4c7a-9621-409c7a55c17b,"reproduction,",el,word,1,"αναπαραγωγή,",2026-05-18T13:54:12.884Z
12,08eaf9e3-ebd5-4c7a-9621-409c7a55c17b,pollinating,el,word,1,επικονίαση,2026-05-18T13:54:20.940Z
12,08eaf9e3-ebd5-4c7a-9621-409c7a55c17b,species-other,el,word,1,είδη - άλλα,2026-05-18T13:54:30.321Z
12,08eaf9e3-ebd5-4c7a-9621-409c7a55c17b,larkspurs-to,el,word,1,λαρκσπούρ-για,2026-05-18T13:54:31.237Z
12,08eaf9e3-ebd5-4c7a-9621-409c7a55c17b,"instance,",el,word,1,"για παράδειγμα,",2026-05-18T13:54:31.702Z
12,08eaf9e3-ebd5-4c7a-9621-409c7a55c17b,survive.,el,word,1,επιβιώσει.,2026-05-18T13:54:32.285Z
12,08eaf9e3-ebd5-4c7a-9621-409c7a55c17b,"larkspur,",el,word,2,"λαρκσπούρ,",2026-05-18T13:54:35.608Z
12,08eaf9e3-ebd5-4c7a-9621-409c7a55c17b,"faithful""",el,word,2,πιστές»,2026-05-18T13:54:51.430Z
12,08eaf9e3-ebd5-4c7a-9621-409c7a55c17b,"bumblebees,",el,word,2,"μελισσών,",2026-05-18T13:54:56.608Z
12,08eaf9e3-ebd5-4c7a-9621-409c7a55c17b,remaining,el,word,2,παραμένοντας,2026-05-18T13:54:50.577Z
12,08eaf9e3-ebd5-4c7a-9621-409c7a55c17b,would,el,word,1,θα,2026-05-18T13:54:50.146Z
12,08eaf9e3-ebd5-4c7a-9621-409c7a55c17b,bumblebees.,el,word,1,μελισσών.,2026-05-18T13:54:53.005Z
12,08eaf9e3-ebd5-4c7a-9621-409c7a55c17b,particular,el,word,1,συγκεκριμένες,2026-05-18T13:54:53.497Z
12,08eaf9e3-ebd5-4c7a-9621-409c7a55c17b,fewer,el,word,1,λιγότερα,2026-05-18T13:54:55.897Z
12,08eaf9e3-ebd5-4c7a-9621-409c7a55c17b,study,el,word,1,μελέτη,2026-05-18T13:55:03.705Z
12,08eaf9e3-ebd5-4c7a-9621-409c7a55c17b,"biodiversity,",el,word,1,"βιοποικιλότητα,",2026-05-18T13:55:04.102Z
12,08eaf9e3-ebd5-4c7a-9621-409c7a55c17b,"colonies.""",el,word,1,αποικίες.»,2026-05-18T13:55:27.574Z
12,08eaf9e3-ebd5-4c7a-9621-409c7a55c17b,enhancement...targeted,el,word,2,βελτίωση... στοχευμένη,2026-05-18T13:55:31.389Z
12,08eaf9e3-ebd5-4c7a-9621-409c7a55c17b,problems,el,word,2,προβλήματα,2026-05-18T13:55:29.932Z
12,08eaf9e3-ebd5-4c7a-9621-409c7a55c17b,pesticide,el,word,1,φυτοφάρμακα,2026-05-18T13:55:35.188Z
12,08eaf9e3-ebd5-4c7a-9621-409c7a55c17b,resistant,el,word,1,ανθεκτικές,2026-05-18T13:55:40.852Z
12,08eaf9e3-ebd5-4c7a-9621-409c7a55c17b,collectively,el,word,1,συλλογικά,2026-05-18T13:55:43.349Z
12,08eaf9e3-ebd5-4c7a-9621-409c7a55c17b,improved,el,word,1,βελτιωμένες,2026-05-18T13:55:43.812Z
12,08eaf9e3-ebd5-4c7a-9621-409c7a55c17b,imperative,el,word,1,απαραίτητο,2026-05-18T13:55:47.302Z
12,08eaf9e3-ebd5-4c7a-9621-409c7a55c17b,"profitable,""",el,word,1,"«κερδοφόρα»,",2026-05-18T13:55:53.511Z
12,08eaf9e3-ebd5-4c7a-9621-409c7a55c17b,ensure,el,word,2,εξασφαλίζει,2026-05-18T13:56:03.201Z
12,08eaf9e3-ebd5-4c7a-9621-409c7a55c17b,"noted,",el,word,1,"σημειώνεται,",2026-05-18T13:56:03.168Z
12,08eaf9e3-ebd5-4c7a-9621-409c7a55c17b,food,el,word,1,τρόφιμα,2026-05-18T13:56:04.368Z
13,71ed7bc5-21ec-4c01-87d1-4fd17d22cce8,front,el,word,2,μπροστά,2026-05-18T14:10:33.019Z
13,71ed7bc5-21ec-4c01-87d1-4fd17d22cce8,"screen,",el,word,9,"οθόνη,",2026-05-18T14:11:50.633Z
13,71ed7bc5-21ec-4c01-87d1-4fd17d22cce8,morning,el,word,5,πρωί,2026-05-18T14:11:01.686Z
13,71ed7bc5-21ec-4c01-87d1-4fd17d22cce8,"naturally,",el,word,6,"φυσικά,",2026-05-18T14:12:00.913Z
13,71ed7bc5-21ec-4c01-87d1-4fd17d22cce8,read,el,word,1,να διαβάζεις,2026-05-18T14:10:12.272Z
13,71ed7bc5-21ec-4c01-87d1-4fd17d22cce8,"movements,",el,word,3,"κινήσεις,",2026-05-18T14:11:44.893Z
13,71ed7bc5-21ec-4c01-87d1-4fd17d22cce8,goal,el,word,3,στόχος,2026-05-18T14:12:04.791Z
13,71ed7bc5-21ec-4c01-87d1-4fd17d22cce8,simple:,el,word,2,απλό:,2026-05-18T14:11:56.388Z
13,71ed7bc5-21ec-4c01-87d1-4fd17d22cce8,sudden,el,word,1,ξαφνικές,2026-05-18T14:10:22.546Z
13,71ed7bc5-21ec-4c01-87d1-4fd17d22cce8,continue,el,word,2,συνέχεια,2026-05-18T14:11:47.455Z
13,71ed7bc5-21ec-4c01-87d1-4fd17d22cce8,comfortable,el,word,6,άνετο,2026-05-18T14:10:54.752Z
13,71ed7bc5-21ec-4c01-87d1-4fd17d22cce8,pace.,el,word,1,ρυθμό.,2026-05-18T14:10:24.945Z
13,71ed7bc5-21ec-4c01-87d1-4fd17d22cce8,researcher,el,word,4,ερευνητής,2026-05-18T14:10:39.383Z
13,71ed7bc5-21ec-4c01-87d1-4fd17d22cce8,checked,el,word,1,ελέγχθηκε,2026-05-18T14:10:26.312Z
13,71ed7bc5-21ec-4c01-87d1-4fd17d22cce8,gaze,el,word,1,βλέμμα,2026-05-18T14:10:27.553Z
13,71ed7bc5-21ec-4c01-87d1-4fd17d22cce8,points,el,word,1,σημεία,2026-05-18T14:10:27.796Z
13,71ed7bc5-21ec-4c01-87d1-4fd17d22cce8,left,el,word,1,αριστερά,2026-05-18T14:10:28.883Z
13,71ed7bc5-21ec-4c01-87d1-4fd17d22cce8,right.,el,word,1,δεξιά.,2026-05-18T14:10:29.563Z
13,71ed7bc5-21ec-4c01-87d1-4fd17d22cce8,head,el,word,1,κεφάλι,2026-05-18T14:10:31.595Z
13,71ed7bc5-21ec-4c01-87d1-4fd17d22cce8,adjusted,el,word,4,ρύθμισε,2026-05-18T14:10:57.934Z
13,71ed7bc5-21ec-4c01-87d1-4fd17d22cce8,"chair,",el,word,4,"καρέκλα,",2026-05-18T14:10:55.166Z
13,71ed7bc5-21ec-4c01-87d1-4fd17d22cce8,sat,el,word,1,καθόταν,2026-05-18T14:10:35.581Z
13,71ed7bc5-21ec-4c01-87d1-4fd17d22cce8,Paragraph,el,word,2,Παράγραφος,2026-05-18T14:11:04.072Z
13,71ed7bc5-21ec-4c01-87d1-4fd17d22cce8,Helvetica,el,word,1,Helvetica,2026-05-18T14:10:42.254Z
13,71ed7bc5-21ec-4c01-87d1-4fd17d22cce8,participant,el,word,1,συμμετέχων,2026-05-18T14:10:46.336Z
13,71ed7bc5-21ec-4c01-87d1-4fd17d22cce8,university,el,word,4,πανεπιστήμιο,2026-05-18T14:10:55.171Z
13,71ed7bc5-21ec-4c01-87d1-4fd17d22cce8,followed,el,word,6,ακολουθούσε,2026-05-18T14:11:02.921Z
13,71ed7bc5-21ec-4c01-87d1-4fd17d22cce8,smaller.,el,word,6,μικρότερο.,2026-05-18T14:11:05.506Z
13,71ed7bc5-21ec-4c01-87d1-4fd17d22cce8,began,el,word,2,ξεκίνησε,2026-05-18T14:11:02.146Z
13,71ed7bc5-21ec-4c01-87d1-4fd17d22cce8,makes,el,word,3,κάνει,2026-05-18T14:12:29.297Z
13,71ed7bc5-21ec-4c01-87d1-4fd17d22cce8,easier,el,word,2,ευκολότερο,2026-05-18T14:12:30.556Z
13,71ed7bc5-21ec-4c01-87d1-4fd17d22cce8,whether,el,word,1,αν,2026-05-18T14:11:07.857Z
13,71ed7bc5-21ec-4c01-87d1-4fd17d22cce8,larger,el,word,9,μεγαλύτερη,2026-05-18T14:11:20.795Z
13,71ed7bc5-21ec-4c01-87d1-4fd17d22cce8,reveal,el,word,1,αποκαλύπτουν,2026-05-18T14:11:10.371Z
13,71ed7bc5-21ec-4c01-87d1-4fd17d22cce8,begins.,el,word,5,ξεκινά.,2026-05-18T14:11:21.706Z
13,71ed7bc5-21ec-4c01-87d1-4fd17d22cce8,words,el,word,3,λέξεις,2026-05-18T14:11:40.038Z
13,71ed7bc5-21ec-4c01-87d1-4fd17d22cce8,beside,el,word,5,δίπλα,2026-05-18T14:11:39.885Z
13,71ed7bc5-21ec-4c01-87d1-4fd17d22cce8,letters,el,word,1,γράμματα,2026-05-18T14:11:15.145Z
13,71ed7bc5-21ec-4c01-87d1-4fd17d22cce8,avoid,el,word,2,αποφύγετε,2026-05-18T14:11:40.110Z
13,71ed7bc5-21ec-4c01-87d1-4fd17d22cce8,reduced.,el,word,2,μειωθεί.,2026-05-18T14:12:18.280Z
13,71ed7bc5-21ec-4c01-87d1-4fd17d22cce8,system,el,word,1,σύστημα,2026-05-18T14:12:18.265Z
13,71ed7bc5-21ec-4c01-87d1-4fd17d22cce8,detects,el,word,2,ανιχνεύει,2026-05-18T14:12:39.593Z
13,71ed7bc5-21ec-4c01-87d1-4fd17d22cce8,"section,",el,word,1,"ενότητα,",2026-05-18T14:12:22.527Z
13,71ed7bc5-21ec-4c01-87d1-4fd17d22cce8,still,el,word,1,ακόμα,2026-05-18T14:12:37.779Z
13,71ed7bc5-21ec-4c01-87d1-4fd17d22cce8,Nature,el,word,1,Φύση,2026-05-18T14:14:13.900Z
13,71ed7bc5-21ec-4c01-87d1-4fd17d22cce8,"aircraft,",el,word,2,"αεροσκάφη,",2026-05-18T14:14:30.752Z
13,71ed7bc5-21ec-4c01-87d1-4fd17d22cce8,development,el,word,1,ανάπτυξη,2026-05-18T14:14:24.039Z
13,71ed7bc5-21ec-4c01-87d1-4fd17d22cce8,Service,el,word,1,Υπηρεσία,2026-05-18T14:14:42.604Z
13,71ed7bc5-21ec-4c01-87d1-4fd17d22cce8,work,el,word,1,εργασία,2026-05-18T14:14:44.123Z
13,71ed7bc5-21ec-4c01-87d1-4fd17d22cce8,"""pervasive""",el,word,1,«διαδεδομένοι»,2026-05-18T14:14:45.189Z
13,71ed7bc5-21ec-4c01-87d1-4fd17d22cce8,resource,el,word,1,πόρος,2026-05-18T14:14:49.998Z
13,71ed7bc5-21ec-4c01-87d1-4fd17d22cce8,conservation,el,word,2,διατήρηση,2026-05-18T14:15:53.750Z
13,71ed7bc5-21ec-4c01-87d1-4fd17d22cce8,scientists,el,word,1,επιστήμονες,2026-05-18T14:14:54.309Z
13,71ed7bc5-21ec-4c01-87d1-4fd17d22cce8,two-thirds,el,word,1,τα δύο τρίτα,2026-05-18T14:15:08.946Z
13,71ed7bc5-21ec-4c01-87d1-4fd17d22cce8,natural,el,word,1,φυσικό,2026-05-18T14:15:12.049Z
13,71ed7bc5-21ec-4c01-87d1-4fd17d22cce8,people,el,word,1,άνθρωποι,2026-05-18T14:15:15.925Z
13,71ed7bc5-21ec-4c01-87d1-4fd17d22cce8,tranquil,el,word,2,ήσυχη,2026-05-18T14:15:23.979Z
13,71ed7bc5-21ec-4c01-87d1-4fd17d22cce8,park,el,word,1,πάρκο,2026-05-18T14:15:22.656Z
13,71ed7bc5-21ec-4c01-87d1-4fd17d22cce8,"areas,",el,word,1,"περιοχές,",2026-05-18T14:15:25.287Z
13,71ed7bc5-21ec-4c01-87d1-4fd17d22cce8,extends,el,word,1,επεκτείνεται,2026-05-18T14:15:28.266Z
13,71ed7bc5-21ec-4c01-87d1-4fd17d22cce8,protected,el,word,1,προστατευόμενες,2026-05-18T14:15:29.550Z
13,71ed7bc5-21ec-4c01-87d1-4fd17d22cce8,acoustic,el,word,1,ακουστική,2026-05-18T14:15:30.756Z
13,71ed7bc5-21ec-4c01-87d1-4fd17d22cce8,biologist,el,word,2,βιολόγος,2026-05-18T14:16:22.048Z
13,71ed7bc5-21ec-4c01-87d1-4fd17d22cce8,growing,el,word,1,αυξανόμενη,2026-05-18T14:15:40.634Z
13,71ed7bc5-21ec-4c01-87d1-4fd17d22cce8,appreciation,el,word,1,αντίληψη,2026-05-18T14:15:42.014Z
13,71ed7bc5-21ec-4c01-87d1-4fd17d22cce8,"noise,",el,word,2,"θόρυβος,",2026-05-18T14:16:59.871Z
13,71ed7bc5-21ec-4c01-87d1-4fd17d22cce8,researchers,el,word,1,ερευνητές,2026-05-18T14:15:51.033Z
13,71ed7bc5-21ec-4c01-87d1-4fd17d22cce8,computerized,el,word,1,υπολογιστικό,2026-05-18T14:15:56.941Z
13,71ed7bc5-21ec-4c01-87d1-4fd17d22cce8,Colorado,el,word,1,Κολοράντο,2026-05-18T14:15:59.308Z
13,71ed7bc5-21ec-4c01-87d1-4fd17d22cce8,University,el,word,1,Πανεπιστήμιο,2026-05-18T14:16:00.293Z
13,71ed7bc5-21ec-4c01-87d1-4fd17d22cce8,collated,el,word,1,συγκέντρωσαν,2026-05-18T14:16:03.295Z
13,71ed7bc5-21ec-4c01-87d1-4fd17d22cce8,depending,el,word,1,ανάλογα,2026-05-18T14:16:15.567Z
13,71ed7bc5-21ec-4c01-87d1-4fd17d22cce8,"locale,",el,word,1,"τοπική ρύθμιση,",2026-05-18T14:16:17.284Z
13,71ed7bc5-21ec-4c01-87d1-4fd17d22cce8,analyzed,el,word,1,ανέλυσαν,2026-05-18T14:16:30.663Z
13,71ed7bc5-21ec-4c01-87d1-4fd17d22cce8,independent,el,word,3,ανεξάρτητη,2026-05-18T14:16:49.948Z
13,71ed7bc5-21ec-4c01-87d1-4fd17d22cce8,brook.,el,word,1,ρυάκι.,2026-05-18T14:16:50.957Z
13,71ed7bc5-21ec-4c01-87d1-4fd17d22cce8,background,el,word,1,φόντο,2026-05-18T14:16:54.178Z
13,71ed7bc5-21ec-4c01-87d1-4fd17d22cce8,overflights,el,word,1,πτήσεις,2026-05-18T14:17:09.485Z
13,71ed7bc5-21ec-4c01-87d1-4fd17d22cce8,levels,el,word,1,επίπεδα,2026-05-18T14:17:21.197Z
13,71ed7bc5-21ec-4c01-87d1-4fd17d22cce8,avian,el,word,1,πτηνών,2026-05-18T14:17:41.391Z
13,71ed7bc5-21ec-4c01-87d1-4fd17d22cce8,discovering,el,word,2,ανακαλύπτοντας,2026-05-18T14:18:04.260Z
13,71ed7bc5-21ec-4c01-87d1-4fd17d22cce8,warble,el,word,1,κελάηδισμα,2026-05-18T14:18:00.540Z
13,71ed7bc5-21ec-4c01-87d1-4fd17d22cce8,benefits,el,word,2,οφέλη,2026-05-18T14:18:04.544Z
13,71ed7bc5-21ec-4c01-87d1-4fd17d22cce8,cognitive,el,word,1,γνωστικές,2026-05-18T14:18:07.662Z
13,71ed7bc5-21ec-4c01-87d1-4fd17d22cce8,abilities,el,word,1,ικανότητες,2026-05-18T14:18:08.549Z
13,71ed7bc5-21ec-4c01-87d1-4fd17d22cce8,nature,el,word,1,φύση,2026-05-18T14:18:31.040Z
13,71ed7bc5-21ec-4c01-87d1-4fd17d22cce8,Pennsylvania,el,word,1,Πενσυλβάνια,2026-05-18T14:18:38.838Z
13,71ed7bc5-21ec-4c01-87d1-4fd17d22cce8,Psychologists,el,word,2,Ψυχολόγοι,2026-05-18T14:22:24.345Z
13,71ed7bc5-21ec-4c01-87d1-4fd17d22cce8,psychologists.,el,word,1,ψυχολόγοι.,2026-05-18T14:22:33.063Z
13,71ed7bc5-21ec-4c01-87d1-4fd17d22cce8,listened,el,word,1,άκουσαν,2026-05-18T14:22:33.427Z
13,a7366305-1b91-4fd3-a077-c22380f1631b,December,el,word,1,Δεκέμβριος,2026-05-18T14:23:16.154Z
13,a7366305-1b91-4fd3-a077-c22380f1631b,seamstress,el,word,1,ραπτική,2026-05-18T14:23:25.460Z
13,a7366305-1b91-4fd3-a077-c22380f1631b,spurred,el,word,1,ώθησε,2026-05-18T14:23:34.827Z
13,a7366305-1b91-4fd3-a077-c22380f1631b,movement,el,word,1,κίνημα,2026-05-18T14:23:37.038Z
13,a7366305-1b91-4fd3-a077-c22380f1631b,first,el,word,1,πρώτη,2026-05-18T14:23:42.415Z
13,a7366305-1b91-4fd3-a077-c22380f1631b,segregation,el,word,1,φυλετικός διαχωρισμός,2026-05-18T14:23:44.724Z
13,a7366305-1b91-4fd3-a077-c22380f1631b,disobedience,el,word,1,ανυπακοή,2026-05-18T14:23:46.949Z
13,a7366305-1b91-4fd3-a077-c22380f1631b,second-class,el,word,1,δεύτερης κατηγορίας,2026-05-18T14:23:53.431Z
13,a7366305-1b91-4fd3-a077-c22380f1631b,"background,",el,word,1,"προέλευσης,",2026-05-18T14:24:08.699Z
13,a7366305-1b91-4fd3-a077-c22380f1631b,resilience,el,word,1,ανθεκτικότητα,2026-05-18T14:24:09.845Z
13,a7366305-1b91-4fd3-a077-c22380f1631b,inspired.,el,word,1,ενέπνευσε.,2026-05-18T14:24:19.898Z
13,a7366305-1b91-4fd3-a077-c22380f1631b,mark,el,word,1,σημειώνουμε,2026-05-18T14:24:30.111Z
13,a7366305-1b91-4fd3-a077-c22380f1631b,Americans,el,word,3,Αμερικανοί,2026-05-18T14:24:52.788Z
13,a7366305-1b91-4fd3-a077-c22380f1631b,"self-evident,",el,word,1,"αυτονόητη,",2026-05-18T14:24:38.568Z
13,a7366305-1b91-4fd3-a077-c22380f1631b,self-executing.,el,word,1,αυτοεκτελέσιμο.,2026-05-18T14:24:40.977Z
13,a7366305-1b91-4fd3-a077-c22380f1631b,heirs,el,word,1,κληρονόμοι,2026-05-18T14:24:47.924Z
13,a7366305-1b91-4fd3-a077-c22380f1631b,came,el,word,2,ήρθαμε,2026-05-18T14:24:58.128Z
13,a7366305-1b91-4fd3-a077-c22380f1631b,perfecting,el,word,1,τελειοποίηση,2026-05-18T14:24:58.134Z
13,a7366305-1b91-4fd3-a077-c22380f1631b,virtue,el,word,1,δυνάμει,2026-05-18T14:25:03.295Z
13,a7366305-1b91-4fd3-a077-c22380f1631b,Constitution,el,word,3,Σύνταγμα,2026-05-18T14:25:37.430Z
13,a7366305-1b91-4fd3-a077-c22380f1631b,hereby,el,word,1,με την παρούσα,2026-05-18T14:25:09.795Z
13,a7366305-1b91-4fd3-a077-c22380f1631b,thirty-seventh.,el,word,1,τριακοστή έβδομη.,2026-05-18T14:25:19.275Z
13,a7366305-1b91-4fd3-a077-c22380f1631b,thousand,el,word,2,χιλιάδες,2026-05-18T14:25:29.550Z
13,a7366305-1b91-4fd3-a077-c22380f1631b,hereunto,el,word,2,στο παρόν,2026-05-18T14:26:07.849Z
13,a7366305-1b91-4fd3-a077-c22380f1631b,year,el,word,1,έτος,2026-05-18T14:25:27.819Z
13,a7366305-1b91-4fd3-a077-c22380f1631b,"thirteen,",el,word,1,"δέκα τρία,",2026-05-18T14:25:30.393Z
14,387d97d7-302f-42b9-a1c6-dee1b5031c0a,"section,",el,word,3,"ενότητα,",2026-05-18T15:10:02.562Z
14,387d97d7-302f-42b9-a1c6-dee1b5031c0a,becomes,el,word,2,γίνεται,2026-05-18T15:10:03.439Z
14,387d97d7-302f-42b9-a1c6-dee1b5031c0a,smaller.,el,word,2,μικρότερο.,2026-05-18T15:10:03.314Z
14,387d97d7-302f-42b9-a1c6-dee1b5031c0a,see,el,word,3,βλέπε,2026-05-18T15:08:13.827Z
14,387d97d7-302f-42b9-a1c6-dee1b5031c0a,whether,el,word,3,αν,2026-05-18T15:10:05.154Z
14,387d97d7-302f-42b9-a1c6-dee1b5031c0a,still,el,word,1,ακόμα,2026-05-18T15:08:07.439Z
14,387d97d7-302f-42b9-a1c6-dee1b5031c0a,detects,el,word,1,ανιχνεύει,2026-05-18T15:08:07.649Z
14,387d97d7-302f-42b9-a1c6-dee1b5031c0a,fixations,el,word,4,σταθεροποιήσεις,2026-05-18T15:08:48.698Z
14,387d97d7-302f-42b9-a1c6-dee1b5031c0a,accurately,el,word,3,με ακρίβεια,2026-05-18T15:08:48.969Z
14,387d97d7-302f-42b9-a1c6-dee1b5031c0a,makes,el,word,3,κάνει,2026-05-18T15:10:17.669Z
14,387d97d7-302f-42b9-a1c6-dee1b5031c0a,easier,el,word,1,ευκολότερο,2026-05-18T15:08:10.864Z
14,387d97d7-302f-42b9-a1c6-dee1b5031c0a,appears,el,word,4,φαίνεται,2026-05-18T15:09:51.425Z
14,387d97d7-302f-42b9-a1c6-dee1b5031c0a,serif,el,word,1,serif,2026-05-18T15:08:17.869Z
14,387d97d7-302f-42b9-a1c6-dee1b5031c0a,settings,el,word,1,ρυθμίσεις,2026-05-18T15:08:19.049Z
14,387d97d7-302f-42b9-a1c6-dee1b5031c0a,continue,el,word,1,συνέχεια,2026-05-18T15:08:20.614Z
14,387d97d7-302f-42b9-a1c6-dee1b5031c0a,words,el,word,1,λέξεις,2026-05-18T15:08:22.734Z
14,387d97d7-302f-42b9-a1c6-dee1b5031c0a,checked,el,word,1,ελέγχθηκε,2026-05-18T15:08:24.775Z
14,387d97d7-302f-42b9-a1c6-dee1b5031c0a,researcher,el,word,2,ερευνητής,2026-05-18T15:09:55.252Z
14,387d97d7-302f-42b9-a1c6-dee1b5031c0a,comfortable,el,word,2,άνετο,2026-05-18T15:09:05.831Z
14,387d97d7-302f-42b9-a1c6-dee1b5031c0a,followed,el,word,4,ακολουθούσε,2026-05-18T15:10:21.745Z
14,387d97d7-302f-42b9-a1c6-dee1b5031c0a,"chair,",el,word,1,"καρέκλα,",2026-05-18T15:08:40.047Z
14,387d97d7-302f-42b9-a1c6-dee1b5031c0a,distance,el,word,2,απόσταση,2026-05-18T15:10:15.869Z
14,387d97d7-302f-42b9-a1c6-dee1b5031c0a,neighboring,el,word,1,γειτονικά,2026-05-18T15:08:45.539Z
14,387d97d7-302f-42b9-a1c6-dee1b5031c0a,front,el,word,1,μπροστά,2026-05-18T15:08:56.785Z
14,387d97d7-302f-42b9-a1c6-dee1b5031c0a,head,el,word,1,κεφάλι,2026-05-18T15:09:47.834Z
14,387d97d7-302f-42b9-a1c6-dee1b5031c0a,"screen,",el,word,1,"οθόνη,",2026-05-18T15:10:07.402Z
14,387d97d7-302f-42b9-a1c6-dee1b5031c0a,gaze,el,word,3,βλέμμα,2026-05-18T15:10:12.322Z
14,387d97d7-302f-42b9-a1c6-dee1b5031c0a,relevant,el,word,1,σχετικές,2026-05-18T15:10:11.337Z
14,387d97d7-302f-42b9-a1c6-dee1b5031c0a,experiment,el,word,1,πείραμα,2026-05-18T15:10:13.099Z
14,387d97d7-302f-42b9-a1c6-dee1b5031c0a,letters,el,word,1,γράμματα,2026-05-18T15:10:16.655Z
14,8f0591ce-cbb9-4718-9b3e-0fc0a2bfb978,Hemisphere,el,word,1,Ημισφαίριο,2026-05-18T15:12:29.568Z
14,8f0591ce-cbb9-4718-9b3e-0fc0a2bfb978,Arctic,el,word,1,Αρκτική,2026-05-18T15:12:36.200Z
14,8f0591ce-cbb9-4718-9b3e-0fc0a2bfb978,animals,el,word,4,ζώα,2026-05-18T15:16:39.452Z
14,8f0591ce-cbb9-4718-9b3e-0fc0a2bfb978,long.,el,word,1,όλο το χρόνο.,2026-05-18T15:12:55.447Z
14,8f0591ce-cbb9-4718-9b3e-0fc0a2bfb978,Fahrenheit,el,word,2,Φαρενάιτ,2026-05-18T15:13:07.090Z
14,8f0591ce-cbb9-4718-9b3e-0fc0a2bfb978,animal,el,word,1,ζώο,2026-05-18T15:13:06.365Z
14,8f0591ce-cbb9-4718-9b3e-0fc0a2bfb978,species.,el,word,1,είδη.,2026-05-18T15:13:11.219Z
14,8f0591ce-cbb9-4718-9b3e-0fc0a2bfb978,every,el,word,1,κάθε,2026-05-18T15:13:15.207Z
14,8f0591ce-cbb9-4718-9b3e-0fc0a2bfb978,"day,",el,word,1,"μέρα,",2026-05-18T15:13:15.816Z
14,8f0591ce-cbb9-4718-9b3e-0fc0a2bfb978,rarely,el,word,1,σπάνια,2026-05-18T15:13:16.843Z
14,8f0591ce-cbb9-4718-9b3e-0fc0a2bfb978,rainforests,el,word,5,τροπικά δάση,2026-05-18T15:18:29.605Z
14,8f0591ce-cbb9-4718-9b3e-0fc0a2bfb978,home,el,word,1,αρχική σελίδα,2026-05-18T15:13:26.174Z
14,8f0591ce-cbb9-4718-9b3e-0fc0a2bfb978,different,el,word,2,διαφορετικά,2026-05-18T15:14:51.954Z
14,8f0591ce-cbb9-4718-9b3e-0fc0a2bfb978,dinosaurs,el,word,2,δεινόσαυροι,2026-05-18T15:14:54.959Z
14,8f0591ce-cbb9-4718-9b3e-0fc0a2bfb978,ecosystems,el,word,3,οικοσυστήματα,2026-05-18T15:19:00.363Z
14,8f0591ce-cbb9-4718-9b3e-0fc0a2bfb978,roamed,el,word,1,περιπλανιόνταν,2026-05-18T15:13:36.435Z
14,8f0591ce-cbb9-4718-9b3e-0fc0a2bfb978,tarantulas,el,word,2,ταραντούλες,2026-05-18T15:16:29.173Z
14,8f0591ce-cbb9-4718-9b3e-0fc0a2bfb978,perky,el,word,1,περήφανα,2026-05-18T15:15:30.283Z
14,8f0591ce-cbb9-4718-9b3e-0fc0a2bfb978,also,el,word,1,επίσης,2026-05-18T15:15:34.193Z
14,8f0591ce-cbb9-4718-9b3e-0fc0a2bfb978,okapi.,el,word,2,οκάπι.,2026-05-18T15:16:46.675Z
14,8f0591ce-cbb9-4718-9b3e-0fc0a2bfb978,animals.,el,word,1,ζώα.,2026-05-18T15:15:36.506Z
14,8f0591ce-cbb9-4718-9b3e-0fc0a2bfb978,rainforest,el,word,2,τροπικό δάσος,2026-05-18T15:16:50.977Z
14,8f0591ce-cbb9-4718-9b3e-0fc0a2bfb978,almost,el,word,1,σχεδόν,2026-05-18T15:15:57.082Z
14,8f0591ce-cbb9-4718-9b3e-0fc0a2bfb978,home.,el,word,2,σπίτι.,2026-05-18T15:16:30.580Z
14,8f0591ce-cbb9-4718-9b3e-0fc0a2bfb978,endangered,el,word,1,απειλούμενα,2026-05-18T15:15:58.380Z
14,8f0591ce-cbb9-4718-9b3e-0fc0a2bfb978,anywhere,el,word,1,οπουδήποτε,2026-05-18T15:16:14.309Z
14,8f0591ce-cbb9-4718-9b3e-0fc0a2bfb978,ecosystem,el,word,1,οικοσύστημα,2026-05-18T15:16:14.360Z
14,8f0591ce-cbb9-4718-9b3e-0fc0a2bfb978,sample,el,word,1,δείγμα,2026-05-18T15:16:35.697Z
14,8f0591ce-cbb9-4718-9b3e-0fc0a2bfb978,hindquarters,el,word,1,οπίσθια άκρα,2026-05-18T15:16:43.296Z
14,8f0591ce-cbb9-4718-9b3e-0fc0a2bfb978,"avoid,",el,word,1,"αποφύγετε,",2026-05-18T15:17:00.625Z
14,8f0591ce-cbb9-4718-9b3e-0fc0a2bfb978,flying,el,word,1,ιπτάμενα,2026-05-18T15:17:01.570Z
14,8f0591ce-cbb9-4718-9b3e-0fc0a2bfb978,misnomer,el,word,1,ακατάλληλη ονομασία,2026-05-18T15:17:04.116Z
14,8f0591ce-cbb9-4718-9b3e-0fc0a2bfb978,produce,el,word,1,παράγουν,2026-05-18T15:17:15.115Z
14,8f0591ce-cbb9-4718-9b3e-0fc0a2bfb978,"close,",el,word,1,"κοντά,",2026-05-18T15:17:19.123Z
14,8f0591ce-cbb9-4718-9b3e-0fc0a2bfb978,poison.,el,word,1,δηλητήριο.,2026-05-18T15:17:21.981Z
14,8f0591ce-cbb9-4718-9b3e-0fc0a2bfb978,endemic,el,word,1,ενδημικά,2026-05-18T15:17:25.181Z
14,8f0591ce-cbb9-4718-9b3e-0fc0a2bfb978,robins,el,word,1,κοτσύφια,2026-05-18T15:17:48.871Z
14,8f0591ce-cbb9-4718-9b3e-0fc0a2bfb978,probably,el,word,1,πιθανώς,2026-05-18T15:17:53.019Z
14,8f0591ce-cbb9-4718-9b3e-0fc0a2bfb978,"Hemisphere,",el,word,1,"Ημισφαίριο,",2026-05-18T15:17:57.177Z
14,8f0591ce-cbb9-4718-9b3e-0fc0a2bfb978,unnoticeable,el,word,5,αόρατο,2026-05-18T15:18:12.470Z
14,8f0591ce-cbb9-4718-9b3e-0fc0a2bfb978,camouflaging,el,word,1,καμουφλάζ,2026-05-18T15:18:01.434Z
14,8f0591ce-cbb9-4718-9b3e-0fc0a2bfb978,insect,el,word,1,έντομο,2026-05-18T15:18:05.281Z
14,8f0591ce-cbb9-4718-9b3e-0fc0a2bfb978,identical,el,word,1,πανομοιότυπα,2026-05-18T15:18:17.000Z
14,8f0591ce-cbb9-4718-9b3e-0fc0a2bfb978,"leaves,",el,word,1,"φύλλα,",2026-05-18T15:18:17.936Z
14,8f0591ce-cbb9-4718-9b3e-0fc0a2bfb978,biodiversity,el,word,2,βιοποικιλότητα,2026-05-18T15:18:28.634Z
14,8f0591ce-cbb9-4718-9b3e-0fc0a2bfb978,Southern,el,word,1,Νότια,2026-05-18T15:18:26.177Z
14,8f0591ce-cbb9-4718-9b3e-0fc0a2bfb978,threats,el,word,3,απειλές,2026-05-18T15:18:33.984Z
14,8f0591ce-cbb9-4718-9b3e-0fc0a2bfb978,unique,el,word,1,μοναδικό,2026-05-18T15:18:36.104Z
14,8f0591ce-cbb9-4718-9b3e-0fc0a2bfb978,monkeys,el,word,1,πιθήκοι,2026-05-18T15:18:38.050Z
14,8f0591ce-cbb9-4718-9b3e-0fc0a2bfb978,highly-valued,el,word,1,πολύτιμα,2026-05-18T15:18:41.430Z
14,8f0591ce-cbb9-4718-9b3e-0fc0a2bfb978,mining,el,word,1,ορυχεία,2026-05-18T15:18:43.095Z
14,8f0591ce-cbb9-4718-9b3e-0fc0a2bfb978,take,el,word,1,να,2026-05-18T15:18:56.201Z
14,8f0591ce-cbb9-4718-9b3e-0fc0a2bfb978,care,el,word,1,φροντίδα,2026-05-18T15:18:57.030Z
14,8f0591ce-cbb9-4718-9b3e-0fc0a2bfb978,crucial,el,word,1,ζωτικής σημασίας,2026-05-18T15:18:58.308Z
14,8f0591ce-cbb9-4718-9b3e-0fc0a2bfb978,especially,el,word,1,ειδικά,2026-05-18T15:19:02.173Z
14,8f0591ce-cbb9-4718-9b3e-0fc0a2bfb978,"rainforests,",el,word,1,"τα τροπικά δάση,",2026-05-18T15:19:03.186Z
15,0d0a3a23-d3ce-49b4-b456-3b00d5674610,comfortable,el,word,2,άνετο,2026-05-18T15:48:11.355Z
15,0d0a3a23-d3ce-49b4-b456-3b00d5674610,avoid,el,word,2,αποφύγετε,2026-05-18T15:48:22.237Z
15,0d0a3a23-d3ce-49b4-b456-3b00d5674610,researcher,el,word,1,ερευνητής,2026-05-18T15:48:09.168Z
15,0d0a3a23-d3ce-49b4-b456-3b00d5674610,continue,el,word,3,συνέχεια,2026-05-18T15:49:06.384Z
15,0d0a3a23-d3ce-49b4-b456-3b00d5674610,"movements,",el,word,1,"κινήσεις,",2026-05-18T15:48:15.812Z
15,0d0a3a23-d3ce-49b4-b456-3b00d5674610,morning,el,word,1,πρωί,2026-05-18T15:48:17.676Z
15,0d0a3a23-d3ce-49b4-b456-3b00d5674610,participant,el,word,1,συμμετέχων,2026-05-18T15:48:20.013Z
15,0d0a3a23-d3ce-49b4-b456-3b00d5674610,pace.,el,word,3,ρυθμό.,2026-05-18T15:48:22.355Z
15,0d0a3a23-d3ce-49b4-b456-3b00d5674610,words,el,word,1,λέξεις,2026-05-18T15:48:22.862Z
15,0d0a3a23-d3ce-49b4-b456-3b00d5674610,makes,el,word,3,κάνει,2026-05-18T15:48:33.037Z
15,0d0a3a23-d3ce-49b4-b456-3b00d5674610,gaze,el,word,1,βλέμμα,2026-05-18T15:48:27.539Z
15,0d0a3a23-d3ce-49b4-b456-3b00d5674610,accurately,el,word,1,με ακρίβεια,2026-05-18T15:48:30.183Z
15,0d0a3a23-d3ce-49b4-b456-3b00d5674610,neighboring,el,word,1,γειτονικά,2026-05-18T15:48:34.370Z
15,0d0a3a23-d3ce-49b4-b456-3b00d5674610,paragraph,el,word,1,παράγραφος,2026-05-18T15:48:40.436Z
15,0d0a3a23-d3ce-49b4-b456-3b00d5674610,settings,el,word,1,ρυθμίσεις,2026-05-18T15:48:41.638Z
15,0d0a3a23-d3ce-49b4-b456-3b00d5674610,appears,el,word,1,φαίνεται,2026-05-18T15:48:44.329Z
15,0d0a3a23-d3ce-49b4-b456-3b00d5674610,simple:,el,word,2,απλό:,2026-05-18T15:49:03.869Z
15,0d0a3a23-d3ce-49b4-b456-3b00d5674610,adjusted,el,word,1,ρύθμισε,2026-05-18T15:49:02.612Z
15,0d0a3a23-d3ce-49b4-b456-3b00d5674610,university,el,word,1,πανεπιστήμιο,2026-05-18T15:49:08.809Z
15,ef66d038-9512-4c1e-a3f7-012d8a6f17f6,African-American,el,word,1,Αφροαμερικανίδα,2026-05-18T15:50:12.938Z
15,ef66d038-9512-4c1e-a3f7-012d8a6f17f6,Nation,el,word,1,Έθνος,2026-05-18T15:50:25.434Z
15,ef66d038-9512-4c1e-a3f7-012d8a6f17f6,"Montgomery,",el,word,2,"Μοντγκόμερι,",2026-05-18T15:50:36.281Z
15,ef66d038-9512-4c1e-a3f7-012d8a6f17f6,"Alabama,",el,word,2,"Αλαμπάμα,",2026-05-18T15:50:36.446Z
15,ef66d038-9512-4c1e-a3f7-012d8a6f17f6,Rosa,el,word,2,Ρόζα,2026-05-18T15:50:44.037Z
15,ef66d038-9512-4c1e-a3f7-012d8a6f17f6,advanced,el,word,1,προώθησε,2026-05-18T15:50:43.870Z
15,ef66d038-9512-4c1e-a3f7-012d8a6f17f6,disobedience,el,word,2,ανυπακοή,2026-05-18T15:50:56.797Z
15,ef66d038-9512-4c1e-a3f7-012d8a6f17f6,Parks,el,word,2,Παρκς,2026-05-18T15:50:57.130Z
15,ef66d038-9512-4c1e-a3f7-012d8a6f17f6,Montgomery,el,word,1,Μοντγκόμερι,2026-05-18T15:51:04.702Z
15,ef66d038-9512-4c1e-a3f7-012d8a6f17f6,extraordinary,el,word,1,εξαιρετικό,2026-05-18T15:51:11.530Z
15,ef66d038-9512-4c1e-a3f7-012d8a6f17f6,carpools.,el,word,1,ομάδες μεταφοράς με αυτοκίνητο.,2026-05-18T15:51:17.654Z
15,ef66d038-9512-4c1e-a3f7-012d8a6f17f6,stirred,el,word,1,συγκίνησαν,2026-05-18T15:51:20.017Z
15,ef66d038-9512-4c1e-a3f7-012d8a6f17f6,"background,",el,word,1,"προέλευσης,",2026-05-18T15:51:29.464Z
15,ef66d038-9512-4c1e-a3f7-012d8a6f17f6,transportation,el,word,2,μεταφορές,2026-05-18T15:51:31.851Z
15,ef66d038-9512-4c1e-a3f7-012d8a6f17f6,resilience,el,word,1,ανθεκτικότητα,2026-05-18T15:51:31.505Z
15,ef66d038-9512-4c1e-a3f7-012d8a6f17f6,country.,el,word,1,χώρα.,2026-05-18T15:51:33.950Z
15,ef66d038-9512-4c1e-a3f7-012d8a6f17f6,Parks's,el,word,1,Η Παρκς,2026-05-18T15:51:42.943Z
15,ef66d038-9512-4c1e-a3f7-012d8a6f17f6,"rights,",el,word,1,"δικαιώματα,",2026-05-18T15:51:48.693Z
15,ef66d038-9512-4c1e-a3f7-012d8a6f17f6,civil,el,word,2,πολιτικά,2026-05-18T15:51:56.893Z
15,ef66d038-9512-4c1e-a3f7-012d8a6f17f6,February,el,word,1,Φεβρουάριο,2026-05-18T15:51:58.316Z
15,ef66d038-9512-4c1e-a3f7-012d8a6f17f6,genuine,el,word,1,αληθινός,2026-05-18T15:52:12.996Z
15,ef66d038-9512-4c1e-a3f7-012d8a6f17f6,"self-evident,",el,word,1,"αυτονόητη,",2026-05-18T15:52:13.674Z
15,ef66d038-9512-4c1e-a3f7-012d8a6f17f6,American,el,word,1,Αμερικανός,2026-05-18T15:52:15.658Z
15,ef66d038-9512-4c1e-a3f7-012d8a6f17f6,self-executing.,el,word,1,αυτοεκτελέσιμο.,2026-05-18T15:52:17.198Z
15,ef66d038-9512-4c1e-a3f7-012d8a6f17f6,generations,el,word,1,γενιές,2026-05-18T15:52:20.639Z
15,ef66d038-9512-4c1e-a3f7-012d8a6f17f6,make,el,word,1,κάνουν,2026-05-18T15:52:23.183Z
15,ef66d038-9512-4c1e-a3f7-012d8a6f17f6,heirs,el,word,1,κληρονόμοι,2026-05-18T15:52:25.502Z
15,ef66d038-9512-4c1e-a3f7-012d8a6f17f6,hopeful,el,word,1,γεμάτοι ελπίδα,2026-05-18T15:52:29.755Z
15,ef66d038-9512-4c1e-a3f7-012d8a6f17f6,Americans,el,word,1,Αμερικανοί,2026-05-18T15:52:30.946Z
15,ef66d038-9512-4c1e-a3f7-012d8a6f17f6,States,el,word,1,Πολιτείες,2026-05-18T15:52:40.872Z
15,ef66d038-9512-4c1e-a3f7-012d8a6f17f6,United,el,word,1,Ηνωμένες,2026-05-18T15:52:42.288Z
15,ef66d038-9512-4c1e-a3f7-012d8a6f17f6,Constitution,el,word,5,Σύνταγμα,2026-05-18T15:55:15.756Z
15,ef66d038-9512-4c1e-a3f7-012d8a6f17f6,"America,",el,word,1,"Αμερική,",2026-05-18T15:52:53.506Z
15,ef66d038-9512-4c1e-a3f7-012d8a6f17f6,hereunto,el,word,2,στο παρόν,2026-05-18T15:55:20.835Z
15,ef66d038-9512-4c1e-a3f7-012d8a6f17f6,Anniversary,el,word,3,Επέτειος,2026-05-18T15:53:56.870Z
15,ef66d038-9512-4c1e-a3f7-012d8a6f17f6,"legacy,",el,word,3,"κληρονομιά,",2026-05-18T15:55:09.296Z
15,ef66d038-9512-4c1e-a3f7-012d8a6f17f6,although,el,word,2,αν και,2026-05-18T15:54:51.452Z
15,ef66d038-9512-4c1e-a3f7-012d8a6f17f6,President,el,word,3,Πρόεδρος,2026-05-18T15:54:11.481Z
15,ef66d038-9512-4c1e-a3f7-012d8a6f17f6,country,el,word,1,χώρα,2026-05-18T15:53:49.939Z
15,ef66d038-9512-4c1e-a3f7-012d8a6f17f6,honor,el,word,1,να τιμήσουμε,2026-05-18T15:53:50.322Z
15,ef66d038-9512-4c1e-a3f7-012d8a6f17f6,anniversary,el,word,2,επέτειος,2026-05-18T15:54:45.457Z
15,ef66d038-9512-4c1e-a3f7-012d8a6f17f6,courage,el,word,1,θάρρος,2026-05-18T15:54:32.814Z
15,ef66d038-9512-4c1e-a3f7-012d8a6f17f6,principle,el,word,1,αρχή,2026-05-18T15:54:46.870Z
15,ef66d038-9512-4c1e-a3f7-012d8a6f17f6,equality,el,word,1,ισότητα,2026-05-18T15:54:47.890Z
15,ef66d038-9512-4c1e-a3f7-012d8a6f17f6,celebrate,el,word,1,γιορτάζουμε,2026-05-18T15:54:48.659Z
15,ef66d038-9512-4c1e-a3f7-012d8a6f17f6,taken,el,word,1,χρειάστηκαν,2026-05-18T15:54:54.363Z
15,ef66d038-9512-4c1e-a3f7-012d8a6f17f6,progress,el,word,1,πρόοδος,2026-05-18T15:54:57.013Z
15,ef66d038-9512-4c1e-a3f7-012d8a6f17f6,take,el,word,1,να αναλάβουν,2026-05-18T15:55:00.799Z
15,ef66d038-9512-4c1e-a3f7-012d8a6f17f6,"service,",el,word,1,"τελετή,",2026-05-18T15:55:17.134Z
15,ef66d038-9512-4c1e-a3f7-012d8a6f17f6,Independence,el,word,1,Ανεξαρτησία,2026-05-18T15:55:24.058Z
15,35dc1e38-d6db-417c-b340-2461aac0dc66,wilderness,el,word,1,άγρια φύση,2026-05-18T15:56:50.947Z
15,35dc1e38-d6db-417c-b340-2461aac0dc66,Robert,el,word,1,Robert,2026-05-18T15:56:54.069Z
15,35dc1e38-d6db-417c-b340-2461aac0dc66,"aircraft,",el,word,1,"αεροσκάφη,",2026-05-18T15:56:57.825Z
15,35dc1e38-d6db-417c-b340-2461aac0dc66,"parks,",el,word,1,"πάρκα,",2026-05-18T15:57:06.623Z
15,35dc1e38-d6db-417c-b340-2461aac0dc66,development,el,word,1,ανάπτυξη,2026-05-18T15:57:07.930Z
15,35dc1e38-d6db-417c-b340-2461aac0dc66,protected,el,word,1,προστατευόμενες,2026-05-18T15:57:10.145Z
15,35dc1e38-d6db-417c-b340-2461aac0dc66,National,el,word,2,Εθνικό,2026-05-18T15:59:38.040Z
15,35dc1e38-d6db-417c-b340-2461aac0dc66,Park,el,word,1,Πάρκο,2026-05-18T15:57:17.143Z
15,35dc1e38-d6db-417c-b340-2461aac0dc66,Service,el,word,1,Υπηρεσία,2026-05-18T15:57:17.445Z
15,35dc1e38-d6db-417c-b340-2461aac0dc66,daily,el,word,1,καθημερινά,2026-05-18T15:57:18.381Z
15,35dc1e38-d6db-417c-b340-2461aac0dc66,scientists,el,word,1,επιστήμονες,2026-05-18T15:57:19.373Z
15,35dc1e38-d6db-417c-b340-2461aac0dc66,Colorado,el,word,2,Κολοράντο,2026-05-18T15:59:40.787Z
15,35dc1e38-d6db-417c-b340-2461aac0dc66,"recreation,",el,word,1,"αναψυχή,",2026-05-18T15:57:21.399Z
15,35dc1e38-d6db-417c-b340-2461aac0dc66,University,el,word,3,Πανεπιστήμιο,2026-05-18T16:01:40.948Z
15,35dc1e38-d6db-417c-b340-2461aac0dc66,conservation,el,word,2,διατήρηση,2026-05-18T15:58:25.956Z
15,35dc1e38-d6db-417c-b340-2461aac0dc66,analyzed,el,word,1,ανέλυσε,2026-05-18T15:57:26.174Z
15,35dc1e38-d6db-417c-b340-2461aac0dc66,State,el,word,3,Πολιτεία,2026-05-18T16:12:11.790Z
15,35dc1e38-d6db-417c-b340-2461aac0dc66,two-thirds,el,word,1,τα δύο τρίτα,2026-05-18T15:57:46.318Z
15,35dc1e38-d6db-417c-b340-2461aac0dc66,adverse,el,word,1,αρνητικές,2026-05-18T15:57:49.352Z
15,35dc1e38-d6db-417c-b340-2461aac0dc66,natural,el,word,1,φυσικό,2026-05-18T15:57:50.899Z
15,35dc1e38-d6db-417c-b340-2461aac0dc66,background,el,word,2,φόντο,2026-05-18T16:01:07.451Z
15,35dc1e38-d6db-417c-b340-2461aac0dc66,tranquil,el,word,1,ήσυχη,2026-05-18T15:57:55.356Z
15,35dc1e38-d6db-417c-b340-2461aac0dc66,study,el,word,1,μελέτη,2026-05-18T15:58:17.257Z
15,35dc1e38-d6db-417c-b340-2461aac0dc66,quantify,el,word,1,ποσοτικοποίηση,2026-05-18T15:58:25.100Z
15,35dc1e38-d6db-417c-b340-2461aac0dc66,national,el,word,1,εθνικό,2026-05-18T15:58:30.350Z
15,35dc1e38-d6db-417c-b340-2461aac0dc66,computerized,el,word,1,υπολογιστικό,2026-05-18T15:58:31.835Z
15,35dc1e38-d6db-417c-b340-2461aac0dc66,park-land,el,word,1,πάρκα,2026-05-18T15:58:48.398Z
15,35dc1e38-d6db-417c-b340-2461aac0dc66,much,el,word,1,πολύ,2026-05-18T15:58:51.805Z
15,35dc1e38-d6db-417c-b340-2461aac0dc66,Road,el,word,1,Οδική,2026-05-18T15:59:30.513Z
15,35dc1e38-d6db-417c-b340-2461aac0dc66,independent,el,word,1,ανεξάρτητη,2026-05-18T15:59:36.289Z
15,35dc1e38-d6db-417c-b340-2461aac0dc66,Canyon,el,word,1,Canyon,2026-05-18T15:59:37.306Z
15,35dc1e38-d6db-417c-b340-2461aac0dc66,overflights,el,word,1,πτήσεις,2026-05-18T15:59:49.145Z
15,35dc1e38-d6db-417c-b340-2461aac0dc66,busiest,el,word,1,πιο πολυσύχναστες,2026-05-18T15:59:51.225Z
15,35dc1e38-d6db-417c-b340-2461aac0dc66,predators.,el,word,2,αρπακτικά.,2026-05-18T16:00:10.194Z
15,35dc1e38-d6db-417c-b340-2461aac0dc66,mating,el,word,1,ζευγάρωμα,2026-05-18T15:59:58.357Z
15,35dc1e38-d6db-417c-b340-2461aac0dc66,ability,el,word,1,ικανότητα,2026-05-18T16:00:00.552Z
15,35dc1e38-d6db-417c-b340-2461aac0dc66,deafen,el,word,1,να τα κάνει κουφά,2026-05-18T16:00:01.118Z
15,35dc1e38-d6db-417c-b340-2461aac0dc66,Templeton,el,word,1,Templeton,2026-05-18T16:00:15.645Z
15,35dc1e38-d6db-417c-b340-2461aac0dc66,discovering,el,word,2,ανακαλύπτοντας,2026-05-18T16:00:31.632Z
15,35dc1e38-d6db-417c-b340-2461aac0dc66,Psychologists,el,word,1,Ψυχολόγοι,2026-05-18T16:00:30.761Z
15,35dc1e38-d6db-417c-b340-2461aac0dc66,sounds,el,word,1,ήχοι,2026-05-18T16:00:32.920Z
15,35dc1e38-d6db-417c-b340-2461aac0dc66,"Braasch,",el,word,1,"Braasch,",2026-05-18T16:00:39.088Z
15,35dc1e38-d6db-417c-b340-2461aac0dc66,burble,el,word,1,κυματισμός,2026-05-18T16:00:40.510Z
15,35dc1e38-d6db-417c-b340-2461aac0dc66,musicologist,el,word,1,μουσικολόγος,2026-05-18T16:00:40.942Z
15,35dc1e38-d6db-417c-b340-2461aac0dc66,Rensselaer,el,word,1,Rensselaer,2026-05-18T16:00:43.000Z
15,35dc1e38-d6db-417c-b340-2461aac0dc66,cognitive,el,word,1,γνωστικές,2026-05-18T16:01:10.325Z
15,35dc1e38-d6db-417c-b340-2461aac0dc66,"trauma,",el,word,1,"τραύμα,",2026-05-18T16:03:36.303Z
15,35dc1e38-d6db-417c-b340-2461aac0dc66,"cars,",el,word,3,"αυτοκίνητα,",2026-05-18T16:13:00.830Z
15,35dc1e38-d6db-417c-b340-2461aac0dc66,may,el,word,1,μπορεί,2026-05-18T16:12:12.562Z
15,35dc1e38-d6db-417c-b340-2461aac0dc66,Pennsylvania,el,word,1,Πενσυλβάνια,2026-05-18T16:12:13.392Z
15,35dc1e38-d6db-417c-b340-2461aac0dc66,listened,el,word,1,άκουσαν,2026-05-18T16:12:34.184Z
15,35dc1e38-d6db-417c-b340-2461aac0dc66,help,el,word,2,βοηθά,2026-05-18T16:12:36.394Z
15,35dc1e38-d6db-417c-b340-2461aac0dc66,people,el,word,2,άνθρωποι,2026-05-18T16:12:36.580Z
15,35dc1e38-d6db-417c-b340-2461aac0dc66,added,el,word,1,προστέθηκε,2026-05-18T16:13:19.454Z
15,35dc1e38-d6db-417c-b340-2461aac0dc66,quickly,el,word,1,γρήγορα,2026-05-18T16:14:27.832Z
16,caa0425f-5275-471d-9b96-1f4c5ebedfcc,morning,el,word,1,πρωί,2026-05-18T16:22:49.196Z
16,caa0425f-5275-471d-9b96-1f4c5ebedfcc,participant,el,word,1,συμμετέχων,2026-05-18T16:23:33.131Z
16,caa0425f-5275-471d-9b96-1f4c5ebedfcc,read,el,word,1,να διαβάζεις,2026-05-18T16:23:42.737Z
16,9ad03ea4-153b-4182-9ef1-d4a7f95e1a70,ReadWorks,el,word,8,ReadWorks,2026-05-18T16:36:58.575Z
16,9ad03ea4-153b-4182-9ef1-d4a7f95e1a70,Exploration,el,word,9,Εξερεύνηση,2026-05-18T16:36:35.087Z
16,9ad03ea4-153b-4182-9ef1-d4a7f95e1a70,thousands,el,word,3,χιλιάδες,2026-05-18T16:24:52.558Z
16,9ad03ea4-153b-4182-9ef1-d4a7f95e1a70,fascinated,el,word,3,γοητευμένοι,2026-05-18T16:24:56.859Z
16,9ad03ea4-153b-4182-9ef1-d4a7f95e1a70,efficient,el,word,3,αποδοτική,2026-05-18T16:29:33.061Z
16,9ad03ea4-153b-4182-9ef1-d4a7f95e1a70,Spanish,el,word,5,Ισπανικά,2026-05-18T16:25:42.808Z
16,9ad03ea4-153b-4182-9ef1-d4a7f95e1a70,new,el,word,1,νέο,2026-05-18T16:24:37.712Z
16,9ad03ea4-153b-4182-9ef1-d4a7f95e1a70,exploration,el,word,6,εξερεύνηση,2026-05-18T16:26:28.252Z
16,9ad03ea4-153b-4182-9ef1-d4a7f95e1a70,discovering,el,word,2,ανακαλύπτοντας,2026-05-18T16:25:02.720Z
16,9ad03ea4-153b-4182-9ef1-d4a7f95e1a70,cultures.,el,word,1,πολιτισμούς.,2026-05-18T16:24:53.431Z
16,9ad03ea4-153b-4182-9ef1-d4a7f95e1a70,"Historically,",el,word,1,"Ιστορικά,",2026-05-18T16:24:54.124Z
16,9ad03ea4-153b-4182-9ef1-d4a7f95e1a70,ancient,el,word,2,αρχαίοι,2026-05-18T16:25:15.291Z
16,9ad03ea4-153b-4182-9ef1-d4a7f95e1a70,ships,el,word,3,πλοία,2026-05-18T16:25:40.538Z
16,9ad03ea4-153b-4182-9ef1-d4a7f95e1a70,mainland,el,word,3,ηπειρωτική,2026-05-18T16:25:52.858Z
16,9ad03ea4-153b-4182-9ef1-d4a7f95e1a70,could,el,word,2,θα μπορούσαν,2026-05-18T16:25:41.156Z
16,9ad03ea4-153b-4182-9ef1-d4a7f95e1a70,world,el,word,3,κόσμος,2026-05-18T16:30:37.868Z
16,9ad03ea4-153b-4182-9ef1-d4a7f95e1a70,medieval,el,word,1,μεσαιωνικός,2026-05-18T16:25:05.758Z
16,9ad03ea4-153b-4182-9ef1-d4a7f95e1a70,navigate,el,word,3,πλοηγούν,2026-05-18T16:29:03.058Z
16,9ad03ea4-153b-4182-9ef1-d4a7f95e1a70,major,el,word,2,σημαντικός,2026-05-18T16:25:22.425Z
16,9ad03ea4-153b-4182-9ef1-d4a7f95e1a70,goal,el,word,1,στόχος,2026-05-18T16:25:11.482Z
16,9ad03ea4-153b-4182-9ef1-d4a7f95e1a70,governments,el,word,3,κυβερνήσεις,2026-05-18T16:32:05.539Z
16,9ad03ea4-153b-4182-9ef1-d4a7f95e1a70,sea.,el,word,1,θάλασσα.,2026-05-18T16:25:13.778Z
16,9ad03ea4-153b-4182-9ef1-d4a7f95e1a70,offered,el,word,1,προσέφερε,2026-05-18T16:25:15.876Z
16,9ad03ea4-153b-4182-9ef1-d4a7f95e1a70,Greeks,el,word,1,Έλληνες,2026-05-18T16:25:16.778Z
16,9ad03ea4-153b-4182-9ef1-d4a7f95e1a70,prospect,el,word,1,προοπτική,2026-05-18T16:25:16.975Z
16,9ad03ea4-153b-4182-9ef1-d4a7f95e1a70,commercial,el,word,3,εμπορικά,2026-05-18T16:26:58.729Z
16,9ad03ea4-153b-4182-9ef1-d4a7f95e1a70,operations,el,word,1,δραστηριότητες,2026-05-18T16:25:21.705Z
16,9ad03ea4-153b-4182-9ef1-d4a7f95e1a70,bring,el,word,1,φέρουν,2026-05-18T16:25:28.498Z
16,9ad03ea4-153b-4182-9ef1-d4a7f95e1a70,trade,el,word,1,εμπόριο,2026-05-18T16:25:31.591Z
16,9ad03ea4-153b-4182-9ef1-d4a7f95e1a70,silks,el,word,3,μεταξωτά,2026-05-18T16:25:47.903Z
16,9ad03ea4-153b-4182-9ef1-d4a7f95e1a70,positions,el,word,4,θέσεις,2026-05-18T16:26:13.518Z
16,9ad03ea4-153b-4182-9ef1-d4a7f95e1a70,veer,el,word,3,παραστρατήσουν,2026-05-18T16:26:12.450Z
16,9ad03ea4-153b-4182-9ef1-d4a7f95e1a70,Europe),el,word,3,Ευρώπη),2026-05-18T16:25:58.338Z
16,9ad03ea4-153b-4182-9ef1-d4a7f95e1a70,explorers,el,word,3,εξερευνητές,2026-05-18T16:30:51.770Z
16,9ad03ea4-153b-4182-9ef1-d4a7f95e1a70,relied,el,word,1,βασίζονταν,2026-05-18T16:25:47.195Z
16,9ad03ea4-153b-4182-9ef1-d4a7f95e1a70,navigational,el,word,7,πλοήγησης,2026-05-18T16:32:29.447Z
16,9ad03ea4-153b-4182-9ef1-d4a7f95e1a70,unavailable,el,word,1,δεν ήταν διαθέσιμα,2026-05-18T16:25:52.255Z
16,9ad03ea4-153b-4182-9ef1-d4a7f95e1a70,"reckoning,""",el,word,3,"υπολογισμός»,",2026-05-18T16:26:05.812Z
16,9ad03ea4-153b-4182-9ef1-d4a7f95e1a70,calculating,el,word,4,υπολογισμός,2026-05-18T16:28:36.686Z
16,9ad03ea4-153b-4182-9ef1-d4a7f95e1a70,position,el,word,1,θέση,2026-05-18T16:26:00.098Z
16,9ad03ea4-153b-4182-9ef1-d4a7f95e1a70,landmasses),el,word,1,ηπειρωτικές μάζες),2026-05-18T16:26:04.052Z
16,9ad03ea4-153b-4182-9ef1-d4a7f95e1a70,"""dead",el,word,1,«dead,2026-05-18T16:26:05.132Z
16,9ad03ea4-153b-4182-9ef1-d4a7f95e1a70,estimated,el,word,2,εκτιμώμενη,2026-05-18T16:26:18.825Z
16,9ad03ea4-153b-4182-9ef1-d4a7f95e1a70,velocity,el,word,1,ταχύτητα,2026-05-18T16:26:06.832Z
16,9ad03ea4-153b-4182-9ef1-d4a7f95e1a70,based,el,word,1,με βάση,2026-05-18T16:26:09.497Z
16,9ad03ea4-153b-4182-9ef1-d4a7f95e1a70,previous,el,word,1,προηγούμενες,2026-05-18T16:26:10.496Z
16,9ad03ea4-153b-4182-9ef1-d4a7f95e1a70,inexact,el,word,2,ανακριβής,2026-05-18T16:26:26.210Z
16,9ad03ea4-153b-4182-9ef1-d4a7f95e1a70,Europe's,el,word,2,η Ευρώπη,2026-05-18T16:27:25.146Z
16,9ad03ea4-153b-4182-9ef1-d4a7f95e1a70,course;,el,word,1,πορεία·,2026-05-18T16:26:23.020Z
16,9ad03ea4-153b-4182-9ef1-d4a7f95e1a70,advanced,el,word,1,προηγμένες,2026-05-18T16:26:24.903Z
16,9ad03ea4-153b-4182-9ef1-d4a7f95e1a70,important,el,word,6,σημαντικό,2026-05-18T16:28:34.361Z
16,9ad03ea4-153b-4182-9ef1-d4a7f95e1a70,exact,el,word,2,ακριβής,2026-05-18T16:26:35.796Z
16,9ad03ea4-153b-4182-9ef1-d4a7f95e1a70,developed.,el,word,6,αναπτύχθηκαν.,2026-05-18T16:27:25.064Z
16,9ad03ea4-153b-4182-9ef1-d4a7f95e1a70,technologies,el,word,6,τεχνολογίες,2026-05-18T16:27:40.562Z
16,9ad03ea4-153b-4182-9ef1-d4a7f95e1a70,marked,el,word,1,σηματοδότησε,2026-05-18T16:26:44.916Z
16,9ad03ea4-153b-4182-9ef1-d4a7f95e1a70,frontier,el,word,1,όριο,2026-05-18T16:26:46.160Z
16,9ad03ea4-153b-4182-9ef1-d4a7f95e1a70,navigation.,el,word,2,ναυσιπλοΐα.,2026-05-18T16:26:58.150Z
16,9ad03ea4-153b-4182-9ef1-d4a7f95e1a70,epoch,el,word,1,εποχή,2026-05-18T16:26:50.400Z
16,9ad03ea4-153b-4182-9ef1-d4a7f95e1a70,began,el,word,1,ξεκίνησε,2026-05-18T16:26:52.093Z
16,9ad03ea4-153b-4182-9ef1-d4a7f95e1a70,"exploration""",el,word,1,εξερεύνηση»,2026-05-18T16:26:54.645Z
16,9ad03ea4-153b-4182-9ef1-d4a7f95e1a70,started,el,word,1,ξεκίνησαν,2026-05-18T16:26:55.801Z
16,9ad03ea4-153b-4182-9ef1-d4a7f95e1a70,expand,el,word,1,επεκτείνουν,2026-05-18T16:26:56.710Z
16,9ad03ea4-153b-4182-9ef1-d4a7f95e1a70,resulting,el,word,1,με αποτέλεσμα,2026-05-18T16:27:02.264Z
16,9ad03ea4-153b-4182-9ef1-d4a7f95e1a70,Spain,el,word,1,Ισπανία,2026-05-18T16:27:03.756Z
16,9ad03ea4-153b-4182-9ef1-d4a7f95e1a70,exchange,el,word,1,ανταλλαγή,2026-05-18T16:27:06.859Z
16,9ad03ea4-153b-4182-9ef1-d4a7f95e1a70,sometimes,el,word,1,μερικές φορές,2026-05-18T16:27:09.523Z
16,9ad03ea4-153b-4182-9ef1-d4a7f95e1a70,routes,el,word,6,διαδρομές,2026-05-18T16:27:26.936Z
16,9ad03ea4-153b-4182-9ef1-d4a7f95e1a70,economic,el,word,4,οικονομική,2026-05-18T16:27:25.099Z
16,9ad03ea4-153b-4182-9ef1-d4a7f95e1a70,Sailors,el,word,3,Ναυτικοί,2026-05-18T16:27:26.205Z
16,9ad03ea4-153b-4182-9ef1-d4a7f95e1a70,traditions.,el,word,1,παραδόσεις.,2026-05-18T16:27:37.295Z
16,9ad03ea4-153b-4182-9ef1-d4a7f95e1a70,"quadrant,",el,word,4,"τεταρτημόριο,",2026-05-18T16:30:27.613Z
16,9ad03ea4-153b-4182-9ef1-d4a7f95e1a70,fan-shaped,el,word,2,σε σχήμα βεντάλιας,2026-05-18T16:27:54.418Z
16,9ad03ea4-153b-4182-9ef1-d4a7f95e1a70,magnetic,el,word,3,μαγνητικός,2026-05-18T16:28:19.423Z
16,9ad03ea4-153b-4182-9ef1-d4a7f95e1a70,measured,el,word,1,μετρούσε,2026-05-18T16:27:42.240Z
16,9ad03ea4-153b-4182-9ef1-d4a7f95e1a70,altitude,el,word,1,ύψος,2026-05-18T16:27:44.797Z
16,9ad03ea4-153b-4182-9ef1-d4a7f95e1a70,determine,el,word,3,προσδιορίζω,2026-05-18T16:33:02.178Z
16,9ad03ea4-153b-4182-9ef1-d4a7f95e1a70,Another,el,word,1,Μια άλλη,2026-05-18T16:28:00.126Z
16,9ad03ea4-153b-4182-9ef1-d4a7f95e1a70,improved,el,word,3,βελτιωμένη,2026-05-18T16:33:21.401Z
16,9ad03ea4-153b-4182-9ef1-d4a7f95e1a70,accurate,el,word,6,ακριβής,2026-05-18T16:33:39.634Z
16,9ad03ea4-153b-4182-9ef1-d4a7f95e1a70,device,el,word,1,συσκευή,2026-05-18T16:28:02.124Z
16,9ad03ea4-153b-4182-9ef1-d4a7f95e1a70,"compass,",el,word,1,"πυξίδα,",2026-05-18T16:28:04.952Z
16,9ad03ea4-153b-4182-9ef1-d4a7f95e1a70,latitude,el,word,2,γεωγραφικό πλάτος,2026-05-18T16:28:12.683Z
16,9ad03ea4-153b-4182-9ef1-d4a7f95e1a70,navigators,el,word,2,πλοηγοί,2026-05-18T16:28:30.016Z
16,9ad03ea4-153b-4182-9ef1-d4a7f95e1a70,Time-keeping,el,word,1,Χρονομέτρηση,2026-05-18T16:28:15.953Z
16,9ad03ea4-153b-4182-9ef1-d4a7f95e1a70,"devices,",el,word,1,"συσκευές,",2026-05-18T16:28:17.390Z
16,9ad03ea4-153b-4182-9ef1-d4a7f95e1a70,Earth's,el,word,1,της Γης,2026-05-18T16:28:18.677Z
16,9ad03ea4-153b-4182-9ef1-d4a7f95e1a70,"hourglasses,",el,word,2,"κλεψύδρες,",2026-05-18T16:28:33.044Z
16,9ad03ea4-153b-4182-9ef1-d4a7f95e1a70,poles,el,word,2,πόλοι,2026-05-18T16:28:21.863Z
16,9ad03ea4-153b-4182-9ef1-d4a7f95e1a70,always,el,word,2,πάντα,2026-05-18T16:28:48.425Z
16,9ad03ea4-153b-4182-9ef1-d4a7f95e1a70,exploration.,el,word,1,εξερεύνησης.,2026-05-18T16:28:44.028Z
16,9ad03ea4-153b-4182-9ef1-d4a7f95e1a70,"maps,",el,word,1,"χάρτες,",2026-05-18T16:28:45.635Z
16,9ad03ea4-153b-4182-9ef1-d4a7f95e1a70,upon,el,word,1,με βάση,2026-05-18T16:28:51.964Z
16,9ad03ea4-153b-4182-9ef1-d4a7f95e1a70,explorations.,el,word,1,εξερευνήσεις.,2026-05-18T16:28:54.039Z
16,9ad03ea4-153b-4182-9ef1-d4a7f95e1a70,exciting,el,word,1,συναρπαστική,2026-05-18T16:28:57.099Z
16,9ad03ea4-153b-4182-9ef1-d4a7f95e1a70,would,el,word,1,θα,2026-05-18T16:29:00.861Z
16,9ad03ea4-153b-4182-9ef1-d4a7f95e1a70,navigator,el,word,3,πλοηγός,2026-05-18T16:29:29.621Z
16,9ad03ea4-153b-4182-9ef1-d4a7f95e1a70,discover,el,word,1,ανακαλύπτουν,2026-05-18T16:29:13.306Z
16,9ad03ea4-153b-4182-9ef1-d4a7f95e1a70,find,el,word,1,βρίσκω,2026-05-18T16:29:16.475Z
16,9ad03ea4-153b-4182-9ef1-d4a7f95e1a70,One,el,word,1,Ένας,2026-05-18T16:29:17.351Z
16,9ad03ea4-153b-4182-9ef1-d4a7f95e1a70,instead,el,word,3,αντ' αυτού,2026-05-18T16:29:49.913Z
16,9ad03ea4-153b-4182-9ef1-d4a7f95e1a70,Christopher,el,word,3,Χριστόφορος,2026-05-18T16:29:40.832Z
16,9ad03ea4-153b-4182-9ef1-d4a7f95e1a70,stumbled,el,word,5,συνάντησε,2026-05-18T16:29:50.377Z
16,9ad03ea4-153b-4182-9ef1-d4a7f95e1a70,"Columbus,",el,word,3,"Κολόμβος,",2026-05-18T16:29:38.395Z
16,9ad03ea4-153b-4182-9ef1-d4a7f95e1a70,Italian,el,word,3,Ιταλός,2026-05-18T16:30:47.082Z
16,9ad03ea4-153b-4182-9ef1-d4a7f95e1a70,predicted,el,word,2,προέβλεπε,2026-05-18T16:30:03.446Z
16,9ad03ea4-153b-4182-9ef1-d4a7f95e1a70,"sailing,",el,word,2,"πλέοντας,",2026-05-18T16:29:58.564Z
16,9ad03ea4-153b-4182-9ef1-d4a7f95e1a70,Columbus,el,word,4,Κολόμβος,2026-05-18T16:31:25.361Z
16,9ad03ea4-153b-4182-9ef1-d4a7f95e1a70,known,el,word,2,γνωστός,2026-05-18T16:29:53.693Z
16,9ad03ea4-153b-4182-9ef1-d4a7f95e1a70,instruments,el,word,1,όργανα,2026-05-18T16:29:54.464Z
16,9ad03ea4-153b-4182-9ef1-d4a7f95e1a70,astrolabe,el,word,3,αστρολάβος,2026-05-18T16:30:16.227Z
16,9ad03ea4-153b-4182-9ef1-d4a7f95e1a70,helpedexplorers,el,word,2,βοηθούσε τους εξερευνητές,2026-05-18T16:30:22.950Z
16,9ad03ea4-153b-4182-9ef1-d4a7f95e1a70,latitudinal,el,word,2,γεωγραφικό πλάτος,2026-05-18T16:30:25.436Z
16,9ad03ea4-153b-4182-9ef1-d4a7f95e1a70,vertical,el,word,2,κάθετη,2026-05-18T16:30:16.304Z
16,9ad03ea4-153b-4182-9ef1-d4a7f95e1a70,"globe),",el,word,1,"γλόμπο),",2026-05-18T16:30:17.306Z
16,9ad03ea4-153b-4182-9ef1-d4a7f95e1a70,location,el,word,1,τοποθεσία,2026-05-18T16:30:20.228Z
16,9ad03ea4-153b-4182-9ef1-d4a7f95e1a70,incomplete,el,word,4,ατελής,2026-05-18T16:30:34.133Z
16,9ad03ea4-153b-4182-9ef1-d4a7f95e1a70,Columbus's,el,word,5,Ο Κολόμβος,2026-05-18T16:31:40.492Z
16,9ad03ea4-153b-4182-9ef1-d4a7f95e1a70,imprecise,el,word,2,ανακριβής,2026-05-18T16:30:42.670Z
16,9ad03ea4-153b-4182-9ef1-d4a7f95e1a70,brought,el,word,1,έφερε,2026-05-18T16:30:33.820Z
16,9ad03ea4-153b-4182-9ef1-d4a7f95e1a70,knowledge,el,word,1,γνώση,2026-05-18T16:30:35.629Z
16,9ad03ea4-153b-4182-9ef1-d4a7f95e1a70,inadvertently,el,word,1,αθέλητα,2026-05-18T16:30:39.288Z
16,9ad03ea4-153b-4182-9ef1-d4a7f95e1a70,imagine,el,word,1,φανταστείτε,2026-05-18T16:31:00.154Z
16,9ad03ea4-153b-4182-9ef1-d4a7f95e1a70,difficulties,el,word,1,δυσκολίες,2026-05-18T16:31:00.808Z
16,9ad03ea4-153b-4182-9ef1-d4a7f95e1a70,required,el,word,1,απαιτούσε,2026-05-18T16:31:09.779Z
16,9ad03ea4-153b-4182-9ef1-d4a7f95e1a70,believed,el,word,1,πίστευε,2026-05-18T16:31:16.541Z
16,9ad03ea4-153b-4182-9ef1-d4a7f95e1a70,reached,el,word,1,έφτασε,2026-05-18T16:31:17.931Z
16,9ad03ea4-153b-4182-9ef1-d4a7f95e1a70,farthest,el,word,1,πιο μακρινό,2026-05-18T16:31:19.083Z
16,9ad03ea4-153b-4182-9ef1-d4a7f95e1a70,complete,el,word,1,πλήρης,2026-05-18T16:31:23.077Z
16,9ad03ea4-153b-4182-9ef1-d4a7f95e1a70,one,el,word,1,ένα,2026-05-18T16:31:28.695Z
16,9ad03ea4-153b-4182-9ef1-d4a7f95e1a70,inaccuracies,el,word,1,ανακρίβειες,2026-05-18T16:31:30.867Z
16,9ad03ea4-153b-4182-9ef1-d4a7f95e1a70,opposite,el,word,5,αντίθετη,2026-05-18T16:31:43.458Z
16,9ad03ea4-153b-4182-9ef1-d4a7f95e1a70,inconsistent,el,word,3,ασυνεπής,2026-05-18T16:31:50.785Z
16,9ad03ea4-153b-4182-9ef1-d4a7f95e1a70,"India,",el,word,2,"Ινδία,",2026-05-18T16:31:40.518Z
16,9ad03ea4-153b-4182-9ef1-d4a7f95e1a70,financial,el,word,2,οικονομικά,2026-05-18T16:32:00.683Z
16,9ad03ea4-153b-4182-9ef1-d4a7f95e1a70,explorations,el,word,2,εξερευνήσεις,2026-05-18T16:32:09.481Z
16,9ad03ea4-153b-4182-9ef1-d4a7f95e1a70,unpredictable;,el,word,3,απρόβλεπτη·,2026-05-18T16:31:54.299Z
16,9ad03ea4-153b-4182-9ef1-d4a7f95e1a70,limited,el,word,1,περιορισμένες,2026-05-18T16:31:48.974Z
16,9ad03ea4-153b-4182-9ef1-d4a7f95e1a70,hindered,el,word,3,εμπόδισε,2026-05-18T16:32:03.153Z
16,9ad03ea4-153b-4182-9ef1-d4a7f95e1a70,territory.,el,word,1,περιοχής.,2026-05-18T16:31:56.636Z
16,9ad03ea4-153b-4182-9ef1-d4a7f95e1a70,world's,el,word,1,του κόσμου,2026-05-18T16:32:00.049Z
16,9ad03ea4-153b-4182-9ef1-d4a7f95e1a70,"involved,",el,word,1,"που συνεπάγονται,",2026-05-18T16:32:02.477Z
16,9ad03ea4-153b-4182-9ef1-d4a7f95e1a70,difficult,el,word,1,δύσκολο,2026-05-18T16:32:03.928Z
16,9ad03ea4-153b-4182-9ef1-d4a7f95e1a70,fund,el,word,1,χρηματοδοτήσουν,2026-05-18T16:32:08.660Z
16,9ad03ea4-153b-4182-9ef1-d4a7f95e1a70,irretrievably,el,word,1,ανεπανόρθωτα,2026-05-18T16:32:13.681Z
16,9ad03ea4-153b-4182-9ef1-d4a7f95e1a70,"chronometer,",el,word,3,"χρονομέτρου,",2026-05-18T16:33:38.362Z
16,9ad03ea4-153b-4182-9ef1-d4a7f95e1a70,Longitude,el,word,3,Γεωγραφικό μήκος,2026-05-18T16:33:25.469Z
16,9ad03ea4-153b-4182-9ef1-d4a7f95e1a70,"century,",el,word,3,"αιώνα,",2026-05-18T16:33:07.885Z
16,9ad03ea4-153b-4182-9ef1-d4a7f95e1a70,time,el,word,3,χρόνος,2026-05-18T16:33:45.351Z
16,9ad03ea4-153b-4182-9ef1-d4a7f95e1a70,Britain,el,word,1,Βρετανία,2026-05-18T16:32:27.078Z
16,9ad03ea4-153b-4182-9ef1-d4a7f95e1a70,developing,el,word,1,ανάπτυξη,2026-05-18T16:32:34.716Z
16,9ad03ea4-153b-4182-9ef1-d4a7f95e1a70,earliest,el,word,1,πρώτοι,2026-05-18T16:32:37.827Z
16,9ad03ea4-153b-4182-9ef1-d4a7f95e1a70,modern,el,word,1,σύγχρονα,2026-05-18T16:32:38.040Z
16,9ad03ea4-153b-4182-9ef1-d4a7f95e1a70,sextant,el,word,3,εξάντα,2026-05-18T16:33:03.575Z
16,9ad03ea4-153b-4182-9ef1-d4a7f95e1a70,replaced,el,word,1,αντικατέστησε,2026-05-18T16:32:43.670Z
16,9ad03ea4-153b-4182-9ef1-d4a7f95e1a70,used,el,word,6,χρησιμοποιούταν,2026-05-18T16:33:10.137Z
16,9ad03ea4-153b-4182-9ef1-d4a7f95e1a70,angles,el,word,3,γωνίες,2026-05-18T16:33:12.069Z
16,9ad03ea4-153b-4182-9ef1-d4a7f95e1a70,horizon,el,word,1,ορίζοντας,2026-05-18T16:32:56.941Z
16,9ad03ea4-153b-4182-9ef1-d4a7f95e1a70,celestial,el,word,1,ουράνιος,2026-05-18T16:32:58.597Z
16,9ad03ea4-153b-4182-9ef1-d4a7f95e1a70,objects,el,word,1,αντικείμενα,2026-05-18T16:33:00.103Z
16,9ad03ea4-153b-4182-9ef1-d4a7f95e1a70,latitude.,el,word,8,γεωγραφικό πλάτος.,2026-05-18T16:33:30.021Z
16,9ad03ea4-153b-4182-9ef1-d4a7f95e1a70,impossible,el,word,1,αδύνατο,2026-05-18T16:33:13.937Z
16,9ad03ea4-153b-4182-9ef1-d4a7f95e1a70,calculate,el,word,1,υπολογίζω,2026-05-18T16:33:15.108Z
16,9ad03ea4-153b-4182-9ef1-d4a7f95e1a70,invention,el,word,1,εφεύρεση,2026-05-18T16:33:16.648Z
16,9ad03ea4-153b-4182-9ef1-d4a7f95e1a70,inventions,el,word,1,εφευρέσεις,2026-05-18T16:33:34.836Z
16,9ad03ea4-153b-4182-9ef1-d4a7f95e1a70,arrived,el,word,1,εμφανίστηκαν,2026-05-18T16:33:36.117Z
16,9ad03ea4-153b-4182-9ef1-d4a7f95e1a70,captains,el,word,1,καπετάνιοι,2026-05-18T16:33:42.630Z
16,9ad03ea4-153b-4182-9ef1-d4a7f95e1a70,"explored,",el,word,2,"εξερευνηθεί,",2026-05-18T16:33:52.414Z
16,9ad03ea4-153b-4182-9ef1-d4a7f95e1a70,accuracy,el,word,2,ακρίβεια,2026-05-18T16:33:55.325Z
16,9ad03ea4-153b-4182-9ef1-d4a7f95e1a70,Age,el,word,6,Εποχή,2026-05-18T16:36:33.885Z
16,692206b2-426c-43a5-92ea-3733e4e2e4a6,possibly,el,word,3,ενδεχομένως,2026-05-18T16:38:53.663Z
16,692206b2-426c-43a5-92ea-3733e4e2e4a6,buzzing,el,word,2,βουητό,2026-05-18T16:38:54.685Z
16,692206b2-426c-43a5-92ea-3733e4e2e4a6,"Unfortunately,",el,word,3,"Δυστυχώς,",2026-05-18T16:39:17.695Z
16,692206b2-426c-43a5-92ea-3733e4e2e4a6,disappearance,el,word,4,εξαφάνιση,2026-05-18T16:41:22.410Z
16,692206b2-426c-43a5-92ea-3733e4e2e4a6,Growing,el,word,4,Αυξανόμενη,2026-05-18T16:52:23.310Z
16,692206b2-426c-43a5-92ea-3733e4e2e4a6,wonder:,el,word,1,αναρωτιόμαστε:,2026-05-18T16:38:50.789Z
16,692206b2-426c-43a5-92ea-3733e4e2e4a6,"pesky,",el,word,1,"ενοχλητικά,",2026-05-18T16:38:53.069Z
16,692206b2-426c-43a5-92ea-3733e4e2e4a6,bees,el,word,2,μέλισσες,2026-05-18T16:39:18.656Z
16,692206b2-426c-43a5-92ea-3733e4e2e4a6,gatherings.,el,word,1,συγκεντρώσεις.,2026-05-18T16:38:59.269Z
16,692206b2-426c-43a5-92ea-3733e4e2e4a6,ecosystem,el,word,2,οικοσύστημα,2026-05-18T16:39:08.203Z
16,692206b2-426c-43a5-92ea-3733e4e2e4a6,annoying,el,word,1,ενοχλητικές,2026-05-18T16:39:03.772Z
16,692206b2-426c-43a5-92ea-3733e4e2e4a6,truth,el,word,1,η αλήθεια,2026-05-18T16:39:04.211Z
16,692206b2-426c-43a5-92ea-3733e4e2e4a6,disappearing,el,word,3,εξαφανίζονται,2026-05-18T16:39:20.672Z
16,692206b2-426c-43a5-92ea-3733e4e2e4a6,Earth-no,el,word,2,Γη-όχι,2026-05-18T16:39:10.555Z
16,692206b2-426c-43a5-92ea-3733e4e2e4a6,around,el,word,2,περίπου,2026-05-18T16:39:35.711Z
16,692206b2-426c-43a5-92ea-3733e4e2e4a6,matter,el,word,1,θέμα,2026-05-18T16:39:11.090Z
16,692206b2-426c-43a5-92ea-3733e4e2e4a6,may,el,word,1,μπορεί,2026-05-18T16:39:13.031Z
16,692206b2-426c-43a5-92ea-3733e4e2e4a6,humans.,el,word,1,τους ανθρώπους.,2026-05-18T16:39:16.006Z
16,692206b2-426c-43a5-92ea-3733e4e2e4a6,continues,el,word,1,συνεχίζεται,2026-05-18T16:39:25.955Z
16,692206b2-426c-43a5-92ea-3733e4e2e4a6,problems,el,word,1,προβλήματα,2026-05-18T16:39:27.472Z
16,692206b2-426c-43a5-92ea-3733e4e2e4a6,Reuters,el,word,7,Reuters,2026-05-18T16:41:16.434Z
16,692206b2-426c-43a5-92ea-3733e4e2e4a6,understand,el,word,5,κατανοήσουν,2026-05-18T16:39:41.022Z
16,692206b2-426c-43a5-92ea-3733e4e2e4a6,colonies,el,word,3,αποικίες,2026-05-18T16:41:16.371Z
16,692206b2-426c-43a5-92ea-3733e4e2e4a6,honeybees,el,word,9,μέλισσες,2026-05-18T16:43:02.721Z
16,692206b2-426c-43a5-92ea-3733e4e2e4a6,every,el,word,1,κάθε,2026-05-18T16:39:43.839Z
16,692206b2-426c-43a5-92ea-3733e4e2e4a6,"year,",el,word,1,"κάθε χρόνο,",2026-05-18T16:39:44.276Z
16,692206b2-426c-43a5-92ea-3733e4e2e4a6,frighteningly,el,word,6,τρομακτικά,2026-05-18T16:40:29.825Z
16,692206b2-426c-43a5-92ea-3733e4e2e4a6,disappear,el,word,1,εξαφανίζονται,2026-05-18T16:39:51.520Z
16,692206b2-426c-43a5-92ea-3733e4e2e4a6,"return,",el,word,1,"επιστρέψει,",2026-05-18T16:39:54.283Z
16,692206b2-426c-43a5-92ea-3733e4e2e4a6,dying,el,word,2,θανάτωση,2026-05-18T16:47:42.879Z
16,692206b2-426c-43a5-92ea-3733e4e2e4a6,reporters,el,word,4,δημοσιογράφοι,2026-05-18T16:40:29.564Z
16,692206b2-426c-43a5-92ea-3733e4e2e4a6,noted,el,word,1,σημείωσαν,2026-05-18T16:40:01.220Z
16,692206b2-426c-43a5-92ea-3733e4e2e4a6,high,el,word,1,υψηλά,2026-05-18T16:40:08.091Z
16,692206b2-426c-43a5-92ea-3733e4e2e4a6,According,el,word,1,Σύμφωνα με,2026-05-18T16:40:19.769Z
16,692206b2-426c-43a5-92ea-3733e4e2e4a6,Department,el,word,1,Τμήμα,2026-05-18T16:41:14.540Z
16,692206b2-426c-43a5-92ea-3733e4e2e4a6,Agriculture,el,word,2,Γεωργία,2026-05-18T16:41:16.293Z
16,692206b2-426c-43a5-92ea-3733e4e2e4a6,honeybee,el,word,1,μέλισσα,2026-05-18T16:41:21.158Z
16,692206b2-426c-43a5-92ea-3733e4e2e4a6,pollination,el,word,5,επικονίαση,2026-05-18T16:46:20.469Z
16,692206b2-426c-43a5-92ea-3733e4e2e4a6,"crops,",el,word,1,"καλλιέργειες,",2026-05-18T16:41:35.104Z
16,692206b2-426c-43a5-92ea-3733e4e2e4a6,instance,el,word,1,παράδειγμα,2026-05-18T16:41:35.673Z
16,692206b2-426c-43a5-92ea-3733e4e2e4a6,something,el,word,1,κάτι,2026-05-18T16:41:35.881Z
16,692206b2-426c-43a5-92ea-3733e4e2e4a6,portion,el,word,1,μερίδα,2026-05-18T16:41:37.289Z
16,692206b2-426c-43a5-92ea-3733e4e2e4a6,almond,el,word,1,αμύγδαλο,2026-05-18T16:41:39.499Z
16,692206b2-426c-43a5-92ea-3733e4e2e4a6,"crop,",el,word,1,"καλλιέργεια,",2026-05-18T16:41:40.008Z
16,692206b2-426c-43a5-92ea-3733e4e2e4a6,relies,el,word,1,βασίζεται,2026-05-18T16:41:42.873Z
16,692206b2-426c-43a5-92ea-3733e4e2e4a6,Collapse,el,word,3,Κατάρρευση,2026-05-18T16:42:35.773Z
16,692206b2-426c-43a5-92ea-3733e4e2e4a6,essential,el,word,1,απαραίτητες,2026-05-18T16:41:56.981Z
16,692206b2-426c-43a5-92ea-3733e4e2e4a6,reproduce,el,word,1,αναπαραγωγή,2026-05-18T16:41:58.788Z
16,692206b2-426c-43a5-92ea-3733e4e2e4a6,citrus,el,word,1,εσπεριδοειδή,2026-05-18T16:41:59.418Z
16,692206b2-426c-43a5-92ea-3733e4e2e4a6,crops.,el,word,1,καλλιεργειών.,2026-05-18T16:42:01.888Z
16,692206b2-426c-43a5-92ea-3733e4e2e4a6,die,el,word,1,πεθαίνουν,2026-05-18T16:42:26.485Z
16,692206b2-426c-43a5-92ea-3733e4e2e4a6,mass,el,word,1,μαζική,2026-05-18T16:42:28.020Z
16,692206b2-426c-43a5-92ea-3733e4e2e4a6,loss,el,word,1,απώλεια,2026-05-18T16:42:30.148Z
16,692206b2-426c-43a5-92ea-3733e4e2e4a6,potential,el,word,1,πιθανές,2026-05-18T16:42:32.570Z
16,692206b2-426c-43a5-92ea-3733e4e2e4a6,causes-as,el,word,1,αιτίες-ως,2026-05-18T16:42:33.555Z
16,692206b2-426c-43a5-92ea-3733e4e2e4a6,variety,el,word,2,ποικιλία,2026-05-18T16:42:35.937Z
16,692206b2-426c-43a5-92ea-3733e4e2e4a6,"disease,",el,word,1,"ασθένειες,",2026-05-18T16:42:38.193Z
16,692206b2-426c-43a5-92ea-3733e4e2e4a6,populations.,el,word,2,πληθυσμούς.,2026-05-18T16:42:45.217Z
16,692206b2-426c-43a5-92ea-3733e4e2e4a6,bee,el,word,3,μέλισσα,2026-05-18T16:47:26.922Z
16,692206b2-426c-43a5-92ea-3733e4e2e4a6,possible,el,word,1,πιθανές,2026-05-18T16:42:46.481Z
16,692206b2-426c-43a5-92ea-3733e4e2e4a6,"pesticides,",el,word,3,"φυτοφάρμακα,",2026-05-18T16:42:59.337Z
16,692206b2-426c-43a5-92ea-3733e4e2e4a6,development,el,word,3,ανάπτυξη,2026-05-18T16:43:15.781Z
16,692206b2-426c-43a5-92ea-3733e4e2e4a6,parasites,el,word,1,παράσιτα,2026-05-18T16:42:53.129Z
16,692206b2-426c-43a5-92ea-3733e4e2e4a6,changes,el,word,1,αλλαγές,2026-05-18T16:42:53.791Z
16,692206b2-426c-43a5-92ea-3733e4e2e4a6,(CCD)-a,el,word,2,(CCD) – μια,2026-05-18T16:42:59.365Z
16,692206b2-426c-43a5-92ea-3733e4e2e4a6,mysterious,el,word,1,μυστηριώδη,2026-05-18T16:43:02.605Z
16,692206b2-426c-43a5-92ea-3733e4e2e4a6,agricultural,el,word,2,γεωργικές,2026-05-18T16:43:17.679Z
16,692206b2-426c-43a5-92ea-3733e4e2e4a6,crucial,el,word,1,ζωτικής σημασίας,2026-05-18T16:44:26.436Z
16,692206b2-426c-43a5-92ea-3733e4e2e4a6,ReadWorks’,el,word,2,ReadWorks’,2026-05-18T16:44:51.555Z
16,692206b2-426c-43a5-92ea-3733e4e2e4a6,insects.,el,word,1,έντομα.,2026-05-18T16:44:49.003Z
16,692206b2-426c-43a5-92ea-3733e4e2e4a6,bumblebees,el,word,1,μελισσών,2026-05-18T16:45:00.748Z
16,692206b2-426c-43a5-92ea-3733e4e2e4a6,difficulties,el,word,2,δυσκολίες,2026-05-18T16:45:15.168Z
16,692206b2-426c-43a5-92ea-3733e4e2e4a6,reproducing,el,word,2,αναπαραγωγή,2026-05-18T16:45:15.908Z
16,692206b2-426c-43a5-92ea-3733e4e2e4a6,bumblebee,el,word,4,μέλισσα,2026-05-18T16:45:45.343Z
16,692206b2-426c-43a5-92ea-3733e4e2e4a6,concern:,el,word,1,ανησυχία:,2026-05-18T16:45:12.522Z
16,692206b2-426c-43a5-92ea-3733e4e2e4a6,"wildflower,",el,word,1,"αγριολούλουδο,",2026-05-18T16:45:26.836Z
16,692206b2-426c-43a5-92ea-3733e4e2e4a6,completely,el,word,3,εντελώς,2026-05-18T16:45:40.878Z
16,692206b2-426c-43a5-92ea-3733e4e2e4a6,pollinating,el,word,1,επικονίαση,2026-05-18T16:45:32.778Z
16,692206b2-426c-43a5-92ea-3733e4e2e4a6,removed,el,word,1,απομακρύνθηκαν,2026-05-18T16:45:37.753Z
16,692206b2-426c-43a5-92ea-3733e4e2e4a6,take,el,word,1,αναλάβουν,2026-05-18T16:45:41.639Z
16,692206b2-426c-43a5-92ea-3733e4e2e4a6,duties.,el,word,1,καθήκοντα.,2026-05-18T16:45:45.094Z
16,692206b2-426c-43a5-92ea-3733e4e2e4a6,"Instead,",el,word,1,"Αντ' αυτού,",2026-05-18T16:45:45.852Z
16,692206b2-426c-43a5-92ea-3733e4e2e4a6,researchers,el,word,2,οι ερευνητές,2026-05-18T16:46:54.295Z
16,692206b2-426c-43a5-92ea-3733e4e2e4a6,kind,el,word,1,είδος,2026-05-18T16:46:04.006Z
16,692206b2-426c-43a5-92ea-3733e4e2e4a6,experiment,el,word,1,πείραμα,2026-05-18T16:46:13.036Z
16,692206b2-426c-43a5-92ea-3733e4e2e4a6,damaging,el,word,1,επιζήμια,2026-05-18T16:46:17.825Z
16,692206b2-426c-43a5-92ea-3733e4e2e4a6,requires,el,word,1,απαιτεί,2026-05-18T16:46:19.488Z
16,692206b2-426c-43a5-92ea-3733e4e2e4a6,species-other,el,word,2,είδη - άλλα,2026-05-18T16:46:51.525Z
16,692206b2-426c-43a5-92ea-3733e4e2e4a6,larkspurs-to,el,word,2,λαρκσπούρ-για,2026-05-18T16:46:52.803Z
16,692206b2-426c-43a5-92ea-3733e4e2e4a6,"larkspur,",el,word,1,"λαρκσπούρ,",2026-05-18T16:46:26.638Z
16,692206b2-426c-43a5-92ea-3733e4e2e4a6,"bumblebees,",el,word,1,"μελισσών,",2026-05-18T16:46:49.446Z
16,692206b2-426c-43a5-92ea-3733e4e2e4a6,remaining,el,word,1,παραμένοντας,2026-05-18T16:46:50.119Z
16,692206b2-426c-43a5-92ea-3733e4e2e4a6,larkspur,el,word,2,λαρκσπούρ,2026-05-18T16:47:11.688Z
16,692206b2-426c-43a5-92ea-3733e4e2e4a6,plant,el,word,1,φυτό,2026-05-18T16:47:04.202Z
16,692206b2-426c-43a5-92ea-3733e4e2e4a6,"alone,",el,word,1,"μόνο,",2026-05-18T16:47:05.248Z
16,692206b2-426c-43a5-92ea-3733e4e2e4a6,much,el,word,1,πολύ,2026-05-18T16:47:07.941Z
16,692206b2-426c-43a5-92ea-3733e4e2e4a6,"biodiversity,",el,word,2,"βιοποικιλότητα,",2026-05-18T16:47:09.311Z
16,692206b2-426c-43a5-92ea-3733e4e2e4a6,larger,el,word,1,μεγαλύτερο,2026-05-18T16:47:08.572Z
16,692206b2-426c-43a5-92ea-3733e4e2e4a6,issue.,el,word,1,ζήτημα.,2026-05-18T16:47:10.419Z
16,692206b2-426c-43a5-92ea-3733e4e2e4a6,example,el,word,1,παράδειγμα,2026-05-18T16:47:13.393Z
16,692206b2-426c-43a5-92ea-3733e4e2e4a6,issue,el,word,1,θέμα,2026-05-18T16:47:25.311Z
16,692206b2-426c-43a5-92ea-3733e4e2e4a6,"loss,",el,word,1,"απώλεια,",2026-05-18T16:47:28.171Z
16,692206b2-426c-43a5-92ea-3733e4e2e4a6,caused,el,word,1,προκαλούνται,2026-05-18T16:47:31.897Z
16,692206b2-426c-43a5-92ea-3733e4e2e4a6,statement,el,word,1,δήλωση,2026-05-18T16:47:32.213Z
16,692206b2-426c-43a5-92ea-3733e4e2e4a6,discussing,el,word,1,συζητώντας,2026-05-18T16:47:34.499Z
16,692206b2-426c-43a5-92ea-3733e4e2e4a6,organizations,el,word,2,οργανισμοί,2026-05-18T16:48:07.343Z
16,692206b2-426c-43a5-92ea-3733e4e2e4a6,"""Habitat",el,word,1,«Βιότοπος,2026-05-18T16:47:57.389Z
16,692206b2-426c-43a5-92ea-3733e4e2e4a6,improved,el,word,4,βελτιωμένες,2026-05-18T16:48:32.535Z
16,692206b2-426c-43a5-92ea-3733e4e2e4a6,"pollinators.""",el,word,1,επικονιαστές».,2026-05-18T16:48:03.903Z
16,692206b2-426c-43a5-92ea-3733e4e2e4a6,colony,el,word,2,αποικία,2026-05-18T16:48:06.595Z
16,692206b2-426c-43a5-92ea-3733e4e2e4a6,"solutions,",el,word,1,"λύσεις,",2026-05-18T16:48:06.432Z
16,692206b2-426c-43a5-92ea-3733e4e2e4a6,management,el,word,1,διαχείριση,2026-05-18T16:48:06.739Z
16,692206b2-426c-43a5-92ea-3733e4e2e4a6,techniques,el,word,3,τεχνικές,2026-05-18T16:48:35.480Z
16,692206b2-426c-43a5-92ea-3733e4e2e4a6,proposed:,el,word,1,προτεινόμενη:,2026-05-18T16:48:08.745Z
16,692206b2-426c-43a5-92ea-3733e4e2e4a6,disease,el,word,1,ασθένεια,2026-05-18T16:48:10.875Z
16,692206b2-426c-43a5-92ea-3733e4e2e4a6,enhancement...targeted,el,word,2,βελτίωση... στοχευμένη,2026-05-18T16:48:17.986Z
16,692206b2-426c-43a5-92ea-3733e4e2e4a6,resistant,el,word,1,ανθεκτικές,2026-05-18T16:48:14.633Z
16,692206b2-426c-43a5-92ea-3733e4e2e4a6,pesticide,el,word,1,φυτοφάρμακα,2026-05-18T16:48:18.168Z
16,692206b2-426c-43a5-92ea-3733e4e2e4a6,honey,el,word,2,μέλι,2026-05-18T16:48:36.857Z
16,692206b2-426c-43a5-92ea-3733e4e2e4a6,importantly,el,word,4,σημαντικό,2026-05-18T16:48:58.583Z
16,692206b2-426c-43a5-92ea-3733e4e2e4a6,"colonies.""",el,word,1,αποικίες.»,2026-05-18T16:48:38.394Z
16,692206b2-426c-43a5-92ea-3733e4e2e4a6,imperative,el,word,1,απαραίτητο,2026-05-18T16:48:45.578Z
16,692206b2-426c-43a5-92ea-3733e4e2e4a6,increase,el,word,1,αυξήσουμε,2026-05-18T16:48:48.448Z
16,692206b2-426c-43a5-92ea-3733e4e2e4a6,beekeeping,el,word,1,μελισσοκομία,2026-05-18T16:48:52.507Z
16,692206b2-426c-43a5-92ea-3733e4e2e4a6,agriculture,el,word,2,γεωργία,2026-05-18T16:49:01.554Z
16,692206b2-426c-43a5-92ea-3733e4e2e4a6,"profitable,""",el,word,1,"«κερδοφόρη»,",2026-05-18T16:48:53.864Z
16,692206b2-426c-43a5-92ea-3733e4e2e4a6,"security.""",el,word,2,ασφάλεια».,2026-05-18T16:49:05.843Z
16,692206b2-426c-43a5-92ea-3733e4e2e4a6,[sic],el,word,1,[sic],2026-05-18T16:49:11.290Z
16,692206b2-426c-43a5-92ea-3733e4e2e4a6,Loss,el,word,8,Απώλεια,2026-05-18T16:54:35.482Z
16,692206b2-426c-43a5-92ea-3733e4e2e4a6,Bees,el,word,9,Μέλισσες,2026-05-18T16:54:38.668Z
16,692206b2-426c-43a5-92ea-3733e4e2e4a6,Worldwide,el,word,1,Παγκόσμια,2026-05-18T16:50:58.837Z
17,3affb19e-f558-4974-a9e6-85f86cff654e,first,el,word,3,πρώτη,2026-05-18T17:04:39.313Z
17,3affb19e-f558-4974-a9e6-85f86cff654e,line,el,word,2,γραμμή,2026-05-18T17:04:16.379Z
17,3affb19e-f558-4974-a9e6-85f86cff654e,participant,el,word,2,συμμετέχων,2026-05-18T17:04:17.762Z
17,3affb19e-f558-4974-a9e6-85f86cff654e,comfortable,el,word,2,άνετο,2026-05-18T17:04:37.553Z
17,3affb19e-f558-4974-a9e6-85f86cff654e,researcher,el,word,3,ερευνητής,2026-05-18T17:04:52.433Z
17,3affb19e-f558-4974-a9e6-85f86cff654e,Paragraph,el,word,2,Παράγραφος,2026-05-18T17:05:03.382Z
17,3affb19e-f558-4974-a9e6-85f86cff654e,whether,el,word,2,αν,2026-05-18T17:04:50.233Z
17,3affb19e-f558-4974-a9e6-85f86cff654e,accurately,el,word,1,με ακρίβεια,2026-05-18T17:04:31.897Z
17,3affb19e-f558-4974-a9e6-85f86cff654e,morning,el,word,2,πρωί,2026-05-18T17:04:35.202Z
17,3affb19e-f558-4974-a9e6-85f86cff654e,"screen,",el,word,2,"οθόνη,",2026-05-18T17:04:37.147Z
17,3affb19e-f558-4974-a9e6-85f86cff654e,goal,el,word,1,στόχος,2026-05-18T17:04:36.516Z
17,3affb19e-f558-4974-a9e6-85f86cff654e,"section,",el,word,1,"ενότητα,",2026-05-18T17:04:36.583Z
17,3affb19e-f558-4974-a9e6-85f86cff654e,settings,el,word,2,ρυθμίσεις,2026-05-18T17:04:36.667Z
17,3affb19e-f558-4974-a9e6-85f86cff654e,"naturally,",el,word,1,"φυσικά,",2026-05-18T17:04:37.517Z
17,3affb19e-f558-4974-a9e6-85f86cff654e,followed,el,word,2,ακολουθούσε,2026-05-18T17:04:37.710Z
17,3affb19e-f558-4974-a9e6-85f86cff654e,checked,el,word,1,ελέγχθηκε,2026-05-18T17:04:47.022Z
17,3affb19e-f558-4974-a9e6-85f86cff654e,becomes,el,word,1,γίνεται,2026-05-18T17:04:47.983Z
17,3affb19e-f558-4974-a9e6-85f86cff654e,makes,el,word,1,κάνει,2026-05-18T17:05:01.507Z
17,767e4a74-f4ea-4ac5-a52c-a427f6f1a6d8,December,el,word,1,Δεκεμβρίου,2026-05-18T17:06:11.381Z
17,767e4a74-f4ea-4ac5-a52c-a427f6f1a6d8,seamstress,el,word,1,ραπτική,2026-05-18T17:06:37.673Z
17,767e4a74-f4ea-4ac5-a52c-a427f6f1a6d8,white,el,word,1,λευκός,2026-05-18T17:06:44.103Z
17,767e4a74-f4ea-4ac5-a52c-a427f6f1a6d8,passenger.,el,word,1,επιβάτη.,2026-05-18T17:06:45.814Z
17,767e4a74-f4ea-4ac5-a52c-a427f6f1a6d8,home,el,word,1,σπίτι,2026-05-18T17:06:49.417Z
17,767e4a74-f4ea-4ac5-a52c-a427f6f1a6d8,"history,",el,word,1,"ιστορία,",2026-05-18T17:06:59.834Z
17,767e4a74-f4ea-4ac5-a52c-a427f6f1a6d8,Though,el,word,1,Αν και,2026-05-18T17:07:01.426Z
17,767e4a74-f4ea-4ac5-a52c-a427f6f1a6d8,Rosa,el,word,1,Ρόζα,2026-05-18T17:07:03.622Z
17,767e4a74-f4ea-4ac5-a52c-a427f6f1a6d8,segregation,el,word,1,φυλετικός διαχωρισμός,2026-05-18T17:07:09.646Z
17,767e4a74-f4ea-4ac5-a52c-a427f6f1a6d8,courageous,el,word,2,θαρραλέοι,2026-05-18T17:07:20.315Z
17,767e4a74-f4ea-4ac5-a52c-a427f6f1a6d8,disobedience,el,word,1,ανυπακοή,2026-05-18T17:07:12.722Z
17,767e4a74-f4ea-4ac5-a52c-a427f6f1a6d8,Montgomery,el,word,2,Μοντγκόμερι,2026-05-18T17:07:23.070Z
17,767e4a74-f4ea-4ac5-a52c-a427f6f1a6d8,children,el,word,1,παιδιά,2026-05-18T17:07:29.258Z
17,767e4a74-f4ea-4ac5-a52c-a427f6f1a6d8,"women,",el,word,1,"γυναίκες,",2026-05-18T17:07:40.020Z
17,767e4a74-f4ea-4ac5-a52c-a427f6f1a6d8,conscience,el,word,1,συνείδηση,2026-05-18T17:07:56.989Z
17,767e4a74-f4ea-4ac5-a52c-a427f6f1a6d8,desegregation,el,word,1,κατάργηση των φυλετικών διακρίσεων,2026-05-18T17:08:06.473Z
17,767e4a74-f4ea-4ac5-a52c-a427f6f1a6d8,"background,",el,word,1,"προέλευσης,",2026-05-18T17:08:07.458Z
17,767e4a74-f4ea-4ac5-a52c-a427f6f1a6d8,continued,el,word,1,συνέχεια,2026-05-18T17:08:16.930Z
17,767e4a74-f4ea-4ac5-a52c-a427f6f1a6d8,marginalized,el,word,1,περιθωριοποιημένους,2026-05-18T17:08:24.669Z
17,767e4a74-f4ea-4ac5-a52c-a427f6f1a6d8,mark,el,word,1,σημειώνουμε,2026-05-18T17:08:32.270Z
17,767e4a74-f4ea-4ac5-a52c-a427f6f1a6d8,although,el,word,3,αν και,2026-05-18T17:08:44.577Z
17,767e4a74-f4ea-4ac5-a52c-a427f6f1a6d8,principle,el,word,1,αρχή,2026-05-18T17:08:39.216Z
17,767e4a74-f4ea-4ac5-a52c-a427f6f1a6d8,self-executing.,el,word,1,αυτοεκτελέσιμο.,2026-05-18T17:08:43.331Z
17,767e4a74-f4ea-4ac5-a52c-a427f6f1a6d8,taken,el,word,1,χρειάστηκαν,2026-05-18T17:08:44.429Z
17,767e4a74-f4ea-4ac5-a52c-a427f6f1a6d8,courage,el,word,1,θάρρος,2026-05-18T17:08:45.862Z
17,767e4a74-f4ea-4ac5-a52c-a427f6f1a6d8,generations,el,word,1,γενιές,2026-05-18T17:08:46.783Z
17,767e4a74-f4ea-4ac5-a52c-a427f6f1a6d8,heirs,el,word,1,κληρονόμοι,2026-05-18T17:08:51.863Z
17,767e4a74-f4ea-4ac5-a52c-a427f6f1a6d8,progress,el,word,1,πρόοδος,2026-05-18T17:08:53.128Z
17,767e4a74-f4ea-4ac5-a52c-a427f6f1a6d8,pledge,el,word,1,υπόσχεση,2026-05-18T17:08:56.148Z
17,767e4a74-f4ea-4ac5-a52c-a427f6f1a6d8,country,el,word,2,χώρα,2026-05-18T17:09:36.091Z
17,767e4a74-f4ea-4ac5-a52c-a427f6f1a6d8,perfecting,el,word,3,τελειοποίηση,2026-05-18T17:09:01.069Z
17,767e4a74-f4ea-4ac5-a52c-a427f6f1a6d8,Americans,el,word,3,Αμερικανοί,2026-05-18T17:09:01.494Z
17,767e4a74-f4ea-4ac5-a52c-a427f6f1a6d8,virtue,el,word,1,δυνάμει,2026-05-18T17:09:05.571Z
17,767e4a74-f4ea-4ac5-a52c-a427f6f1a6d8,appropriate,el,word,5,κατάλληλη,2026-05-18T17:09:39.263Z
17,767e4a74-f4ea-4ac5-a52c-a427f6f1a6d8,enduring,el,word,1,διαχρονική,2026-05-18T17:09:22.566Z
17,767e4a74-f4ea-4ac5-a52c-a427f6f1a6d8,"thirteen,",el,word,8,"το 2013,",2026-05-18T17:09:48.668Z
17,767e4a74-f4ea-4ac5-a52c-a427f6f1a6d8,hereunto,el,word,3,στο παρόν,2026-05-18T17:10:00.801Z
17,767e4a74-f4ea-4ac5-a52c-a427f6f1a6d8,Independence,el,word,1,Ανεξαρτησία,2026-05-18T17:09:53.687Z
17,767e4a74-f4ea-4ac5-a52c-a427f6f1a6d8,set,el,word,1,υπογράφω,2026-05-18T17:09:54.540Z
17,767e4a74-f4ea-4ac5-a52c-a427f6f1a6d8,first,el,word,1,πρώτη,2026-05-18T17:09:57.439Z
17,767e4a74-f4ea-4ac5-a52c-a427f6f1a6d8,year,el,word,2,έτος,2026-05-18T17:10:03.107Z
17,767e4a74-f4ea-4ac5-a52c-a427f6f1a6d8,thirty-seventh.,el,word,1,τριακοστή έβδομη.,2026-05-18T17:10:04.634Z
17,767e4a74-f4ea-4ac5-a52c-a427f6f1a6d8,Parks:,el,word,1,Παρκς:,2026-05-18T17:13:13.184Z
17,2a604556-49ca-4707-b6f6-2d6138e16d7c,Science,el,word,1,Science,2026-05-18T17:14:21.313Z
17,2a604556-49ca-4707-b6f6-2d6138e16d7c,areas,el,word,1,περιοχές,2026-05-18T17:14:27.827Z
17,2a604556-49ca-4707-b6f6-2d6138e16d7c,Thursday.,el,word,1,Πέμπτη.,2026-05-18T17:14:34.103Z
17,2a604556-49ca-4707-b6f6-2d6138e16d7c,according,el,word,1,σύμφωνα με,2026-05-18T17:14:34.617Z
17,2a604556-49ca-4707-b6f6-2d6138e16d7c,"""pervasive""",el,word,1,«διαδεδομένοι»,2026-05-18T17:14:48.578Z
17,2a604556-49ca-4707-b6f6-2d6138e16d7c,aside,el,word,1,εκτός,2026-05-18T17:14:51.242Z
17,2a604556-49ca-4707-b6f6-2d6138e16d7c,"recreation,",el,word,1,"αναψυχή,",2026-05-18T17:14:52.033Z
17,2a604556-49ca-4707-b6f6-2d6138e16d7c,ringing,el,word,1,που χτυπά,2026-05-18T17:15:11.964Z
17,2a604556-49ca-4707-b6f6-2d6138e16d7c,consequences,el,word,2,συνέπειες,2026-05-18T17:15:22.669Z
17,2a604556-49ca-4707-b6f6-2d6138e16d7c,adverse,el,word,1,αρνητικές,2026-05-18T17:15:22.119Z
17,2a604556-49ca-4707-b6f6-2d6138e16d7c,people,el,word,1,άνθρωποι,2026-05-18T17:15:28.091Z
17,2a604556-49ca-4707-b6f6-2d6138e16d7c,extends,el,word,1,επεκτείνεται,2026-05-18T17:15:33.430Z
17,2a604556-49ca-4707-b6f6-2d6138e16d7c,Division,el,word,1,Τμήμα,2026-05-18T17:15:34.398Z
17,2a604556-49ca-4707-b6f6-2d6138e16d7c,protected,el,word,1,προστατευόμενες,2026-05-18T17:15:34.710Z
17,2a604556-49ca-4707-b6f6-2d6138e16d7c,behavior.,el,word,1,συμπεριφορά.,2026-05-18T17:15:43.288Z
17,2a604556-49ca-4707-b6f6-2d6138e16d7c,quantify,el,word,3,ποσοτικοποίηση,2026-05-18T17:15:43.426Z
17,2a604556-49ca-4707-b6f6-2d6138e16d7c,appreciation,el,word,1,αντίληψη,2026-05-18T17:15:46.717Z
17,2a604556-49ca-4707-b6f6-2d6138e16d7c,computerized,el,word,1,υπολογιστικό,2026-05-18T17:15:55.619Z
17,2a604556-49ca-4707-b6f6-2d6138e16d7c,soundscape,el,word,1,ηχοτοπίο,2026-05-18T17:16:00.348Z
17,2a604556-49ca-4707-b6f6-2d6138e16d7c,approximated,el,word,1,προσεγγίζει,2026-05-18T17:16:01.509Z
17,2a604556-49ca-4707-b6f6-2d6138e16d7c,average,el,word,1,μέσος όρος,2026-05-18T17:16:03.610Z
17,2a604556-49ca-4707-b6f6-2d6138e16d7c,collated,el,word,1,συγκέντρωσαν,2026-05-18T17:16:05.247Z
17,2a604556-49ca-4707-b6f6-2d6138e16d7c,computer,el,word,1,υπολογιστής,2026-05-18T17:16:06.240Z
17,2a604556-49ca-4707-b6f6-2d6138e16d7c,analyzed,el,word,1,ανέλυσαν,2026-05-18T17:16:06.974Z
17,2a604556-49ca-4707-b6f6-2d6138e16d7c,overflights,el,word,1,πτήσεις,2026-05-18T17:16:35.670Z
17,2a604556-49ca-4707-b6f6-2d6138e16d7c,brook.,el,word,1,ρυάκι.,2026-05-18T17:16:40.774Z
17,2a604556-49ca-4707-b6f6-2d6138e16d7c,babbling,el,word,1,κυλά,2026-05-18T17:16:42.852Z
17,2a604556-49ca-4707-b6f6-2d6138e16d7c,quietest,el,word,1,πιο ήσυχα,2026-05-18T17:17:07.685Z
17,2a604556-49ca-4707-b6f6-2d6138e16d7c,predators.,el,word,1,αρπακτικά.,2026-05-18T17:17:40.685Z
17,2a604556-49ca-4707-b6f6-2d6138e16d7c,calls,el,word,1,καλέσματα,2026-05-18T17:17:41.700Z
17,2a604556-49ca-4707-b6f6-2d6138e16d7c,ability,el,word,1,ικανότητα,2026-05-18T17:17:43.304Z
17,2a604556-49ca-4707-b6f6-2d6138e16d7c,University,el,word,3,Πανεπιστήμιο,2026-05-18T17:20:21.578Z
17,2a604556-49ca-4707-b6f6-2d6138e16d7c,entirely.,el,word,1,εντελώς.,2026-05-18T17:18:04.247Z
17,2a604556-49ca-4707-b6f6-2d6138e16d7c,Psychologists,el,word,1,Ψυχολόγοι,2026-05-18T17:18:12.227Z
17,2a604556-49ca-4707-b6f6-2d6138e16d7c,benefits,el,word,1,οφέλη,2026-05-18T17:18:13.584Z
17,2a604556-49ca-4707-b6f6-2d6138e16d7c,discovering,el,word,1,ανακαλύπτοντας,2026-05-18T17:18:14.290Z
17,2a604556-49ca-4707-b6f6-2d6138e16d7c,healing.,el,word,2,την επούλωση.,2026-05-18T17:18:25.986Z
17,2a604556-49ca-4707-b6f6-2d6138e16d7c,musicologist,el,word,1,μουσικολόγος,2026-05-18T17:18:26.038Z
17,2a604556-49ca-4707-b6f6-2d6138e16d7c,patient,el,word,1,υπομονετικοί,2026-05-18T17:18:45.921Z
17,2a604556-49ca-4707-b6f6-2d6138e16d7c,Pennsylvania,el,word,1,Πενσυλβάνια,2026-05-18T17:18:57.213Z
17,2a604556-49ca-4707-b6f6-2d6138e16d7c,recovered,el,word,1,ανακτήθηκαν,2026-05-18T17:19:03.237Z
17,2a604556-49ca-4707-b6f6-2d6138e16d7c,human-made,el,word,1,ανθρωπογενείς,2026-05-18T17:19:08.827Z
17,2a604556-49ca-4707-b6f6-2d6138e16d7c,State,el,word,1,Πολιτεία,2026-05-18T17:19:40.127Z
17,2a604556-49ca-4707-b6f6-2d6138e16d7c,listened,el,word,12,άκουσαν,2026-05-18T17:22:34.259Z
17,2a604556-49ca-4707-b6f6-2d6138e16d7c,added,el,word,7,προστέθηκε,2026-05-18T17:21:08.998Z
17,2a604556-49ca-4707-b6f6-2d6138e16d7c,tape,el,word,1,κασέτα,2026-05-18T17:20:52.845Z
17,2a604556-49ca-4707-b6f6-2d6138e16d7c,sounds,el,word,1,ήχοι,2026-05-18T17:21:58.969Z
18,507595a6-892a-4d44-9317-c5e3812fb605,adjusted,el,word,1,ρύθμισε,2026-05-19T06:22:49.010Z
18,507595a6-892a-4d44-9317-c5e3812fb605,front,el,word,1,μπροστά,2026-05-19T06:22:51.961Z
18,507595a6-892a-4d44-9317-c5e3812fb605,first,el,word,1,πρώτη,2026-05-19T06:23:01.877Z
18,507595a6-892a-4d44-9317-c5e3812fb605,participant,el,word,1,συμμετέχων,2026-05-19T06:23:01.902Z
18,507595a6-892a-4d44-9317-c5e3812fb605,comfortable,el,word,1,άνετο,2026-05-19T06:23:06.519Z
18,507595a6-892a-4d44-9317-c5e3812fb605,researcher,el,word,2,ερευνητής,2026-05-19T06:23:25.011Z
18,507595a6-892a-4d44-9317-c5e3812fb605,right.,el,word,1,δεξιά.,2026-05-19T06:23:09.566Z
18,507595a6-892a-4d44-9317-c5e3812fb605,checked,el,word,1,ελέγχθηκε,2026-05-19T06:23:11.128Z
18,507595a6-892a-4d44-9317-c5e3812fb605,whether,el,word,2,αν,2026-05-19T06:23:25.023Z
18,507595a6-892a-4d44-9317-c5e3812fb605,fixations,el,word,2,σταθεροποιήσεις,2026-05-19T06:23:18.692Z
18,507595a6-892a-4d44-9317-c5e3812fb605,accurately,el,word,2,με ακρίβεια,2026-05-19T06:23:29.012Z
18,507595a6-892a-4d44-9317-c5e3812fb605,"section,",el,word,1,"ενότητα,",2026-05-19T06:23:21.169Z
18,507595a6-892a-4d44-9317-c5e3812fb605,neighboring,el,word,2,γειτονικά,2026-05-19T06:23:24.846Z
18,507595a6-892a-4d44-9317-c5e3812fb605,validation,el,word,3,επικύρωση,2026-05-19T06:23:35.563Z
18,507595a6-892a-4d44-9317-c5e3812fb605,simple:,el,word,1,απλό:,2026-05-19T06:23:26.811Z
18,507595a6-892a-4d44-9317-c5e3812fb605,.,el,word,1,.,2026-05-19T06:23:31.452Z
18,507595a6-892a-4d44-9317-c5e3812fb605,larges,el,word,1,μεγάλα,2026-05-19T06:23:33.616Z
18,d4a5f1ff-be4e-4681-98e4-1911db26d8d2,Americans.,el,word,1,Αμερικανοί.,2026-05-19T06:24:51.797Z
18,d4a5f1ff-be4e-4681-98e4-1911db26d8d2,Halloween,el,word,2,Χάλοουιν,2026-05-19T06:25:10.399Z
18,d4a5f1ff-be4e-4681-98e4-1911db26d8d2,"ultimately,",el,word,1,"τελικά,",2026-05-19T06:25:10.146Z
18,d4a5f1ff-be4e-4681-98e4-1911db26d8d2,trace,el,word,1,ανιχνεύω,2026-05-19T06:25:11.198Z
18,d4a5f1ff-be4e-4681-98e4-1911db26d8d2,checkout,el,word,1,ταμείο,2026-05-19T06:25:13.631Z
18,d4a5f1ff-be4e-4681-98e4-1911db26d8d2,manufactured,el,word,1,κατασκευασμένα,2026-05-19T06:25:18.402Z
18,d4a5f1ff-be4e-4681-98e4-1911db26d8d2,candy,el,word,1,καραμέλα,2026-05-19T06:25:22.481Z
18,d4a5f1ff-be4e-4681-98e4-1911db26d8d2,"chocolate...well,",el,word,2,"σοκολάτα... λοιπόν,",2026-05-19T06:25:28.315Z
18,d4a5f1ff-be4e-4681-98e4-1911db26d8d2,one,el,word,1,ένα,2026-05-19T06:25:26.185Z
18,d4a5f1ff-be4e-4681-98e4-1911db26d8d2,chocolaty?,el,word,1,σοκολατένιο;,2026-05-19T06:25:28.809Z
18,d4a5f1ff-be4e-4681-98e4-1911db26d8d2,cocoa.,el,word,1,κακάο.,2026-05-19T06:25:29.875Z
18,d4a5f1ff-be4e-4681-98e4-1911db26d8d2,chocolate,el,word,1,σοκολάτα,2026-05-19T06:25:31.269Z
18,d4a5f1ff-be4e-4681-98e4-1911db26d8d2,along,el,word,1,κατά μήκος,2026-05-19T06:25:35.512Z
18,d4a5f1ff-be4e-4681-98e4-1911db26d8d2,"Equator,",el,word,1,"Ισημερινός,",2026-05-19T06:25:36.363Z
18,d4a5f1ff-be4e-4681-98e4-1911db26d8d2,"trees,",el,word,1,"δέντρα,",2026-05-19T06:25:42.661Z
18,d4a5f1ff-be4e-4681-98e4-1911db26d8d2,places,el,word,1,μέρη,2026-05-19T06:25:49.167Z
18,d4a5f1ff-be4e-4681-98e4-1911db26d8d2,West,el,word,1,Δυτική,2026-05-19T06:25:51.262Z
18,d4a5f1ff-be4e-4681-98e4-1911db26d8d2,access,el,word,2,πρόσβαση,2026-05-19T06:28:12.318Z
18,d4a5f1ff-be4e-4681-98e4-1911db26d8d2,farming,el,word,1,καλλιέργεια,2026-05-19T06:25:57.905Z
18,d4a5f1ff-be4e-4681-98e4-1911db26d8d2,demand,el,word,2,ζήτηση,2026-05-19T06:26:07.466Z
18,d4a5f1ff-be4e-4681-98e4-1911db26d8d2,clean,el,word,1,καθαρό,2026-05-19T06:26:05.165Z
18,d4a5f1ff-be4e-4681-98e4-1911db26d8d2,education.,el,word,1,εκπαίδευση.,2026-05-19T06:26:06.625Z
18,d4a5f1ff-be4e-4681-98e4-1911db26d8d2,don't,el,word,1,δεν,2026-05-19T06:26:17.808Z
18,d4a5f1ff-be4e-4681-98e4-1911db26d8d2,eight-hour,el,word,1,οκτάωρη,2026-05-19T06:26:19.816Z
18,d4a5f1ff-be4e-4681-98e4-1911db26d8d2,laws,el,word,1,νόμοι,2026-05-19T06:26:20.758Z
18,d4a5f1ff-be4e-4681-98e4-1911db26d8d2,farms,el,word,2,φυτείες,2026-05-19T06:26:29.946Z
18,d4a5f1ff-be4e-4681-98e4-1911db26d8d2,farm.,el,word,1,φάρμα.,2026-05-19T06:26:27.336Z
18,d4a5f1ff-be4e-4681-98e4-1911db26d8d2,cocoa,el,word,2,κακάο,2026-05-19T06:26:37.738Z
18,d4a5f1ff-be4e-4681-98e4-1911db26d8d2,slave,el,word,1,δουλεία,2026-05-19T06:26:31.145Z
18,d4a5f1ff-be4e-4681-98e4-1911db26d8d2,"labor,",el,word,1,"εργασία,",2026-05-19T06:26:31.966Z
18,d4a5f1ff-be4e-4681-98e4-1911db26d8d2,buying,el,word,1,αγορά,2026-05-19T06:26:32.756Z
18,d4a5f1ff-be4e-4681-98e4-1911db26d8d2,conditions.,el,word,1,συνθήκες.,2026-05-19T06:26:36.853Z
18,d4a5f1ff-be4e-4681-98e4-1911db26d8d2,chocolate!,el,word,2,σοκολάτα!,2026-05-19T06:26:45.166Z
18,d4a5f1ff-be4e-4681-98e4-1911db26d8d2,pods,el,word,2,λοβοί,2026-05-19T06:26:37.913Z
18,d4a5f1ff-be4e-4681-98e4-1911db26d8d2,population,el,word,1,πληθυσμός,2026-05-19T06:26:38.783Z
18,d4a5f1ff-be4e-4681-98e4-1911db26d8d2,"Sometimes,",el,word,1,"Μερικές φορές,",2026-05-19T06:26:40.711Z
18,d4a5f1ff-be4e-4681-98e4-1911db26d8d2,middlemen-a,el,word,1,μεσάζοντες-ένας,2026-05-19T06:26:46.439Z
18,d4a5f1ff-be4e-4681-98e4-1911db26d8d2,marketers,el,word,1,εμπόροι,2026-05-19T06:26:50.083Z
18,d4a5f1ff-be4e-4681-98e4-1911db26d8d2,farmers,el,word,1,αγρότες,2026-05-19T06:26:51.911Z
18,d4a5f1ff-be4e-4681-98e4-1911db26d8d2,makers,el,word,1,παραγωγοί,2026-05-19T06:26:54.474Z
18,d4a5f1ff-be4e-4681-98e4-1911db26d8d2,around,el,word,1,περίπου,2026-05-19T06:26:55.032Z
18,d4a5f1ff-be4e-4681-98e4-1911db26d8d2,higher,el,word,1,υψηλότερη,2026-05-19T06:26:59.822Z
18,d4a5f1ff-be4e-4681-98e4-1911db26d8d2,farmers.,el,word,1,αγρότες.,2026-05-19T06:27:04.041Z
18,d4a5f1ff-be4e-4681-98e4-1911db26d8d2,exploitation,el,word,1,εκμετάλλευση,2026-05-19T06:27:10.939Z
18,d4a5f1ff-be4e-4681-98e4-1911db26d8d2,conditions,el,word,1,συνθήκες,2026-05-19T06:27:12.622Z
18,d4a5f1ff-be4e-4681-98e4-1911db26d8d2,international,el,word,1,διεθνείς,2026-05-19T06:27:18.052Z
18,d4a5f1ff-be4e-4681-98e4-1911db26d8d2,regulations,el,word,1,κανονισμοί,2026-05-19T06:27:18.753Z
18,d4a5f1ff-be4e-4681-98e4-1911db26d8d2,"trade.""",el,word,1,εμπόριο».,2026-05-19T06:27:22.608Z
18,d4a5f1ff-be4e-4681-98e4-1911db26d8d2,commodities,el,word,1,εμπορεύματα,2026-05-19T06:27:28.742Z
18,d4a5f1ff-be4e-4681-98e4-1911db26d8d2,farms:,el,word,1,φυτείες:,2026-05-19T06:27:52.112Z
18,d4a5f1ff-be4e-4681-98e4-1911db26d8d2,anything,el,word,1,οτιδήποτε,2026-05-19T06:27:55.091Z
18,d4a5f1ff-be4e-4681-98e4-1911db26d8d2,"traded,",el,word,1,"διακινείται,",2026-05-19T06:27:56.908Z
18,d4a5f1ff-be4e-4681-98e4-1911db26d8d2,developing,el,word,1,αναπτυσσόμενες,2026-05-19T06:28:00.381Z
18,d4a5f1ff-be4e-4681-98e4-1911db26d8d2,scenarios,el,word,1,καταστάσεις,2026-05-19T06:28:07.418Z
18,d4a5f1ff-be4e-4681-98e4-1911db26d8d2,certified,el,word,2,πιστοποιημένη,2026-05-19T06:29:03.803Z
18,d4a5f1ff-be4e-4681-98e4-1911db26d8d2,earth-friendly.,el,word,1,φιλικές προς το περιβάλλον.,2026-05-19T06:28:23.643Z
18,d4a5f1ff-be4e-4681-98e4-1911db26d8d2,Sustainability,el,word,1,Βιωσιμότητα,2026-05-19T06:28:24.912Z
18,d4a5f1ff-be4e-4681-98e4-1911db26d8d2,work.,el,word,1,εργασία.,2026-05-19T06:28:39.937Z
18,d4a5f1ff-be4e-4681-98e4-1911db26d8d2,organizations,el,word,1,οργανώσεις,2026-05-19T06:28:41.189Z
18,d4a5f1ff-be4e-4681-98e4-1911db26d8d2,trafficking.,el,word,2,εμπορία ανθρώπων.,2026-05-19T06:28:46.746Z
18,d4a5f1ff-be4e-4681-98e4-1911db26d8d2,farmers-are,el,word,1,καλλιεργητές—λαμβάνουν,2026-05-19T06:28:55.696Z
18,d4a5f1ff-be4e-4681-98e4-1911db26d8d2,sometimes,el,word,1,μερικές φορές,2026-05-19T06:29:01.260Z
18,d4a5f1ff-be4e-4681-98e4-1911db26d8d2,certification,el,word,1,πιστοποίηση,2026-05-19T06:29:05.581Z
18,d4a5f1ff-be4e-4681-98e4-1911db26d8d2,expensive.,el,word,1,ακριβό.,2026-05-19T06:29:07.002Z
18,d4a5f1ff-be4e-4681-98e4-1911db26d8d2,operation,el,word,1,λειτουργία,2026-05-19T06:29:09.380Z
18,d4a5f1ff-be4e-4681-98e4-1911db26d8d2,fair,el,word,1,δίκαιη,2026-05-19T06:29:10.816Z
18,d4a5f1ff-be4e-4681-98e4-1911db26d8d2,trade,el,word,2,εμπόριο,2026-05-19T06:29:54.284Z
18,d4a5f1ff-be4e-4681-98e4-1911db26d8d2,increased,el,word,1,αυξημένα,2026-05-19T06:29:18.731Z
18,d4a5f1ff-be4e-4681-98e4-1911db26d8d2,improve.,el,word,2,βελτιωθούν.,2026-05-19T06:29:54.224Z
18,d4a5f1ff-be4e-4681-98e4-1911db26d8d2,there's,el,word,1,τότε υπάρχει,2026-05-19T06:29:29.979Z
18,d4a5f1ff-be4e-4681-98e4-1911db26d8d2,Trade,el,word,2,Εμπόριο,2026-05-19T06:29:32.501Z
18,d4a5f1ff-be4e-4681-98e4-1911db26d8d2,"""Fair",el,word,1,«Δίκαιο,2026-05-19T06:29:32.468Z
18,d4a5f1ff-be4e-4681-98e4-1911db26d8d2,"Certified,""",el,word,1,"Πιστοποιημένο»,",2026-05-19T06:29:34.034Z
18,d4a5f1ff-be4e-4681-98e4-1911db26d8d2,workers-and,el,word,2,εργαζομένων – και,2026-05-19T06:29:46.561Z
18,d4a5f1ff-be4e-4681-98e4-1911db26d8d2,salespeople,el,word,1,πωλητές,2026-05-19T06:29:54.350Z
18,d4a5f1ff-be4e-4681-98e4-1911db26d8d2,Cocoa,el,word,1,Κακάο,2026-05-19T06:29:54.373Z
18,d4a5f1ff-be4e-4681-98e4-1911db26d8d2,"cream,",el,word,1,"κρέμα,",2026-05-19T06:29:54.410Z
18,d4a5f1ff-be4e-4681-98e4-1911db26d8d2,Helping,el,word,2,Βοήθεια,2026-05-19T06:32:31.432Z
18,d4a5f1ff-be4e-4681-98e4-1911db26d8d2,"Fingers,",el,word,2,"Δάχτυλα,",2026-05-19T06:32:33.546Z
18,d4a5f1ff-be4e-4681-98e4-1911db26d8d2,ReadWorks,el,word,1,ReadWorks,2026-05-19T06:32:28.413Z
18,9124c1cd-b5ad-46b3-b021-e974628cf799,bulbs,el,word,1,λαμπτήρες,2026-05-19T06:34:16.317Z
18,9124c1cd-b5ad-46b3-b021-e974628cf799,process,el,word,1,επεξεργασία,2026-05-19T06:34:18.142Z
18,9124c1cd-b5ad-46b3-b021-e974628cf799,world.,el,word,2,κόσμο.,2026-05-19T06:35:50.177Z
18,9124c1cd-b5ad-46b3-b021-e974628cf799,many,el,word,1,πολλοί,2026-05-19T06:34:20.963Z
18,9124c1cd-b5ad-46b3-b021-e974628cf799,seeing?,el,word,8,Βλέπεις;,2026-05-19T06:35:15.229Z
18,9124c1cd-b5ad-46b3-b021-e974628cf799,collection,el,word,1,συλλογή,2026-05-19T06:34:32.175Z
18,9124c1cd-b5ad-46b3-b021-e974628cf799,shapes.,el,word,2,σχήματα.,2026-05-19T06:35:34.739Z
18,9124c1cd-b5ad-46b3-b021-e974628cf799,think,el,word,2,σκέψου,2026-05-19T06:38:59.567Z
18,9124c1cd-b5ad-46b3-b021-e974628cf799,"textures,",el,word,1,"υφές,",2026-05-19T06:35:01.475Z
18,9124c1cd-b5ad-46b3-b021-e974628cf799,looking,el,word,1,κοιτάζοντας,2026-05-19T06:35:19.616Z
18,9124c1cd-b5ad-46b3-b021-e974628cf799,eyes,el,word,1,μάτια,2026-05-19T06:35:39.902Z
18,9124c1cd-b5ad-46b3-b021-e974628cf799,Science,el,word,1,Επιστήμη,2026-05-19T06:35:42.904Z
18,9124c1cd-b5ad-46b3-b021-e974628cf799,light,el,word,1,φως,2026-05-19T06:35:55.987Z
18,9124c1cd-b5ad-46b3-b021-e974628cf799,electromagnetic,el,word,15,ηλεκτρομαγνητικά,2026-05-19T06:38:57.523Z
18,9124c1cd-b5ad-46b3-b021-e974628cf799,Electromagnetic,el,word,2,Ηλεκτρομαγνητική,2026-05-19T06:40:32.140Z
18,9124c1cd-b5ad-46b3-b021-e974628cf799,photons,el,word,1,φωτόνια,2026-05-19T06:36:09.267Z
18,9124c1cd-b5ad-46b3-b021-e974628cf799,wave-like,el,word,1,κυματοειδής,2026-05-19T06:36:11.839Z
18,9124c1cd-b5ad-46b3-b021-e974628cf799,carrying,el,word,1,μεταφορά,2026-05-19T06:36:13.609Z
18,9124c1cd-b5ad-46b3-b021-e974628cf799,spectrum,el,word,3,φάσμα,2026-05-19T06:38:12.834Z
18,9124c1cd-b5ad-46b3-b021-e974628cf799,travels,el,word,1,ταξιδεύει,2026-05-19T06:36:19.359Z
18,9124c1cd-b5ad-46b3-b021-e974628cf799,"radiation,",el,word,1,"ακτινοβολίας,",2026-05-19T06:36:24.194Z
18,9124c1cd-b5ad-46b3-b021-e974628cf799,moving,el,word,1,κινείται,2026-05-19T06:36:24.216Z
18,9124c1cd-b5ad-46b3-b021-e974628cf799,infrared,el,word,2,υπέρυθρο,2026-05-19T06:36:29.026Z
18,9124c1cd-b5ad-46b3-b021-e974628cf799,ultraviolet,el,word,1,υπεριώδες,2026-05-19T06:36:29.429Z
18,9124c1cd-b5ad-46b3-b021-e974628cf799,"X-rays,",el,word,1,"ακτίνες Χ,",2026-05-19T06:36:30.614Z
18,9124c1cd-b5ad-46b3-b021-e974628cf799,gamma,el,word,2,γάμμα,2026-05-19T06:36:40.478Z
18,9124c1cd-b5ad-46b3-b021-e974628cf799,portion,el,word,3,τμήμα,2026-05-19T06:38:48.395Z
18,9124c1cd-b5ad-46b3-b021-e974628cf799,expressed,el,word,1,εκφράζονται,2026-05-19T06:36:43.799Z
18,9124c1cd-b5ad-46b3-b021-e974628cf799,spectrum.,el,word,3,φάσμα.,2026-05-19T06:38:17.285Z
18,9124c1cd-b5ad-46b3-b021-e974628cf799,see.,el,word,1,βλέπουμε.,2026-05-19T06:36:46.490Z
18,9124c1cd-b5ad-46b3-b021-e974628cf799,intensities,el,word,1,εντάσεις,2026-05-19T06:36:53.253Z
18,9124c1cd-b5ad-46b3-b021-e974628cf799,organized,el,word,1,οργανωμένο,2026-05-19T06:36:57.659Z
18,9124c1cd-b5ad-46b3-b021-e974628cf799,wavelength.,el,word,1,μήκος κύματος.,2026-05-19T06:36:59.119Z
18,9124c1cd-b5ad-46b3-b021-e974628cf799,wave.,el,word,1,κύμα.,2026-05-19T06:37:05.730Z
18,9124c1cd-b5ad-46b3-b021-e974628cf799,scrunched,el,word,2,συμπιεσμένα,2026-05-19T06:37:36.531Z
18,9124c1cd-b5ad-46b3-b021-e974628cf799,types,el,word,1,τύποι,2026-05-19T06:37:10.036Z
18,9124c1cd-b5ad-46b3-b021-e974628cf799,slinky.,el,word,1,σπείρα.,2026-05-19T06:37:11.425Z
18,9124c1cd-b5ad-46b3-b021-e974628cf799,slinky,el,word,1,σπείρα,2026-05-19T06:37:15.846Z
18,9124c1cd-b5ad-46b3-b021-e974628cf799,stretched,el,word,1,τεντωμένο,2026-05-19T06:37:17.050Z
18,9124c1cd-b5ad-46b3-b021-e974628cf799,microwaves.,el,word,2,μικροκύματα.,2026-05-19T06:37:46.029Z
18,9124c1cd-b5ad-46b3-b021-e974628cf799,"spectrum,",el,word,3,"φάσμα,",2026-05-19T06:38:58.725Z
18,9124c1cd-b5ad-46b3-b021-e974628cf799,to-called,el,word,1,που ονομάζεται,2026-05-19T06:37:24.279Z
18,9124c1cd-b5ad-46b3-b021-e974628cf799,smack,el,word,1,ακριβώς,2026-05-19T06:37:26.307Z
18,9124c1cd-b5ad-46b3-b021-e974628cf799,dab,el,word,1,ακριβώς,2026-05-19T06:37:27.870Z
18,9124c1cd-b5ad-46b3-b021-e974628cf799,spectrum's,el,word,1,φάσματος,2026-05-19T06:37:33.247Z
18,9124c1cd-b5ad-46b3-b021-e974628cf799,waves-gamma,el,word,2,κύματα γάμμα,2026-05-19T06:37:46.561Z
18,9124c1cd-b5ad-46b3-b021-e974628cf799,X-rays-and,el,word,1,ακτίνες Χ-και,2026-05-19T06:37:40.451Z
18,9124c1cd-b5ad-46b3-b021-e974628cf799,commonplace,el,word,1,συνηθισμένο,2026-05-19T06:37:52.168Z
18,9124c1cd-b5ad-46b3-b021-e974628cf799,chaotic!,el,word,1,χαοτικό!,2026-05-19T06:37:55.894Z
18,9124c1cd-b5ad-46b3-b021-e974628cf799,would,el,word,2,θα,2026-05-19T06:40:10.341Z
18,9124c1cd-b5ad-46b3-b021-e974628cf799,"microwaves,",el,word,1,"μικροκύματα,",2026-05-19T06:37:59.019Z
18,9124c1cd-b5ad-46b3-b021-e974628cf799,radio,el,word,1,ραδιόφωνο,2026-05-19T06:38:00.043Z
18,9124c1cd-b5ad-46b3-b021-e974628cf799,waves-different,el,word,1,κύματα - διαφορετικά,2026-05-19T06:38:00.860Z
18,9124c1cd-b5ad-46b3-b021-e974628cf799,energy-bouncing,el,word,2,ενέργεια που ανακλάται,2026-05-19T06:38:11.120Z
18,9124c1cd-b5ad-46b3-b021-e974628cf799,practically,el,word,1,σχεδόν,2026-05-19T06:38:05.325Z
18,9124c1cd-b5ad-46b3-b021-e974628cf799,surface.,el,word,1,επιφάνεια.,2026-05-19T06:38:07.572Z
18,9124c1cd-b5ad-46b3-b021-e974628cf799,waves,el,word,2,κύματα,2026-05-19T06:40:07.105Z
18,9124c1cd-b5ad-46b3-b021-e974628cf799,physical,el,word,1,φυσικός,2026-05-19T06:38:27.291Z
18,9124c1cd-b5ad-46b3-b021-e974628cf799,"distances,",el,word,1,"αποστάσεις,",2026-05-19T06:38:30.968Z
18,9124c1cd-b5ad-46b3-b021-e974628cf799,objects,el,word,1,αντικείμενα,2026-05-19T06:38:32.820Z
18,9124c1cd-b5ad-46b3-b021-e974628cf799,"sea,",el,word,1,"θάλασσα,",2026-05-19T06:38:37.303Z
18,9124c1cd-b5ad-46b3-b021-e974628cf799,outer,el,word,1,εξωτερικό,2026-05-19T06:38:39.843Z
18,9124c1cd-b5ad-46b3-b021-e974628cf799,studying,el,word,1,μελετώντας,2026-05-19T06:38:41.103Z
18,9124c1cd-b5ad-46b3-b021-e974628cf799,access,el,word,1,πρόσβαση,2026-05-19T06:38:45.688Z
18,9124c1cd-b5ad-46b3-b021-e974628cf799,deep,el,word,1,βαθιά,2026-05-19T06:38:46.532Z
18,9124c1cd-b5ad-46b3-b021-e974628cf799,humankind,el,word,1,η ανθρωπότητα,2026-05-19T06:38:51.763Z
18,9124c1cd-b5ad-46b3-b021-e974628cf799,creating,el,word,1,δημιουργώντας,2026-05-19T06:38:52.630Z
18,9124c1cd-b5ad-46b3-b021-e974628cf799,given,el,word,1,δεδομένου,2026-05-19T06:38:52.906Z
18,9124c1cd-b5ad-46b3-b021-e974628cf799,powers,el,word,2,δυνάμεις,2026-05-19T06:39:02.692Z
18,9124c1cd-b5ad-46b3-b021-e974628cf799,ongoing,el,word,1,συνεχές,2026-05-19T06:39:01.657Z
18,9124c1cd-b5ad-46b3-b021-e974628cf799,message,el,word,1,μήνυμα,2026-05-19T06:39:03.140Z
18,9124c1cd-b5ad-46b3-b021-e974628cf799,time,el,word,1,χρόνο,2026-05-19T06:39:13.691Z
18,9124c1cd-b5ad-46b3-b021-e974628cf799,harness,el,word,1,αξιοποίηση,2026-05-19T06:39:14.916Z
18,9124c1cd-b5ad-46b3-b021-e974628cf799,information,el,word,2,πληροφορίες,2026-05-19T06:39:23.623Z
18,9124c1cd-b5ad-46b3-b021-e974628cf799,contained,el,word,1,περιέχονται,2026-05-19T06:39:18.656Z
18,9124c1cd-b5ad-46b3-b021-e974628cf799,tools,el,word,1,εργαλεία,2026-05-19T06:39:27.312Z
18,9124c1cd-b5ad-46b3-b021-e974628cf799,technology,el,word,1,τεχνολογία,2026-05-19T06:39:30.400Z
18,9124c1cd-b5ad-46b3-b021-e974628cf799,superhuman,el,word,1,υπεράνθρωπος,2026-05-19T06:39:33.041Z
18,9124c1cd-b5ad-46b3-b021-e974628cf799,night-vision,el,word,1,νυχτερινή όραση,2026-05-19T06:39:34.319Z
18,9124c1cd-b5ad-46b3-b021-e974628cf799,without,el,word,1,χωρίς,2026-05-19T06:39:42.304Z
18,9124c1cd-b5ad-46b3-b021-e974628cf799,possible,el,word,2,πιθανό,2026-05-19T06:39:56.535Z
18,9124c1cd-b5ad-46b3-b021-e974628cf799,bouncing,el,word,1,που αναπηδά,2026-05-19T06:39:51.597Z
18,9124c1cd-b5ad-46b3-b021-e974628cf799,"machines,",el,word,1,"μηχανήματα,",2026-05-19T06:39:52.153Z
18,9124c1cd-b5ad-46b3-b021-e974628cf799,sensitivity,el,word,1,ευαισθησία,2026-05-19T06:39:53.921Z
18,9124c1cd-b5ad-46b3-b021-e974628cf799,faces,el,word,2,πρόσωπα,2026-05-19T06:40:05.202Z
18,9124c1cd-b5ad-46b3-b021-e974628cf799,friends,el,word,1,φίλοι,2026-05-19T06:39:57.960Z
18,9124c1cd-b5ad-46b3-b021-e974628cf799,families.,el,word,1,οικογένειες.,2026-05-19T06:39:59.195Z
18,9124c1cd-b5ad-46b3-b021-e974628cf799,comprehensible,el,word,1,κατανοητές,2026-05-19T06:40:04.155Z
18,9124c1cd-b5ad-46b3-b021-e974628cf799,visible,el,word,1,ορατό,2026-05-19T06:40:08.292Z
18,9124c1cd-b5ad-46b3-b021-e974628cf799,difficult,el,word,1,δύσκολο,2026-05-19T06:40:11.508Z
18,9124c1cd-b5ad-46b3-b021-e974628cf799,messages,el,word,1,μηνύματα,2026-05-19T06:40:13.491Z
18,9124c1cd-b5ad-46b3-b021-e974628cf799,simply,el,word,1,απλά,2026-05-19T06:40:30.893Z
19,3dc7cd86-d864-4601-8369-53efc45a0c3f,front,el,word,3,μπροστά,2026-05-19T06:54:15.099Z
19,3dc7cd86-d864-4601-8369-53efc45a0c3f,"screen,",el,word,1,"οθόνη,",2026-05-19T06:53:36.305Z
19,3dc7cd86-d864-4601-8369-53efc45a0c3f,adjusted,el,word,1,ρύθμισε,2026-05-19T06:53:37.008Z
19,3dc7cd86-d864-4601-8369-53efc45a0c3f,university,el,word,1,πανεπιστήμιο,2026-05-19T06:53:37.384Z
19,3dc7cd86-d864-4601-8369-53efc45a0c3f,laboratory.,el,word,1,εργαστήριο.,2026-05-19T06:53:37.709Z
19,3dc7cd86-d864-4601-8369-53efc45a0c3f,becomes,el,word,2,γίνεται,2026-05-19T06:53:54.239Z
19,3dc7cd86-d864-4601-8369-53efc45a0c3f,morning,el,word,1,πρωί,2026-05-19T06:53:50.762Z
19,3dc7cd86-d864-4601-8369-53efc45a0c3f,paragraph,el,word,2,παράγραφος,2026-05-19T06:54:35.127Z
19,3dc7cd86-d864-4601-8369-53efc45a0c3f,participant,el,word,1,συμμετέχων,2026-05-19T06:53:56.513Z
19,3dc7cd86-d864-4601-8369-53efc45a0c3f,"chair,",el,word,1,"καρέκλα,",2026-05-19T06:54:02.403Z
19,3dc7cd86-d864-4601-8369-53efc45a0c3f,"naturally,",el,word,2,"φυσικά,",2026-05-19T06:54:56.220Z
19,3dc7cd86-d864-4601-8369-53efc45a0c3f,researcher,el,word,2,ερευνητής,2026-05-19T06:54:25.996Z
19,3dc7cd86-d864-4601-8369-53efc45a0c3f,distance,el,word,5,απόσταση,2026-05-19T06:54:49.486Z
19,3dc7cd86-d864-4601-8369-53efc45a0c3f,beside,el,word,2,δίπλα,2026-05-19T06:54:34.517Z
19,3dc7cd86-d864-4601-8369-53efc45a0c3f,letters,el,word,1,γράμματα,2026-05-19T06:54:10.061Z
19,3dc7cd86-d864-4601-8369-53efc45a0c3f,whether,el,word,2,αν,2026-05-19T06:54:21.111Z
19,3dc7cd86-d864-4601-8369-53efc45a0c3f,continue,el,word,1,συνέχεια,2026-05-19T06:54:17.407Z
19,3dc7cd86-d864-4601-8369-53efc45a0c3f,real,el,word,1,πραγματικό,2026-05-19T06:54:19.221Z
19,3dc7cd86-d864-4601-8369-53efc45a0c3f,experiment,el,word,2,πείραμα,2026-05-19T06:54:53.057Z
19,3dc7cd86-d864-4601-8369-53efc45a0c3f,larges,el,word,1,μεγάλα,2026-05-19T06:54:25.163Z
19,3dc7cd86-d864-4601-8369-53efc45a0c3f,fixations,el,word,3,σταθεροποιήσεις,2026-05-19T06:54:59.304Z
19,3dc7cd86-d864-4601-8369-53efc45a0c3f,appears,el,word,1,φαίνεται,2026-05-19T06:54:30.746Z
19,3dc7cd86-d864-4601-8369-53efc45a0c3f,uses,el,word,1,χρησιμοποιεί,2026-05-19T06:54:36.581Z
19,3dc7cd86-d864-4601-8369-53efc45a0c3f,features,el,word,1,χαρακτηριστικά,2026-05-19T06:54:37.156Z
19,3dc7cd86-d864-4601-8369-53efc45a0c3f,current,el,word,2,ρεύμα,2026-05-19T06:55:03.123Z
19,3dc7cd86-d864-4601-8369-53efc45a0c3f,across,el,word,2,σε όλες,2026-05-19T06:55:09.482Z
19,3dc7cd86-d864-4601-8369-53efc45a0c3f,larger,el,word,1,μεγαλύτερη,2026-05-19T06:54:52.615Z
19,3dc7cd86-d864-4601-8369-53efc45a0c3f,adjust,el,word,3,προσαρμόζω,2026-05-19T06:54:54.284Z
19,3dc7cd86-d864-4601-8369-53efc45a0c3f,reduced.,el,word,3,μειωθεί.,2026-05-19T06:54:54.728Z
19,3dc7cd86-d864-4601-8369-53efc45a0c3f,system,el,word,2,σύστημα,2026-05-19T06:54:54.078Z
19,3dc7cd86-d864-4601-8369-53efc45a0c3f,Paragraph,el,word,3,Παράγραφος,2026-05-19T06:54:54.027Z
19,3dc7cd86-d864-4601-8369-53efc45a0c3f,"section,",el,word,2,"ενότητα,",2026-05-19T06:54:58.274Z
19,3dc7cd86-d864-4601-8369-53efc45a0c3f,detects,el,word,1,ανιχνεύει,2026-05-19T06:54:59.164Z
19,3dc7cd86-d864-4601-8369-53efc45a0c3f,systematic,el,word,2,συστηματική,2026-05-19T06:54:59.977Z
19,3dc7cd86-d864-4601-8369-53efc45a0c3f,drift,el,word,2,μετατόπιση,2026-05-19T06:55:01.914Z
19,8e022878-6e8d-44c6-b762-112d3673e2f9,December,el,word,9,Δεκέμβριος,2026-05-19T07:00:06.095Z
19,8e022878-6e8d-44c6-b762-112d3673e2f9,"Montgomery,",el,word,7,"Μοντγκόμερι,",2026-05-19T07:00:05.814Z
19,8e022878-6e8d-44c6-b762-112d3673e2f9,"Alabama,",el,word,2,"Αλαμπάμα,",2026-05-19T06:57:14.050Z
19,8e022878-6e8d-44c6-b762-112d3673e2f9,refused,el,word,8,αρνήθηκε,2026-05-19T06:57:43.139Z
19,8e022878-6e8d-44c6-b762-112d3673e2f9,forever,el,word,1,για πάντα,2026-05-19T06:56:01.379Z
19,8e022878-6e8d-44c6-b762-112d3673e2f9,transformed,el,word,1,μεταμορφώθηκε,2026-05-19T06:56:02.002Z
19,8e022878-6e8d-44c6-b762-112d3673e2f9,African-American,el,word,1,Αφροαμερικανίδα,2026-05-19T06:56:02.612Z
19,8e022878-6e8d-44c6-b762-112d3673e2f9,seamstress,el,word,1,ραπτική,2026-05-19T06:56:03.251Z
19,8e022878-6e8d-44c6-b762-112d3673e2f9,Parks,el,word,3,Παρκς,2026-05-19T07:00:25.946Z
19,8e022878-6e8d-44c6-b762-112d3673e2f9,city,el,word,1,πόλη,2026-05-19T06:56:07.172Z
19,8e022878-6e8d-44c6-b762-112d3673e2f9,bus,el,word,1,λεωφορείο,2026-05-19T06:56:07.424Z
19,8e022878-6e8d-44c6-b762-112d3673e2f9,white,el,word,1,λευκός,2026-05-19T06:56:07.746Z
19,8e022878-6e8d-44c6-b762-112d3673e2f9,passenger.,el,word,1,επιβάτη.,2026-05-19T06:56:08.294Z
19,8e022878-6e8d-44c6-b762-112d3673e2f9,wanting,el,word,1,θέλω,2026-05-19T06:56:09.056Z
19,8e022878-6e8d-44c6-b762-112d3673e2f9,Rosa,el,word,9,Ρόζα,2026-05-19T07:00:40.551Z
19,8e022878-6e8d-44c6-b762-112d3673e2f9,advanced,el,word,2,προώθησε,2026-05-19T06:56:36.489Z
19,8e022878-6e8d-44c6-b762-112d3673e2f9,planning,el,word,1,σχεδιάζοντας,2026-05-19T06:56:13.853Z
19,8e022878-6e8d-44c6-b762-112d3673e2f9,make,el,word,1,κάνει,2026-05-19T06:56:14.490Z
19,8e022878-6e8d-44c6-b762-112d3673e2f9,"history,",el,word,2,"ιστορία,",2026-05-19T06:56:39.580Z
19,8e022878-6e8d-44c6-b762-112d3673e2f9,defiance,el,word,3,ανυπακοή,2026-05-19T07:00:05.716Z
19,8e022878-6e8d-44c6-b762-112d3673e2f9,Though,el,word,4,Αν και,2026-05-19T07:00:31.244Z
19,8e022878-6e8d-44c6-b762-112d3673e2f9,spurred,el,word,2,ώθησε,2026-05-19T07:00:05.507Z
19,8e022878-6e8d-44c6-b762-112d3673e2f9,movement,el,word,4,κίνημα,2026-05-19T07:00:05.305Z
19,8e022878-6e8d-44c6-b762-112d3673e2f9,may,el,word,1,ίσως,2026-05-19T06:56:37.088Z
19,8e022878-6e8d-44c6-b762-112d3673e2f9,journey,el,word,1,πορεία,2026-05-19T06:56:37.217Z
19,8e022878-6e8d-44c6-b762-112d3673e2f9,toward,el,word,1,προς,2026-05-19T06:56:37.864Z
19,8e022878-6e8d-44c6-b762-112d3673e2f9,equality,el,word,4,ισότητα,2026-05-19T07:01:18.969Z
19,8e022878-6e8d-44c6-b762-112d3673e2f9,churches,el,word,1,εκκλησίες,2026-05-19T06:56:40.774Z
19,8e022878-6e8d-44c6-b762-112d3673e2f9,desegregation,el,word,2,κατάργηση των φυλετικών διακρίσεων,2026-05-19T07:00:51.956Z
19,8e022878-6e8d-44c6-b762-112d3673e2f9,sparked,el,word,5,πυροδότησε,2026-05-19T07:00:42.779Z
19,8e022878-6e8d-44c6-b762-112d3673e2f9,"work,",el,word,2,"δουλειά,",2026-05-19T06:56:41.702Z
19,8e022878-6e8d-44c6-b762-112d3673e2f9,Montgomery,el,word,8,Μοντγκόμερι,2026-05-19T07:00:35.013Z
19,8e022878-6e8d-44c6-b762-112d3673e2f9,confront,el,word,1,αντιμετωπίζει,2026-05-19T06:56:42.794Z
19,8e022878-6e8d-44c6-b762-112d3673e2f9,Bus,el,word,2,Λεωφορείο,2026-05-19T07:00:17.218Z
19,8e022878-6e8d-44c6-b762-112d3673e2f9,injustice,el,word,1,αδικία,2026-05-19T06:56:44.053Z
19,8e022878-6e8d-44c6-b762-112d3673e2f9,Boycott,el,word,6,Μποϊκοτάζ,2026-05-19T07:00:44.236Z
19,8e022878-6e8d-44c6-b762-112d3673e2f9,segregation,el,word,2,φυλετικός διαχωρισμός,2026-05-19T07:00:08.504Z
19,8e022878-6e8d-44c6-b762-112d3673e2f9,courageous,el,word,3,θαρραλέοι,2026-05-19T07:00:20.260Z
19,8e022878-6e8d-44c6-b762-112d3673e2f9,extraordinary,el,word,9,εξαιρετικό,2026-05-19T07:00:49.522Z
19,8e022878-6e8d-44c6-b762-112d3673e2f9,message,el,word,3,μήνυμα,2026-05-19T07:00:45.460Z
19,8e022878-6e8d-44c6-b762-112d3673e2f9,"buses,",el,word,3,"λεωφορεία,",2026-05-19T07:00:54.789Z
19,8e022878-6e8d-44c6-b762-112d3673e2f9,families,el,word,3,οικογένειες,2026-05-19T07:00:35.693Z
19,8e022878-6e8d-44c6-b762-112d3673e2f9,friends,el,word,2,φίλοι,2026-05-19T07:00:55.354Z
19,8e022878-6e8d-44c6-b762-112d3673e2f9,Neighborhoods,el,word,6,Γειτονιές,2026-05-19T07:00:55.942Z
19,8e022878-6e8d-44c6-b762-112d3673e2f9,Nation,el,word,4,Έθνος,2026-05-19T06:57:42.853Z
19,8e022878-6e8d-44c6-b762-112d3673e2f9,carpools.,el,word,4,ομάδες μεταφοράς με αυτοκίνητο.,2026-05-19T07:00:57.585Z
19,8e022878-6e8d-44c6-b762-112d3673e2f9,resilience,el,word,2,ανθεκτικότητα,2026-05-19T07:01:05.153Z
19,8e022878-6e8d-44c6-b762-112d3673e2f9,stirred,el,word,4,συγκίνησαν,2026-05-19T07:01:00.714Z
19,8e022878-6e8d-44c6-b762-112d3673e2f9,conscience,el,word,5,συνείδηση,2026-05-19T07:01:01.718Z
19,8e022878-6e8d-44c6-b762-112d3673e2f9,Americans,el,word,9,Αμερικανοί,2026-05-19T07:01:07.641Z
19,8e022878-6e8d-44c6-b762-112d3673e2f9,intimidation,el,word,4,εκφοβισμός,2026-05-19T07:01:07.208Z
19,8e022878-6e8d-44c6-b762-112d3673e2f9,ultimately,el,word,3,τελικά,2026-05-19T07:01:07.803Z
19,8e022878-6e8d-44c6-b762-112d3673e2f9,second-class,el,word,5,δεύτερης κατηγορίας,2026-05-19T07:00:50.371Z
19,8e022878-6e8d-44c6-b762-112d3673e2f9,actions,el,word,3,ενέργειες,2026-05-19T07:00:58.767Z
19,8e022878-6e8d-44c6-b762-112d3673e2f9,walked.,el,word,1,περπατούσαν.,2026-05-19T06:58:06.736Z
19,8e022878-6e8d-44c6-b762-112d3673e2f9,every,el,word,1,κάθε,2026-05-19T06:58:12.757Z
19,8e022878-6e8d-44c6-b762-112d3673e2f9,boycott,el,word,2,μποϊκοτάζ,2026-05-19T07:00:36.907Z
19,8e022878-6e8d-44c6-b762-112d3673e2f9,inspired.,el,word,2,ενέπνευσε.,2026-05-19T06:58:26.536Z
19,8e022878-6e8d-44c6-b762-112d3673e2f9,lifelong,el,word,1,δια βίου,2026-05-19T06:58:20.982Z
19,8e022878-6e8d-44c6-b762-112d3673e2f9,champion,el,word,2,υπερασπιστής,2026-05-19T06:58:43.575Z
19,8e022878-6e8d-44c6-b762-112d3673e2f9,civil,el,word,6,πολιτικοί,2026-05-19T07:00:30.645Z
19,8e022878-6e8d-44c6-b762-112d3673e2f9,marginalized,el,word,3,περιθωριοποιημένους,2026-05-19T06:58:42.368Z
19,8e022878-6e8d-44c6-b762-112d3673e2f9,disobedience,el,word,2,ανυπακοή,2026-05-19T06:58:38.759Z
19,8e022878-6e8d-44c6-b762-112d3673e2f9,mark,el,word,1,σημειώνουμε,2026-05-19T06:58:46.845Z
19,8e022878-6e8d-44c6-b762-112d3673e2f9,anniversary,el,word,1,επέτειος,2026-05-19T06:58:48.331Z
19,8e022878-6e8d-44c6-b762-112d3673e2f9,Parks's,el,word,1,της Παρκς,2026-05-19T06:58:49.029Z
19,8e022878-6e8d-44c6-b762-112d3673e2f9,life,el,word,1,η ζωή,2026-05-19T06:58:50.204Z
19,8e022878-6e8d-44c6-b762-112d3673e2f9,genuine,el,word,1,αληθινός,2026-05-19T06:58:50.658Z
19,8e022878-6e8d-44c6-b762-112d3673e2f9,American,el,word,3,Αμερικανός,2026-05-19T07:01:16.424Z
19,8e022878-6e8d-44c6-b762-112d3673e2f9,although,el,word,4,αν και,2026-05-19T07:01:23.449Z
19,8e022878-6e8d-44c6-b762-112d3673e2f9,principle,el,word,2,αρχή,2026-05-19T06:59:02.048Z
19,8e022878-6e8d-44c6-b762-112d3673e2f9,always,el,word,2,πάντα,2026-05-19T07:01:19.933Z
19,8e022878-6e8d-44c6-b762-112d3673e2f9,"self-evident,",el,word,3,"αυτονόητη,",2026-05-19T07:01:20.056Z
19,8e022878-6e8d-44c6-b762-112d3673e2f9,acts,el,word,2,πράξεις,2026-05-19T06:59:06.848Z
19,8e022878-6e8d-44c6-b762-112d3673e2f9,courage,el,word,3,θάρρος,2026-05-19T07:01:23.919Z
19,8e022878-6e8d-44c6-b762-112d3673e2f9,generations,el,word,2,γενιές,2026-05-19T06:59:09.323Z
19,8e022878-6e8d-44c6-b762-112d3673e2f9,fearless,el,word,2,ατρόμητοι,2026-05-19T06:59:10.187Z
19,8e022878-6e8d-44c6-b762-112d3673e2f9,heirs,el,word,1,κληρονόμοι,2026-05-19T06:59:07.593Z
19,8e022878-6e8d-44c6-b762-112d3673e2f9,progress,el,word,1,πρόοδος,2026-05-19T06:59:09.083Z
19,8e022878-6e8d-44c6-b762-112d3673e2f9,came,el,word,2,ήρθαμε,2026-05-19T06:59:18.272Z
19,8e022878-6e8d-44c6-b762-112d3673e2f9,hopeful,el,word,1,γεμάτοι ελπίδα,2026-05-19T06:59:11.079Z
19,8e022878-6e8d-44c6-b762-112d3673e2f9,Union.,el,word,1,Ένωση.,2026-05-19T06:59:19.604Z
19,8e022878-6e8d-44c6-b762-112d3673e2f9,"America,",el,word,1,"Αμερική,",2026-05-19T06:59:23.813Z
19,8e022878-6e8d-44c6-b762-112d3673e2f9,virtue,el,word,1,δυνάμει,2026-05-19T06:59:24.286Z
19,8e022878-6e8d-44c6-b762-112d3673e2f9,Constitution,el,word,1,Σύνταγμα,2026-05-19T06:59:27.755Z
19,8e022878-6e8d-44c6-b762-112d3673e2f9,President,el,word,1,Πρόεδρος,2026-05-19T06:59:29.717Z
19,8e022878-6e8d-44c6-b762-112d3673e2f9,laws,el,word,1,νόμοι,2026-05-19T06:59:30.060Z
19,8e022878-6e8d-44c6-b762-112d3673e2f9,United,el,word,1,Ηνωμένες,2026-05-19T06:59:31.543Z
19,8e022878-6e8d-44c6-b762-112d3673e2f9,"States,",el,word,2,"κράτη,",2026-05-19T06:59:38.472Z
19,8e022878-6e8d-44c6-b762-112d3673e2f9,hereby,el,word,2,με την παρούσα,2026-05-19T06:59:39.079Z
19,8e022878-6e8d-44c6-b762-112d3673e2f9,proclaim,el,word,2,ανακηρύσσω,2026-05-19T06:59:39.878Z
19,8e022878-6e8d-44c6-b762-112d3673e2f9,upon,el,word,2,επί,2026-05-19T06:59:46.403Z
19,8e022878-6e8d-44c6-b762-112d3673e2f9,Anniversary,el,word,1,Επέτειος,2026-05-19T06:59:43.487Z
19,8e022878-6e8d-44c6-b762-112d3673e2f9,"community,",el,word,1,"κοινότητα,",2026-05-19T06:59:44.039Z
19,8e022878-6e8d-44c6-b762-112d3673e2f9,education,el,word,1,εκπαίδευση,2026-05-19T06:59:45.742Z
19,8e022878-6e8d-44c6-b762-112d3673e2f9,Parks.,el,word,1,Παρκς.,2026-05-19T06:59:46.058Z
19,8e022878-6e8d-44c6-b762-112d3673e2f9,honor,el,word,1,τιμή,2026-05-19T06:59:47.168Z
19,8e022878-6e8d-44c6-b762-112d3673e2f9,year,el,word,2,έτος,2026-05-19T07:00:00.405Z
19,8e022878-6e8d-44c6-b762-112d3673e2f9,hundred,el,word,1,εκατοστή,2026-05-19T06:59:49.891Z
19,8e022878-6e8d-44c6-b762-112d3673e2f9,hereunto,el,word,2,στο παρόν,2026-05-19T06:59:57.793Z
19,8e022878-6e8d-44c6-b762-112d3673e2f9,hand,el,word,1,υπογραφή,2026-05-19T06:59:52.581Z
19,8e022878-6e8d-44c6-b762-112d3673e2f9,first,el,word,1,πρώτη,2026-05-19T06:59:52.990Z
19,8e022878-6e8d-44c6-b762-112d3673e2f9,"February,",el,word,2,"Φεβρουαρίου,",2026-05-19T06:59:59.999Z
19,8e022878-6e8d-44c6-b762-112d3673e2f9,Independence,el,word,1,Ανεξαρτησία,2026-05-19T06:59:58.769Z
19,8e022878-6e8d-44c6-b762-112d3673e2f9,thirty-seventh.,el,word,1,τριακοστή έβδομη.,2026-05-19T07:00:01.945Z
19,8e022878-6e8d-44c6-b762-112d3673e2f9,ride,el,word,3,ταξιδέψτε,2026-05-19T07:00:53.255Z
19,8e022878-6e8d-44c6-b762-112d3673e2f9,home,el,word,1,σπίτι,2026-05-19T07:00:05.736Z
19,8e022878-6e8d-44c6-b762-112d3673e2f9,ordinary,el,word,3,συνηθισμένοι,2026-05-19T07:00:21.234Z
19,8e022878-6e8d-44c6-b762-112d3673e2f9,unacceptable.,el,word,1,απαράδεκτο.,2026-05-19T07:00:06.970Z
19,8e022878-6e8d-44c6-b762-112d3673e2f9,days,el,word,2,ημέρες,2026-05-19T07:00:18.815Z
19,8e022878-6e8d-44c6-b762-112d3673e2f9,peaceful,el,word,2,ειρηνικοί,2026-05-19T07:00:46.590Z
19,8e022878-6e8d-44c6-b762-112d3673e2f9,protest,el,word,4,διαμαρτυρία,2026-05-19T07:00:46.768Z
19,8e022878-6e8d-44c6-b762-112d3673e2f9,"women,",el,word,3,"γυναίκες,",2026-05-19T07:00:37.468Z
19,8e022878-6e8d-44c6-b762-112d3673e2f9,children,el,word,4,παιδιά,2026-05-19T07:00:48.709Z
19,8e022878-6e8d-44c6-b762-112d3673e2f9,Rather,el,word,1,Μάλλον,2026-05-19T07:00:33.570Z
19,8e022878-6e8d-44c6-b762-112d3673e2f9,sent,el,word,1,έστειλαν,2026-05-19T07:00:43.292Z
19,8e022878-6e8d-44c6-b762-112d3673e2f9,citizenship,el,word,2,ιθαγένεια,2026-05-19T07:00:50.961Z
19,8e022878-6e8d-44c6-b762-112d3673e2f9,back,el,word,1,πίσω,2026-05-19T07:00:49.077Z
19,8e022878-6e8d-44c6-b762-112d3673e2f9,violence,el,word,1,βία,2026-05-19T07:00:59.975Z
19,8e022878-6e8d-44c6-b762-112d3673e2f9,fierce,el,word,1,άγρια,2026-05-19T07:01:06.230Z
19,8e022878-6e8d-44c6-b762-112d3673e2f9,celebrate,el,word,1,γιορτάζουμε,2026-05-19T07:01:15.116Z
19,8e022878-6e8d-44c6-b762-112d3673e2f9,remind,el,word,1,υπενθυμίζουμε,2026-05-19T07:01:17.130Z
19,8e022878-6e8d-44c6-b762-112d3673e2f9,never,el,word,1,Ποτέ,2026-05-19T07:01:21.458Z
19,8e022878-6e8d-44c6-b762-112d3673e2f9,self-executing.,el,word,1,αυτοεκτελέσιμο.,2026-05-19T07:01:22.019Z
19,8e022878-6e8d-44c6-b762-112d3673e2f9,taken,el,word,1,χρειάστηκαν,2026-05-19T07:01:23.433Z
19,8e022878-6e8d-44c6-b762-112d3673e2f9,cause,el,word,1,υπόθεση,2026-05-19T07:01:25.285Z
19,8e022878-6e8d-44c6-b762-112d3673e2f9,day,el,word,1,ημέρα,2026-05-19T07:01:27.471Z
19,8e022878-6e8d-44c6-b762-112d3673e2f9,thousand,el,word,2,χιλιάδες,2026-05-19T07:01:27.583Z
19,8e022878-6e8d-44c6-b762-112d3673e2f9,Obama,el,word,2,Ομπάμα,2026-05-19T07:02:07.988Z
19,8e022878-6e8d-44c6-b762-112d3673e2f9,Barack,el,word,1,Μπαράκ,2026-05-19T07:02:07.667Z
19,8e022878-6e8d-44c6-b762-112d3673e2f9,Parks:,el,word,1,Παρκς:,2026-05-19T07:04:32.072Z
19,b6e212a3-f12a-4e19-9b22-d2cdd1ea79ab,pollution,el,word,8,ρύπανση,2026-05-19T07:09:24.910Z
19,b6e212a3-f12a-4e19-9b22-d2cdd1ea79ab,Protected,el,word,3,Προστατευόμενες,2026-05-19T07:05:23.632Z
19,b6e212a3-f12a-4e19-9b22-d2cdd1ea79ab,Noisy,el,word,2,Θορυβώδεις,2026-05-19T07:05:23.594Z
19,b6e212a3-f12a-4e19-9b22-d2cdd1ea79ab,Humans,el,word,1,Άνθρωποι,2026-05-19T07:05:14.634Z
19,b6e212a3-f12a-4e19-9b22-d2cdd1ea79ab,Drown,el,word,1,Πνίγουν,2026-05-19T07:05:15.201Z
19,b6e212a3-f12a-4e19-9b22-d2cdd1ea79ab,Sounds,el,word,3,Sounds,2026-05-19T07:07:11.000Z
19,b6e212a3-f12a-4e19-9b22-d2cdd1ea79ab,Nature,el,word,1,Φύση,2026-05-19T07:05:20.773Z
19,b6e212a3-f12a-4e19-9b22-d2cdd1ea79ab,Areas,el,word,2,Περιοχές,2026-05-19T07:05:25.575Z
19,b6e212a3-f12a-4e19-9b22-d2cdd1ea79ab,"aircraft,",el,word,2,"αεροσκάφη,",2026-05-19T07:05:44.136Z
19,b6e212a3-f12a-4e19-9b22-d2cdd1ea79ab,traffic,el,word,4,κυκλοφορία,2026-05-19T07:08:39.196Z
19,b6e212a3-f12a-4e19-9b22-d2cdd1ea79ab,commercial,el,word,4,εμπορική,2026-05-19T07:05:45.083Z
19,b6e212a3-f12a-4e19-9b22-d2cdd1ea79ab,development,el,word,4,ανάπτυξη,2026-05-19T07:05:45.688Z
19,b6e212a3-f12a-4e19-9b22-d2cdd1ea79ab,invades,el,word,1,εισβάλλει,2026-05-19T07:05:30.185Z
19,b6e212a3-f12a-4e19-9b22-d2cdd1ea79ab,wilderness,el,word,4,άγρια φύση,2026-05-19T07:05:48.515Z
19,b6e212a3-f12a-4e19-9b22-d2cdd1ea79ab,national,el,word,5,εθνικά,2026-05-19T07:08:39.719Z
19,b6e212a3-f12a-4e19-9b22-d2cdd1ea79ab,Robert,el,word,1,Robert,2026-05-19T07:05:34.521Z
19,b6e212a3-f12a-4e19-9b22-d2cdd1ea79ab,Holtz,el,word,1,Holtz,2026-05-19T07:05:35.490Z
19,b6e212a3-f12a-4e19-9b22-d2cdd1ea79ab,natural,el,word,4,φυσικά,2026-05-19T07:10:04.256Z
19,b6e212a3-f12a-4e19-9b22-d2cdd1ea79ab,Noise,el,word,3,Θόρυβος,2026-05-19T07:09:23.895Z
19,b6e212a3-f12a-4e19-9b22-d2cdd1ea79ab,according,el,word,4,σύμφωνα με,2026-05-19T07:11:04.233Z
19,b6e212a3-f12a-4e19-9b22-d2cdd1ea79ab,new,el,word,1,νέο,2026-05-19T07:05:45.387Z
19,b6e212a3-f12a-4e19-9b22-d2cdd1ea79ab,noise,el,word,5,θόρυβος,2026-05-19T07:10:46.627Z
19,b6e212a3-f12a-4e19-9b22-d2cdd1ea79ab,drowning,el,word,1,καταστρέφοντας,2026-05-19T07:05:46.375Z
19,b6e212a3-f12a-4e19-9b22-d2cdd1ea79ab,many,el,word,1,πολλές,2026-05-19T07:05:47.638Z
19,b6e212a3-f12a-4e19-9b22-d2cdd1ea79ab,Science,el,word,1,Science,2026-05-19T07:05:48.874Z
19,b6e212a3-f12a-4e19-9b22-d2cdd1ea79ab,"parks,",el,word,1,"πάρκα,",2026-05-19T07:05:49.533Z
19,b6e212a3-f12a-4e19-9b22-d2cdd1ea79ab,Thursday.,el,word,2,Πέμπτη.,2026-05-19T07:05:50.569Z
19,b6e212a3-f12a-4e19-9b22-d2cdd1ea79ab,people,el,word,7,άνθρωποι,2026-05-19T07:11:03.724Z
19,b6e212a3-f12a-4e19-9b22-d2cdd1ea79ab,conservation,el,word,11,διατήρηση,2026-05-19T07:09:35.598Z
19,b6e212a3-f12a-4e19-9b22-d2cdd1ea79ab,move,el,word,1,κίνηση,2026-05-19T07:05:52.598Z
19,b6e212a3-f12a-4e19-9b22-d2cdd1ea79ab,work,el,word,1,εργασία,2026-05-19T07:05:53.069Z
19,b6e212a3-f12a-4e19-9b22-d2cdd1ea79ab,"""pervasive""",el,word,1,«διαδεδομένοι»,2026-05-19T07:05:55.452Z
19,b6e212a3-f12a-4e19-9b22-d2cdd1ea79ab,public,el,word,1,δημόσιες,2026-05-19T07:05:57.564Z
19,b6e212a3-f12a-4e19-9b22-d2cdd1ea79ab,lands,el,word,3,περιοχές,2026-05-19T07:06:51.322Z
19,b6e212a3-f12a-4e19-9b22-d2cdd1ea79ab,aside,el,word,3,εκτός,2026-05-19T07:06:13.046Z
19,b6e212a3-f12a-4e19-9b22-d2cdd1ea79ab,"recreation,",el,word,1,"αναψυχή,",2026-05-19T07:05:59.530Z
19,b6e212a3-f12a-4e19-9b22-d2cdd1ea79ab,resource,el,word,1,πόρος,2026-05-19T07:06:01.618Z
19,b6e212a3-f12a-4e19-9b22-d2cdd1ea79ab,respite,el,word,1,ανάπαυλα,2026-05-19T07:06:03.285Z
19,b6e212a3-f12a-4e19-9b22-d2cdd1ea79ab,din,el,word,3,θόρυβος,2026-05-19T07:06:54.753Z
19,b6e212a3-f12a-4e19-9b22-d2cdd1ea79ab,daily,el,word,1,καθημερινά,2026-05-19T07:06:05.649Z
19,b6e212a3-f12a-4e19-9b22-d2cdd1ea79ab,scientists,el,word,2,επιστήμονες,2026-05-19T07:06:11.349Z
19,b6e212a3-f12a-4e19-9b22-d2cdd1ea79ab,Colorado,el,word,4,Κολοράντο,2026-05-19T07:08:42.016Z
19,b6e212a3-f12a-4e19-9b22-d2cdd1ea79ab,state,el,word,1,κρατικά,2026-05-19T07:06:13.703Z
19,b6e212a3-f12a-4e19-9b22-d2cdd1ea79ab,calculated,el,word,1,υπολόγισαν,2026-05-19T07:06:15.702Z
19,b6e212a3-f12a-4e19-9b22-d2cdd1ea79ab,background,el,word,5,φόντο,2026-05-19T07:10:47.077Z
19,b6e212a3-f12a-4e19-9b22-d2cdd1ea79ab,make,el,word,1,κάνουν,2026-05-19T07:06:17.452Z
19,b6e212a3-f12a-4e19-9b22-d2cdd1ea79ab,racket,el,word,1,θόρυβος,2026-05-19T07:06:18.248Z
19,b6e212a3-f12a-4e19-9b22-d2cdd1ea79ab,ringing,el,word,1,που χτυπά,2026-05-19T07:06:19.520Z
19,b6e212a3-f12a-4e19-9b22-d2cdd1ea79ab,phones,el,word,2,τηλέφωνα,2026-05-19T07:06:31.640Z
19,b6e212a3-f12a-4e19-9b22-d2cdd1ea79ab,rumble,el,word,1,βουητό,2026-05-19T07:06:21.468Z
19,b6e212a3-f12a-4e19-9b22-d2cdd1ea79ab,"traffic,",el,word,1,"κυκλοφορίας,",2026-05-19T07:06:23.925Z
19,b6e212a3-f12a-4e19-9b22-d2cdd1ea79ab,"mining,",el,word,2,"εξόρυξης,",2026-05-19T07:06:35.029Z
19,b6e212a3-f12a-4e19-9b22-d2cdd1ea79ab,sounds,el,word,4,ήχοι,2026-05-19T07:10:48.619Z
19,b6e212a3-f12a-4e19-9b22-d2cdd1ea79ab,drilling,el,word,1,γεωτρήσεων,2026-05-19T07:06:29.552Z
19,b6e212a3-f12a-4e19-9b22-d2cdd1ea79ab,logging,el,word,1,υλοτομίας,2026-05-19T07:06:30.157Z
19,b6e212a3-f12a-4e19-9b22-d2cdd1ea79ab,levels,el,word,4,επίπεδα,2026-05-19T07:08:54.403Z
19,b6e212a3-f12a-4e19-9b22-d2cdd1ea79ab,clatter,el,word,1,θόρυβος,2026-05-19T07:06:33.844Z
19,b6e212a3-f12a-4e19-9b22-d2cdd1ea79ab,two-thirds,el,word,1,τα δύο τρίτα,2026-05-19T07:06:34.921Z
19,b6e212a3-f12a-4e19-9b22-d2cdd1ea79ab,protected,el,word,4,προστατευόμενες,2026-05-19T07:07:05.209Z
19,b6e212a3-f12a-4e19-9b22-d2cdd1ea79ab,"areas,",el,word,2,"περιοχές,",2026-05-19T07:06:45.447Z
19,b6e212a3-f12a-4e19-9b22-d2cdd1ea79ab,adverse,el,word,2,αρνητικές,2026-05-19T07:06:47.739Z
19,b6e212a3-f12a-4e19-9b22-d2cdd1ea79ab,raised,el,word,1,αυξήθηκαν,2026-05-19T07:06:38.775Z
19,b6e212a3-f12a-4e19-9b22-d2cdd1ea79ab,tranquil,el,word,1,ήσυχη,2026-05-19T07:06:44.658Z
19,b6e212a3-f12a-4e19-9b22-d2cdd1ea79ab,hush,el,word,1,ησυχία,2026-05-19T07:06:49.445Z
19,b6e212a3-f12a-4e19-9b22-d2cdd1ea79ab,park,el,word,2,πάρκο,2026-05-19T07:08:34.069Z
19,b6e212a3-f12a-4e19-9b22-d2cdd1ea79ab,consequences,el,word,1,συνέπειες,2026-05-19T07:06:51.623Z
19,b6e212a3-f12a-4e19-9b22-d2cdd1ea79ab,Natural,el,word,2,Φυσικών,2026-05-19T07:07:01.106Z
19,b6e212a3-f12a-4e19-9b22-d2cdd1ea79ab,modern,el,word,2,σύγχρονη,2026-05-19T07:07:01.523Z
19,b6e212a3-f12a-4e19-9b22-d2cdd1ea79ab,extends,el,word,3,επεκτείνεται,2026-05-19T07:07:05.654Z
19,b6e212a3-f12a-4e19-9b22-d2cdd1ea79ab,acoustic,el,word,3,ακουστική,2026-05-19T07:07:48.046Z
19,b6e212a3-f12a-4e19-9b22-d2cdd1ea79ab,biologist,el,word,2,βιολόγος,2026-05-19T07:07:07.505Z
19,b6e212a3-f12a-4e19-9b22-d2cdd1ea79ab,Megan,el,word,2,Μέγκαν,2026-05-19T07:07:07.666Z
19,b6e212a3-f12a-4e19-9b22-d2cdd1ea79ab,McKenna,el,word,2,McKenna,2026-05-19T07:07:08.683Z
19,b6e212a3-f12a-4e19-9b22-d2cdd1ea79ab,Night,el,word,1,Night,2026-05-19T07:07:02.033Z
19,b6e212a3-f12a-4e19-9b22-d2cdd1ea79ab,Division,el,word,1,Τμήμα,2026-05-19T07:07:02.818Z
19,b6e212a3-f12a-4e19-9b22-d2cdd1ea79ab,"areas,""",el,word,1,"περιοχές»,",2026-05-19T07:07:03.561Z
19,b6e212a3-f12a-4e19-9b22-d2cdd1ea79ab,National,el,word,2,Εθνικό,2026-05-19T07:08:45.440Z
19,b6e212a3-f12a-4e19-9b22-d2cdd1ea79ab,Service,el,word,2,Υπηρεσία,2026-05-19T07:07:07.075Z
19,b6e212a3-f12a-4e19-9b22-d2cdd1ea79ab,Park,el,word,1,Πάρκο,2026-05-19T07:07:06.985Z
19,b6e212a3-f12a-4e19-9b22-d2cdd1ea79ab,Fort,el,word,1,Φορτ,2026-05-19T07:07:07.588Z
19,b6e212a3-f12a-4e19-9b22-d2cdd1ea79ab,"Collins,",el,word,1,"Κόλινς,",2026-05-19T07:07:07.924Z
19,b6e212a3-f12a-4e19-9b22-d2cdd1ea79ab,"Colo.,",el,word,1,"Κολοράντο,",2026-05-19T07:07:09.636Z
19,b6e212a3-f12a-4e19-9b22-d2cdd1ea79ab,arises,el,word,1,προκύπτει,2026-05-19T07:07:12.066Z
19,b6e212a3-f12a-4e19-9b22-d2cdd1ea79ab,activity,el,word,1,δραστηριότητα,2026-05-19T07:07:12.588Z
19,b6e212a3-f12a-4e19-9b22-d2cdd1ea79ab,growing,el,word,1,αυξανόμενη,2026-05-19T07:07:13.410Z
19,b6e212a3-f12a-4e19-9b22-d2cdd1ea79ab,appreciation,el,word,1,αντίληψη,2026-05-19T07:07:13.968Z
19,b6e212a3-f12a-4e19-9b22-d2cdd1ea79ab,effects,el,word,2,επιπτώσεις,2026-05-19T07:09:52.010Z
19,b6e212a3-f12a-4e19-9b22-d2cdd1ea79ab,excess,el,word,1,υπερβολικός,2026-05-19T07:07:16.205Z
19,b6e212a3-f12a-4e19-9b22-d2cdd1ea79ab,human,el,word,2,ανθρώπινη,2026-05-19T07:07:22.330Z
19,b6e212a3-f12a-4e19-9b22-d2cdd1ea79ab,study,el,word,2,μελέτη,2026-05-19T07:08:44.740Z
19,b6e212a3-f12a-4e19-9b22-d2cdd1ea79ab,quantify,el,word,2,ποσοτικοποίηση,2026-05-19T07:07:30.392Z
19,b6e212a3-f12a-4e19-9b22-d2cdd1ea79ab,behavior.,el,word,1,συμπεριφορά.,2026-05-19T07:07:21.872Z
19,b6e212a3-f12a-4e19-9b22-d2cdd1ea79ab,contribution,el,word,1,συμβολή,2026-05-19T07:07:22.878Z
19,b6e212a3-f12a-4e19-9b22-d2cdd1ea79ab,researchers,el,word,5,ερευνητές,2026-05-19T07:08:47.584Z
19,b6e212a3-f12a-4e19-9b22-d2cdd1ea79ab,led,el,word,2,υπό την ηγεσία,2026-05-19T07:07:25.522Z
19,b6e212a3-f12a-4e19-9b22-d2cdd1ea79ab,computer,el,word,3,υπολογιστής,2026-05-19T07:07:57.060Z
19,b6e212a3-f12a-4e19-9b22-d2cdd1ea79ab,State,el,word,2,Πολιτεία,2026-05-19T07:07:34.978Z
19,b6e212a3-f12a-4e19-9b22-d2cdd1ea79ab,University,el,word,2,Πανεπιστήμιο,2026-05-19T07:07:35.364Z
19,b6e212a3-f12a-4e19-9b22-d2cdd1ea79ab,Rachel,el,word,1,Ρέιτσελ,2026-05-19T07:07:31.269Z
19,b6e212a3-f12a-4e19-9b22-d2cdd1ea79ab,computerized,el,word,2,υπολογιστικό,2026-05-19T07:07:39.651Z
19,b6e212a3-f12a-4e19-9b22-d2cdd1ea79ab,soundscape,el,word,2,ηχοτοπίο,2026-05-19T07:07:42.202Z
19,b6e212a3-f12a-4e19-9b22-d2cdd1ea79ab,level,el,word,3,επίπεδο,2026-05-19T07:08:13.342Z
19,b6e212a3-f12a-4e19-9b22-d2cdd1ea79ab,average,el,word,2,μέσος όρος,2026-05-19T07:07:47.462Z
19,b6e212a3-f12a-4e19-9b22-d2cdd1ea79ab,summer,el,word,1,καλοκαίρι,2026-05-19T07:07:38.766Z
19,b6e212a3-f12a-4e19-9b22-d2cdd1ea79ab,collated,el,word,1,συγκέντρωσαν,2026-05-19T07:07:40.197Z
19,b6e212a3-f12a-4e19-9b22-d2cdd1ea79ab,analyzed,el,word,2,ανέλυσαν,2026-05-19T07:07:50.529Z
19,b6e212a3-f12a-4e19-9b22-d2cdd1ea79ab,park-land,el,word,2,πάρκα,2026-05-19T07:07:46.282Z
19,b6e212a3-f12a-4e19-9b22-d2cdd1ea79ab,recordings.,el,word,2,ηχογραφήσεις.,2026-05-19T07:07:54.843Z
19,b6e212a3-f12a-4e19-9b22-d2cdd1ea79ab,algorithm,el,word,2,αλγόριθμος,2026-05-19T07:07:57.194Z
19,b6e212a3-f12a-4e19-9b22-d2cdd1ea79ab,millions,el,word,1,εκατομμύρια,2026-05-19T07:07:51.059Z
19,b6e212a3-f12a-4e19-9b22-d2cdd1ea79ab,combined,el,word,2,συνδυασμένα,2026-05-19T07:07:52.259Z
19,b6e212a3-f12a-4e19-9b22-d2cdd1ea79ab,hours,el,word,1,ώρες,2026-05-19T07:07:51.558Z
19,b6e212a3-f12a-4e19-9b22-d2cdd1ea79ab,landscape,el,word,1,τοπίο,2026-05-19T07:07:54.572Z
19,b6e212a3-f12a-4e19-9b22-d2cdd1ea79ab,variables,el,word,1,μεταβλητές,2026-05-19T07:07:55.000Z
19,b6e212a3-f12a-4e19-9b22-d2cdd1ea79ab,calculate,el,word,1,υπολογίζουν,2026-05-19T07:07:55.272Z
19,b6e212a3-f12a-4e19-9b22-d2cdd1ea79ab,much,el,word,1,πολύ,2026-05-19T07:07:55.990Z
19,b6e212a3-f12a-4e19-9b22-d2cdd1ea79ab,extra,el,word,1,επιπλέον,2026-05-19T07:07:56.578Z
19,b6e212a3-f12a-4e19-9b22-d2cdd1ea79ab,"locale,",el,word,1,"τοπική ρύθμιση,",2026-05-19T07:08:00.499Z
19,b6e212a3-f12a-4e19-9b22-d2cdd1ea79ab,decibels,el,word,3,ντεσιμπέλ,2026-05-19T07:08:18.326Z
19,b6e212a3-f12a-4e19-9b22-d2cdd1ea79ab,conditioner.,el,word,2,κλιματιστικό.,2026-05-19T07:08:15.342Z
19,b6e212a3-f12a-4e19-9b22-d2cdd1ea79ab,"comparison,",el,word,1,"σύγκριση,",2026-05-19T07:08:07.406Z
19,b6e212a3-f12a-4e19-9b22-d2cdd1ea79ab,exceed,el,word,2,υπερβαίνουν,2026-05-19T07:08:17.750Z
19,b6e212a3-f12a-4e19-9b22-d2cdd1ea79ab,running,el,word,1,λειτουργία,2026-05-19T07:08:14.108Z
19,b6e212a3-f12a-4e19-9b22-d2cdd1ea79ab,cities,el,word,1,πόλεις,2026-05-19T07:08:16.552Z
19,b6e212a3-f12a-4e19-9b22-d2cdd1ea79ab,"settings,",el,word,1,"περιβάλλοντα,",2026-05-19T07:08:16.659Z
19,b6e212a3-f12a-4e19-9b22-d2cdd1ea79ab,rarely,el,word,1,σπάνια,2026-05-19T07:08:17.397Z
19,b6e212a3-f12a-4e19-9b22-d2cdd1ea79ab,babbling,el,word,1,κυλά,2026-05-19T07:08:21.310Z
19,b6e212a3-f12a-4e19-9b22-d2cdd1ea79ab,brook.,el,word,1,ρυάκι.,2026-05-19T07:08:23.171Z
19,b6e212a3-f12a-4e19-9b22-d2cdd1ea79ab,quietest,el,word,1,πιο ήσυχα,2026-05-19T07:08:26.311Z
19,b6e212a3-f12a-4e19-9b22-d2cdd1ea79ab,less,el,word,1,λιγότερο,2026-05-19T07:08:29.053Z
19,b6e212a3-f12a-4e19-9b22-d2cdd1ea79ab,decibels.,el,word,1,ντεσιμπέλ.,2026-05-19T07:08:29.751Z
19,b6e212a3-f12a-4e19-9b22-d2cdd1ea79ab,Road,el,word,1,Οδική,2026-05-19T07:08:31.250Z
19,b6e212a3-f12a-4e19-9b22-d2cdd1ea79ab,aircraft,el,word,1,αεροσκάφη,2026-05-19T07:08:31.889Z
19,b6e212a3-f12a-4e19-9b22-d2cdd1ea79ab,biggest,el,word,1,μεγαλύτερες,2026-05-19T07:08:33.030Z
19,b6e212a3-f12a-4e19-9b22-d2cdd1ea79ab,sources,el,word,1,πηγές,2026-05-19T07:08:33.516Z
19,b6e212a3-f12a-4e19-9b22-d2cdd1ea79ab,"noise,",el,word,1,"θόρυβος,",2026-05-19T07:08:34.450Z
19,b6e212a3-f12a-4e19-9b22-d2cdd1ea79ab,Buxton,el,word,1,Μπάξτον,2026-05-19T07:08:34.820Z
19,b6e212a3-f12a-4e19-9b22-d2cdd1ea79ab,independent,el,word,2,ανεξάρτητη,2026-05-19T07:08:43.805Z
19,b6e212a3-f12a-4e19-9b22-d2cdd1ea79ab,air,el,word,1,αεροπορική,2026-05-19T07:08:38.896Z
19,b6e212a3-f12a-4e19-9b22-d2cdd1ea79ab,parks,el,word,1,πάρκα,2026-05-19T07:08:40.312Z
19,b6e212a3-f12a-4e19-9b22-d2cdd1ea79ab,found,el,word,2,διαπίστωσε,2026-05-19T07:10:34.536Z
19,b6e212a3-f12a-4e19-9b22-d2cdd1ea79ab,overflights,el,word,1,πτήσεις,2026-05-19T07:08:43.395Z
19,b6e212a3-f12a-4e19-9b22-d2cdd1ea79ab,Grand,el,word,1,Γκραντ,2026-05-19T07:08:44.454Z
19,b6e212a3-f12a-4e19-9b22-d2cdd1ea79ab,Canyon,el,word,2,Canyon,2026-05-19T07:08:51.365Z
19,b6e212a3-f12a-4e19-9b22-d2cdd1ea79ab,"year,",el,word,2,"έτος,",2026-05-19T07:08:54.946Z
19,b6e212a3-f12a-4e19-9b22-d2cdd1ea79ab,canyon,el,word,1,φαράγγι,2026-05-19T07:08:51.851Z
19,b6e212a3-f12a-4e19-9b22-d2cdd1ea79ab,busiest,el,word,1,πιο πολυσύχναστες,2026-05-19T07:08:52.385Z
19,b6e212a3-f12a-4e19-9b22-d2cdd1ea79ab,Sound,el,word,1,Ήχος,2026-05-19T07:08:53.334Z
19,b6e212a3-f12a-4e19-9b22-d2cdd1ea79ab,reached,el,word,1,έφτασαν,2026-05-19T07:08:55.622Z
19,b6e212a3-f12a-4e19-9b22-d2cdd1ea79ab,high,el,word,1,υψηλά,2026-05-19T07:08:56.063Z
19,b6e212a3-f12a-4e19-9b22-d2cdd1ea79ab,"decibels,",el,word,1,"ντεσιμπέλ,",2026-05-19T07:08:57.827Z
19,b6e212a3-f12a-4e19-9b22-d2cdd1ea79ab,biologists.,el,word,2,βιολόγους.,2026-05-19T07:09:20.178Z
19,b6e212a3-f12a-4e19-9b22-d2cdd1ea79ab,deafen,el,word,1,να τα κάνει κουφά,2026-05-19T07:09:06.253Z
19,b6e212a3-f12a-4e19-9b22-d2cdd1ea79ab,"fish,",el,word,1,"ψάρια,",2026-05-19T07:09:06.778Z
19,b6e212a3-f12a-4e19-9b22-d2cdd1ea79ab,worries,el,word,2,ανησυχεί,2026-05-19T07:09:13.749Z
19,b6e212a3-f12a-4e19-9b22-d2cdd1ea79ab,mating,el,word,8,ζευγάρωμα,2026-05-19T07:09:40.655Z
19,b6e212a3-f12a-4e19-9b22-d2cdd1ea79ab,muffle,el,word,2,καλύπτουν,2026-05-19T07:09:28.523Z
19,b6e212a3-f12a-4e19-9b22-d2cdd1ea79ab,sound,el,word,2,ήχος,2026-05-19T07:09:29.784Z
19,b6e212a3-f12a-4e19-9b22-d2cdd1ea79ab,among,el,word,1,μεταξύ,2026-05-19T07:09:20.030Z
19,b6e212a3-f12a-4e19-9b22-d2cdd1ea79ab,"birds,",el,word,1,"πουλιά,",2026-05-19T07:09:20.799Z
19,b6e212a3-f12a-4e19-9b22-d2cdd1ea79ab,hindering,el,word,1,εμποδίζοντας,2026-05-19T07:09:24.139Z
19,b6e212a3-f12a-4e19-9b22-d2cdd1ea79ab,ability,el,word,1,ικανότητα,2026-05-19T07:09:25.877Z
19,b6e212a3-f12a-4e19-9b22-d2cdd1ea79ab,"animals,",el,word,1,"ζώα,",2026-05-19T07:09:27.303Z
19,b6e212a3-f12a-4e19-9b22-d2cdd1ea79ab,predators.,el,word,1,αρπακτικά.,2026-05-19T07:09:39.566Z
19,b6e212a3-f12a-4e19-9b22-d2cdd1ea79ab,studies,el,word,1,μελέτες,2026-05-19T07:09:42.560Z
19,b6e212a3-f12a-4e19-9b22-d2cdd1ea79ab,said,el,word,1,είπε,2026-05-19T07:09:44.528Z
19,b6e212a3-f12a-4e19-9b22-d2cdd1ea79ab,avian,el,word,2,πτηνών,2026-05-19T07:09:51.853Z
19,b6e212a3-f12a-4e19-9b22-d2cdd1ea79ab,behavioral,el,word,1,συμπεριφορά,2026-05-19T07:09:46.911Z
19,b6e212a3-f12a-4e19-9b22-d2cdd1ea79ab,ecologist,el,word,2,οικολόγος,2026-05-19T07:09:52.493Z
19,b6e212a3-f12a-4e19-9b22-d2cdd1ea79ab,Christopher,el,word,2,Christopher,2026-05-19T07:09:53.131Z
19,b6e212a3-f12a-4e19-9b22-d2cdd1ea79ab,Templeton,el,word,3,Templeton,2026-05-19T07:09:53.986Z
19,b6e212a3-f12a-4e19-9b22-d2cdd1ea79ab,Pacific,el,word,1,Pacific,2026-05-19T07:09:50.559Z
19,b6e212a3-f12a-4e19-9b22-d2cdd1ea79ab,birds,el,word,1,πουλιά,2026-05-19T07:09:52.904Z
19,b6e212a3-f12a-4e19-9b22-d2cdd1ea79ab,heard,el,word,1,ακούγονται,2026-05-19T07:09:56.991Z
19,b6e212a3-f12a-4e19-9b22-d2cdd1ea79ab,flee,el,word,1,φεύγουν,2026-05-19T07:09:58.338Z
19,b6e212a3-f12a-4e19-9b22-d2cdd1ea79ab,noisy,el,word,1,θορυβώδης,2026-05-19T07:09:59.878Z
19,b6e212a3-f12a-4e19-9b22-d2cdd1ea79ab,entirely.,el,word,1,εντελώς.,2026-05-19T07:10:00.353Z
19,b6e212a3-f12a-4e19-9b22-d2cdd1ea79ab,Psychologists,el,word,3,Ψυχολόγοι,2026-05-19T07:10:12.693Z
19,b6e212a3-f12a-4e19-9b22-d2cdd1ea79ab,perhaps,el,word,1,ίσως,2026-05-19T07:10:02.484Z
19,b6e212a3-f12a-4e19-9b22-d2cdd1ea79ab,"errors,""",el,word,2,"λάθη»,",2026-05-19T07:10:46.278Z
19,b6e212a3-f12a-4e19-9b22-d2cdd1ea79ab,wind,el,word,1,άνεμος,2026-05-19T07:10:05.449Z
19,b6e212a3-f12a-4e19-9b22-d2cdd1ea79ab,rustling,el,word,2,συριγμός,2026-05-19T07:10:17.227Z
19,b6e212a3-f12a-4e19-9b22-d2cdd1ea79ab,trees,el,word,1,δέντρα,2026-05-19T07:10:08.675Z
19,b6e212a3-f12a-4e19-9b22-d2cdd1ea79ab,warble,el,word,2,κελάηδισμα,2026-05-19T07:10:19.218Z
19,b6e212a3-f12a-4e19-9b22-d2cdd1ea79ab,songbirds,el,word,1,τα πουλιά,2026-05-19T07:10:12.207Z
19,b6e212a3-f12a-4e19-9b22-d2cdd1ea79ab,benefits,el,word,3,οφέλη,2026-05-19T07:10:22.529Z
19,b6e212a3-f12a-4e19-9b22-d2cdd1ea79ab,discovering,el,word,1,ανακαλύπτοντας,2026-05-19T07:10:15.003Z
19,b6e212a3-f12a-4e19-9b22-d2cdd1ea79ab,"stress,",el,word,1,"το άγχος,",2026-05-19T07:10:16.432Z
19,b6e212a3-f12a-4e19-9b22-d2cdd1ea79ab,elevate,el,word,1,ανυψώνουν,2026-05-19T07:10:16.921Z
19,b6e212a3-f12a-4e19-9b22-d2cdd1ea79ab,cognitive,el,word,2,γνωστικές,2026-05-19T07:10:51.113Z
19,b6e212a3-f12a-4e19-9b22-d2cdd1ea79ab,healing.,el,word,1,την επούλωση.,2026-05-19T07:10:21.819Z
19,b6e212a3-f12a-4e19-9b22-d2cdd1ea79ab,enhance,el,word,2,ενισχύουν,2026-05-19T07:10:22.389Z
19,b6e212a3-f12a-4e19-9b22-d2cdd1ea79ab,Jonas,el,word,2,Jonas,2026-05-19T07:10:30.166Z
19,b6e212a3-f12a-4e19-9b22-d2cdd1ea79ab,"Braasch,",el,word,3,"Braasch,",2026-05-19T07:10:30.500Z
19,b6e212a3-f12a-4e19-9b22-d2cdd1ea79ab,reported,el,word,3,ανέφεραν,2026-05-19T07:10:41.456Z
19,b6e212a3-f12a-4e19-9b22-d2cdd1ea79ab,office,el,word,3,γραφείο,2026-05-19T07:10:46.460Z
19,b6e212a3-f12a-4e19-9b22-d2cdd1ea79ab,musicologist,el,word,2,μουσικολόγος,2026-05-19T07:10:31.538Z
19,b6e212a3-f12a-4e19-9b22-d2cdd1ea79ab,Rensselaer,el,word,1,Rensselaer,2026-05-19T07:10:26.304Z
19,b6e212a3-f12a-4e19-9b22-d2cdd1ea79ab,Polytechnic,el,word,2,Πολυτεχνείο,2026-05-19T07:10:33.319Z
19,b6e212a3-f12a-4e19-9b22-d2cdd1ea79ab,"Institute,",el,word,2,"Ινστιτούτο,",2026-05-19T07:10:34.146Z
19,b6e212a3-f12a-4e19-9b22-d2cdd1ea79ab,workers,el,word,3,εργαζόμενοι,2026-05-19T07:10:35.641Z
19,b6e212a3-f12a-4e19-9b22-d2cdd1ea79ab,listening,el,word,1,ακούγοντας,2026-05-19T07:10:30.341Z
19,b6e212a3-f12a-4e19-9b22-d2cdd1ea79ab,burble,el,word,1,κυματισμός,2026-05-19T07:10:30.757Z
19,b6e212a3-f12a-4e19-9b22-d2cdd1ea79ab,flowing,el,word,1,ρέον,2026-05-19T07:10:32.273Z
19,b6e212a3-f12a-4e19-9b22-d2cdd1ea79ab,tests,el,word,1,τεστ,2026-05-19T07:10:34.283Z
19,b6e212a3-f12a-4e19-9b22-d2cdd1ea79ab,performed,el,word,1,απόδοση,2026-05-19T07:10:35.022Z
19,b6e212a3-f12a-4e19-9b22-d2cdd1ea79ab,"better,",el,word,1,"καλύτερα,",2026-05-19T07:10:35.520Z
19,b6e212a3-f12a-4e19-9b22-d2cdd1ea79ab,positive,el,word,1,θετικά,2026-05-19T07:10:37.976Z
19,b6e212a3-f12a-4e19-9b22-d2cdd1ea79ab,stream,el,word,1,ρυάκι,2026-05-19T07:10:39.066Z
19,b6e212a3-f12a-4e19-9b22-d2cdd1ea79ab,"surroundings,",el,word,2,"περιβάλλον,",2026-05-19T07:10:43.660Z
19,b6e212a3-f12a-4e19-9b22-d2cdd1ea79ab,compared,el,word,2,σε σύγκριση,2026-05-19T07:10:44.025Z
19,b6e212a3-f12a-4e19-9b22-d2cdd1ea79ab,recording,el,word,2,ηχογράφηση,2026-05-19T07:11:07.508Z
19,b6e212a3-f12a-4e19-9b22-d2cdd1ea79ab,patient,el,word,3,υπομονετικοί,2026-05-19T07:10:52.926Z
19,b6e212a3-f12a-4e19-9b22-d2cdd1ea79ab,said.,el,word,1,είπε.,2026-05-19T07:10:46.757Z
19,b6e212a3-f12a-4e19-9b22-d2cdd1ea79ab,restorative,el,word,1,αναζωογονητική,2026-05-19T07:10:49.035Z
19,b6e212a3-f12a-4e19-9b22-d2cdd1ea79ab,noise.,el,word,1,θόρυβο.,2026-05-19T07:10:49.900Z
19,b6e212a3-f12a-4e19-9b22-d2cdd1ea79ab,"abilities.""",el,word,2,ικανότητες.»,2026-05-19T07:10:53.297Z
19,b6e212a3-f12a-4e19-9b22-d2cdd1ea79ab,Listening,el,word,2,Ακούγοντας,2026-05-19T07:11:00.810Z
19,b6e212a3-f12a-4e19-9b22-d2cdd1ea79ab,also,el,word,1,επίσης,2026-05-19T07:10:55.210Z
19,b6e212a3-f12a-4e19-9b22-d2cdd1ea79ab,recover,el,word,1,να αναρρώσουν,2026-05-19T07:10:57.147Z
19,b6e212a3-f12a-4e19-9b22-d2cdd1ea79ab,quickly,el,word,2,γρήγορα,2026-05-19T07:11:16.570Z
19,b6e212a3-f12a-4e19-9b22-d2cdd1ea79ab,stress,el,word,1,στρες,2026-05-19T07:10:58.488Z
19,b6e212a3-f12a-4e19-9b22-d2cdd1ea79ab,Pennsylvania,el,word,3,Πενσυλβάνια,2026-05-19T07:11:06.203Z
19,b6e212a3-f12a-4e19-9b22-d2cdd1ea79ab,nature,el,word,1,φύση,2026-05-19T07:11:01.493Z
19,b6e212a3-f12a-4e19-9b22-d2cdd1ea79ab,tested,el,word,1,εξέτασαν,2026-05-19T07:11:03.190Z
19,b6e212a3-f12a-4e19-9b22-d2cdd1ea79ab,reacted,el,word,1,αντέδρασαν,2026-05-19T07:11:04.052Z
19,b6e212a3-f12a-4e19-9b22-d2cdd1ea79ab,noises,el,word,1,θόρυβοι,2026-05-19T07:11:14.914Z
19,b6e212a3-f12a-4e19-9b22-d2cdd1ea79ab,recovered,el,word,1,ανακτήθηκαν,2026-05-19T07:11:15.279Z
19,b6e212a3-f12a-4e19-9b22-d2cdd1ea79ab,human-made,el,word,1,ανθρωπογενείς,2026-05-19T07:11:15.489Z
19,b6e212a3-f12a-4e19-9b22-d2cdd1ea79ab,voices,el,word,1,φωνές,2026-05-19T07:11:16.911Z
19,b6e212a3-f12a-4e19-9b22-d2cdd1ea79ab,"cars,",el,word,1,"αυτοκίνητα,",2026-05-19T07:11:18.053Z
19,b6e212a3-f12a-4e19-9b22-d2cdd1ea79ab,listened,el,word,1,άκουσαν,2026-05-19T07:11:18.465Z
19,b6e212a3-f12a-4e19-9b22-d2cdd1ea79ab,"calls,""",el,word,1,"κλήσεις»,",2026-05-19T07:11:20.355Z
20,e9e0e884-d50d-4f25-93ff-54c56c622565,next,el,word,1,επόμενο,2026-05-19T07:21:39.922Z
20,e9e0e884-d50d-4f25-93ff-54c56c622565,detects,el,word,1,ανιχνεύει,2026-05-19T07:21:39.969Z
20,e9e0e884-d50d-4f25-93ff-54c56c622565,relevant,el,word,1,σχετικές,2026-05-19T07:21:40.125Z
20,e9e0e884-d50d-4f25-93ff-54c56c622565,text,el,word,1,κείμενο,2026-05-19T07:21:40.912Z
20,e9e0e884-d50d-4f25-93ff-54c56c622565,becomes,el,word,3,γίνεται,2026-05-19T07:21:48.911Z
20,e9e0e884-d50d-4f25-93ff-54c56c622565,whether,el,word,1,αν,2026-05-19T07:21:42.670Z
20,e9e0e884-d50d-4f25-93ff-54c56c622565,"section,",el,word,1,"ενότητα,",2026-05-19T07:21:44.036Z
20,e9e0e884-d50d-4f25-93ff-54c56c622565,fixations,el,word,1,σταθεροποιήσεις,2026-05-19T07:21:44.975Z
20,e9e0e884-d50d-4f25-93ff-54c56c622565,accurately,el,word,2,με ακρίβεια,2026-05-19T07:21:47.313Z
20,e9e0e884-d50d-4f25-93ff-54c56c622565,begins.,el,word,2,ξεκινά.,2026-05-19T07:21:54.836Z
20,e9e0e884-d50d-4f25-93ff-54c56c622565,beside,el,word,2,δίπλα,2026-05-19T07:21:54.880Z
20,e9e0e884-d50d-4f25-93ff-54c56c622565,"naturally,",el,word,2,"φυσικά,",2026-05-19T07:22:19.263Z
20,e9e0e884-d50d-4f25-93ff-54c56c622565,front,el,word,1,μπροστά,2026-05-19T07:22:03.237Z
20,e9e0e884-d50d-4f25-93ff-54c56c622565,"movements,",el,word,4,"κινήσεις,",2026-05-19T07:22:14.616Z
20,e9e0e884-d50d-4f25-93ff-54c56c622565,checked,el,word,2,ελέγχθηκε,2026-05-19T07:22:27.064Z
20,e9e0e884-d50d-4f25-93ff-54c56c622565,.,el,word,2,.,2026-05-19T07:22:18.398Z
20,e9e0e884-d50d-4f25-93ff-54c56c622565,comfortable,el,word,2,άνετο,2026-05-19T07:22:17.729Z
20,e9e0e884-d50d-4f25-93ff-54c56c622565,pace.,el,word,1,ρυθμό.,2026-05-19T07:22:08.785Z
20,e9e0e884-d50d-4f25-93ff-54c56c622565,head,el,word,1,κεφάλι,2026-05-19T07:22:09.131Z
20,e9e0e884-d50d-4f25-93ff-54c56c622565,researcher,el,word,1,ερευνητής,2026-05-19T07:22:12.884Z
20,e9e0e884-d50d-4f25-93ff-54c56c622565,right.,el,word,1,δεξιά.,2026-05-19T07:22:14.284Z
20,e9e0e884-d50d-4f25-93ff-54c56c622565,smaller.,el,word,1,μικρότερο.,2026-05-19T07:22:18.903Z
20,e9e0e884-d50d-4f25-93ff-54c56c622565,followed,el,word,3,ακολουθούσε,2026-05-19T07:22:19.178Z
20,e9e0e884-d50d-4f25-93ff-54c56c622565,university,el,word,1,πανεπιστήμιο,2026-05-19T07:22:19.533Z
20,e9e0e884-d50d-4f25-93ff-54c56c622565,read,el,word,4,να διαβάζεις,2026-05-19T07:22:21.971Z
20,e9e0e884-d50d-4f25-93ff-54c56c622565,adjusted,el,word,1,ρύθμισε,2026-05-19T07:22:21.736Z
20,e9e0e884-d50d-4f25-93ff-54c56c622565,f-,el,word,1,στ-,2026-05-19T07:22:26.677Z
20,e9e0e884-d50d-4f25-93ff-54c56c622565,adjust,el,word,1,προσαρμόζω,2026-05-19T07:22:26.961Z
20,e9e0e884-d50d-4f25-93ff-54c56c622565,participant,el,word,1,συμμετέχων,2026-05-19T07:23:10.767Z
20,e9e0e884-d50d-4f25-93ff-54c56c622565,simple:,el,word,1,απλό:,2026-05-19T07:23:16.707Z
20,e9e0e884-d50d-4f25-93ff-54c56c622565,professional,el,word,1,επαγγελματίας,2026-05-19T07:24:56.066Z
20,e9e0e884-d50d-4f25-93ff-54c56c622565,commemorate,el,word,1,επισημάνει,2026-05-19T07:25:00.701Z
20,e9e0e884-d50d-4f25-93ff-54c56c622565,retired,el,word,1,συνταξιούχος,2026-05-19T07:25:04.395Z
20,e9e0e884-d50d-4f25-93ff-54c56c622565,career,el,word,1,καριέρα,2026-05-19T07:25:07.015Z
20,e9e0e884-d50d-4f25-93ff-54c56c622565,morale-boosting,el,word,1,που ενίσχυαν το ηθικό,2026-05-19T07:25:21.366Z
20,e9e0e884-d50d-4f25-93ff-54c56c622565,Disney-designed,el,word,1,σχεδιασμένα από τη Disney,2026-05-19T07:25:22.937Z
20,9d4aeaa8-dcb9-46df-9849-690d0083dbd4,Disney-designed,el,word,1,σχεδιασμένα από τη Disney,2026-05-19T07:25:32.137Z
20,9d4aeaa8-dcb9-46df-9849-690d0083dbd4,"Morgenthau,",el,word,1,"Μόργκενταου,",2026-05-19T07:25:58.005Z
20,9d4aeaa8-dcb9-46df-9849-690d0083dbd4,Fuehrer's,el,word,1,Fuehrer's,2026-05-19T07:26:37.428Z
20,9d4aeaa8-dcb9-46df-9849-690d0083dbd4,"""Fifinella,""",el,word,1,"«Fifinella»,",2026-05-19T07:27:03.578Z
20,9d4aeaa8-dcb9-46df-9849-690d0083dbd4,Auxiliary,el,word,1,Βοηθητική,2026-05-19T07:27:04.196Z
20,9d4aeaa8-dcb9-46df-9849-690d0083dbd4,drawings,el,word,1,σχέδια,2026-05-19T07:27:19.438Z
20,9d4aeaa8-dcb9-46df-9849-690d0083dbd4,esprit-de-corps.,el,word,1,το ομαδικό πνεύμα.,2026-05-19T07:27:20.537Z
20,9d4aeaa8-dcb9-46df-9849-690d0083dbd4,History,el,word,1,Ιστορία,2026-05-19T07:28:31.626Z
20,9d4aeaa8-dcb9-46df-9849-690d0083dbd4,Disney,el,word,2,Disney,2026-05-19T07:30:21.052Z
20,9d4aeaa8-dcb9-46df-9849-690d0083dbd4,Institute,el,word,1,Ινστιτούτο,2026-05-19T07:29:13.320Z
20,9d4aeaa8-dcb9-46df-9849-690d0083dbd4,presented,el,word,1,που παρουσιάζονται,2026-05-19T07:29:28.980Z
20,9d4aeaa8-dcb9-46df-9849-690d0083dbd4,artifacts,el,word,1,αντικειμένων,2026-05-19T07:29:50.090Z
20,9d4aeaa8-dcb9-46df-9849-690d0083dbd4,buzzing,el,word,1,βουητό,2026-05-19T07:31:11.308Z
20,9d4aeaa8-dcb9-46df-9849-690d0083dbd4,gatherings.,el,word,1,συγκεντρώσεις.,2026-05-19T07:31:14.632Z
20,9d4aeaa8-dcb9-46df-9849-690d0083dbd4,understand,el,word,1,κατανοήσουν,2026-05-19T07:31:38.823Z
20,9d4aeaa8-dcb9-46df-9849-690d0083dbd4,disappear,el,word,1,εξαφανίζονται,2026-05-19T07:31:44.925Z
20,9d4aeaa8-dcb9-46df-9849-690d0083dbd4,Department,el,word,1,Τμήμα,2026-05-19T07:31:53.070Z
20,9d4aeaa8-dcb9-46df-9849-690d0083dbd4,pollination,el,word,1,επικονίαση,2026-05-19T07:32:08.683Z
20,9d4aeaa8-dcb9-46df-9849-690d0083dbd4,"bees,",el,word,1,"μέλισσες,",2026-05-19T07:32:13.449Z
20,9d4aeaa8-dcb9-46df-9849-690d0083dbd4,(CCD)-a,el,word,1,(CCD) – μια,2026-05-19T07:32:23.924Z
20,9d4aeaa8-dcb9-46df-9849-690d0083dbd4,well,el,word,1,καλά,2026-05-19T07:32:26.782Z
20,9d4aeaa8-dcb9-46df-9849-690d0083dbd4,"pesticides,",el,word,1,"φυτοφάρμακα,",2026-05-19T07:32:29.720Z
20,9d4aeaa8-dcb9-46df-9849-690d0083dbd4,ones,el,word,1,αυτές,2026-05-19T07:32:41.755Z
20,9d4aeaa8-dcb9-46df-9849-690d0083dbd4,disappearing,el,word,1,εξαφανίζονται,2026-05-19T07:32:42.788Z
20,9d4aeaa8-dcb9-46df-9849-690d0083dbd4,researchers,el,word,3,οι ερευνητές,2026-05-19T07:34:31.942Z
20,9d4aeaa8-dcb9-46df-9849-690d0083dbd4,Academy,el,word,3,Ακαδημία,2026-05-19T07:34:22.505Z
20,9d4aeaa8-dcb9-46df-9849-690d0083dbd4,world,el,word,1,κόσμος,2026-05-19T07:33:35.243Z
20,9d4aeaa8-dcb9-46df-9849-690d0083dbd4,one,el,word,1,ένα,2026-05-19T07:33:36.321Z
20,9d4aeaa8-dcb9-46df-9849-690d0083dbd4,bumblebee,el,word,1,μέλισσα,2026-05-19T07:33:36.351Z
20,9d4aeaa8-dcb9-46df-9849-690d0083dbd4,plants,el,word,2,φυτά,2026-05-19T07:34:17.175Z
20,9d4aeaa8-dcb9-46df-9849-690d0083dbd4,risk,el,word,1,κίνδυνος,2026-05-19T07:34:01.466Z
20,9d4aeaa8-dcb9-46df-9849-690d0083dbd4,desperately,el,word,1,απεγνωσμένα,2026-05-19T07:34:14.319Z
20,9d4aeaa8-dcb9-46df-9849-690d0083dbd4,"reproduction,",el,word,1,"αναπαραγωγή,",2026-05-19T07:34:18.195Z
20,9d4aeaa8-dcb9-46df-9849-690d0083dbd4,Growing,el,word,1,Αυξανόμενη,2026-05-19T07:34:24.046Z
20,9d4aeaa8-dcb9-46df-9849-690d0083dbd4,difficulties,el,word,4,δυσκολίες,2026-05-19T07:34:32.105Z
20,b4e114c2-357c-4ae7-a6a5-8f10ba64ab3b,certain,el,word,1,ορισμένα,2026-05-19T07:35:06.068Z
20,b4e114c2-357c-4ae7-a6a5-8f10ba64ab3b,researchers,el,word,1,ερευνητές,2026-05-19T07:35:36.063Z
20,b4e114c2-357c-4ae7-a6a5-8f10ba64ab3b,effects.,el,word,1,επιπτώσεις.,2026-05-19T07:35:39.020Z
20,b4e114c2-357c-4ae7-a6a5-8f10ba64ab3b,larkspurs-to,el,word,1,λαρκσπούρ-για,2026-05-19T07:35:40.389Z
20,b4e114c2-357c-4ae7-a6a5-8f10ba64ab3b,"wildflower,",el,word,1,"αγριολούλουδο,",2026-05-19T07:35:43.277Z
20,b4e114c2-357c-4ae7-a6a5-8f10ba64ab3b,particular,el,word,1,συγκεκριμένης,2026-05-19T07:35:57.408Z
20,b4e114c2-357c-4ae7-a6a5-8f10ba64ab3b,highlights,el,word,1,υπογραμμίζει,2026-05-19T07:35:58.851Z
20,b4e114c2-357c-4ae7-a6a5-8f10ba64ab3b,importance,el,word,1,σημασία,2026-05-19T07:36:00.874Z
20,b4e114c2-357c-4ae7-a6a5-8f10ba64ab3b,continuation,el,word,1,συνέχιση,2026-05-19T07:36:02.763Z
20,b4e114c2-357c-4ae7-a6a5-8f10ba64ab3b,improved,el,word,1,βελτιωμένες,2026-05-19T07:36:22.002Z
20,b4e114c2-357c-4ae7-a6a5-8f10ba64ab3b,enhancement...targeted,el,word,1,βελτίωση... στοχευμένη,2026-05-19T07:36:29.620Z
20,b4e114c2-357c-4ae7-a6a5-8f10ba64ab3b,collectively,el,word,1,συλλογικά,2026-05-19T07:36:34.625Z
9,385c0cd6-9d40-4ed4-8bfd-007f7211cd66,first,el,word,1,πρώτη,2026-05-19T07:59:24.788Z
9,385c0cd6-9d40-4ed4-8bfd-007f7211cd66,head,el,word,1,κεφάλι,2026-05-19T07:59:25.823Z
9,385c0cd6-9d40-4ed4-8bfd-007f7211cd66,participant,el,word,1,συμμετέχων,2026-05-19T07:59:41.813Z
9,385c0cd6-9d40-4ed4-8bfd-007f7211cd66,adjusted,el,word,1,ρύθμισε,2026-05-19T07:59:44.626Z
9,385c0cd6-9d40-4ed4-8bfd-007f7211cd66,"chair,",el,word,1,"καρέκλα,",2026-05-19T07:59:45.691Z
9,385c0cd6-9d40-4ed4-8bfd-007f7211cd66,experiment,el,word,1,πείραμα,2026-05-19T08:00:04.009Z
9,385c0cd6-9d40-4ed4-8bfd-007f7211cd66,Worldwide,el,word,1,Παγκόσμια,2026-05-19T08:00:40.704Z
9,385c0cd6-9d40-4ed4-8bfd-007f7211cd66,insects,el,word,1,έντομα,2026-05-19T08:00:49.644Z
9,385c0cd6-9d40-4ed4-8bfd-007f7211cd66,incredibly,el,word,1,απίστευτα,2026-05-19T08:00:55.823Z
9,385c0cd6-9d40-4ed4-8bfd-007f7211cd66,disappearing,el,word,1,εξαφανίζονται,2026-05-19T08:01:01.551Z
9,385c0cd6-9d40-4ed4-8bfd-007f7211cd66,"source,",el,word,1,"πηγή,",2026-05-19T08:01:10.708Z
9,385c0cd6-9d40-4ed4-8bfd-007f7211cd66,frighteningly,el,word,2,τρομακτικά,2026-05-19T08:01:24.447Z
9,385c0cd6-9d40-4ed4-8bfd-007f7211cd66,colonies,el,word,1,αποικίες,2026-05-19T08:01:14.903Z
9,385c0cd6-9d40-4ed4-8bfd-007f7211cd66,disappearance,el,word,2,εξαφάνιση,2026-05-19T08:01:24.268Z
9,385c0cd6-9d40-4ed4-8bfd-007f7211cd66,program,el,word,1,πρόγραμμα,2026-05-19T08:01:24.287Z
9,385c0cd6-9d40-4ed4-8bfd-007f7211cd66,reporters,el,word,1,δημοσιογράφοι,2026-05-19T08:01:24.416Z
9,385c0cd6-9d40-4ed4-8bfd-007f7211cd66,could,el,word,1,θα μπορούσε,2026-05-19T08:01:30.556Z
9,385c0cd6-9d40-4ed4-8bfd-007f7211cd66,pollinate,el,word,2,επικονίαση,2026-05-19T08:01:44.748Z
9,385c0cd6-9d40-4ed4-8bfd-007f7211cd66,pollination.,el,word,1,επικονίαση.,2026-05-19T08:01:42.294Z
9,385c0cd6-9d40-4ed4-8bfd-007f7211cd66,many,el,word,1,πολλές,2026-05-19T08:01:42.990Z
9,385c0cd6-9d40-4ed4-8bfd-007f7211cd66,pollination,el,word,1,επικονίαση,2026-05-19T08:01:52.223Z
9,385c0cd6-9d40-4ed4-8bfd-007f7211cd66,apple,el,word,1,μήλο,2026-05-19T08:01:55.349Z
9,385c0cd6-9d40-4ed4-8bfd-007f7211cd66,deaths,el,word,2,θανάτοι,2026-05-19T08:02:02.054Z
9,385c0cd6-9d40-4ed4-8bfd-007f7211cd66,mysterious,el,word,1,μυστηριώδη,2026-05-19T08:02:02.110Z
9,385c0cd6-9d40-4ed4-8bfd-007f7211cd66,development,el,word,3,ανάπτυξη,2026-05-19T08:02:17.440Z
9,385c0cd6-9d40-4ed4-8bfd-007f7211cd66,Colony,el,word,1,Αποικία,2026-05-19T08:02:05.417Z
9,385c0cd6-9d40-4ed4-8bfd-007f7211cd66,"pesticides,",el,word,1,"φυτοφάρμακα,",2026-05-19T08:02:11.306Z
9,385c0cd6-9d40-4ed4-8bfd-007f7211cd66,(CCD)-a,el,word,1,(CCD)—μια,2026-05-19T08:02:11.982Z
9,385c0cd6-9d40-4ed4-8bfd-007f7211cd66,numerous,el,word,1,πολλά,2026-05-19T08:02:18.937Z
9,385c0cd6-9d40-4ed4-8bfd-007f7211cd66,Bumblebees,el,word,2,Μελισσών,2026-05-19T08:02:24.620Z
9,385c0cd6-9d40-4ed4-8bfd-007f7211cd66,kinds,el,word,1,είδη,2026-05-19T08:02:24.410Z
9,385c0cd6-9d40-4ed4-8bfd-007f7211cd66,added,el,word,1,προστέθηκε,2026-05-19T08:02:25.924Z
9,385c0cd6-9d40-4ed4-8bfd-007f7211cd66,honeybees,el,word,2,μέλισσες,2026-05-19T08:02:27.825Z
9,385c0cd6-9d40-4ed4-8bfd-007f7211cd66,pollinators,el,word,1,επικονιαστές,2026-05-19T08:02:27.876Z
9,385c0cd6-9d40-4ed4-8bfd-007f7211cd66,conducted,el,word,1,διεξήγαγε,2026-05-19T08:03:20.887Z
9,385c0cd6-9d40-4ed4-8bfd-007f7211cd66,"pollinators,",el,word,1,"επικονιαστές,",2026-05-19T08:03:29.069Z
9,385c0cd6-9d40-4ed4-8bfd-007f7211cd66,competition,el,word,1,ανταγωνισμός,2026-05-19T08:03:38.405Z
9,385c0cd6-9d40-4ed4-8bfd-007f7211cd66,"larkspur,",el,word,3,"λαρκσπούρ,",2026-05-19T08:03:49.351Z
9,385c0cd6-9d40-4ed4-8bfd-007f7211cd66,"plant,",el,word,3,"φυτό,",2026-05-19T08:03:48.201Z
9,385c0cd6-9d40-4ed4-8bfd-007f7211cd66,larkspurs-to,el,word,1,λαρκσπούρ-για,2026-05-19T08:03:53.555Z
9,385c0cd6-9d40-4ed4-8bfd-007f7211cd66,particular,el,word,1,συγκεκριμένης,2026-05-19T08:04:03.348Z
9,385c0cd6-9d40-4ed4-8bfd-007f7211cd66,highlights,el,word,1,υπογραμμίζει,2026-05-19T08:04:04.977Z
9,385c0cd6-9d40-4ed4-8bfd-007f7211cd66,"biodiversity,",el,word,1,"βιοποικιλότητα,",2026-05-19T08:04:09.426Z
9,385c0cd6-9d40-4ed4-8bfd-007f7211cd66,larkspur,el,word,1,λαρκσπούρ,2026-05-19T08:04:12.729Z
9,385c0cd6-9d40-4ed4-8bfd-007f7211cd66,issue,el,word,1,θέμα,2026-05-19T08:04:22.323Z
9,385c0cd6-9d40-4ed4-8bfd-007f7211cd66,solve,el,word,1,λύσει,2026-05-19T08:04:28.696Z
9,385c0cd6-9d40-4ed4-8bfd-007f7211cd66,bullet,el,word,3,λύση,2026-05-19T08:06:32.203Z
9,385c0cd6-9d40-4ed4-8bfd-007f7211cd66,enhancement...targeted,el,word,3,βελτίωση... στοχευμένη,2026-05-19T08:06:40.333Z
9,385c0cd6-9d40-4ed4-8bfd-007f7211cd66,"""Habitat",el,word,3,«Βιότοπος,2026-05-19T08:06:55.642Z
9,385c0cd6-9d40-4ed4-8bfd-007f7211cd66,pesticide,el,word,1,φυτοφάρμακα,2026-05-19T08:04:45.485Z
9,385c0cd6-9d40-4ed4-8bfd-007f7211cd66,management,el,word,1,διαχείριση,2026-05-19T08:04:48.474Z
9,385c0cd6-9d40-4ed4-8bfd-007f7211cd66,resistant,el,word,1,ανθεκτικές,2026-05-19T08:04:51.502Z
9,385c0cd6-9d40-4ed4-8bfd-007f7211cd66,collectively,el,word,1,συλλογικά,2026-05-19T08:04:53.434Z
9,385c0cd6-9d40-4ed4-8bfd-007f7211cd66,imperative,el,word,1,απαραίτητο,2026-05-19T08:04:56.176Z
9,385c0cd6-9d40-4ed4-8bfd-007f7211cd66,beekeeping,el,word,2,μελισσοκομία,2026-05-19T08:05:05.193Z
9,385c0cd6-9d40-4ed4-8bfd-007f7211cd66,agriculture,el,word,1,γεωργία,2026-05-19T08:05:04.399Z
9,385c0cd6-9d40-4ed4-8bfd-007f7211cd66,ensure,el,word,1,εξασφαλίζει,2026-05-19T08:05:07.543Z
9,385c0cd6-9d40-4ed4-8bfd-007f7211cd66,Environmental,el,word,1,Περιβάλλον,2026-05-19T08:05:21.160Z
9,385c0cd6-9d40-4ed4-8bfd-007f7211cd66,search,el,word,2,αναζήτηση,2026-05-19T08:05:27.526Z
9,385c0cd6-9d40-4ed4-8bfd-007f7211cd66,single,el,word,5,μοναδική,2026-05-19T08:06:21.995Z
9,385c0cd6-9d40-4ed4-8bfd-007f7211cd66,silver,el,word,2,ασημένια,2026-05-19T08:06:17.962Z
9,385c0cd6-9d40-4ed4-8bfd-007f7211cd66,solution,el,word,3,λύση,2026-05-19T08:06:47.895Z
9,385c0cd6-9d40-4ed4-8bfd-007f7211cd66,cycle,el,word,1,κύκλος,2026-05-19T08:06:07.397Z
9,385c0cd6-9d40-4ed4-8bfd-007f7211cd66,proposed:,el,word,5,προτεινόμενη:,2026-05-19T08:07:19.296Z
9,385c0cd6-9d40-4ed4-8bfd-007f7211cd66,organizations,el,word,1,οργανισμοί,2026-05-19T08:07:03.853Z
9,385c0cd6-9d40-4ed4-8bfd-007f7211cd66,techniques,el,word,2,τεχνικές,2026-05-19T08:07:24.929Z
9,385c0cd6-9d40-4ed4-8bfd-007f7211cd66,honey,el,word,2,μέλι,2026-05-19T08:07:30.862Z
9,385c0cd6-9d40-4ed4-8bfd-007f7211cd66,health,el,word,1,υγεία,2026-05-19T08:07:29.741Z
9,9ee81d15-c631-4762-8998-4e512736898c,American,el,word,3,Αμερικανική,2026-05-19T08:08:45.952Z
9,9ee81d15-c631-4762-8998-4e512736898c,ReadWorks,el,word,1,ReadWorks,2026-05-19T08:08:45.841Z
9,9ee81d15-c631-4762-8998-4e512736898c,continent.,el,word,1,ηπειρωτική ήπειρο.,2026-05-19T08:08:52.554Z
9,9ee81d15-c631-4762-8998-4e512736898c,"cultures,",el,word,1,"κουλτούρες,",2026-05-19T08:08:53.816Z
9,9ee81d15-c631-4762-8998-4e512736898c,"Indians,",el,word,1,"Ινδιάνοι,",2026-05-19T08:09:09.773Z
9,9ee81d15-c631-4762-8998-4e512736898c,"clothing,",el,word,1,"ρούχα,",2026-05-19T08:09:13.541Z
9,9ee81d15-c631-4762-8998-4e512736898c,kitchen,el,word,1,κουζίνα,2026-05-19T08:09:15.386Z
9,9ee81d15-c631-4762-8998-4e512736898c,presence,el,word,1,παρουσία,2026-05-19T08:09:21.863Z
9,9ee81d15-c631-4762-8998-4e512736898c,smallpox.,el,word,1,εφιάλτης.,2026-05-19T08:10:36.077Z
9,9ee81d15-c631-4762-8998-4e512736898c,smallpox,el,word,1,η ευλογιά,2026-05-19T08:10:38.785Z
9,9ee81d15-c631-4762-8998-4e512736898c,epidemics,el,word,1,επιδημίες,2026-05-19T08:10:39.528Z
9,9ee81d15-c631-4762-8998-4e512736898c,fatalities,el,word,1,θανάτοι,2026-05-19T08:10:42.088Z
9,9ee81d15-c631-4762-8998-4e512736898c,part,el,word,1,μέρος,2026-05-19T08:10:44.315Z
9,9ee81d15-c631-4762-8998-4e512736898c,Europeans,el,word,2,Ευρωπαίοι,2026-05-19T08:13:40.184Z
9,9ee81d15-c631-4762-8998-4e512736898c,would,el,word,1,θα,2026-05-19T08:11:04.561Z
9,9ee81d15-c631-4762-8998-4e512736898c,Americans,el,word,4,Αμερικανοί,2026-05-19T08:12:03.468Z
9,9ee81d15-c631-4762-8998-4e512736898c,"Virginia,",el,word,1,"Βιρτζίνια,",2026-05-19T08:11:13.365Z
9,9ee81d15-c631-4762-8998-4e512736898c,"instance,",el,word,1,"για παράδειγμα,",2026-05-19T08:11:28.619Z
9,9ee81d15-c631-4762-8998-4e512736898c,Though,el,word,1,Αν και,2026-05-19T08:11:31.805Z
9,9ee81d15-c631-4762-8998-4e512736898c,people,el,word,1,άνθρωποι,2026-05-19T08:11:38.447Z
9,9ee81d15-c631-4762-8998-4e512736898c,aggressions,el,word,1,επιθέσεις,2026-05-19T08:11:49.965Z
9,9ee81d15-c631-4762-8998-4e512736898c,slew,el,word,1,σειρά,2026-05-19T08:11:50.876Z
9,9ee81d15-c631-4762-8998-4e512736898c,collectively,el,word,2,συλλογικά,2026-05-19T08:11:54.670Z
9,9ee81d15-c631-4762-8998-4e512736898c,pressured,el,word,1,πίεσαν,2026-05-19T08:11:54.031Z
9,9ee81d15-c631-4762-8998-4e512736898c,several,el,word,1,αρκετές,2026-05-19T08:11:59.040Z
9,9ee81d15-c631-4762-8998-4e512736898c,thousands,el,word,1,χιλιάδες,2026-05-19T08:12:00.599Z
9,9ee81d15-c631-4762-8998-4e512736898c,scrambling,el,word,2,σπεύδουν,2026-05-19T08:12:32.430Z
9,9ee81d15-c631-4762-8998-4e512736898c,technology,el,word,2,τεχνολογία,2026-05-19T08:12:32.076Z
9,9ee81d15-c631-4762-8998-4e512736898c,ability,el,word,1,ικανότητα,2026-05-19T08:12:34.682Z
9,9ee81d15-c631-4762-8998-4e512736898c,reinforcements,el,word,2,ενισχύσεις,2026-05-19T08:12:55.080Z
9,9ee81d15-c631-4762-8998-4e512736898c,sturdy,el,word,1,ανθεκτικά,2026-05-19T08:12:39.100Z
9,9ee81d15-c631-4762-8998-4e512736898c,Native,el,word,4,Αυτόχθονες,2026-05-19T08:13:12.265Z
9,9ee81d15-c631-4762-8998-4e512736898c,resources,el,word,1,πόρους,2026-05-19T08:12:49.197Z
9,9ee81d15-c631-4762-8998-4e512736898c,tenuous,el,word,2,εύθραυστες,2026-05-19T08:13:17.018Z
9,9ee81d15-c631-4762-8998-4e512736898c,consequences,el,word,2,συνέπειες,2026-05-19T08:13:13.445Z
9,9ee81d15-c631-4762-8998-4e512736898c,mounting,el,word,1,αυξανόμενη,2026-05-19T08:13:21.451Z
9,9ee81d15-c631-4762-8998-4e512736898c,sparked,el,word,3,προκάλεσε,2026-05-19T08:13:51.091Z
9,9ee81d15-c631-4762-8998-4e512736898c,skirmishes,el,word,1,συμπλοκές,2026-05-19T08:13:27.465Z
9,9ee81d15-c631-4762-8998-4e512736898c,livelihood.,el,word,2,μέσο διαβίωσης.,2026-05-19T08:13:51.031Z
9,9ee81d15-c631-4762-8998-4e512736898c,somewhere,el,word,2,κάπου,2026-05-19T08:14:18.710Z
9,9ee81d15-c631-4762-8998-4e512736898c,proved,el,word,1,αποδείχθηκε,2026-05-19T08:13:48.814Z
9,9ee81d15-c631-4762-8998-4e512736898c,impossible,el,word,1,αδύνατο,2026-05-19T08:13:49.451Z
9,9ee81d15-c631-4762-8998-4e512736898c,settlers,el,word,1,άποικοι,2026-05-19T08:14:02.305Z
9,9ee81d15-c631-4762-8998-4e512736898c,hunting,el,word,1,κυνήγι,2026-05-19T08:14:02.505Z
9,9ee81d15-c631-4762-8998-4e512736898c,West.,el,word,3,Δύση.,2026-05-19T08:14:27.842Z
9,9ee81d15-c631-4762-8998-4e512736898c,needed,el,word,4,χρειαζόταν,2026-05-19T08:14:29.302Z
9,9ee81d15-c631-4762-8998-4e512736898c,assumed,el,word,2,ανέλαβαν,2026-05-19T08:14:20.390Z
9,9ee81d15-c631-4762-8998-4e512736898c,"power,",el,word,2,"εξουσία,",2026-05-19T08:14:20.998Z
6,4983fd09-cb5d-4efe-a425-55d047099a7b,read,el,word,1,να διαβάζεις,2026-05-19T08:30:48.386Z
6,4983fd09-cb5d-4efe-a425-55d047099a7b,adjusted,el,word,2,ρύθμισε,2026-05-19T08:30:53.378Z
6,4983fd09-cb5d-4efe-a425-55d047099a7b,simple:,el,word,1,απλό:,2026-05-19T08:30:52.509Z
6,4983fd09-cb5d-4efe-a425-55d047099a7b,right.,el,word,1,δεξιά.,2026-05-19T08:30:56.515Z
6,4983fd09-cb5d-4efe-a425-55d047099a7b,morning,el,word,2,πρωί,2026-05-19T08:31:01.345Z
6,4983fd09-cb5d-4efe-a425-55d047099a7b,continuous,el,word,2,συνεχής,2026-05-19T08:31:02.522Z
6,4983fd09-cb5d-4efe-a425-55d047099a7b,begins.,el,word,1,ξεκινά.,2026-05-19T08:31:03.783Z
6,4983fd09-cb5d-4efe-a425-55d047099a7b,beside,el,word,1,δίπλα,2026-05-19T08:31:05.108Z
6,4983fd09-cb5d-4efe-a425-55d047099a7b,Paragraph,el,word,3,Παράγραφος,2026-05-19T08:31:29.154Z
6,4983fd09-cb5d-4efe-a425-55d047099a7b,first,el,word,1,πρώτη,2026-05-19T08:31:10.242Z
6,4983fd09-cb5d-4efe-a425-55d047099a7b,researcher,el,word,2,ερευνητής,2026-05-19T08:31:15.517Z
6,4983fd09-cb5d-4efe-a425-55d047099a7b,"section,",el,word,1,"ενότητα,",2026-05-19T08:31:26.772Z
6,4983fd09-cb5d-4efe-a425-55d047099a7b,system,el,word,5,σύστημα,2026-05-19T08:31:36.666Z
6,4983fd09-cb5d-4efe-a425-55d047099a7b,reduced.,el,word,3,μειωθεί.,2026-05-19T08:31:36.856Z
6,4983fd09-cb5d-4efe-a425-55d047099a7b,detects,el,word,1,ανιχνεύει,2026-05-19T08:31:31.497Z
6,4983fd09-cb5d-4efe-a425-55d047099a7b,still,el,word,2,ακόμα,2026-05-19T08:31:35.769Z
6,4983fd09-cb5d-4efe-a425-55d047099a7b,appears,el,word,1,φαίνεται,2026-05-19T08:31:39.129Z
6,4983fd09-cb5d-4efe-a425-55d047099a7b,Parks:,el,word,1,Παρκς:,2026-05-19T08:32:17.165Z
6,4983fd09-cb5d-4efe-a425-55d047099a7b,transformed,el,word,4,μεταμορφώθηκε,2026-05-19T08:38:42.778Z
6,4983fd09-cb5d-4efe-a425-55d047099a7b,African-American,el,word,1,Αφροαμερικανίδα,2026-05-19T08:32:39.945Z
6,4983fd09-cb5d-4efe-a425-55d047099a7b,seamstress,el,word,3,ραπτική,2026-05-19T08:32:50.244Z
6,4983fd09-cb5d-4efe-a425-55d047099a7b,December,el,word,1,Δεκέμβριος,2026-05-19T08:32:43.375Z
6,4983fd09-cb5d-4efe-a425-55d047099a7b,wanting,el,word,2,θέλω,2026-05-19T08:32:50.387Z
6,4983fd09-cb5d-4efe-a425-55d047099a7b,"Montgomery,",el,word,3,"Μοντγκόμερι,",2026-05-19T08:36:59.084Z
6,4983fd09-cb5d-4efe-a425-55d047099a7b,"Alabama,",el,word,1,"Αλαμπάμα,",2026-05-19T08:32:52.223Z
6,4983fd09-cb5d-4efe-a425-55d047099a7b,refused,el,word,1,αρνήθηκε,2026-05-19T08:32:53.678Z
6,4983fd09-cb5d-4efe-a425-55d047099a7b,passenger.,el,word,1,επιβάτη.,2026-05-19T08:32:57.125Z
6,4983fd09-cb5d-4efe-a425-55d047099a7b,advanced,el,word,8,προώθησε,2026-05-19T08:39:40.604Z
6,4983fd09-cb5d-4efe-a425-55d047099a7b,justice,el,word,1,δικαιοσύνη,2026-05-19T08:33:03.950Z
6,4983fd09-cb5d-4efe-a425-55d047099a7b,planning,el,word,1,σχεδιάζοντας,2026-05-19T08:33:04.572Z
6,4983fd09-cb5d-4efe-a425-55d047099a7b,equality,el,word,3,ισότητα,2026-05-19T08:33:06.902Z
6,4983fd09-cb5d-4efe-a425-55d047099a7b,make,el,word,1,κάνει,2026-05-19T08:33:06.421Z
6,4983fd09-cb5d-4efe-a425-55d047099a7b,ultimately,el,word,2,τελικά,2026-05-19T08:33:07.015Z
6,4983fd09-cb5d-4efe-a425-55d047099a7b,peaceful,el,word,2,ειρηνικοί,2026-05-19T08:33:40.888Z
6,4983fd09-cb5d-4efe-a425-55d047099a7b,confront,el,word,6,αντιμετωπίζει,2026-05-19T08:39:38.102Z
6,4983fd09-cb5d-4efe-a425-55d047099a7b,injustice,el,word,2,αδικία,2026-05-19T08:39:22.070Z
6,4983fd09-cb5d-4efe-a425-55d047099a7b,courageous,el,word,2,θαρραλέοι,2026-05-19T08:33:30.767Z
6,4983fd09-cb5d-4efe-a425-55d047099a7b,Though,el,word,1,Αν και,2026-05-19T08:33:23.546Z
6,4983fd09-cb5d-4efe-a425-55d047099a7b,Montgomery,el,word,4,Μοντγκόμερι,2026-05-19T08:39:45.782Z
6,4983fd09-cb5d-4efe-a425-55d047099a7b,segregation,el,word,1,φυλετικός διαχωρισμός,2026-05-19T08:33:28.749Z
6,4983fd09-cb5d-4efe-a425-55d047099a7b,disobedience,el,word,1,ανυπακοή,2026-05-19T08:33:33.127Z
6,4983fd09-cb5d-4efe-a425-55d047099a7b,extraordinary,el,word,2,εξαιρετικό,2026-05-19T08:33:46.162Z
6,4983fd09-cb5d-4efe-a425-55d047099a7b,second-class,el,word,1,δεύτερης κατηγορίας,2026-05-19T08:33:38.832Z
6,4983fd09-cb5d-4efe-a425-55d047099a7b,children,el,word,1,παιδιά,2026-05-19T08:33:44.389Z
6,4983fd09-cb5d-4efe-a425-55d047099a7b,back,el,word,3,πίσω,2026-05-19T08:39:53.189Z
6,4983fd09-cb5d-4efe-a425-55d047099a7b,ordinary,el,word,1,συνηθισμένοι,2026-05-19T08:33:54.329Z
6,4983fd09-cb5d-4efe-a425-55d047099a7b,unacceptable.,el,word,2,απαράδεκτο.,2026-05-19T08:33:54.731Z
6,4983fd09-cb5d-4efe-a425-55d047099a7b,ride,el,word,1,ταξιδέψτε,2026-05-19T08:33:54.687Z
6,4983fd09-cb5d-4efe-a425-55d047099a7b,stirred,el,word,3,συγκίνησαν,2026-05-19T08:34:04.042Z
6,4983fd09-cb5d-4efe-a425-55d047099a7b,"buses,",el,word,2,"λεωφορεία,",2026-05-19T08:34:03.851Z
6,4983fd09-cb5d-4efe-a425-55d047099a7b,across,el,word,1,σε όλη,2026-05-19T08:34:03.792Z
6,4983fd09-cb5d-4efe-a425-55d047099a7b,fierce,el,word,2,άγρια,2026-05-19T08:34:10.924Z
6,4983fd09-cb5d-4efe-a425-55d047099a7b,conscience,el,word,2,συνείδηση,2026-05-19T08:34:36.831Z
6,4983fd09-cb5d-4efe-a425-55d047099a7b,formed,el,word,1,σχηματίστηκαν,2026-05-19T08:34:07.545Z
6,4983fd09-cb5d-4efe-a425-55d047099a7b,carpools.,el,word,1,ομάδες μεταφοράς με αυτοκίνητο.,2026-05-19T08:34:07.847Z
6,4983fd09-cb5d-4efe-a425-55d047099a7b,intimidation,el,word,1,εκφοβισμός,2026-05-19T08:34:14.109Z
6,4983fd09-cb5d-4efe-a425-55d047099a7b,country.,el,word,1,χώρα.,2026-05-19T08:34:36.709Z
6,4983fd09-cb5d-4efe-a425-55d047099a7b,Parks's,el,word,1,Η Παρκς,2026-05-19T08:34:41.612Z
6,4983fd09-cb5d-4efe-a425-55d047099a7b,marginalized,el,word,2,περιθωριοποιημένους,2026-05-19T08:34:45.621Z
6,4983fd09-cb5d-4efe-a425-55d047099a7b,boycott,el,word,1,μποϊκοτάζ,2026-05-19T08:34:45.543Z
6,4983fd09-cb5d-4efe-a425-55d047099a7b,lifelong,el,word,1,δια βίου,2026-05-19T08:34:46.969Z
6,4983fd09-cb5d-4efe-a425-55d047099a7b,champion,el,word,1,υπερασπιστής,2026-05-19T08:34:48.606Z
6,4983fd09-cb5d-4efe-a425-55d047099a7b,passing,el,word,1,θάνατος,2026-05-19T08:34:49.166Z
6,4983fd09-cb5d-4efe-a425-55d047099a7b,life,el,word,1,η ζωή,2026-05-19T08:35:04.765Z
6,4983fd09-cb5d-4efe-a425-55d047099a7b,genuine,el,word,2,αληθινός,2026-05-19T08:35:16.329Z
6,4983fd09-cb5d-4efe-a425-55d047099a7b,anniversary,el,word,1,επέτειος,2026-05-19T08:35:10.336Z
6,4983fd09-cb5d-4efe-a425-55d047099a7b,although,el,word,1,αν και,2026-05-19T08:35:11.277Z
6,4983fd09-cb5d-4efe-a425-55d047099a7b,principle,el,word,1,αρχή,2026-05-19T08:35:12.898Z
6,4983fd09-cb5d-4efe-a425-55d047099a7b,always,el,word,1,πάντα,2026-05-19T08:35:15.390Z
6,4983fd09-cb5d-4efe-a425-55d047099a7b,"self-evident,",el,word,2,"αυτονόητη,",2026-05-19T08:35:24.079Z
6,4983fd09-cb5d-4efe-a425-55d047099a7b,American,el,word,1,Αμερικανική,2026-05-19T08:35:17.192Z
6,4983fd09-cb5d-4efe-a425-55d047099a7b,remind,el,word,1,υπενθυμίζουμε,2026-05-19T08:35:18.843Z
6,4983fd09-cb5d-4efe-a425-55d047099a7b,generations,el,word,1,γενιές,2026-05-19T08:35:22.494Z
6,4983fd09-cb5d-4efe-a425-55d047099a7b,self-executing.,el,word,2,αυτοεκτελέσιμο.,2026-05-19T08:35:37.055Z
6,4983fd09-cb5d-4efe-a425-55d047099a7b,taken,el,word,1,χρειάστηκαν,2026-05-19T08:35:26.750Z
6,4983fd09-cb5d-4efe-a425-55d047099a7b,heirs,el,word,1,κληρονόμοι,2026-05-19T08:35:28.720Z
6,4983fd09-cb5d-4efe-a425-55d047099a7b,courage,el,word,1,θάρρος,2026-05-19T08:35:30.249Z
6,4983fd09-cb5d-4efe-a425-55d047099a7b,progress,el,word,1,πρόοδος,2026-05-19T08:35:31.737Z
6,4983fd09-cb5d-4efe-a425-55d047099a7b,Americans,el,word,1,Αμερικανοί,2026-05-19T08:35:35.591Z
6,4983fd09-cb5d-4efe-a425-55d047099a7b,never,el,word,1,Ποτέ,2026-05-19T08:35:35.709Z
6,4983fd09-cb5d-4efe-a425-55d047099a7b,country,el,word,2,χώρα,2026-05-19T08:35:38.543Z
6,4983fd09-cb5d-4efe-a425-55d047099a7b,Constitution,el,word,2,Σύνταγμα,2026-05-19T08:35:38.736Z
6,4983fd09-cb5d-4efe-a425-55d047099a7b,take,el,word,1,να αναλάβουν,2026-05-19T08:35:41.584Z
6,4983fd09-cb5d-4efe-a425-55d047099a7b,perfecting,el,word,1,τελειοποίηση,2026-05-19T08:35:42.954Z
6,4983fd09-cb5d-4efe-a425-55d047099a7b,virtue,el,word,2,δυνάμει,2026-05-19T08:36:02.646Z
6,4983fd09-cb5d-4efe-a425-55d047099a7b,"America,",el,word,1,"Αμερική,",2026-05-19T08:36:00.100Z
6,4983fd09-cb5d-4efe-a425-55d047099a7b,proclaim,el,word,2,ανακηρύσσω,2026-05-19T08:36:04.373Z
6,4983fd09-cb5d-4efe-a425-55d047099a7b,"States,",el,word,1,"κράτη,",2026-05-19T08:36:07.963Z
6,4983fd09-cb5d-4efe-a425-55d047099a7b,programs,el,word,1,προγράμματα,2026-05-19T08:36:13.783Z
6,4983fd09-cb5d-4efe-a425-55d047099a7b,enduring,el,word,1,διαχρονική,2026-05-19T08:36:17.769Z
6,4983fd09-cb5d-4efe-a425-55d047099a7b,hereunto,el,word,2,στο παρόν,2026-05-19T08:36:39.803Z
6,4983fd09-cb5d-4efe-a425-55d047099a7b,"February,",el,word,1,"Φεβρουαρίου,",2026-05-19T08:36:31.426Z
6,4983fd09-cb5d-4efe-a425-55d047099a7b,Independence,el,word,1,Ανεξαρτησία,2026-05-19T08:36:41.773Z
6,4983fd09-cb5d-4efe-a425-55d047099a7b,year,el,word,1,έτος,2026-05-19T08:36:44.771Z
6,4983fd09-cb5d-4efe-a425-55d047099a7b,Lord,el,word,1,Κύριε,2026-05-19T08:36:47.036Z
6,4983fd09-cb5d-4efe-a425-55d047099a7b,two,el,word,1,δύο,2026-05-19T08:36:48.677Z
6,4983fd09-cb5d-4efe-a425-55d047099a7b,thousand,el,word,1,χιλιάδες,2026-05-19T08:36:49.277Z
6,4983fd09-cb5d-4efe-a425-55d047099a7b,give,el,word,4,δώσει,2026-05-19T08:39:26.600Z
6,4983fd09-cb5d-4efe-a425-55d047099a7b,seat,el,word,3,θέση,2026-05-19T08:39:28.186Z
6,4983fd09-cb5d-4efe-a425-55d047099a7b,Rosa,el,word,3,Ρόζα,2026-05-19T08:38:55.019Z
6,4983fd09-cb5d-4efe-a425-55d047099a7b,Parks,el,word,3,Παρκς,2026-05-19T08:39:27.730Z
6,4983fd09-cb5d-4efe-a425-55d047099a7b,journey,el,word,7,πορεία,2026-05-19T08:39:33.902Z
6,4983fd09-cb5d-4efe-a425-55d047099a7b,forever,el,word,3,για πάντα,2026-05-19T08:38:40.677Z
6,4983fd09-cb5d-4efe-a425-55d047099a7b,toward,el,word,1,προς,2026-05-19T08:39:11.405Z
6,4983fd09-cb5d-4efe-a425-55d047099a7b,sent,el,word,1,έστειλαν,2026-05-19T08:39:48.740Z
6,4983fd09-cb5d-4efe-a425-55d047099a7b,actions,el,word,2,ενέργειες,2026-05-19T08:39:53.794Z
6,4983fd09-cb5d-4efe-a425-55d047099a7b,"aircraft,",el,word,1,"αεροσκάφη,",2026-05-19T08:40:51.497Z
6,4983fd09-cb5d-4efe-a425-55d047099a7b,national,el,word,2,εθνικά,2026-05-19T08:45:47.162Z
6,4983fd09-cb5d-4efe-a425-55d047099a7b,drowning,el,word,1,καταστρέφοντας,2026-05-19T08:41:04.688Z
6,4983fd09-cb5d-4efe-a425-55d047099a7b,pollution,el,word,1,ρύπανση,2026-05-19T08:41:05.719Z
6,4983fd09-cb5d-4efe-a425-55d047099a7b,wilderness,el,word,2,άγρια φύση,2026-05-19T08:41:18.161Z
6,4983fd09-cb5d-4efe-a425-55d047099a7b,public,el,word,1,δημόσια,2026-05-19T08:41:18.119Z
6,4983fd09-cb5d-4efe-a425-55d047099a7b,Science,el,word,2,Science,2026-05-19T08:41:24.361Z
6,4983fd09-cb5d-4efe-a425-55d047099a7b,people,el,word,2,άνθρωποι,2026-05-19T08:48:46.978Z
6,4983fd09-cb5d-4efe-a425-55d047099a7b,daily,el,word,2,καθημερινά,2026-05-19T08:41:49.806Z
6,4983fd09-cb5d-4efe-a425-55d047099a7b,"life,",el,word,1,"ζωής,",2026-05-19T08:41:32.669Z
6,4983fd09-cb5d-4efe-a425-55d047099a7b,scientists,el,word,3,επιστήμονες,2026-05-19T08:41:51.859Z
6,4983fd09-cb5d-4efe-a425-55d047099a7b,lands,el,word,1,χώροι,2026-05-19T08:41:36.022Z
6,4983fd09-cb5d-4efe-a425-55d047099a7b,Colorado,el,word,1,Κολοράντο,2026-05-19T08:41:38.768Z
6,4983fd09-cb5d-4efe-a425-55d047099a7b,State,el,word,1,Συμβουλίου,2026-05-19T08:41:40.040Z
6,4983fd09-cb5d-4efe-a425-55d047099a7b,"recreation,",el,word,1,"αναψυχή,",2026-05-19T08:41:40.346Z
6,4983fd09-cb5d-4efe-a425-55d047099a7b,resource,el,word,1,πόρος,2026-05-19T08:41:43.392Z
6,4983fd09-cb5d-4efe-a425-55d047099a7b,conservation,el,word,4,διατήρηση,2026-05-19T08:46:29.110Z
6,4983fd09-cb5d-4efe-a425-55d047099a7b,respite,el,word,1,ανάπαυλα,2026-05-19T08:41:45.937Z
6,4983fd09-cb5d-4efe-a425-55d047099a7b,din,el,word,2,θόρυβος,2026-05-19T08:43:08.526Z
6,4983fd09-cb5d-4efe-a425-55d047099a7b,Service,el,word,1,Υπηρεσία,2026-05-19T08:41:56.386Z
6,4983fd09-cb5d-4efe-a425-55d047099a7b,levels,el,word,1,επίπεδα,2026-05-19T08:41:58.588Z
6,4983fd09-cb5d-4efe-a425-55d047099a7b,calculated,el,word,2,υπολόγισαν,2026-05-19T08:42:12.020Z
6,4983fd09-cb5d-4efe-a425-55d047099a7b,raised,el,word,2,αυξήθηκαν,2026-05-19T08:42:08.376Z
6,4983fd09-cb5d-4efe-a425-55d047099a7b,ringing,el,word,2,που χτυπά,2026-05-19T08:42:08.601Z
6,4983fd09-cb5d-4efe-a425-55d047099a7b,clatter,el,word,2,θόρυβος,2026-05-19T08:42:24.126Z
6,4983fd09-cb5d-4efe-a425-55d047099a7b,"mining,",el,word,1,"εξόρυξης,",2026-05-19T08:42:13.939Z
6,4983fd09-cb5d-4efe-a425-55d047099a7b,two-thirds,el,word,2,τα δύο τρίτα,2026-05-19T08:42:34.011Z
6,4983fd09-cb5d-4efe-a425-55d047099a7b,protected,el,word,2,προστατευόμενες,2026-05-19T08:42:37.726Z
6,4983fd09-cb5d-4efe-a425-55d047099a7b,adverse,el,word,1,αρνητικές,2026-05-19T08:42:29.449Z
6,4983fd09-cb5d-4efe-a425-55d047099a7b,consequences,el,word,1,συνέπειες,2026-05-19T08:42:30.911Z
6,4983fd09-cb5d-4efe-a425-55d047099a7b,seek,el,word,1,αναζητούν,2026-05-19T08:42:37.248Z
6,4983fd09-cb5d-4efe-a425-55d047099a7b,tranquil,el,word,2,ήσυχη,2026-05-19T08:42:48.281Z
6,4983fd09-cb5d-4efe-a425-55d047099a7b,hush,el,word,1,ησυχία,2026-05-19T08:42:48.286Z
6,4983fd09-cb5d-4efe-a425-55d047099a7b,University,el,word,2,Πανεπιστήμιο,2026-05-19T08:47:00.288Z
6,4983fd09-cb5d-4efe-a425-55d047099a7b,National,el,word,4,Εθνικό,2026-05-19T08:45:47.265Z
6,4983fd09-cb5d-4efe-a425-55d047099a7b,Park,el,word,2,Πάρκο,2026-05-19T08:43:16.381Z
6,4983fd09-cb5d-4efe-a425-55d047099a7b,Night,el,word,1,Night,2026-05-19T08:43:10.481Z
6,4983fd09-cb5d-4efe-a425-55d047099a7b,Division,el,word,1,Τμήμα,2026-05-19T08:43:15.505Z
6,4983fd09-cb5d-4efe-a425-55d047099a7b,"Collins,",el,word,2,"Κόλινς,",2026-05-19T08:43:30.746Z
6,4983fd09-cb5d-4efe-a425-55d047099a7b,McKenna,el,word,1,McKenna,2026-05-19T08:43:20.032Z
6,4983fd09-cb5d-4efe-a425-55d047099a7b,Sounds,el,word,2,Sounds,2026-05-19T08:43:32.599Z
6,4983fd09-cb5d-4efe-a425-55d047099a7b,"Colo.,",el,word,1,"Κολοράντο,",2026-05-19T08:43:30.001Z
6,4983fd09-cb5d-4efe-a425-55d047099a7b,appreciation,el,word,3,αντίληψη,2026-05-19T08:43:38.733Z
6,4983fd09-cb5d-4efe-a425-55d047099a7b,park,el,word,1,πάρκο,2026-05-19T08:43:37.139Z
6,4983fd09-cb5d-4efe-a425-55d047099a7b,created,el,word,3,δημιούργησαν,2026-05-19T08:43:56.985Z
6,4983fd09-cb5d-4efe-a425-55d047099a7b,quantify,el,word,1,ποσοτικοποίηση,2026-05-19T08:43:50.080Z
6,4983fd09-cb5d-4efe-a425-55d047099a7b,park-land,el,word,2,πάρκα,2026-05-19T08:44:26.879Z
6,4983fd09-cb5d-4efe-a425-55d047099a7b,contribution,el,word,1,συμβολή,2026-05-19T08:43:55.638Z
6,4983fd09-cb5d-4efe-a425-55d047099a7b,Buxton,el,word,1,Buxton,2026-05-19T08:43:56.602Z
6,4983fd09-cb5d-4efe-a425-55d047099a7b,computerized,el,word,2,υπολογιστικό,2026-05-19T08:44:06.076Z
6,4983fd09-cb5d-4efe-a425-55d047099a7b,soundscape,el,word,3,ηχοτοπίο,2026-05-19T08:44:10.563Z
6,4983fd09-cb5d-4efe-a425-55d047099a7b,collated,el,word,2,συγκέντρωσαν,2026-05-19T08:44:16.279Z
6,4983fd09-cb5d-4efe-a425-55d047099a7b,analyzed,el,word,1,ανέλυσαν,2026-05-19T08:44:10.386Z
6,4983fd09-cb5d-4efe-a425-55d047099a7b,approximated,el,word,1,προσεγγίζει,2026-05-19T08:44:11.632Z
6,4983fd09-cb5d-4efe-a425-55d047099a7b,average,el,word,1,μέσος όρος,2026-05-19T08:44:13.998Z
6,4983fd09-cb5d-4efe-a425-55d047099a7b,hours,el,word,1,ώρες,2026-05-19T08:44:18.693Z
6,4983fd09-cb5d-4efe-a425-55d047099a7b,acoustic,el,word,1,ακουστική,2026-05-19T08:44:22.543Z
6,4983fd09-cb5d-4efe-a425-55d047099a7b,combined,el,word,1,συνδυασμένα,2026-05-19T08:44:25.611Z
6,4983fd09-cb5d-4efe-a425-55d047099a7b,variables,el,word,1,μεταβλητές,2026-05-19T08:44:28.137Z
6,4983fd09-cb5d-4efe-a425-55d047099a7b,calculate,el,word,1,υπολογίζουν,2026-05-19T08:44:33.843Z
6,4983fd09-cb5d-4efe-a425-55d047099a7b,added.,el,word,1,προσέθεσαν.,2026-05-19T08:44:39.712Z
6,4983fd09-cb5d-4efe-a425-55d047099a7b,"locale,",el,word,1,"τοπική ρύθμιση,",2026-05-19T08:44:43.712Z
6,4983fd09-cb5d-4efe-a425-55d047099a7b,ReadWorks’,el,word,1,ReadWorks’,2026-05-19T08:45:21.624Z
6,4983fd09-cb5d-4efe-a425-55d047099a7b,level,el,word,1,επίπεδο,2026-05-19T08:45:26.775Z
6,4983fd09-cb5d-4efe-a425-55d047099a7b,less,el,word,1,λιγότερο,2026-05-19T08:45:27.306Z
6,4983fd09-cb5d-4efe-a425-55d047099a7b,independent,el,word,3,ανεξάρτητη,2026-05-19T08:45:44.130Z
6,4983fd09-cb5d-4efe-a425-55d047099a7b,researchers,el,word,1,ερευνητές,2026-05-19T08:45:48.977Z
6,4983fd09-cb5d-4efe-a425-55d047099a7b,overflights,el,word,1,πτήσεις,2026-05-19T08:45:51.855Z
6,4983fd09-cb5d-4efe-a425-55d047099a7b,Grand,el,word,1,Γκραντ,2026-05-19T08:45:58.324Z
6,4983fd09-cb5d-4efe-a425-55d047099a7b,busiest,el,word,1,πιο πολυσύχναστες,2026-05-19T08:45:58.993Z
6,4983fd09-cb5d-4efe-a425-55d047099a7b,Sound,el,word,1,Ήχος,2026-05-19T08:46:01.716Z
6,4983fd09-cb5d-4efe-a425-55d047099a7b,spots,el,word,1,σημεία,2026-05-19T08:46:03.918Z
6,4983fd09-cb5d-4efe-a425-55d047099a7b,"decibels,",el,word,1,"ντεσιμπέλ,",2026-05-19T08:46:18.314Z
6,4983fd09-cb5d-4efe-a425-55d047099a7b,biologists.,el,word,1,βιολόγους.,2026-05-19T08:46:27.498Z
6,4983fd09-cb5d-4efe-a425-55d047099a7b,"birds,",el,word,1,"πουλιά,",2026-05-19T08:46:28.475Z
6,4983fd09-cb5d-4efe-a425-55d047099a7b,Noise,el,word,1,Θόρυβος,2026-05-19T08:46:28.883Z
6,4983fd09-cb5d-4efe-a425-55d047099a7b,deafen,el,word,1,να τα κάνει κουφά,2026-05-19T08:46:32.489Z
6,4983fd09-cb5d-4efe-a425-55d047099a7b,noise,el,word,1,θόρυβος,2026-05-19T08:46:40.875Z
6,4983fd09-cb5d-4efe-a425-55d047099a7b,muffle,el,word,1,καλύπτουν,2026-05-19T08:46:41.285Z
6,4983fd09-cb5d-4efe-a425-55d047099a7b,mating,el,word,1,ζευγάρωμα,2026-05-19T08:46:44.197Z
6,4983fd09-cb5d-4efe-a425-55d047099a7b,hindering,el,word,1,εμποδίζοντας,2026-05-19T08:46:49.795Z
6,4983fd09-cb5d-4efe-a425-55d047099a7b,hunt,el,word,1,κυνηγούν,2026-05-19T08:46:54.205Z
6,4983fd09-cb5d-4efe-a425-55d047099a7b,"animals,",el,word,1,"ζώα,",2026-05-19T08:46:55.915Z
6,4983fd09-cb5d-4efe-a425-55d047099a7b,avian,el,word,1,πτηνών,2026-05-19T08:47:04.111Z
6,4983fd09-cb5d-4efe-a425-55d047099a7b,Christopher,el,word,1,Christopher,2026-05-19T08:47:05.973Z
6,4983fd09-cb5d-4efe-a425-55d047099a7b,"Oregon,",el,word,1,"Όρεγκον,",2026-05-19T08:47:10.309Z
6,4983fd09-cb5d-4efe-a425-55d047099a7b,effects,el,word,1,επιπτώσεις,2026-05-19T08:47:13.213Z
6,4983fd09-cb5d-4efe-a425-55d047099a7b,heard,el,word,1,ακούγονται,2026-05-19T08:47:19.780Z
6,4983fd09-cb5d-4efe-a425-55d047099a7b,flee,el,word,1,φεύγουν,2026-05-19T08:47:20.536Z
6,4983fd09-cb5d-4efe-a425-55d047099a7b,noisy,el,word,1,θορυβώδης,2026-05-19T08:47:23.510Z
6,4983fd09-cb5d-4efe-a425-55d047099a7b,entirely.,el,word,1,εντελώς.,2026-05-19T08:47:26.505Z
6,4983fd09-cb5d-4efe-a425-55d047099a7b,enhance,el,word,2,ενισχύουν,2026-05-19T08:47:32.111Z
6,4983fd09-cb5d-4efe-a425-55d047099a7b,Psychologists,el,word,1,Ψυχολόγοι,2026-05-19T08:47:32.917Z
6,4983fd09-cb5d-4efe-a425-55d047099a7b,discovering,el,word,1,ανακαλύπτοντας,2026-05-19T08:47:35.095Z
6,4983fd09-cb5d-4efe-a425-55d047099a7b,natural,el,word,1,φυσικά,2026-05-19T08:47:37.987Z
6,4983fd09-cb5d-4efe-a425-55d047099a7b,"humans,",el,word,1,"ανθρώπους,",2026-05-19T08:47:39.157Z
6,4983fd09-cb5d-4efe-a425-55d047099a7b,"stress,",el,word,1,"το άγχος,",2026-05-19T08:47:40.746Z
6,4983fd09-cb5d-4efe-a425-55d047099a7b,"mood,",el,word,4,"διάθεση,",2026-05-19T08:47:43.787Z
6,4983fd09-cb5d-4efe-a425-55d047099a7b,rustling,el,word,3,συριγμό,2026-05-19T08:47:43.623Z
6,4983fd09-cb5d-4efe-a425-55d047099a7b,boost,el,word,1,ενισχύουν,2026-05-19T08:47:44.728Z
6,4983fd09-cb5d-4efe-a425-55d047099a7b,cognitive,el,word,2,γνωστικές,2026-05-19T08:48:38.307Z
6,4983fd09-cb5d-4efe-a425-55d047099a7b,performed,el,word,1,απόδοση,2026-05-19T08:48:01.096Z
6,4983fd09-cb5d-4efe-a425-55d047099a7b,burble,el,word,1,κυματισμός,2026-05-19T08:48:03.099Z
6,4983fd09-cb5d-4efe-a425-55d047099a7b,mountain,el,word,1,βουνό,2026-05-19T08:48:06.009Z
6,4983fd09-cb5d-4efe-a425-55d047099a7b,"surroundings,",el,word,2,"περιβάλλον,",2026-05-19T08:48:18.476Z
6,4983fd09-cb5d-4efe-a425-55d047099a7b,taking,el,word,1,λαμβάνοντας,2026-05-19T08:48:09.243Z
6,4983fd09-cb5d-4efe-a425-55d047099a7b,compared,el,word,1,σε σύγκριση,2026-05-19T08:48:09.749Z
6,4983fd09-cb5d-4efe-a425-55d047099a7b,reported,el,word,2,ανέφεραν,2026-05-19T08:48:13.638Z
6,4983fd09-cb5d-4efe-a425-55d047099a7b,listening,el,word,1,ακούγοντας,2026-05-19T08:48:13.494Z
6,4983fd09-cb5d-4efe-a425-55d047099a7b,feeling,el,word,1,αισθάνονται,2026-05-19T08:48:16.070Z
6,4983fd09-cb5d-4efe-a425-55d047099a7b,recording,el,word,1,ηχογράφηση,2026-05-19T08:48:23.806Z
6,4983fd09-cb5d-4efe-a425-55d047099a7b,background,el,word,1,φόντο,2026-05-19T08:48:30.834Z
6,4983fd09-cb5d-4efe-a425-55d047099a7b,restorative,el,word,1,αναζωογονητική,2026-05-19T08:48:32.438Z
6,4983fd09-cb5d-4efe-a425-55d047099a7b,"errors,""",el,word,1,"λάθη»,",2026-05-19T08:48:41.501Z
6,4983fd09-cb5d-4efe-a425-55d047099a7b,video,el,word,2,βίντεο,2026-05-19T08:48:42.085Z
5,379fff7c-d051-48dd-bdb9-01fca0306263,whether,el,word,2,αν,2026-05-19T09:00:57.693Z
5,379fff7c-d051-48dd-bdb9-01fca0306263,beside,el,word,1,δίπλα,2026-05-19T09:01:00.853Z
5,379fff7c-d051-48dd-bdb9-01fca0306263,Paragraph,el,word,2,Παράγραφος,2026-05-19T09:01:19.984Z
5,379fff7c-d051-48dd-bdb9-01fca0306263,front,el,word,1,μπροστά,2026-05-19T09:01:05.243Z
5,379fff7c-d051-48dd-bdb9-01fca0306263,right.,el,word,1,δεξιά.,2026-05-19T09:01:18.341Z
5,379fff7c-d051-48dd-bdb9-01fca0306263,continue,el,word,1,συνέχεια,2026-05-19T09:01:23.151Z
5,379fff7c-d051-48dd-bdb9-01fca0306263,reduced.,el,word,3,μειωθεί.,2026-05-19T09:02:25.075Z
5,379fff7c-d051-48dd-bdb9-01fca0306263,begins.,el,word,2,ξεκινά.,2026-05-19T09:02:06.658Z
5,379fff7c-d051-48dd-bdb9-01fca0306263,followed,el,word,1,ακολουθούσε,2026-05-19T09:01:50.009Z
5,379fff7c-d051-48dd-bdb9-01fca0306263,smaller.,el,word,1,μικρότερο.,2026-05-19T09:01:50.092Z
5,379fff7c-d051-48dd-bdb9-01fca0306263,distance,el,word,1,απόσταση,2026-05-19T09:01:50.405Z
5,379fff7c-d051-48dd-bdb9-01fca0306263,final,el,word,1,τελική,2026-05-19T09:01:51.864Z
5,379fff7c-d051-48dd-bdb9-01fca0306263,slightly,el,word,1,ελαφρώς,2026-05-19T09:01:54.319Z
5,379fff7c-d051-48dd-bdb9-01fca0306263,settings,el,word,1,ρυθμίσεις,2026-05-19T09:02:08.905Z
5,379fff7c-d051-48dd-bdb9-01fca0306263,real,el,word,1,πραγματικό,2026-05-19T09:02:12.618Z
5,379fff7c-d051-48dd-bdb9-01fca0306263,fixations,el,word,2,σταθεροποιήσεις,2026-05-19T09:02:32.945Z
5,379fff7c-d051-48dd-bdb9-01fca0306263,researcher,el,word,1,ερευνητής,2026-05-19T09:02:23.547Z
5,379fff7c-d051-48dd-bdb9-01fca0306263,shapes,el,word,1,σχήματα,2026-05-19T09:02:30.319Z
5,379fff7c-d051-48dd-bdb9-01fca0306263,objects.,el,word,1,αντικείμενα.,2026-05-19T09:03:25.010Z
5,379fff7c-d051-48dd-bdb9-01fca0306263,isn't,el,word,1,δεν είναι,2026-05-19T09:03:25.883Z
5,379fff7c-d051-48dd-bdb9-01fca0306263,visible,el,word,1,ορατό,2026-05-19T09:03:29.077Z
5,379fff7c-d051-48dd-bdb9-01fca0306263,form,el,word,1,μορφή,2026-05-19T09:03:29.118Z
5,379fff7c-d051-48dd-bdb9-01fca0306263,electromagnetic,el,word,3,ηλεκτρομαγνητικό,2026-05-19T09:03:59.850Z
5,379fff7c-d051-48dd-bdb9-01fca0306263,spectrum,el,word,1,φάσμα,2026-05-19T09:03:40.420Z
5,379fff7c-d051-48dd-bdb9-01fca0306263,scrunched,el,word,1,συμπιεσμένα,2026-05-19T09:04:06.765Z
5,379fff7c-d051-48dd-bdb9-01fca0306263,slinky.,el,word,1,σπείρα.,2026-05-19T09:04:13.692Z
5,379fff7c-d051-48dd-bdb9-01fca0306263,include,el,word,1,περιλαμβάνουν,2026-05-19T09:04:21.575Z
5,379fff7c-d051-48dd-bdb9-01fca0306263,commonplace,el,word,1,συνηθισμένη,2026-05-19T09:04:30.460Z
5,379fff7c-d051-48dd-bdb9-01fca0306263,energy-bouncing,el,word,1,ενέργεια που ανακλάται,2026-05-19T09:04:36.068Z
5,379fff7c-d051-48dd-bdb9-01fca0306263,night-vision,el,word,1,νυχτερινή όραση,2026-05-19T09:05:18.679Z
5,11d97eba-6542-49b8-af34-3ba0f5ed9980,term,el,word,1,όρος,2026-05-19T09:08:16.604Z
5,11d97eba-6542-49b8-af34-3ba0f5ed9980,referred,el,word,1,αναφερόταν,2026-05-19T09:08:16.690Z
5,11d97eba-6542-49b8-af34-3ba0f5ed9980,colonies,el,word,1,αποικίες,2026-05-19T09:08:17.454Z
5,11d97eba-6542-49b8-af34-3ba0f5ed9980,Constitution,el,word,1,Σύνταγμα,2026-05-19T09:08:30.697Z
5,11d97eba-6542-49b8-af34-3ba0f5ed9980,Benjamin,el,word,1,Μπέντζαμιν,2026-05-19T09:08:40.910Z
5,11d97eba-6542-49b8-af34-3ba0f5ed9980,worked,el,word,1,εργάστηκε,2026-05-19T09:08:59.540Z
5,11d97eba-6542-49b8-af34-3ba0f5ed9980,great,el,word,1,μεγάλη,2026-05-19T09:09:11.258Z
5,11d97eba-6542-49b8-af34-3ba0f5ed9980,"Americancolonies,",el,word,1,"αμερικανικές αποικίες,",2026-05-19T09:09:21.544Z
5,11d97eba-6542-49b8-af34-3ba0f5ed9980,American,el,word,1,Αμερικανός,2026-05-19T09:09:30.763Z
5,11d97eba-6542-49b8-af34-3ba0f5ed9980,representative,el,word,1,εκπρόσωπος,2026-05-19T09:09:32.154Z
5,11d97eba-6542-49b8-af34-3ba0f5ed9980,Continental,el,word,1,Ηπειρωτική,2026-05-19T09:10:03.061Z
5,11d97eba-6542-49b8-af34-3ba0f5ed9980,Independence,el,word,1,Ανεξαρτησία,2026-05-19T09:10:06.031Z
5,11d97eba-6542-49b8-af34-3ba0f5ed9980,interests,el,word,1,συμφέροντα,2026-05-19T09:10:06.638Z
21,bafe48be-1cc4-45f8-bc5e-1188c97ec83d,accurately,el,word,3,με ακρίβεια,2026-05-19T09:26:19.957Z
21,bafe48be-1cc4-45f8-bc5e-1188c97ec83d,slightly,el,word,2,ελαφρώς,2026-05-19T09:26:47.434Z
21,bafe48be-1cc4-45f8-bc5e-1188c97ec83d,points,el,word,3,σημεία,2026-05-19T09:25:57.778Z
21,bafe48be-1cc4-45f8-bc5e-1188c97ec83d,continue,el,word,1,συνέχεια,2026-05-19T09:25:57.865Z
21,bafe48be-1cc4-45f8-bc5e-1188c97ec83d,simple:,el,word,2,απλό:,2026-05-19T09:25:57.983Z
21,bafe48be-1cc4-45f8-bc5e-1188c97ec83d,sudden,el,word,1,ξαφνικές,2026-05-19T09:25:58.868Z
21,bafe48be-1cc4-45f8-bc5e-1188c97ec83d,morning,el,word,1,πρωί,2026-05-19T09:26:01.192Z
21,bafe48be-1cc4-45f8-bc5e-1188c97ec83d,laboratory.,el,word,1,εργαστήριο.,2026-05-19T09:26:02.336Z
21,bafe48be-1cc4-45f8-bc5e-1188c97ec83d,began,el,word,1,ξεκίνησε,2026-05-19T09:26:05.903Z
21,bafe48be-1cc4-45f8-bc5e-1188c97ec83d,paragraph,el,word,5,παράγραφος,2026-05-19T09:26:27.755Z
21,bafe48be-1cc4-45f8-bc5e-1188c97ec83d,visual,el,word,1,οπτικά,2026-05-19T09:26:06.016Z
21,bafe48be-1cc4-45f8-bc5e-1188c97ec83d,Paragraph,el,word,1,Παράγραφος,2026-05-19T09:26:08.005Z
21,bafe48be-1cc4-45f8-bc5e-1188c97ec83d,Helvetica,el,word,1,Helvetica,2026-05-19T09:26:09.488Z
21,bafe48be-1cc4-45f8-bc5e-1188c97ec83d,text,el,word,2,κείμενο,2026-05-19T09:26:19.921Z
21,bafe48be-1cc4-45f8-bc5e-1188c97ec83d,becomes,el,word,1,γίνεται,2026-05-19T09:26:12.529Z
21,bafe48be-1cc4-45f8-bc5e-1188c97ec83d,smaller.,el,word,1,μικρότερο.,2026-05-19T09:26:14.454Z
21,bafe48be-1cc4-45f8-bc5e-1188c97ec83d,easier,el,word,1,ευκολότερο,2026-05-19T09:26:15.521Z
21,bafe48be-1cc4-45f8-bc5e-1188c97ec83d,whether,el,word,2,αν,2026-05-19T09:26:43.295Z
21,bafe48be-1cc4-45f8-bc5e-1188c97ec83d,next,el,word,1,επόμενο,2026-05-19T09:26:17.573Z
21,bafe48be-1cc4-45f8-bc5e-1188c97ec83d,system,el,word,2,σύστημα,2026-05-19T09:26:39.957Z
21,bafe48be-1cc4-45f8-bc5e-1188c97ec83d,detects,el,word,2,ανιχνεύει,2026-05-19T09:26:40.914Z
21,bafe48be-1cc4-45f8-bc5e-1188c97ec83d,fixations,el,word,1,σταθεροποιήσεις,2026-05-19T09:26:23.509Z
21,bafe48be-1cc4-45f8-bc5e-1188c97ec83d,distance,el,word,2,απόσταση,2026-05-19T09:26:42.134Z
21,bafe48be-1cc4-45f8-bc5e-1188c97ec83d,beside,el,word,1,δίπλα,2026-05-19T09:26:24.779Z
21,bafe48be-1cc4-45f8-bc5e-1188c97ec83d,neighboring,el,word,1,γειτονικά,2026-05-19T09:26:25.342Z
21,bafe48be-1cc4-45f8-bc5e-1188c97ec83d,gaze,el,word,1,βλέμμα,2026-05-19T09:26:26.387Z
21,bafe48be-1cc4-45f8-bc5e-1188c97ec83d,appears,el,word,2,φαίνεται,2026-05-19T09:26:27.488Z
21,bafe48be-1cc4-45f8-bc5e-1188c97ec83d,uses,el,word,1,χρησιμοποιεί,2026-05-19T09:26:28.165Z
21,bafe48be-1cc4-45f8-bc5e-1188c97ec83d,larger,el,word,2,μεγαλύτερη,2026-05-19T09:26:30.080Z
21,bafe48be-1cc4-45f8-bc5e-1188c97ec83d,fonts.,el,word,3,γραμματοσειρές.,2026-05-19T09:26:38.073Z
21,bafe48be-1cc4-45f8-bc5e-1188c97ec83d,current,el,word,1,ρεύμα,2026-05-19T09:26:32.112Z
21,bafe48be-1cc4-45f8-bc5e-1188c97ec83d,smooth,el,word,1,ομαλή,2026-05-19T09:26:33.183Z
21,bafe48be-1cc4-45f8-bc5e-1188c97ec83d,behaves,el,word,1,συμπεριφέρεται,2026-05-19T09:26:34.023Z
21,bafe48be-1cc4-45f8-bc5e-1188c97ec83d,f-,el,word,1,στ-,2026-05-19T09:26:39.631Z
21,bafe48be-1cc4-45f8-bc5e-1188c97ec83d,still,el,word,1,ακόμα,2026-05-19T09:26:43.983Z
21,bafe48be-1cc4-45f8-bc5e-1188c97ec83d,"words,",el,word,1,"λέξεις,",2026-05-19T09:26:45.711Z
21,bafe48be-1cc4-45f8-bc5e-1188c97ec83d,reduced.,el,word,1,μειωθεί.,2026-05-19T09:26:46.793Z
21,bafe48be-1cc4-45f8-bc5e-1188c97ec83d,begins.,el,word,1,ξεκινά.,2026-05-19T09:26:48.160Z
21,bafe48be-1cc4-45f8-bc5e-1188c97ec83d,researcher,el,word,1,ερευνητής,2026-05-19T09:26:48.767Z
21,bafe48be-1cc4-45f8-bc5e-1188c97ec83d,real,el,word,2,πραγματικό,2026-05-19T09:26:50.654Z
21,bafe48be-1cc4-45f8-bc5e-1188c97ec83d,experiment,el,word,1,πείραμα,2026-05-19T09:26:50.653Z
21,18648dcc-d567-4000-8cd4-37fe117296d5,real,el,word,1,πραγματικό,2026-05-19T09:26:53.289Z
21,18648dcc-d567-4000-8cd4-37fe117296d5,begins.,el,word,2,ξεκινά.,2026-05-19T09:26:54.331Z
21,18648dcc-d567-4000-8cd4-37fe117296d5,distance,el,word,1,απόσταση,2026-05-19T09:26:54.404Z
21,18648dcc-d567-4000-8cd4-37fe117296d5,makes,el,word,2,κάνει,2026-05-19T09:26:55.549Z
21,18648dcc-d567-4000-8cd4-37fe117296d5,becomes,el,word,1,γίνεται,2026-05-19T09:26:55.141Z
21,18648dcc-d567-4000-8cd4-37fe117296d5,smaller.,el,word,1,μικρότερο.,2026-05-19T09:26:55.581Z
21,ab5b243a-6d12-46ed-8f3e-281ebc6f3517,becomes,el,word,5,γίνεται,2026-05-19T09:32:55.557Z
21,ab5b243a-6d12-46ed-8f3e-281ebc6f3517,read,el,word,1,να διαβάζεις,2026-05-19T09:32:08.033Z
21,ab5b243a-6d12-46ed-8f3e-281ebc6f3517,"naturally,",el,word,3,"φυσικά,",2026-05-19T09:34:03.295Z
21,ab5b243a-6d12-46ed-8f3e-281ebc6f3517,sudden,el,word,1,ξαφνικές,2026-05-19T09:32:08.235Z
21,ab5b243a-6d12-46ed-8f3e-281ebc6f3517,text.,el,word,1,κείμενο.,2026-05-19T09:32:08.884Z
21,ab5b243a-6d12-46ed-8f3e-281ebc6f3517,pace.,el,word,1,ρυθμό.,2026-05-19T09:32:09.668Z
21,ab5b243a-6d12-46ed-8f3e-281ebc6f3517,uses,el,word,1,χρησιμοποιεί,2026-05-19T09:32:18.109Z
21,ab5b243a-6d12-46ed-8f3e-281ebc6f3517,features,el,word,1,χαρακτηριστικά,2026-05-19T09:32:18.135Z
21,ab5b243a-6d12-46ed-8f3e-281ebc6f3517,across,el,word,3,σε όλες,2026-05-19T09:33:28.108Z
21,ab5b243a-6d12-46ed-8f3e-281ebc6f3517,next,el,word,1,επόμενο,2026-05-19T09:32:20.084Z
21,ab5b243a-6d12-46ed-8f3e-281ebc6f3517,detects,el,word,4,ανιχνεύει,2026-05-19T09:33:29.363Z
21,ab5b243a-6d12-46ed-8f3e-281ebc6f3517,distance,el,word,3,απόσταση,2026-05-19T09:33:00.281Z
21,ab5b243a-6d12-46ed-8f3e-281ebc6f3517,neighboring,el,word,4,γειτονικά,2026-05-19T09:33:14.407Z
21,ab5b243a-6d12-46ed-8f3e-281ebc6f3517,whether,el,word,6,αν,2026-05-19T09:34:15.200Z
21,ab5b243a-6d12-46ed-8f3e-281ebc6f3517,system,el,word,7,σύστημα,2026-05-19T09:33:44.655Z
21,ab5b243a-6d12-46ed-8f3e-281ebc6f3517,still,el,word,2,ακόμα,2026-05-19T09:33:12.929Z
21,ab5b243a-6d12-46ed-8f3e-281ebc6f3517,beside,el,word,1,δίπλα,2026-05-19T09:32:28.996Z
21,ab5b243a-6d12-46ed-8f3e-281ebc6f3517,"words,",el,word,3,"λέξεις,",2026-05-19T09:33:46.271Z
21,ab5b243a-6d12-46ed-8f3e-281ebc6f3517,researcher,el,word,2,ερευνητής,2026-05-19T09:33:46.679Z
21,ab5b243a-6d12-46ed-8f3e-281ebc6f3517,letters,el,word,8,γράμματα,2026-05-19T09:34:14.671Z
21,ab5b243a-6d12-46ed-8f3e-281ebc6f3517,quiet,el,word,1,ήσυχο,2026-05-19T09:32:30.795Z
21,ab5b243a-6d12-46ed-8f3e-281ebc6f3517,Paragraph,el,word,7,Παράγραφος,2026-05-19T09:33:10.237Z
21,ab5b243a-6d12-46ed-8f3e-281ebc6f3517,accurately,el,word,3,με ακρίβεια,2026-05-19T09:32:56.144Z
21,ab5b243a-6d12-46ed-8f3e-281ebc6f3517,paragraph,el,word,1,παράγραφος,2026-05-19T09:32:35.845Z
21,ab5b243a-6d12-46ed-8f3e-281ebc6f3517,continuing.,el,word,2,συνέχεια.,2026-05-19T09:32:36.172Z
21,ab5b243a-6d12-46ed-8f3e-281ebc6f3517,toward,el,word,4,προς,2026-05-19T09:33:28.277Z
21,ab5b243a-6d12-46ed-8f3e-281ebc6f3517,fonts.,el,word,1,γραμματοσειρές.,2026-05-19T09:32:36.445Z
21,ab5b243a-6d12-46ed-8f3e-281ebc6f3517,adjust,el,word,2,προσαρμόζω,2026-05-19T09:32:37.411Z
21,ab5b243a-6d12-46ed-8f3e-281ebc6f3517,reduced.,el,word,8,μειωθεί.,2026-05-19T09:33:47.724Z
21,ab5b243a-6d12-46ed-8f3e-281ebc6f3517,gaze,el,word,1,βλέμμα,2026-05-19T09:32:39.869Z
21,ab5b243a-6d12-46ed-8f3e-281ebc6f3517,laboratory.,el,word,2,εργαστήριο.,2026-05-19T09:32:42.576Z
21,ab5b243a-6d12-46ed-8f3e-281ebc6f3517,"section,",el,word,1,"ενότητα,",2026-05-19T09:32:41.841Z
21,ab5b243a-6d12-46ed-8f3e-281ebc6f3517,reading,el,word,2,ανάγνωση,2026-05-19T09:32:55.011Z
21,ab5b243a-6d12-46ed-8f3e-281ebc6f3517,"movements,",el,word,1,"κινήσεις,",2026-05-19T09:32:46.503Z
21,ab5b243a-6d12-46ed-8f3e-281ebc6f3517,smaller.,el,word,3,μικρότερο.,2026-05-19T09:34:07.980Z
21,ab5b243a-6d12-46ed-8f3e-281ebc6f3517,slightly,el,word,1,ελαφρώς,2026-05-19T09:33:16.787Z
21,ab5b243a-6d12-46ed-8f3e-281ebc6f3517,experiment,el,word,3,πείραμα,2026-05-19T09:33:27.956Z
21,ab5b243a-6d12-46ed-8f3e-281ebc6f3517,begins.,el,word,2,ξεκινά.,2026-05-19T09:33:48.501Z
21,ab5b243a-6d12-46ed-8f3e-281ebc6f3517,current,el,word,1,ρεύμα,2026-05-19T09:33:28.196Z
21,ab5b243a-6d12-46ed-8f3e-281ebc6f3517,see,el,word,1,βλέπε,2026-05-19T09:33:41.245Z
21,ab5b243a-6d12-46ed-8f3e-281ebc6f3517,larges,el,word,1,μεγάλα,2026-05-19T09:33:49.534Z
21,ab5b243a-6d12-46ed-8f3e-281ebc6f3517,"chair,",el,word,2,"καρέκλα,",2026-05-19T09:34:03.280Z
21,ab5b243a-6d12-46ed-8f3e-281ebc6f3517,followed,el,word,1,ακολουθούσε,2026-05-19T09:34:03.435Z
21,ab5b243a-6d12-46ed-8f3e-281ebc6f3517,Helvetica,el,word,1,Helvetica,2026-05-19T09:34:04.935Z
21,2a6ac46f-de59-4ba5-bcd8-ee966ef69c7b,Without,el,word,2,Χωρίς,2026-05-19T09:35:41.204Z
21,2a6ac46f-de59-4ba5-bcd8-ee966ef69c7b,electromagnetic,el,word,2,ηλεκτρομαγνητική,2026-05-19T09:37:16.663Z
21,2a6ac46f-de59-4ba5-bcd8-ee966ef69c7b,different,el,word,1,διαφορετικά,2026-05-19T09:36:13.901Z
21,2a6ac46f-de59-4ba5-bcd8-ee966ef69c7b,slinky.,el,word,1,σπείρα.,2026-05-19T09:36:19.008Z
21,2a6ac46f-de59-4ba5-bcd8-ee966ef69c7b,sensitive,el,word,1,ευαίσθητο,2026-05-19T09:36:31.934Z
21,2a6ac46f-de59-4ba5-bcd8-ee966ef69c7b,collecting,el,word,1,συλλογή,2026-05-19T09:36:43.385Z
21,2a6ac46f-de59-4ba5-bcd8-ee966ef69c7b,"microwaves,",el,word,1,"μικροκύματα,",2026-05-19T09:36:44.888Z
21,2a6ac46f-de59-4ba5-bcd8-ee966ef69c7b,ReadWorks’,el,word,3,ReadWorks,2026-05-19T09:36:45.044Z
21,2a6ac46f-de59-4ba5-bcd8-ee966ef69c7b,frequencies,el,word,2,συχνότητες,2026-05-19T09:37:52.511Z
21,2a6ac46f-de59-4ba5-bcd8-ee966ef69c7b,"machines,",el,word,6,"μηχανήματα,",2026-05-19T09:38:25.703Z
21,2a6ac46f-de59-4ba5-bcd8-ee966ef69c7b,bouncing,el,word,3,που αναπηδά,2026-05-19T09:38:28.745Z
21,2a6ac46f-de59-4ba5-bcd8-ee966ef69c7b,weren't,el,word,1,δεν,2026-05-19T09:37:51.059Z
21,2a6ac46f-de59-4ba5-bcd8-ee966ef69c7b,"however,",el,word,4,"ωστόσο,",2026-05-19T09:38:08.097Z
21,2a6ac46f-de59-4ba5-bcd8-ee966ef69c7b,basketball;,el,word,4,μπάλα του μπάσκετ·,2026-05-19T09:38:30.808Z
21,2a6ac46f-de59-4ba5-bcd8-ee966ef69c7b,toward,el,word,1,προς,2026-05-19T09:38:13.804Z
21,2a6ac46f-de59-4ba5-bcd8-ee966ef69c7b,would,el,word,1,θα,2026-05-19T09:38:32.942Z
21,2a6ac46f-de59-4ba5-bcd8-ee966ef69c7b,invented,el,word,1,εφευρέθηκαν,2026-05-19T09:38:40.749Z
21,b504bc2c-3d28-45b6-8be6-234185e438cb,"Hemisphere,",el,word,1,"Ημισφαίριο,",2026-05-19T09:40:04.073Z
21,b504bc2c-3d28-45b6-8be6-234185e438cb,precipitation.,el,word,1,βροχοπτώσεις.,2026-05-19T09:40:06.713Z
21,b504bc2c-3d28-45b6-8be6-234185e438cb,hindquarters,el,word,1,οπίσθια άκρα,2026-05-19T09:40:56.537Z
21,b504bc2c-3d28-45b6-8be6-234185e438cb,species,el,word,2,είδη,2026-05-19T09:41:10.153Z
21,b504bc2c-3d28-45b6-8be6-234185e438cb,also,el,word,2,επίσης,2026-05-19T09:41:08.665Z
21,b504bc2c-3d28-45b6-8be6-234185e438cb,name,el,word,2,όνομα,2026-05-19T09:41:08.776Z
21,b504bc2c-3d28-45b6-8be6-234185e438cb,eat,el,word,1,τρώω,2026-05-19T09:41:08.792Z
21,b504bc2c-3d28-45b6-8be6-234185e438cb,misnomer,el,word,1,απαράδεκτη ονομασία,2026-05-19T09:41:16.779Z
21,b504bc2c-3d28-45b6-8be6-234185e438cb,snakes,el,word,1,φίδια,2026-05-19T09:41:19.690Z
21,b504bc2c-3d28-45b6-8be6-234185e438cb,rainforest,el,word,1,τροπικό δάσος,2026-05-19T09:41:22.341Z
21,b504bc2c-3d28-45b6-8be6-234185e438cb,predators.,el,word,1,αρπακτικά.,2026-05-19T09:42:03.390Z
12,0b59ef93-0b3f-44af-9a48-66431c7d3af3,appears,el,word,1,φαίνεται,2026-05-19T09:51:55.359Z
12,0b59ef93-0b3f-44af-9a48-66431c7d3af3,reduced.,el,word,1,μειωθεί.,2026-05-19T09:51:56.771Z
12,0b59ef93-0b3f-44af-9a48-66431c7d3af3,.,el,word,1,.,2026-05-19T09:52:03.870Z
12,0b59ef93-0b3f-44af-9a48-66431c7d3af3,experiment,el,word,2,πείραμα,2026-05-19T09:52:09.400Z
12,0b59ef93-0b3f-44af-9a48-66431c7d3af3,real,el,word,1,πραγματικό,2026-05-19T09:52:07.937Z
12,0b59ef93-0b3f-44af-9a48-66431c7d3af3,December,el,word,3,Δεκέμβριος,2026-05-19T09:53:14.251Z
12,0b59ef93-0b3f-44af-9a48-66431c7d3af3,Nation,el,word,1,Έθνος,2026-05-19T09:53:03.414Z
12,0b59ef93-0b3f-44af-9a48-66431c7d3af3,"Montgomery,",el,word,1,"Μοντγκόμερι,",2026-05-19T09:53:13.026Z
12,0b59ef93-0b3f-44af-9a48-66431c7d3af3,home,el,word,1,σπίτι,2026-05-19T09:53:14.349Z
12,0b59ef93-0b3f-44af-9a48-66431c7d3af3,ordinary,el,word,3,συνηθισμένοι,2026-05-19T09:53:42.113Z
12,0b59ef93-0b3f-44af-9a48-66431c7d3af3,defiance,el,word,1,ανυπακοή,2026-05-19T09:53:23.538Z
12,0b59ef93-0b3f-44af-9a48-66431c7d3af3,spurred,el,word,1,ώθησε,2026-05-19T09:53:25.903Z
12,0b59ef93-0b3f-44af-9a48-66431c7d3af3,movement,el,word,1,κίνημα,2026-05-19T09:53:27.431Z
12,0b59ef93-0b3f-44af-9a48-66431c7d3af3,Rosa,el,word,1,Ρόζα,2026-05-19T09:53:30.924Z
12,0b59ef93-0b3f-44af-9a48-66431c7d3af3,Parks,el,word,1,Παρκς,2026-05-19T09:53:31.331Z
12,0b59ef93-0b3f-44af-9a48-66431c7d3af3,courageous,el,word,1,θαρραλέοι,2026-05-19T09:53:34.498Z
12,0b59ef93-0b3f-44af-9a48-66431c7d3af3,disobedience,el,word,1,ανυπακοή,2026-05-19T09:53:36.079Z
12,0b59ef93-0b3f-44af-9a48-66431c7d3af3,Montgomery,el,word,2,Μοντγκόμερι,2026-05-19T09:53:44.296Z
12,0b59ef93-0b3f-44af-9a48-66431c7d3af3,civil,el,word,1,πολιτικοί,2026-05-19T09:53:41.873Z
12,0b59ef93-0b3f-44af-9a48-66431c7d3af3,extraordinary,el,word,1,εξαιρετικό,2026-05-19T09:53:44.620Z
12,0b59ef93-0b3f-44af-9a48-66431c7d3af3,second-class,el,word,1,δεύτερης κατηγορίας,2026-05-19T09:53:45.951Z
12,0b59ef93-0b3f-44af-9a48-66431c7d3af3,intimidation,el,word,1,εκφοβισμός,2026-05-19T09:53:58.435Z
12,0b59ef93-0b3f-44af-9a48-66431c7d3af3,Americans,el,word,1,Αμερικανοί,2026-05-19T09:53:59.399Z
12,0b59ef93-0b3f-44af-9a48-66431c7d3af3,"self-evident,",el,word,1,"αυτονόητη,",2026-05-19T09:54:20.141Z
12,0b59ef93-0b3f-44af-9a48-66431c7d3af3,self-executing.,el,word,1,αυτοεκτελέσιμο.,2026-05-19T09:54:22.079Z
12,0b59ef93-0b3f-44af-9a48-66431c7d3af3,hereunto,el,word,1,στο παρόν,2026-05-19T09:54:55.095Z
12,40c2fc4f-9e8f-4b28-a848-34ca3c0a2a47,Humans,el,word,1,Άνθρωποι,2026-05-19T09:58:18.802Z
12,7e216bf5-253c-418c-aa90-395208faaa24,commercial,el,word,2,εμπορική,2026-05-19T09:58:24.884Z
12,7e216bf5-253c-418c-aa90-395208faaa24,development,el,word,1,ανάπτυξη,2026-05-19T09:58:42.710Z
12,7e216bf5-253c-418c-aa90-395208faaa24,protected,el,word,1,προστατευόμενες,2026-05-19T09:58:44.573Z
12,7e216bf5-253c-418c-aa90-395208faaa24,"""pervasive""",el,word,2,«διαδεδομένοι»,2026-05-19T09:59:17.590Z
12,7e216bf5-253c-418c-aa90-395208faaa24,work,el,word,1,εργασία,2026-05-19T09:58:56.130Z
12,7e216bf5-253c-418c-aa90-395208faaa24,Colorado,el,word,2,Κολοράντο,2026-05-19T09:59:38.768Z
12,7e216bf5-253c-418c-aa90-395208faaa24,scientists,el,word,1,επιστήμονες,2026-05-19T09:59:19.798Z
12,7e216bf5-253c-418c-aa90-395208faaa24,"federal,",el,word,1,"ομοσπονδιακά,",2026-05-19T09:59:22.339Z
12,7e216bf5-253c-418c-aa90-395208faaa24,din,el,word,1,θόρυβος,2026-05-19T09:59:28.497Z
12,7e216bf5-253c-418c-aa90-395208faaa24,people,el,word,2,άνθρωποι,2026-05-19T09:59:58.875Z
12,7e216bf5-253c-418c-aa90-395208faaa24,two-thirds,el,word,1,τα δύο τρίτα,2026-05-19T09:59:51.774Z
12,7e216bf5-253c-418c-aa90-395208faaa24,tranquil,el,word,2,ήσυχη,2026-05-19T10:00:02.391Z
12,7e216bf5-253c-418c-aa90-395208faaa24,hush,el,word,1,ησυχία,2026-05-19T10:00:01.098Z
12,7e216bf5-253c-418c-aa90-395208faaa24,made,el,word,1,δημοσιεύθηκαν,2026-05-19T10:00:04.135Z
12,7e216bf5-253c-418c-aa90-395208faaa24,"Colo.,",el,word,1,"Κολοράντο,",2026-05-19T10:00:22.237Z
12,7e216bf5-253c-418c-aa90-395208faaa24,quantify,el,word,1,ποσοτικοποίηση,2026-05-19T10:00:38.499Z
12,7e216bf5-253c-418c-aa90-395208faaa24,soundscape,el,word,1,ηχοτοπίο,2026-05-19T10:00:41.603Z
12,7e216bf5-253c-418c-aa90-395208faaa24,computerized,el,word,1,υπολογιστικό,2026-05-19T10:00:45.899Z
12,7e216bf5-253c-418c-aa90-395208faaa24,boosted,el,word,1,αύξησε,2026-05-19T10:00:59.620Z
12,7e216bf5-253c-418c-aa90-395208faaa24,"comparison,",el,word,2,"σύγκριση,",2026-05-19T10:01:10.352Z
12,7e216bf5-253c-418c-aa90-395208faaa24,often,el,word,1,συχνά,2026-05-19T10:01:05.016Z
12,7e216bf5-253c-418c-aa90-395208faaa24,exceed,el,word,1,υπερβαίνουν,2026-05-19T10:01:05.407Z
12,7e216bf5-253c-418c-aa90-395208faaa24,decibels,el,word,1,ντεσιμπέλ,2026-05-19T10:01:06.615Z
12,7e216bf5-253c-418c-aa90-395208faaa24,quietest,el,word,1,πιο ήσυχα,2026-05-19T10:01:17.386Z
12,7e216bf5-253c-418c-aa90-395208faaa24,independent,el,word,1,ανεξάρτητη,2026-05-19T10:01:30.309Z
12,7e216bf5-253c-418c-aa90-395208faaa24,researchers,el,word,1,ερευνητές,2026-05-19T10:01:32.013Z
12,7e216bf5-253c-418c-aa90-395208faaa24,noise,el,word,1,θόρυβος,2026-05-19T10:01:43.902Z
12,7e216bf5-253c-418c-aa90-395208faaa24,conservation,el,word,2,διατήρηση,2026-05-19T10:01:46.263Z
12,7e216bf5-253c-418c-aa90-395208faaa24,calls,el,word,1,καλέσματα,2026-05-19T10:01:46.132Z
12,7e216bf5-253c-418c-aa90-395208faaa24,biologists.,el,word,1,βιολόγους.,2026-05-19T10:01:47.662Z
12,7e216bf5-253c-418c-aa90-395208faaa24,warn,el,word,1,προειδοποιούν,2026-05-19T10:01:52.052Z
12,7e216bf5-253c-418c-aa90-395208faaa24,"calls,""",el,word,1,"κλήσεις»,",2026-05-19T10:01:59.733Z
12,7e216bf5-253c-418c-aa90-395208faaa24,studies,el,word,1,μελέτες,2026-05-19T10:02:00.377Z
12,7e216bf5-253c-418c-aa90-395208faaa24,songbirds,el,word,1,τα πουλιά,2026-05-19T10:02:09.469Z
12,7e216bf5-253c-418c-aa90-395208faaa24,perhaps,el,word,1,ίσως,2026-05-19T10:02:14.682Z
12,7e216bf5-253c-418c-aa90-395208faaa24,enhance,el,word,1,ενισχύουν,2026-05-19T10:02:15.333Z
12,7e216bf5-253c-418c-aa90-395208faaa24,musicologist,el,word,1,μουσικολόγος,2026-05-19T10:02:17.599Z
12,7e216bf5-253c-418c-aa90-395208faaa24,reported,el,word,1,ανέφεραν,2026-05-19T10:02:30.572Z
12,7e216bf5-253c-418c-aa90-395208faaa24,Pennsylvania,el,word,1,Πενσυλβάνια,2026-05-19T10:02:46.072Z
12,7e216bf5-253c-418c-aa90-395208faaa24,recovered,el,word,1,ανακτήθηκαν,2026-05-19T10:02:52.373Z
14,87c55aa5-4d60-4fa0-8b52-edb6b31c2072,feeling,el,word,2,συναίσθημα,2026-05-19T10:43:49.363Z
14,00013315-cc71-4ca1-bb6f-54c932c446ab,read,el,word,1,να διαβάζεις,2026-05-19T10:44:10.835Z
14,00013315-cc71-4ca1-bb6f-54c932c446ab,"naturally,",el,word,1,"φυσικά,",2026-05-19T10:44:10.883Z
14,00013315-cc71-4ca1-bb6f-54c932c446ab,comfortable,el,word,1,άνετο,2026-05-19T10:44:10.902Z
14,00013315-cc71-4ca1-bb6f-54c932c446ab,followed,el,word,2,ακολουθούσε,2026-05-19T10:44:11.072Z
14,00013315-cc71-4ca1-bb6f-54c932c446ab,accurately,el,word,1,με ακρίβεια,2026-05-19T10:44:21.494Z
14,00013315-cc71-4ca1-bb6f-54c932c446ab,easier,el,word,1,ευκολότερο,2026-05-19T10:44:26.876Z
14,00013315-cc71-4ca1-bb6f-54c932c446ab,whether,el,word,1,αν,2026-05-19T10:44:27.704Z
14,00013315-cc71-4ca1-bb6f-54c932c446ab,detects,el,word,2,ανιχνεύει,2026-05-19T10:45:24.391Z
14,00013315-cc71-4ca1-bb6f-54c932c446ab,relevant,el,word,1,σχετικές,2026-05-19T10:44:38.114Z
14,00013315-cc71-4ca1-bb6f-54c932c446ab,settings,el,word,2,ρυθμίσεις,2026-05-19T10:44:45.275Z
14,00013315-cc71-4ca1-bb6f-54c932c446ab,appears,el,word,3,φαίνεται,2026-05-19T10:45:01.513Z
14,00013315-cc71-4ca1-bb6f-54c932c446ab,real,el,word,1,πραγματικό,2026-05-19T10:44:49.301Z
14,00013315-cc71-4ca1-bb6f-54c932c446ab,experiment,el,word,1,πείραμα,2026-05-19T10:44:50.250Z
14,00013315-cc71-4ca1-bb6f-54c932c446ab,"movements,",el,word,1,"κινήσεις,",2026-05-19T10:44:53.190Z
14,00013315-cc71-4ca1-bb6f-54c932c446ab,fixations,el,word,1,σταθεροποιήσεις,2026-05-19T10:44:58.838Z
14,00013315-cc71-4ca1-bb6f-54c932c446ab,paragraph,el,word,1,παράγραφος,2026-05-19T10:45:03.913Z
14,00013315-cc71-4ca1-bb6f-54c932c446ab,consistently,el,word,3,με συνέπεια,2026-05-19T10:45:18.690Z
14,00013315-cc71-4ca1-bb6f-54c932c446ab,behaves,el,word,1,συμπεριφέρεται,2026-05-19T10:45:05.777Z
14,00013315-cc71-4ca1-bb6f-54c932c446ab,fonts.,el,word,1,γραμματοσειρές.,2026-05-19T10:45:08.260Z
14,00013315-cc71-4ca1-bb6f-54c932c446ab,final,el,word,3,τελικός,2026-05-19T10:45:14.485Z
14,00013315-cc71-4ca1-bb6f-54c932c446ab,wider,el,word,1,ευρύτερο,2026-05-19T10:45:18.980Z
14,00013315-cc71-4ca1-bb6f-54c932c446ab,continue,el,word,2,συνέχεια,2026-05-19T10:45:19.220Z
14,00013315-cc71-4ca1-bb6f-54c932c446ab,simple:,el,word,1,απλό:,2026-05-19T10:45:19.277Z
14,00013315-cc71-4ca1-bb6f-54c932c446ab,began,el,word,1,ξεκίνησε,2026-05-19T10:45:19.517Z
14,00013315-cc71-4ca1-bb6f-54c932c446ab,next,el,word,1,επόμενο,2026-05-19T10:45:23.710Z
14,00013315-cc71-4ca1-bb6f-54c932c446ab,"section,",el,word,1,"ενότητα,",2026-05-19T10:45:24.846Z
14,1608e290-0145-4f85-8da1-448033c7f8cd,"America,",el,word,4,"Αμερική,",2026-05-19T10:47:18.826Z
14,1608e290-0145-4f85-8da1-448033c7f8cd,continent.,el,word,7,ηπειρωτική χώρα.,2026-05-19T10:49:10.018Z
14,1608e290-0145-4f85-8da1-448033c7f8cd,European,el,word,6,Ευρωπαίοι,2026-05-19T10:47:35.185Z
14,1608e290-0145-4f85-8da1-448033c7f8cd,settlement,el,word,4,αποίκιση,2026-05-19T10:47:36.522Z
14,1608e290-0145-4f85-8da1-448033c7f8cd,Jamestown,el,word,1,Τζέιμσταουν,2026-05-19T10:46:50.087Z
14,1608e290-0145-4f85-8da1-448033c7f8cd,"cultures,",el,word,2,"κουλτούρες,",2026-05-19T10:47:41.905Z
14,1608e290-0145-4f85-8da1-448033c7f8cd,tribes,el,word,2,φυλές,2026-05-19T10:47:05.352Z
14,1608e290-0145-4f85-8da1-448033c7f8cd,"traditions,",el,word,2,"παραδόσεις,",2026-05-19T10:47:16.708Z
14,1608e290-0145-4f85-8da1-448033c7f8cd,wrapped,el,word,2,συνδεδεμένα,2026-05-19T10:47:05.348Z
14,1608e290-0145-4f85-8da1-448033c7f8cd,World's,el,word,3,Παγκόσμια,2026-05-19T10:47:17.426Z
14,1608e290-0145-4f85-8da1-448033c7f8cd,populated,el,word,2,κατοικούσαν,2026-05-19T10:47:39.360Z
14,1608e290-0145-4f85-8da1-448033c7f8cd,"instance,",el,word,3,"για παράδειγμα,",2026-05-19T10:47:47.474Z
14,1608e290-0145-4f85-8da1-448033c7f8cd,environment.,el,word,1,περιβάλλον.,2026-05-19T10:47:45.045Z
14,1608e290-0145-4f85-8da1-448033c7f8cd,circumstances,el,word,2,συνθήκες,2026-05-19T10:48:04.558Z
14,1608e290-0145-4f85-8da1-448033c7f8cd,believed,el,word,1,πιστεύεται,2026-05-19T10:47:49.555Z
14,1608e290-0145-4f85-8da1-448033c7f8cd,engaged,el,word,2,εμπλέκονταν,2026-05-19T10:48:01.005Z
14,1608e290-0145-4f85-8da1-448033c7f8cd,prior,el,word,1,προηγούμενο,2026-05-19T10:47:53.498Z
14,1608e290-0145-4f85-8da1-448033c7f8cd,presence,el,word,1,παρουσία,2026-05-19T10:47:55.346Z
14,1608e290-0145-4f85-8da1-448033c7f8cd,spawn,el,word,1,προκαλέσει,2026-05-19T10:47:59.228Z
14,1608e290-0145-4f85-8da1-448033c7f8cd,conflicts,el,word,2,συγκρούσεις,2026-05-19T10:48:10.424Z
14,1608e290-0145-4f85-8da1-448033c7f8cd,battles,el,word,1,μάχες,2026-05-19T10:48:03.572Z
14,1608e290-0145-4f85-8da1-448033c7f8cd,Native,el,word,3,Αμερικανοί,2026-05-19T10:50:35.017Z
14,1608e290-0145-4f85-8da1-448033c7f8cd,Europeans,el,word,2,Ευρωπαίοι,2026-05-19T10:48:38.961Z
14,1608e290-0145-4f85-8da1-448033c7f8cd,seemed,el,word,3,φαινόταν,2026-05-19T10:48:40.029Z
14,1608e290-0145-4f85-8da1-448033c7f8cd,America,el,word,1,Αμερική,2026-05-19T10:48:39.427Z
14,1608e290-0145-4f85-8da1-448033c7f8cd,sailed,el,word,1,έπλευσαν,2026-05-19T10:48:40.082Z
14,1608e290-0145-4f85-8da1-448033c7f8cd,obtaining,el,word,1,απόκτηση,2026-05-19T10:48:45.173Z
14,1608e290-0145-4f85-8da1-448033c7f8cd,resources.,el,word,1,πόρους.,2026-05-19T10:48:47.428Z
14,1608e290-0145-4f85-8da1-448033c7f8cd,"forests,",el,word,1,"δάση,",2026-05-19T10:48:50.591Z
14,1608e290-0145-4f85-8da1-448033c7f8cd,freshwater,el,word,1,γλυκού νερού,2026-05-19T10:48:51.849Z
14,1608e290-0145-4f85-8da1-448033c7f8cd,uncharted,el,word,3,αχαρτογράφητα,2026-05-19T10:49:06.121Z
14,1608e290-0145-4f85-8da1-448033c7f8cd,promise,el,word,3,υπόσχεση,2026-05-19T10:49:06.681Z
14,1608e290-0145-4f85-8da1-448033c7f8cd,time,el,word,1,χρόνος,2026-05-19T10:49:11.583Z
14,1608e290-0145-4f85-8da1-448033c7f8cd,Eurasia,el,word,1,Ευρασία,2026-05-19T10:49:26.511Z
14,1608e290-0145-4f85-8da1-448033c7f8cd,arriving,el,word,1,φτάνοντας,2026-05-19T10:49:28.888Z
14,1608e290-0145-4f85-8da1-448033c7f8cd,American,el,word,1,Αμερικανική,2026-05-19T10:49:33.548Z
14,1608e290-0145-4f85-8da1-448033c7f8cd,including,el,word,1,συμπεριλαμβανομένων,2026-05-19T10:49:37.863Z
14,1608e290-0145-4f85-8da1-448033c7f8cd,fatalities,el,word,2,θανάτοι,2026-05-19T10:49:47.371Z
14,1608e290-0145-4f85-8da1-448033c7f8cd,smallpox.,el,word,1,εφιάλτης.,2026-05-19T10:49:38.584Z
14,1608e290-0145-4f85-8da1-448033c7f8cd,smallpox,el,word,1,η ευλογιά,2026-05-19T10:49:43.623Z
14,1608e290-0145-4f85-8da1-448033c7f8cd,epidemics,el,word,1,επιδημίες,2026-05-19T10:49:44.328Z
14,1608e290-0145-4f85-8da1-448033c7f8cd,instances,el,word,1,περιπτώσεις,2026-05-19T10:49:53.128Z
14,1608e290-0145-4f85-8da1-448033c7f8cd,exchanged,el,word,2,αντάλλασσαν,2026-05-19T10:50:17.135Z
14,1608e290-0145-4f85-8da1-448033c7f8cd,Americans,el,word,2,Αμερικανοί,2026-05-19T10:50:36.098Z
14,1608e290-0145-4f85-8da1-448033c7f8cd,Europeans.,el,word,1,Ευρωπαίοι.,2026-05-19T10:50:10.638Z
14,1608e290-0145-4f85-8da1-448033c7f8cd,disputes,el,word,1,διαμάχες,2026-05-19T10:50:15.541Z
14,1608e290-0145-4f85-8da1-448033c7f8cd,depend,el,word,1,εξαρτώνται,2026-05-19T10:50:26.980Z
14,1608e290-0145-4f85-8da1-448033c7f8cd,agreements.,el,word,1,συμφωνίες.,2026-05-19T10:50:28.925Z
14,1608e290-0145-4f85-8da1-448033c7f8cd,Though,el,word,1,Αν και,2026-05-19T10:50:30.220Z
14,1608e290-0145-4f85-8da1-448033c7f8cd,conquered.,el,word,1,υποτάξιμοι.,2026-05-19T10:50:42.118Z
14,1608e290-0145-4f85-8da1-448033c7f8cd,many,el,word,1,πολλοί,2026-05-19T10:50:48.242Z
14,1608e290-0145-4f85-8da1-448033c7f8cd,"food,",el,word,1,"τροφή,",2026-05-19T10:50:50.228Z
14,1608e290-0145-4f85-8da1-448033c7f8cd,pressured,el,word,2,πίεσαν,2026-05-19T10:50:57.835Z
14,1608e290-0145-4f85-8da1-448033c7f8cd,aggressions,el,word,1,επιθέσεις,2026-05-19T10:50:53.794Z
14,1608e290-0145-4f85-8da1-448033c7f8cd,collectively,el,word,1,συλλογικά,2026-05-19T10:50:56.488Z
14,1608e290-0145-4f85-8da1-448033c7f8cd,Anglo-Powhatan,el,word,1,Αγγλο-Ποουχάταν,2026-05-19T10:50:59.042Z
14,1608e290-0145-4f85-8da1-448033c7f8cd,lasted,el,word,1,διήρκεσε,2026-05-19T10:51:04.005Z
14,1608e290-0145-4f85-8da1-448033c7f8cd,thousands,el,word,1,χιλιάδες,2026-05-19T10:51:06.260Z
14,1608e290-0145-4f85-8da1-448033c7f8cd,negatively,el,word,1,αρνητικά,2026-05-19T10:51:06.800Z
14,1608e290-0145-4f85-8da1-448033c7f8cd,reinforcements,el,word,4,ενισχύσεις,2026-05-19T10:51:37.981Z
14,1608e290-0145-4f85-8da1-448033c7f8cd,consequences,el,word,1,συνέπειες,2026-05-19T10:51:15.014Z
14,1608e290-0145-4f85-8da1-448033c7f8cd,relationships,el,word,4,σχέσεις,2026-05-19T10:51:21.285Z
14,1608e290-0145-4f85-8da1-448033c7f8cd,scrambling,el,word,3,σπεύδουν,2026-05-19T10:51:21.317Z
14,1608e290-0145-4f85-8da1-448033c7f8cd,technology,el,word,1,τεχνολογία,2026-05-19T10:51:21.401Z
14,1608e290-0145-4f85-8da1-448033c7f8cd,miles,el,word,1,χιλιομέτρων,2026-05-19T10:51:21.430Z
14,1608e290-0145-4f85-8da1-448033c7f8cd,mounting,el,word,1,αυξανόμενη,2026-05-19T10:51:21.479Z
14,1608e290-0145-4f85-8da1-448033c7f8cd,"buildings,",el,word,1,"κτίρια,",2026-05-19T10:51:28.555Z
14,1608e290-0145-4f85-8da1-448033c7f8cd,becoming,el,word,3,γίνονται,2026-05-19T10:51:52.280Z
14,1608e290-0145-4f85-8da1-448033c7f8cd,tenuous,el,word,1,εύθραυστες,2026-05-19T10:51:40.022Z
14,1608e290-0145-4f85-8da1-448033c7f8cd,skirmishes,el,word,1,συμπλοκές,2026-05-19T10:51:48.209Z
14,1608e290-0145-4f85-8da1-448033c7f8cd,pressure,el,word,1,πίεση,2026-05-19T10:51:49.034Z
14,1608e290-0145-4f85-8da1-448033c7f8cd,scarce,el,word,1,σπάνια,2026-05-19T10:51:53.892Z
14,1608e290-0145-4f85-8da1-448033c7f8cd,either,el,word,2,είτε,2026-05-19T10:52:08.270Z
14,1608e290-0145-4f85-8da1-448033c7f8cd,somewhere,el,word,1,κάπου,2026-05-19T10:52:00.737Z
14,1608e290-0145-4f85-8da1-448033c7f8cd,currency,el,word,1,νόμισμα,2026-05-19T10:52:01.910Z
14,1608e290-0145-4f85-8da1-448033c7f8cd,livelihood.,el,word,1,μέσο διαβίωσης.,2026-05-19T10:52:02.855Z
14,1608e290-0145-4f85-8da1-448033c7f8cd,forced,el,word,1,αναγκάζονταν,2026-05-19T10:52:05.155Z
22,c47e5498-6f32-43d3-acf8-cc4f73c4d385,neighboring,el,word,1,γειτονικά,2026-05-19T11:17:36.299Z
22,c47e5498-6f32-43d3-acf8-cc4f73c4d385,morning,el,word,1,πρωί,2026-05-19T11:17:44.083Z
22,c47e5498-6f32-43d3-acf8-cc4f73c4d385,participant,el,word,1,συμμετέχων,2026-05-19T11:17:47.402Z
22,c47e5498-6f32-43d3-acf8-cc4f73c4d385,comfortable,el,word,2,άνετο,2026-05-19T11:17:53.137Z
22,c47e5498-6f32-43d3-acf8-cc4f73c4d385,"naturally,",el,word,1,"φυσικά,",2026-05-19T11:17:52.126Z
22,c47e5498-6f32-43d3-acf8-cc4f73c4d385,points,el,word,1,σημεία,2026-05-19T11:18:00.357Z
22,0116f3aa-c75a-467a-a870-c6ac79c1b0f1,.,el,word,2,.,2026-05-19T11:19:17.628Z
22,0116f3aa-c75a-467a-a870-c6ac79c1b0f1,comfortable,el,word,1,άνετο,2026-05-19T11:19:19.402Z
22,0116f3aa-c75a-467a-a870-c6ac79c1b0f1,paragraph,el,word,1,παράγραφος,2026-05-19T11:19:27.295Z
22,0116f3aa-c75a-467a-a870-c6ac79c1b0f1,whether,el,word,1,αν,2026-05-19T11:19:31.543Z
22,0116f3aa-c75a-467a-a870-c6ac79c1b0f1,see,el,word,1,βλέπε,2026-05-19T11:19:36.493Z
22,0116f3aa-c75a-467a-a870-c6ac79c1b0f1,neighboring,el,word,1,γειτονικά,2026-05-19T11:19:37.294Z
22,0116f3aa-c75a-467a-a870-c6ac79c1b0f1,"section,",el,word,2,"ενότητα,",2026-05-19T11:19:41.088Z
22,0116f3aa-c75a-467a-a870-c6ac79c1b0f1,normal,el,word,1,κανονική,2026-05-19T11:19:39.841Z
22,0116f3aa-c75a-467a-a870-c6ac79c1b0f1,beside,el,word,1,δίπλα,2026-05-19T11:19:41.536Z
22,0116f3aa-c75a-467a-a870-c6ac79c1b0f1,experiment,el,word,1,πείραμα,2026-05-19T11:19:48.026Z
22,6317d0ef-9a87-4488-a2ac-184c157ecbe3,thousands,el,word,1,χιλιάδες,2026-05-19T11:20:46.227Z
22,6317d0ef-9a87-4488-a2ac-184c157ecbe3,fascinated,el,word,3,γοητευμένοι,2026-05-19T11:21:34.308Z
22,6317d0ef-9a87-4488-a2ac-184c157ecbe3,places,el,word,1,μέρη,2026-05-19T11:21:07.296Z
22,6317d0ef-9a87-4488-a2ac-184c157ecbe3,sea.,el,word,1,θάλασσα.,2026-05-19T11:21:19.893Z
22,6317d0ef-9a87-4488-a2ac-184c157ecbe3,back,el,word,1,πίσω,2026-05-19T11:21:28.012Z
22,6317d0ef-9a87-4488-a2ac-184c157ecbe3,became,el,word,1,έγινε,2026-05-19T11:21:28.096Z
22,6317d0ef-9a87-4488-a2ac-184c157ecbe3,Early,el,word,1,Οι πρώτοι,2026-05-19T11:21:28.712Z
22,6317d0ef-9a87-4488-a2ac-184c157ecbe3,spices,el,word,1,μπαχαρικά,2026-05-19T11:21:30.705Z
22,6317d0ef-9a87-4488-a2ac-184c157ecbe3,explorers,el,word,1,εξερευνητές,2026-05-19T11:21:31.065Z
22,6317d0ef-9a87-4488-a2ac-184c157ecbe3,medieval,el,word,1,μεσαιωνικός,2026-05-19T11:21:41.255Z
22,6317d0ef-9a87-4488-a2ac-184c157ecbe3,Spanish,el,word,1,Ισπανικά,2026-05-19T11:21:44.300Z
22,6317d0ef-9a87-4488-a2ac-184c157ecbe3,cultures.,el,word,1,πολιτισμούς.,2026-05-19T11:21:51.245Z
22,6317d0ef-9a87-4488-a2ac-184c157ecbe3,prospect,el,word,1,προοπτική,2026-05-19T11:21:56.678Z
22,6317d0ef-9a87-4488-a2ac-184c157ecbe3,traveling,el,word,1,ταξίδι,2026-05-19T11:21:59.739Z
22,6317d0ef-9a87-4488-a2ac-184c157ecbe3,operations,el,word,1,δραστηριότητες,2026-05-19T11:22:03.972Z
22,6317d0ef-9a87-4488-a2ac-184c157ecbe3,mainland,el,word,1,ηπειρωτική,2026-05-19T11:22:11.350Z
22,6317d0ef-9a87-4488-a2ac-184c157ecbe3,position,el,word,1,θέση,2026-05-19T11:22:19.073Z
22,6317d0ef-9a87-4488-a2ac-184c157ecbe3,positions,el,word,3,θέσεις,2026-05-19T11:22:29.346Z
22,6317d0ef-9a87-4488-a2ac-184c157ecbe3,(like,el,word,1,(όπως,2026-05-19T11:22:25.271Z
22,6317d0ef-9a87-4488-a2ac-184c157ecbe3,veer,el,word,1,παραστρατήσουν,2026-05-19T11:22:28.038Z
22,6317d0ef-9a87-4488-a2ac-184c157ecbe3,"however,",el,word,1,"ωστόσο,",2026-05-19T11:22:32.066Z
22,6317d0ef-9a87-4488-a2ac-184c157ecbe3,"""age",el,word,1,«εποχή,2026-05-19T11:22:51.526Z
22,6317d0ef-9a87-4488-a2ac-184c157ecbe3,frontier,el,word,1,όριο,2026-05-19T11:22:53.603Z
22,6317d0ef-9a87-4488-a2ac-184c157ecbe3,epoch,el,word,1,εποχή,2026-05-19T11:22:56.763Z
22,6317d0ef-9a87-4488-a2ac-184c157ecbe3,developed.,el,word,1,αναπτύχθηκαν.,2026-05-19T11:22:58.456Z
22,6317d0ef-9a87-4488-a2ac-184c157ecbe3,exchange,el,word,1,ανταλλαγή,2026-05-19T11:23:07.063Z
22,6317d0ef-9a87-4488-a2ac-184c157ecbe3,goods,el,word,1,αγαθά,2026-05-19T11:23:07.678Z
22,6317d0ef-9a87-4488-a2ac-184c157ecbe3,sometimes,el,word,1,μερικές φορές,2026-05-19T11:23:08.897Z
22,6317d0ef-9a87-4488-a2ac-184c157ecbe3,traditions.,el,word,3,παραδόσεις.,2026-05-19T11:23:20.366Z
22,6317d0ef-9a87-4488-a2ac-184c157ecbe3,"quadrant,",el,word,2,"τεταρτημόριο,",2026-05-19T11:25:18.320Z
22,6317d0ef-9a87-4488-a2ac-184c157ecbe3,trade,el,word,1,εμπόριο,2026-05-19T11:23:19.663Z
22,6317d0ef-9a87-4488-a2ac-184c157ecbe3,technologies,el,word,1,τεχνολογίες,2026-05-19T11:23:22.077Z
22,6317d0ef-9a87-4488-a2ac-184c157ecbe3,navigate,el,word,1,πλοηγούνται,2026-05-19T11:23:22.939Z
22,6317d0ef-9a87-4488-a2ac-184c157ecbe3,altitude,el,word,1,ύψος,2026-05-19T11:23:24.044Z
22,6317d0ef-9a87-4488-a2ac-184c157ecbe3,fan-shaped,el,word,1,σε σχήμα βεντάλιας,2026-05-19T11:23:28.073Z
22,6317d0ef-9a87-4488-a2ac-184c157ecbe3,latitude,el,word,1,γεωγραφικό πλάτος,2026-05-19T11:23:34.114Z
22,6317d0ef-9a87-4488-a2ac-184c157ecbe3,Time-keeping,el,word,1,Χρονομέτρηση,2026-05-19T11:23:45.006Z
22,6317d0ef-9a87-4488-a2ac-184c157ecbe3,"hourglasses,",el,word,3,"κλεψύδρες,",2026-05-19T11:23:58.216Z
22,6317d0ef-9a87-4488-a2ac-184c157ecbe3,"north,",el,word,1,"βόρεια,",2026-05-19T11:23:52.013Z
22,6317d0ef-9a87-4488-a2ac-184c157ecbe3,navigators,el,word,1,πλοηγοί,2026-05-19T11:23:56.104Z
22,6317d0ef-9a87-4488-a2ac-184c157ecbe3,important,el,word,1,σημαντικό,2026-05-19T11:23:59.411Z
22,6317d0ef-9a87-4488-a2ac-184c157ecbe3,open,el,word,1,ανοιχτή,2026-05-19T11:24:17.613Z
22,6317d0ef-9a87-4488-a2ac-184c157ecbe3,Christopher,el,word,1,Χριστόφορος,2026-05-19T11:24:21.989Z
22,6317d0ef-9a87-4488-a2ac-184c157ecbe3,America,el,word,2,Αμερική,2026-05-19T11:24:30.845Z
22,6317d0ef-9a87-4488-a2ac-184c157ecbe3,"Columbus,",el,word,1,"Κολόμβος,",2026-05-19T11:24:28.279Z
22,6317d0ef-9a87-4488-a2ac-184c157ecbe3,instruments,el,word,1,όργανα,2026-05-19T11:24:30.530Z
22,6317d0ef-9a87-4488-a2ac-184c157ecbe3,time,el,word,1,χρόνος,2026-05-19T11:24:32.784Z
22,6317d0ef-9a87-4488-a2ac-184c157ecbe3,stumbled,el,word,1,συνάντησε,2026-05-19T11:24:34.010Z
22,6317d0ef-9a87-4488-a2ac-184c157ecbe3,Columbus,el,word,6,Κολόμβος,2026-05-19T11:24:55.891Z
22,6317d0ef-9a87-4488-a2ac-184c157ecbe3,helpedexplorers,el,word,2,βοηθούσε τους εξερευνητές,2026-05-19T11:25:02.150Z
22,6317d0ef-9a87-4488-a2ac-184c157ecbe3,astrolabe,el,word,6,αστρολάβος,2026-05-19T11:25:06.107Z
22,6317d0ef-9a87-4488-a2ac-184c157ecbe3,"compass,",el,word,1,"πυξίδα,",2026-05-19T11:24:52.546Z
22,6317d0ef-9a87-4488-a2ac-184c157ecbe3,latitudinal,el,word,2,γεωγραφικό πλάτος,2026-05-19T11:25:05.272Z
22,6317d0ef-9a87-4488-a2ac-184c157ecbe3,determine,el,word,1,καθορίζω,2026-05-19T11:25:03.866Z
22,6317d0ef-9a87-4488-a2ac-184c157ecbe3,location,el,word,1,τοποθεσία,2026-05-19T11:25:09.972Z
22,6317d0ef-9a87-4488-a2ac-184c157ecbe3,incomplete,el,word,1,ατελής,2026-05-19T11:25:13.511Z
22,6317d0ef-9a87-4488-a2ac-184c157ecbe3,knowledge,el,word,1,γνώση,2026-05-19T11:25:14.217Z
22,6317d0ef-9a87-4488-a2ac-184c157ecbe3,inadvertently,el,word,1,αθέλητα,2026-05-19T11:25:21.666Z
22,6317d0ef-9a87-4488-a2ac-184c157ecbe3,geography,el,word,1,γεωγραφία,2026-05-19T11:25:22.979Z
22,6317d0ef-9a87-4488-a2ac-184c157ecbe3,would,el,word,1,θα,2026-05-19T11:25:28.416Z
22,6317d0ef-9a87-4488-a2ac-184c157ecbe3,farthest,el,word,1,πιο μακρινό,2026-05-19T11:25:40.947Z
22,6317d0ef-9a87-4488-a2ac-184c157ecbe3,inaccuracies,el,word,1,ανακρίβειες,2026-05-19T11:25:41.198Z
22,6317d0ef-9a87-4488-a2ac-184c157ecbe3,"explored,",el,word,1,"εξερευνηθεί,",2026-05-19T11:25:48.169Z
22,6317d0ef-9a87-4488-a2ac-184c157ecbe3,complete,el,word,1,πλήρης,2026-05-19T11:25:56.021Z
22,6317d0ef-9a87-4488-a2ac-184c157ecbe3,sea,el,word,1,θάλασσα,2026-05-19T11:25:56.148Z
22,6317d0ef-9a87-4488-a2ac-184c157ecbe3,territory.,el,word,1,περιοχής.,2026-05-19T11:25:59.626Z
22,6317d0ef-9a87-4488-a2ac-184c157ecbe3,inconsistent,el,word,1,ασυνεπής,2026-05-19T11:26:01.754Z
22,6317d0ef-9a87-4488-a2ac-184c157ecbe3,exploration,el,word,1,εξερεύνηση,2026-05-19T11:26:05.307Z
22,6317d0ef-9a87-4488-a2ac-184c157ecbe3,unpredictable;,el,word,1,απρόβλεπτη·,2026-05-19T11:26:09.933Z
22,6317d0ef-9a87-4488-a2ac-184c157ecbe3,hindered,el,word,1,εμπόδισε,2026-05-19T11:26:11.937Z
22,6317d0ef-9a87-4488-a2ac-184c157ecbe3,irretrievably,el,word,1,ανεπανόρθωτα,2026-05-19T11:26:24.178Z
22,6317d0ef-9a87-4488-a2ac-184c157ecbe3,governments,el,word,1,κυβερνήσεις,2026-05-19T11:26:26.760Z
22,6317d0ef-9a87-4488-a2ac-184c157ecbe3,sextant,el,word,1,εξάντα,2026-05-19T11:26:44.435Z
22,6317d0ef-9a87-4488-a2ac-184c157ecbe3,Britain,el,word,1,Βρετανία,2026-05-19T11:26:49.814Z
22,6317d0ef-9a87-4488-a2ac-184c157ecbe3,invention,el,word,1,εφεύρεση,2026-05-19T11:27:07.573Z
22,6317d0ef-9a87-4488-a2ac-184c157ecbe3,allowed,el,word,1,επέτρεψε,2026-05-19T11:27:15.755Z
22,6317d0ef-9a87-4488-a2ac-184c157ecbe3,Age,el,word,1,Εποχή,2026-05-19T11:29:09.678Z
22,37e1840d-3839-41db-977c-02a4e68b71c2,Jamestown,el,word,3,Τζέιμσταουν,2026-05-19T11:36:00.018Z
22,37e1840d-3839-41db-977c-02a4e68b71c2,Europeans,el,word,3,Ευρωπαίοι,2026-05-19T11:38:42.478Z
22,37e1840d-3839-41db-977c-02a4e68b71c2,populated,el,word,3,κατοικούσαν,2026-05-19T11:31:47.196Z
22,37e1840d-3839-41db-977c-02a4e68b71c2,World's,el,word,1,Παγκόσμια,2026-05-19T11:32:20.425Z
22,37e1840d-3839-41db-977c-02a4e68b71c2,continent.,el,word,2,ηπειρωτική χώρα.,2026-05-19T11:33:27.155Z
22,37e1840d-3839-41db-977c-02a4e68b71c2,"instance,",el,word,3,"για παράδειγμα,",2026-05-19T11:33:09.917Z
22,37e1840d-3839-41db-977c-02a4e68b71c2,environment.,el,word,1,περιβάλλον.,2026-05-19T11:32:54.653Z
22,37e1840d-3839-41db-977c-02a4e68b71c2,"Indians,",el,word,1,"Ινδιάνοι,",2026-05-19T11:32:56.431Z
22,37e1840d-3839-41db-977c-02a4e68b71c2,"clothing,",el,word,1,"ρούχα,",2026-05-19T11:33:02.816Z
22,37e1840d-3839-41db-977c-02a4e68b71c2,materials.,el,word,1,υλικά.,2026-05-19T11:33:10.839Z
22,37e1840d-3839-41db-977c-02a4e68b71c2,presence,el,word,1,παρουσία,2026-05-19T11:33:16.592Z
22,37e1840d-3839-41db-977c-02a4e68b71c2,Americans,el,word,6,Αμερικανοί,2026-05-19T11:38:56.306Z
22,37e1840d-3839-41db-977c-02a4e68b71c2,battles,el,word,1,μάχες,2026-05-19T11:33:20.695Z
22,37e1840d-3839-41db-977c-02a4e68b71c2,conflicts,el,word,1,συγκρούσεις,2026-05-19T11:33:27.703Z
22,37e1840d-3839-41db-977c-02a4e68b71c2,circumstances,el,word,1,συνθήκες,2026-05-19T11:33:28.115Z
22,37e1840d-3839-41db-977c-02a4e68b71c2,kitchen,el,word,1,κουζίνα,2026-05-19T11:33:36.843Z
22,37e1840d-3839-41db-977c-02a4e68b71c2,"lakes,",el,word,2,"λίμνες,",2026-05-19T11:33:43.323Z
22,37e1840d-3839-41db-977c-02a4e68b71c2,land,el,word,3,γη,2026-05-19T11:33:47.379Z
22,37e1840d-3839-41db-977c-02a4e68b71c2,Ocean,el,word,1,Ωκεανός,2026-05-19T11:33:45.106Z
22,37e1840d-3839-41db-977c-02a4e68b71c2,like,el,word,1,όπως,2026-05-19T11:33:50.136Z
22,37e1840d-3839-41db-977c-02a4e68b71c2,dream:,el,word,1,όνειρο:,2026-05-19T11:33:51.336Z
22,37e1840d-3839-41db-977c-02a4e68b71c2,"forests,",el,word,1,"δάση,",2026-05-19T11:33:51.886Z
22,37e1840d-3839-41db-977c-02a4e68b71c2,freshwater,el,word,1,γλυκό νερό,2026-05-19T11:33:54.254Z
22,37e1840d-3839-41db-977c-02a4e68b71c2,promise,el,word,1,υπόσχεση,2026-05-19T11:33:55.500Z
22,37e1840d-3839-41db-977c-02a4e68b71c2,uncharted,el,word,1,αχαρτογράφητα,2026-05-19T11:34:01.002Z
22,37e1840d-3839-41db-977c-02a4e68b71c2,brought,el,word,1,έφεραν,2026-05-19T11:34:05.533Z
22,37e1840d-3839-41db-977c-02a4e68b71c2,believed,el,word,1,πιστεύεται,2026-05-19T11:34:07.086Z
22,37e1840d-3839-41db-977c-02a4e68b71c2,European,el,word,1,Ευρωπαίοι,2026-05-19T11:34:12.799Z
22,37e1840d-3839-41db-977c-02a4e68b71c2,technology.,el,word,2,τεχνολογία.,2026-05-19T11:34:26.946Z
22,37e1840d-3839-41db-977c-02a4e68b71c2,also,el,word,1,επίσης,2026-05-19T11:34:22.399Z
22,37e1840d-3839-41db-977c-02a4e68b71c2,arriving,el,word,2,φτάνοντας,2026-05-19T11:34:31.905Z
22,37e1840d-3839-41db-977c-02a4e68b71c2,diseases,el,word,2,ασθένειες,2026-05-19T11:34:29.059Z
22,37e1840d-3839-41db-977c-02a4e68b71c2,Americans.,el,word,1,Αμερικανοί.,2026-05-19T11:34:31.122Z
22,37e1840d-3839-41db-977c-02a4e68b71c2,immunity,el,word,1,ανοσία,2026-05-19T11:34:36.334Z
22,37e1840d-3839-41db-977c-02a4e68b71c2,epidemics,el,word,1,επιδημίες,2026-05-19T11:34:42.882Z
22,37e1840d-3839-41db-977c-02a4e68b71c2,fatalities,el,word,1,θανάτοι,2026-05-19T11:34:47.256Z
22,37e1840d-3839-41db-977c-02a4e68b71c2,part,el,word,1,μέρος,2026-05-19T11:34:48.470Z
22,37e1840d-3839-41db-977c-02a4e68b71c2,buffalo,el,word,1,βουβάλι,2026-05-19T11:34:53.071Z
22,37e1840d-3839-41db-977c-02a4e68b71c2,disputes,el,word,3,διαμάχες,2026-05-19T11:35:43.453Z
22,37e1840d-3839-41db-977c-02a4e68b71c2,exchanged,el,word,2,αντάλλασσαν,2026-05-19T11:35:20.571Z
22,37e1840d-3839-41db-977c-02a4e68b71c2,food,el,word,1,τροφή,2026-05-19T11:35:00.117Z
22,37e1840d-3839-41db-977c-02a4e68b71c2,deals,el,word,3,συμφωνίες,2026-05-19T11:35:52.439Z
22,37e1840d-3839-41db-977c-02a4e68b71c2,"However,",el,word,1,"Ωστόσο,",2026-05-19T11:35:22.609Z
22,37e1840d-3839-41db-977c-02a4e68b71c2,Europeans.,el,word,1,Ευρωπαίοι.,2026-05-19T11:35:22.989Z
22,37e1840d-3839-41db-977c-02a4e68b71c2,resources,el,word,2,πόρους,2026-05-19T11:37:22.459Z
22,37e1840d-3839-41db-977c-02a4e68b71c2,reinforcements,el,word,3,ενισχύσεις,2026-05-19T11:38:28.379Z
22,37e1840d-3839-41db-977c-02a4e68b71c2,people,el,word,2,άνθρωποι,2026-05-19T11:38:09.903Z
22,37e1840d-3839-41db-977c-02a4e68b71c2,whole,el,word,1,ολόκληρες,2026-05-19T11:37:26.720Z
22,37e1840d-3839-41db-977c-02a4e68b71c2,powerful,el,word,1,ισχυρά,2026-05-19T11:37:31.196Z
22,37e1840d-3839-41db-977c-02a4e68b71c2,build,el,word,1,κατασκευή,2026-05-19T11:37:35.673Z
22,37e1840d-3839-41db-977c-02a4e68b71c2,"buildings,",el,word,1,"κτίρια,",2026-05-19T11:37:42.270Z
22,37e1840d-3839-41db-977c-02a4e68b71c2,destroy,el,word,1,καταστρέφω,2026-05-19T11:37:45.246Z
22,37e1840d-3839-41db-977c-02a4e68b71c2,relationships,el,word,1,σχέσεις,2026-05-19T11:37:49.413Z
22,37e1840d-3839-41db-977c-02a4e68b71c2,mounting,el,word,1,αυξανόμενη,2026-05-19T11:37:54.016Z
22,37e1840d-3839-41db-977c-02a4e68b71c2,groups,el,word,1,ομάδες,2026-05-19T11:38:09.010Z
22,37e1840d-3839-41db-977c-02a4e68b71c2,skirmishes,el,word,1,συμπλοκές,2026-05-19T11:38:20.377Z
22,37e1840d-3839-41db-977c-02a4e68b71c2,coming,el,word,1,ερχόμενες,2026-05-19T11:38:35.167Z
22,37e1840d-3839-41db-977c-02a4e68b71c2,somewhere,el,word,1,κάπου,2026-05-19T11:38:53.138Z
22,37e1840d-3839-41db-977c-02a4e68b71c2,American,el,word,4,Αμερικανική,2026-05-19T11:43:43.289Z
22,37e1840d-3839-41db-977c-02a4e68b71c2,ReadWorks,el,word,5,ReadWorks,2026-05-19T11:47:09.432Z
22,37e1840d-3839-41db-977c-02a4e68b71c2,Native,el,word,5,Ιθαγενείς,2026-05-19T11:47:39.937Z
22,37e1840d-3839-41db-977c-02a4e68b71c2,Conflicts,el,word,1,Συγκρούσεις,2026-05-19T11:41:21.366Z
7,a9d84b6b-dc31-443b-809f-76a62cab0a6e,Division,el,word,1,Τμήμα,2026-05-19T11:58:45.750Z
7,1a1eeaaa-8726-434a-9360-dcbef482e911,Division,el,word,1,Τμήμα,2026-05-19T11:59:44.837Z
7,1a1eeaaa-8726-434a-9360-dcbef482e911,commercial,el,word,1,εμπορική,2026-05-19T11:59:47.705Z
7,1a1eeaaa-8726-434a-9360-dcbef482e911,pollution,el,word,1,ρύπανση,2026-05-19T11:59:49.087Z
7,1a1eeaaa-8726-434a-9360-dcbef482e911,Protected,el,word,1,Προστατευόμενες,2026-05-19T11:59:50.924Z
7,1a1eeaaa-8726-434a-9360-dcbef482e911,Areas,el,word,1,Περιοχές,2026-05-19T11:59:55.886Z
7,1a1eeaaa-8726-434a-9360-dcbef482e911,Noise,el,word,2,Θόρυβος,2026-05-19T12:03:50.807Z
7,1a1eeaaa-8726-434a-9360-dcbef482e911,move,el,word,1,κίνηση,2026-05-19T12:00:24.673Z
7,1a1eeaaa-8726-434a-9360-dcbef482e911,"""pervasive""",el,word,1,«διαδεδομένοι»,2026-05-19T12:00:26.935Z
7,1a1eeaaa-8726-434a-9360-dcbef482e911,conservation,el,word,2,διατήρηση,2026-05-19T12:00:33.621Z
7,1a1eeaaa-8726-434a-9360-dcbef482e911,people,el,word,4,άνθρωποι,2026-05-19T12:05:17.844Z
7,1a1eeaaa-8726-434a-9360-dcbef482e911,respite,el,word,3,ανάπαυλα,2026-05-19T12:00:39.287Z
7,1a1eeaaa-8726-434a-9360-dcbef482e911,National,el,word,2,Εθνικό,2026-05-19T12:03:31.187Z
7,1a1eeaaa-8726-434a-9360-dcbef482e911,sounds,el,word,2,ήχοι,2026-05-19T12:00:38.082Z
7,1a1eeaaa-8726-434a-9360-dcbef482e911,din,el,word,1,θόρυβος,2026-05-19T12:00:42.230Z
7,1a1eeaaa-8726-434a-9360-dcbef482e911,scientists,el,word,1,επιστήμονες,2026-05-19T12:00:45.114Z
7,1a1eeaaa-8726-434a-9360-dcbef482e911,Colorado,el,word,5,Κολοράντο,2026-05-19T12:01:00.792Z
7,1a1eeaaa-8726-434a-9360-dcbef482e911,"federal,",el,word,1,"ομοσπονδιακά,",2026-05-19T12:00:56.438Z
7,1a1eeaaa-8726-434a-9360-dcbef482e911,phones,el,word,5,τηλέφωνα,2026-05-19T12:00:58.235Z
7,1a1eeaaa-8726-434a-9360-dcbef482e911,calculated,el,word,1,υπολόγισαν,2026-05-19T12:01:03.761Z
7,1a1eeaaa-8726-434a-9360-dcbef482e911,ringing,el,word,1,που χτυπά,2026-05-19T12:01:08.275Z
7,1a1eeaaa-8726-434a-9360-dcbef482e911,"mining,",el,word,1,"εξόρυξης,",2026-05-19T12:01:14.241Z
7,1a1eeaaa-8726-434a-9360-dcbef482e911,adverse,el,word,2,αρνητικές,2026-05-19T12:01:30.810Z
7,1a1eeaaa-8726-434a-9360-dcbef482e911,hush,el,word,1,ησυχία,2026-05-19T12:01:29.199Z
7,1a1eeaaa-8726-434a-9360-dcbef482e911,lands,el,word,1,περιοχές,2026-05-19T12:01:31.611Z
7,1a1eeaaa-8726-434a-9360-dcbef482e911,consequences,el,word,1,συνέπειες,2026-05-19T12:01:31.989Z
7,1a1eeaaa-8726-434a-9360-dcbef482e911,biologist,el,word,1,βιολόγος,2026-05-19T12:01:39.088Z
7,1a1eeaaa-8726-434a-9360-dcbef482e911,Night,el,word,1,Night,2026-05-19T12:01:43.224Z
7,1a1eeaaa-8726-434a-9360-dcbef482e911,extends,el,word,1,επεκτείνεται,2026-05-19T12:01:43.831Z
7,1a1eeaaa-8726-434a-9360-dcbef482e911,acoustic,el,word,1,ακουστική,2026-05-19T12:01:46.691Z
7,1a1eeaaa-8726-434a-9360-dcbef482e911,Megan,el,word,1,Μέγκαν,2026-05-19T12:01:48.080Z
7,1a1eeaaa-8726-434a-9360-dcbef482e911,park,el,word,1,πάρκο,2026-05-19T12:02:07.195Z
7,1a1eeaaa-8726-434a-9360-dcbef482e911,approximated,el,word,2,προσεγγίζει,2026-05-19T12:02:24.343Z
7,1a1eeaaa-8726-434a-9360-dcbef482e911,collated,el,word,1,συγκέντρωσαν,2026-05-19T12:02:21.656Z
7,1a1eeaaa-8726-434a-9360-dcbef482e911,analyzed,el,word,2,ανέλυσαν,2026-05-19T12:02:32.900Z
7,1a1eeaaa-8726-434a-9360-dcbef482e911,soundscape,el,word,1,ηχοτοπίο,2026-05-19T12:02:23.010Z
7,1a1eeaaa-8726-434a-9360-dcbef482e911,millions,el,word,1,εκατομμύρια,2026-05-19T12:02:33.692Z
7,1a1eeaaa-8726-434a-9360-dcbef482e911,landscape,el,word,1,τοπίο,2026-05-19T12:02:35.955Z
7,1a1eeaaa-8726-434a-9360-dcbef482e911,recordings.,el,word,1,ηχογραφήσεις.,2026-05-19T12:02:36.586Z
7,1a1eeaaa-8726-434a-9360-dcbef482e911,depending,el,word,1,ανάλογα,2026-05-19T12:02:42.235Z
7,1a1eeaaa-8726-434a-9360-dcbef482e911,"locale,",el,word,2,"τοπική ρύθμιση,",2026-05-19T12:02:45.334Z
7,1a1eeaaa-8726-434a-9360-dcbef482e911,human,el,word,2,ανθρώπινη,2026-05-19T12:02:45.437Z
7,1a1eeaaa-8726-434a-9360-dcbef482e911,noise,el,word,1,θόρυβος,2026-05-19T12:02:48.030Z
7,1a1eeaaa-8726-434a-9360-dcbef482e911,decibels,el,word,1,ντεσιμπέλ,2026-05-19T12:02:50.303Z
7,1a1eeaaa-8726-434a-9360-dcbef482e911,"settings,",el,word,1,"περιβάλλοντα,",2026-05-19T12:02:59.896Z
7,1a1eeaaa-8726-434a-9360-dcbef482e911,exceed,el,word,1,υπερβαίνουν,2026-05-19T12:03:01.679Z
7,1a1eeaaa-8726-434a-9360-dcbef482e911,quietest,el,word,1,πιο ήσυχα,2026-05-19T12:03:09.325Z
7,1a1eeaaa-8726-434a-9360-dcbef482e911,traffic,el,word,1,κυκλοφορία,2026-05-19T12:03:25.069Z
7,1a1eeaaa-8726-434a-9360-dcbef482e911,independent,el,word,1,ανεξάρτητη,2026-05-19T12:03:29.302Z
7,1a1eeaaa-8726-434a-9360-dcbef482e911,"decibels,",el,word,2,"ντεσιμπέλ,",2026-05-19T12:03:45.337Z
7,1a1eeaaa-8726-434a-9360-dcbef482e911,impact,el,word,2,επιπτώσεις,2026-05-19T12:03:45.389Z
7,1a1eeaaa-8726-434a-9360-dcbef482e911,"animals,",el,word,2,"ζώα,",2026-05-19T12:03:45.487Z
7,1a1eeaaa-8726-434a-9360-dcbef482e911,deafen,el,word,1,να τα κάνει κουφά,2026-05-19T12:03:53.277Z
7,1a1eeaaa-8726-434a-9360-dcbef482e911,warble,el,word,1,κελάηδισμα,2026-05-19T12:04:27.147Z
7,1a1eeaaa-8726-434a-9360-dcbef482e911,Psychologists,el,word,1,Ψυχολόγοι,2026-05-19T12:04:28.959Z
7,1a1eeaaa-8726-434a-9360-dcbef482e911,elevate,el,word,1,ανυψώνουν,2026-05-19T12:04:34.466Z
7,1a1eeaaa-8726-434a-9360-dcbef482e911,cognitive,el,word,5,γνωστικές,2026-05-19T12:05:19.369Z
7,1a1eeaaa-8726-434a-9360-dcbef482e911,musicologist,el,word,2,μουσικολόγος,2026-05-19T12:04:51.119Z
7,1a1eeaaa-8726-434a-9360-dcbef482e911,Rensselaer,el,word,1,Rensselaer,2026-05-19T12:04:43.906Z
7,1a1eeaaa-8726-434a-9360-dcbef482e911,found,el,word,1,διαπίστωσε,2026-05-19T12:04:47.428Z
7,1a1eeaaa-8726-434a-9360-dcbef482e911,flowing,el,word,1,ρέον,2026-05-19T12:04:52.116Z
7,1a1eeaaa-8726-434a-9360-dcbef482e911,performed,el,word,1,απόδοση,2026-05-19T12:05:00.586Z
7,1a1eeaaa-8726-434a-9360-dcbef482e911,compared,el,word,1,σε σύγκριση,2026-05-19T12:05:05.512Z
7,1a1eeaaa-8726-434a-9360-dcbef482e911,patient,el,word,3,υπομονετικοί,2026-05-19T12:05:16.596Z
7,1a1eeaaa-8726-434a-9360-dcbef482e911,white,el,word,1,λευκό,2026-05-19T12:05:12.367Z
7,1a1eeaaa-8726-434a-9360-dcbef482e911,restorative,el,word,1,αναζωογονητική,2026-05-19T12:05:13.319Z
7,1a1eeaaa-8726-434a-9360-dcbef482e911,noise.,el,word,1,θόρυβο.,2026-05-19T12:05:14.606Z
7,1a1eeaaa-8726-434a-9360-dcbef482e911,Listening,el,word,1,Ακούγοντας,2026-05-19T12:05:27.930Z
7,1a1eeaaa-8726-434a-9360-dcbef482e911,Pennsylvania,el,word,1,Πενσυλβάνια,2026-05-19T12:05:33.216Z
7,1a1eeaaa-8726-434a-9360-dcbef482e911,University,el,word,1,Πανεπιστήμιο,2026-05-19T12:05:34.537Z
7,1a1eeaaa-8726-434a-9360-dcbef482e911,psychologists.,el,word,1,ψυχολόγοι.,2026-05-19T12:05:35.593Z
7,1a1eeaaa-8726-434a-9360-dcbef482e911,recording,el,word,1,ηχογράφηση,2026-05-19T12:05:41.993Z
23,5a599839-0a72-45c3-8804-556ccbb56268,"chair,",el,word,1,"καρέκλα,",2026-05-19T12:16:50.248Z
23,5a599839-0a72-45c3-8804-556ccbb56268,"naturally,",el,word,1,"φυσικά,",2026-05-19T12:16:50.734Z
23,5a599839-0a72-45c3-8804-556ccbb56268,morning,el,word,1,πρωί,2026-05-19T12:16:54.574Z
23,5a599839-0a72-45c3-8804-556ccbb56268,"screen,",el,word,1,"οθόνη,",2026-05-19T12:16:58.500Z
23,5a599839-0a72-45c3-8804-556ccbb56268,first,el,word,1,πρώτη,2026-05-19T12:17:01.450Z
23,5a599839-0a72-45c3-8804-556ccbb56268,neighboring,el,word,1,γειτονικά,2026-05-19T12:18:27.228Z
23,5a599839-0a72-45c3-8804-556ccbb56268,font.,el,word,1,γραμματοσειρά.,2026-05-19T12:18:27.493Z
23,5a599839-0a72-45c3-8804-556ccbb56268,whether,el,word,1,αν,2026-05-19T12:18:27.607Z
23,5a599839-0a72-45c3-8804-556ccbb56268,behaves,el,word,1,συμπεριφέρεται,2026-05-19T12:18:30.109Z
23,5a599839-0a72-45c3-8804-556ccbb56268,paragraph,el,word,1,παράγραφος,2026-05-19T12:18:32.470Z
23,5a599839-0a72-45c3-8804-556ccbb56268,slightly,el,word,1,ελαφρώς,2026-05-19T12:18:34.144Z
23,5a599839-0a72-45c3-8804-556ccbb56268,read,el,word,1,να διαβάζεις,2026-05-19T12:18:37.616Z
23,5a599839-0a72-45c3-8804-556ccbb56268,simple:,el,word,1,απλό:,2026-05-19T12:18:38.660Z
23,5a599839-0a72-45c3-8804-556ccbb56268,"movements,",el,word,1,"κινήσεις,",2026-05-19T12:18:52.330Z
23,5a599839-0a72-45c3-8804-556ccbb56268,checked,el,word,1,ελέγχθηκε,2026-05-19T12:18:53.151Z
23,2e35c536-79ff-4a44-9155-7b5e050b15ff,Thursday.,el,word,1,Πέμπτη.,2026-05-19T12:20:07.412Z
23,2e35c536-79ff-4a44-9155-7b5e050b15ff,May,el,word,1,Μάιος,2026-05-19T12:20:08.602Z
23,2e35c536-79ff-4a44-9155-7b5e050b15ff,wilderness,el,word,1,άγρια φύση,2026-05-19T12:20:09.409Z
23,2e35c536-79ff-4a44-9155-7b5e050b15ff,people,el,word,1,ανθρώπων,2026-05-19T12:20:20.009Z
23,2e35c536-79ff-4a44-9155-7b5e050b15ff,drilling,el,word,2,γεωτρήσεων,2026-05-19T12:20:47.310Z
23,2e35c536-79ff-4a44-9155-7b5e050b15ff,National,el,word,1,Εθνικά,2026-05-19T12:20:21.944Z
23,2e35c536-79ff-4a44-9155-7b5e050b15ff,conservation,el,word,6,διατήρηση,2026-05-19T12:23:23.983Z
23,2e35c536-79ff-4a44-9155-7b5e050b15ff,background,el,word,2,φόντο,2026-05-19T12:24:42.222Z
23,2e35c536-79ff-4a44-9155-7b5e050b15ff,"traffic,",el,word,1,"κυκλοφορίας,",2026-05-19T12:20:43.121Z
23,2e35c536-79ff-4a44-9155-7b5e050b15ff,calculated,el,word,1,υπολόγισαν,2026-05-19T12:20:43.709Z
23,2e35c536-79ff-4a44-9155-7b5e050b15ff,ringing,el,word,1,που χτυπά,2026-05-19T12:20:49.710Z
23,2e35c536-79ff-4a44-9155-7b5e050b15ff,two-thirds,el,word,1,τα δύο τρίτα,2026-05-19T12:20:57.558Z
23,2e35c536-79ff-4a44-9155-7b5e050b15ff,din,el,word,2,θόρυβος,2026-05-19T12:21:16.055Z
23,2e35c536-79ff-4a44-9155-7b5e050b15ff,Sounds,el,word,8,Ήχοι,2026-05-19T12:28:32.740Z
23,2e35c536-79ff-4a44-9155-7b5e050b15ff,Natural,el,word,1,Φυσικών,2026-05-19T12:21:19.319Z
23,2e35c536-79ff-4a44-9155-7b5e050b15ff,Night,el,word,2,Night,2026-05-19T12:21:23.839Z
23,2e35c536-79ff-4a44-9155-7b5e050b15ff,behavior.,el,word,1,συμπεριφορά.,2026-05-19T12:21:38.756Z
23,2e35c536-79ff-4a44-9155-7b5e050b15ff,appreciation,el,word,1,αντίληψη,2026-05-19T12:21:41.155Z
23,2e35c536-79ff-4a44-9155-7b5e050b15ff,quantify,el,word,2,ποσοτικοποίηση,2026-05-19T12:21:46.251Z
23,2e35c536-79ff-4a44-9155-7b5e050b15ff,level,el,word,1,επίπεδο,2026-05-19T12:21:46.306Z
23,2e35c536-79ff-4a44-9155-7b5e050b15ff,dozens,el,word,2,δεκάδες,2026-05-19T12:21:46.425Z
23,2e35c536-79ff-4a44-9155-7b5e050b15ff,created,el,word,1,δημιούργησαν,2026-05-19T12:21:48.405Z
23,2e35c536-79ff-4a44-9155-7b5e050b15ff,soundscape,el,word,3,ηχοτοπίο,2026-05-19T12:21:57.820Z
23,2e35c536-79ff-4a44-9155-7b5e050b15ff,approximated,el,word,1,προσεγγίζει,2026-05-19T12:21:51.719Z
23,2e35c536-79ff-4a44-9155-7b5e050b15ff,computerized,el,word,1,υπολογιστικό,2026-05-19T12:21:55.669Z
23,2e35c536-79ff-4a44-9155-7b5e050b15ff,analyzed,el,word,2,ανέλυσαν,2026-05-19T12:21:57.784Z
23,2e35c536-79ff-4a44-9155-7b5e050b15ff,park-land,el,word,1,πάρκα,2026-05-19T12:22:05.013Z
23,2e35c536-79ff-4a44-9155-7b5e050b15ff,variables,el,word,1,μεταβλητές,2026-05-19T12:22:06.459Z
23,2e35c536-79ff-4a44-9155-7b5e050b15ff,combined,el,word,1,συνδυασμένα,2026-05-19T12:22:09.689Z
23,2e35c536-79ff-4a44-9155-7b5e050b15ff,added.,el,word,1,προσέθεσαν.,2026-05-19T12:22:14.640Z
23,2e35c536-79ff-4a44-9155-7b5e050b15ff,"comparison,",el,word,1,"σύγκριση,",2026-05-19T12:22:23.290Z
23,2e35c536-79ff-4a44-9155-7b5e050b15ff,quietest,el,word,1,πιο ήσυχα,2026-05-19T12:22:44.260Z
23,2e35c536-79ff-4a44-9155-7b5e050b15ff,overflights,el,word,2,πτήσεις,2026-05-19T12:22:56.973Z
23,2e35c536-79ff-4a44-9155-7b5e050b15ff,helicopters,el,word,2,ελικόπτερα,2026-05-19T12:23:03.249Z
23,2e35c536-79ff-4a44-9155-7b5e050b15ff,"decibels,",el,word,2,"ντεσιμπέλ,",2026-05-19T12:22:54.206Z
23,2e35c536-79ff-4a44-9155-7b5e050b15ff,impact,el,word,1,επιπτώσεις,2026-05-19T12:23:14.510Z
23,2e35c536-79ff-4a44-9155-7b5e050b15ff,deafen,el,word,1,να τα κάνει κουφά,2026-05-19T12:23:18.765Z
23,2e35c536-79ff-4a44-9155-7b5e050b15ff,scare,el,word,1,τρομάζω,2026-05-19T12:23:20.482Z
23,2e35c536-79ff-4a44-9155-7b5e050b15ff,worries,el,word,1,ανησυχεί,2026-05-19T12:23:23.182Z
23,2e35c536-79ff-4a44-9155-7b5e050b15ff,mating,el,word,2,ζευγάρωμα,2026-05-19T12:23:30.106Z
23,2e35c536-79ff-4a44-9155-7b5e050b15ff,biologists.,el,word,1,βιολόγους.,2026-05-19T12:23:24.564Z
23,2e35c536-79ff-4a44-9155-7b5e050b15ff,predators.,el,word,1,αρπακτικά.,2026-05-19T12:23:30.562Z
23,2e35c536-79ff-4a44-9155-7b5e050b15ff,avian,el,word,1,πτηνών,2026-05-19T12:23:34.934Z
23,2e35c536-79ff-4a44-9155-7b5e050b15ff,Psychologists,el,word,1,Ψυχολόγοι,2026-05-19T12:23:50.632Z
23,2e35c536-79ff-4a44-9155-7b5e050b15ff,elevate,el,word,1,ανυψώνουν,2026-05-19T12:23:53.456Z
23,2e35c536-79ff-4a44-9155-7b5e050b15ff,rustling,el,word,1,συριγμός,2026-05-19T12:23:54.209Z
23,2e35c536-79ff-4a44-9155-7b5e050b15ff,cognitive,el,word,2,γνωστικές,2026-05-19T12:24:01.945Z
23,2e35c536-79ff-4a44-9155-7b5e050b15ff,warble,el,word,1,κελάηδισμα,2026-05-19T12:23:55.952Z
23,2e35c536-79ff-4a44-9155-7b5e050b15ff,songbirds,el,word,1,τα πουλιά,2026-05-19T12:23:57.385Z
23,2e35c536-79ff-4a44-9155-7b5e050b15ff,listening,el,word,1,ακούγοντας,2026-05-19T12:24:06.786Z
23,2e35c536-79ff-4a44-9155-7b5e050b15ff,musicologist,el,word,1,μουσικολόγος,2026-05-19T12:24:08.280Z
23,2e35c536-79ff-4a44-9155-7b5e050b15ff,"surroundings,",el,word,3,"περιβάλλον,",2026-05-19T12:24:28.652Z
23,2e35c536-79ff-4a44-9155-7b5e050b15ff,compared,el,word,2,σε σύγκριση,2026-05-19T12:24:29.445Z
23,2e35c536-79ff-4a44-9155-7b5e050b15ff,feeling,el,word,1,αισθάνονται,2026-05-19T12:24:24.404Z
23,2e35c536-79ff-4a44-9155-7b5e050b15ff,restorative,el,word,2,αναζωογονητική,2026-05-19T12:24:43.683Z
23,2e35c536-79ff-4a44-9155-7b5e050b15ff,Pennsylvania,el,word,1,Πενσυλβάνια,2026-05-19T12:24:47.550Z
23,2e35c536-79ff-4a44-9155-7b5e050b15ff,University,el,word,1,Πανεπιστήμιο,2026-05-19T12:24:48.729Z
23,2e35c536-79ff-4a44-9155-7b5e050b15ff,natural,el,word,1,φυσικοί,2026-05-19T12:24:55.609Z
23,2e35c536-79ff-4a44-9155-7b5e050b15ff,tested,el,word,1,εξέτασαν,2026-05-19T12:24:55.636Z
23,2e35c536-79ff-4a44-9155-7b5e050b15ff,Drown,el,word,8,Πνίγουν,2026-05-19T12:28:37.187Z
23,2e35c536-79ff-4a44-9155-7b5e050b15ff,traffic,el,word,5,κυκλοφορία,2026-05-19T12:28:21.843Z
23,2e35c536-79ff-4a44-9155-7b5e050b15ff,commercial,el,word,7,εμπορική,2026-05-19T12:29:05.162Z
23,2e35c536-79ff-4a44-9155-7b5e050b15ff,development,el,word,4,ανάπτυξη,2026-05-19T12:28:27.187Z
23,2e35c536-79ff-4a44-9155-7b5e050b15ff,"aircraft,",el,word,1,"αεροσκάφη,",2026-05-19T12:28:00.381Z
23,9485615f-8d01-4965-b5b0-762221fdc5ef,confront,el,word,1,αντιμετωπίζει,2026-05-19T12:29:58.953Z
23,9485615f-8d01-4965-b5b0-762221fdc5ef,injustice,el,word,1,αδικία,2026-05-19T12:30:02.148Z
23,9485615f-8d01-4965-b5b0-762221fdc5ef,extraordinary,el,word,2,εξαιρετικό,2026-05-19T12:31:10.975Z
23,9485615f-8d01-4965-b5b0-762221fdc5ef,Parks:,el,word,2,Παρκς:,2026-05-19T12:36:32.103Z
23,9485615f-8d01-4965-b5b0-762221fdc5ef,December,el,word,2,Δεκέμβριος,2026-05-19T12:30:18.941Z
23,9485615f-8d01-4965-b5b0-762221fdc5ef,"Montgomery,",el,word,3,"Μοντγκόμερι,",2026-05-19T12:30:34.316Z
23,9485615f-8d01-4965-b5b0-762221fdc5ef,transformed,el,word,1,μεταμορφώθηκε,2026-05-19T12:30:22.323Z
23,9485615f-8d01-4965-b5b0-762221fdc5ef,African-American,el,word,1,Αφροαμερικανίδα,2026-05-19T12:30:23.955Z
23,9485615f-8d01-4965-b5b0-762221fdc5ef,seamstress,el,word,1,ραπτική,2026-05-19T12:30:24.814Z
23,9485615f-8d01-4965-b5b0-762221fdc5ef,white,el,word,1,λευκός,2026-05-19T12:30:31.367Z
23,9485615f-8d01-4965-b5b0-762221fdc5ef,wanting,el,word,1,θέλω,2026-05-19T12:30:32.671Z
23,9485615f-8d01-4965-b5b0-762221fdc5ef,defiance,el,word,1,ανυπακοή,2026-05-19T12:30:39.384Z
23,9485615f-8d01-4965-b5b0-762221fdc5ef,home,el,word,3,σπίτι,2026-05-19T12:30:44.929Z
23,9485615f-8d01-4965-b5b0-762221fdc5ef,Though,el,word,1,Αν και,2026-05-19T12:30:51.320Z
23,9485615f-8d01-4965-b5b0-762221fdc5ef,segregation,el,word,1,φυλετικός διαχωρισμός,2026-05-19T12:30:55.141Z
23,9485615f-8d01-4965-b5b0-762221fdc5ef,disobedience,el,word,1,ανυπακοή,2026-05-19T12:30:58.959Z
23,9485615f-8d01-4965-b5b0-762221fdc5ef,second-class,el,word,2,δεύτερης κατηγορίας,2026-05-19T12:31:12.931Z
23,9485615f-8d01-4965-b5b0-762221fdc5ef,Neighborhoods,el,word,2,Γειτονιές,2026-05-19T12:31:27.927Z
23,9485615f-8d01-4965-b5b0-762221fdc5ef,carpools.,el,word,5,ομάδες μεταφοράς με αυτοκίνητο.,2026-05-19T12:31:32.859Z
23,9485615f-8d01-4965-b5b0-762221fdc5ef,stirred,el,word,2,συγκίνησαν,2026-05-19T12:31:25.156Z
23,9485615f-8d01-4965-b5b0-762221fdc5ef,"buses,",el,word,2,"λεωφορεία,",2026-05-19T12:31:25.780Z
23,9485615f-8d01-4965-b5b0-762221fdc5ef,conscience,el,word,1,συνείδηση,2026-05-19T12:31:20.336Z
23,9485615f-8d01-4965-b5b0-762221fdc5ef,end,el,word,1,τέλος,2026-05-19T12:31:31.221Z
23,9485615f-8d01-4965-b5b0-762221fdc5ef,Inc.,el,word,3,Inc.,2026-05-19T12:31:31.764Z
23,9485615f-8d01-4965-b5b0-762221fdc5ef,resilience,el,word,1,ανθεκτικότητα,2026-05-19T12:31:35.585Z
23,9485615f-8d01-4965-b5b0-762221fdc5ef,fierce,el,word,1,άγρια,2026-05-19T12:31:38.268Z
23,9485615f-8d01-4965-b5b0-762221fdc5ef,intimidation,el,word,1,εκφοβισμός,2026-05-19T12:31:39.396Z
23,9485615f-8d01-4965-b5b0-762221fdc5ef,ultimately,el,word,1,τελικά,2026-05-19T12:31:40.822Z
23,9485615f-8d01-4965-b5b0-762221fdc5ef,desegregation,el,word,1,κατάργηση των φυλετικών διακρίσεων,2026-05-19T12:31:43.861Z
23,9485615f-8d01-4965-b5b0-762221fdc5ef,story,el,word,1,ιστορία,2026-05-19T12:31:49.134Z
23,9485615f-8d01-4965-b5b0-762221fdc5ef,boycott,el,word,1,μποϊκοτάζ,2026-05-19T12:31:53.003Z
23,9485615f-8d01-4965-b5b0-762221fdc5ef,marginalized,el,word,1,περιθωριοποιημένους,2026-05-19T12:31:59.152Z
23,9485615f-8d01-4965-b5b0-762221fdc5ef,champion,el,word,1,υπερασπιστής,2026-05-19T12:32:01.931Z
23,9485615f-8d01-4965-b5b0-762221fdc5ef,"self-evident,",el,word,1,"αυτονόητη,",2026-05-19T12:32:15.014Z
23,9485615f-8d01-4965-b5b0-762221fdc5ef,"legacy,",el,word,1,"κληρονομιά,",2026-05-19T12:32:25.009Z
23,9485615f-8d01-4965-b5b0-762221fdc5ef,heirs,el,word,1,κληρονόμοι,2026-05-19T12:32:25.404Z
23,9485615f-8d01-4965-b5b0-762221fdc5ef,pledge,el,word,1,υπόσχεση,2026-05-19T12:32:30.468Z
23,9485615f-8d01-4965-b5b0-762221fdc5ef,hereby,el,word,1,με την παρούσα,2026-05-19T12:32:45.417Z
23,9485615f-8d01-4965-b5b0-762221fdc5ef,Americans,el,word,1,Αμερικανοί,2026-05-19T12:32:56.087Z
23,9485615f-8d01-4965-b5b0-762221fdc5ef,hereunto,el,word,1,στο παρόν,2026-05-19T12:33:02.615Z
23,9485615f-8d01-4965-b5b0-762221fdc5ef,two,el,word,2,δύο,2026-05-19T12:33:09.007Z
23,9485615f-8d01-4965-b5b0-762221fdc5ef,thirty-seventh.,el,word,1,τριακοστή έβδομη.,2026-05-19T12:33:08.975Z
23,9485615f-8d01-4965-b5b0-762221fdc5ef,Obama,el,word,1,Ομπάμα,2026-05-19T12:35:58.042Z
24,e35ed4a6-d332-46bd-bf66-f92ea7982bbc,front,el,word,4,μπροστά,2026-05-19T12:45:13.989Z
24,e35ed4a6-d332-46bd-bf66-f92ea7982bbc,"chair,",el,word,3,"καρέκλα,",2026-05-19T12:46:40.853Z
24,e35ed4a6-d332-46bd-bf66-f92ea7982bbc,"screen,",el,word,5,"οθόνη,",2026-05-19T12:47:46.168Z
24,e35ed4a6-d332-46bd-bf66-f92ea7982bbc,"naturally,",el,word,2,"φυσικά,",2026-05-19T12:46:41.339Z
24,e35ed4a6-d332-46bd-bf66-f92ea7982bbc,first,el,word,1,πρώτη,2026-05-19T12:45:03.573Z
24,e35ed4a6-d332-46bd-bf66-f92ea7982bbc,morning,el,word,12,πρωί,2026-05-19T12:47:38.934Z
24,e35ed4a6-d332-46bd-bf66-f92ea7982bbc,right.,el,word,1,δεξιά.,2026-05-19T12:45:18.309Z
24,e35ed4a6-d332-46bd-bf66-f92ea7982bbc,quiet,el,word,2,ήσυχο,2026-05-19T12:47:38.203Z
24,e35ed4a6-d332-46bd-bf66-f92ea7982bbc,beside,el,word,4,δίπλα,2026-05-19T12:46:02.223Z
24,e35ed4a6-d332-46bd-bf66-f92ea7982bbc,distance,el,word,5,απόσταση,2026-05-19T12:46:57.941Z
24,e35ed4a6-d332-46bd-bf66-f92ea7982bbc,continue,el,word,1,συνέχεια,2026-05-19T12:45:25.139Z
24,e35ed4a6-d332-46bd-bf66-f92ea7982bbc,intentionally,el,word,2,σκόπιμα,2026-05-19T12:45:26.765Z
24,e35ed4a6-d332-46bd-bf66-f92ea7982bbc,spacing,el,word,1,διαστήματα,2026-05-19T12:45:27.120Z
24,e35ed4a6-d332-46bd-bf66-f92ea7982bbc,larges,el,word,5,μεγάλα,2026-05-19T12:46:21.183Z
24,e35ed4a6-d332-46bd-bf66-f92ea7982bbc,settings,el,word,1,ρυθμίσεις,2026-05-19T12:45:27.518Z
24,e35ed4a6-d332-46bd-bf66-f92ea7982bbc,detects,el,word,5,ανιχνεύει,2026-05-19T12:46:13.453Z
24,e35ed4a6-d332-46bd-bf66-f92ea7982bbc,system,el,word,2,σύστημα,2026-05-19T12:46:09.246Z
24,e35ed4a6-d332-46bd-bf66-f92ea7982bbc,still,el,word,5,ακόμα,2026-05-19T12:46:09.279Z
24,e35ed4a6-d332-46bd-bf66-f92ea7982bbc,begins.,el,word,1,ξεκινά.,2026-05-19T12:45:33.866Z
24,e35ed4a6-d332-46bd-bf66-f92ea7982bbc,neighboring,el,word,3,γειτονικά,2026-05-19T12:46:12.281Z
24,e35ed4a6-d332-46bd-bf66-f92ea7982bbc,"words,",el,word,3,"λέξεις,",2026-05-19T12:46:02.639Z
24,e35ed4a6-d332-46bd-bf66-f92ea7982bbc,researcher,el,word,4,ερευνητής,2026-05-19T12:46:15.828Z
24,e35ed4a6-d332-46bd-bf66-f92ea7982bbc,adjust,el,word,2,προσαρμόζω,2026-05-19T12:45:45.462Z
24,e35ed4a6-d332-46bd-bf66-f92ea7982bbc,relevant,el,word,2,σχετικές,2026-05-19T12:45:53.874Z
24,e35ed4a6-d332-46bd-bf66-f92ea7982bbc,reduced.,el,word,6,μειωθεί.,2026-05-19T12:46:17.044Z
24,e35ed4a6-d332-46bd-bf66-f92ea7982bbc,gaze,el,word,3,βλέμμα,2026-05-19T12:45:59.167Z
24,e35ed4a6-d332-46bd-bf66-f92ea7982bbc,appears,el,word,8,φαίνεται,2026-05-19T12:48:46.783Z
24,e35ed4a6-d332-46bd-bf66-f92ea7982bbc,experiment,el,word,1,πείραμα,2026-05-19T12:45:55.259Z
24,e35ed4a6-d332-46bd-bf66-f92ea7982bbc,slightly,el,word,1,ελαφρώς,2026-05-19T12:46:00.714Z
24,e35ed4a6-d332-46bd-bf66-f92ea7982bbc,accurately,el,word,3,με ακρίβεια,2026-05-19T12:46:55.269Z
24,e35ed4a6-d332-46bd-bf66-f92ea7982bbc,fixations,el,word,6,σταθεροποιήσεις,2026-05-19T12:48:48.319Z
24,e35ed4a6-d332-46bd-bf66-f92ea7982bbc,next,el,word,1,επόμενο,2026-05-19T12:46:09.678Z
24,e35ed4a6-d332-46bd-bf66-f92ea7982bbc,"section,",el,word,2,"ενότητα,",2026-05-19T12:48:46.415Z
24,e35ed4a6-d332-46bd-bf66-f92ea7982bbc,letters,el,word,2,γράμματα,2026-05-19T12:46:16.357Z
24,e35ed4a6-d332-46bd-bf66-f92ea7982bbc,f-,el,word,1,στ-,2026-05-19T12:46:18.033Z
24,e35ed4a6-d332-46bd-bf66-f92ea7982bbc,uses,el,word,1,χρησιμοποιεί,2026-05-19T12:46:20.002Z
24,e35ed4a6-d332-46bd-bf66-f92ea7982bbc,paragraph,el,word,1,παράγραφος,2026-05-19T12:46:21.643Z
24,e35ed4a6-d332-46bd-bf66-f92ea7982bbc,.,el,word,3,.,2026-05-19T12:49:06.388Z
24,e35ed4a6-d332-46bd-bf66-f92ea7982bbc,help,el,word,1,βοήθεια,2026-05-19T12:46:25.558Z
24,e35ed4a6-d332-46bd-bf66-f92ea7982bbc,text.,el,word,2,κείμενο.,2026-05-19T12:46:30.720Z
24,e35ed4a6-d332-46bd-bf66-f92ea7982bbc,"movements,",el,word,2,"κινήσεις,",2026-05-19T12:46:31.785Z
24,e35ed4a6-d332-46bd-bf66-f92ea7982bbc,becomes,el,word,1,γίνεται,2026-05-19T12:46:32.067Z
24,e35ed4a6-d332-46bd-bf66-f92ea7982bbc,points,el,word,1,σημεία,2026-05-19T12:46:33.807Z
24,e35ed4a6-d332-46bd-bf66-f92ea7982bbc,text,el,word,1,κείμενο,2026-05-19T12:46:35.413Z
24,e35ed4a6-d332-46bd-bf66-f92ea7982bbc,smaller.,el,word,2,μικρότερο.,2026-05-19T12:46:38.009Z
24,e35ed4a6-d332-46bd-bf66-f92ea7982bbc,see,el,word,1,βλέπε,2026-05-19T12:46:36.961Z
24,e35ed4a6-d332-46bd-bf66-f92ea7982bbc,adjusted,el,word,5,ρύθμισε,2026-05-19T12:47:44.501Z
24,e35ed4a6-d332-46bd-bf66-f92ea7982bbc,read,el,word,1,να διαβάζεις,2026-05-19T12:47:00.254Z
24,e35ed4a6-d332-46bd-bf66-f92ea7982bbc,university,el,word,2,πανεπιστήμιο,2026-05-19T12:47:41.179Z
24,e35ed4a6-d332-46bd-bf66-f92ea7982bbc,began,el,word,3,ξεκίνησε,2026-05-19T12:47:40.520Z
24,e35ed4a6-d332-46bd-bf66-f92ea7982bbc,participant,el,word,2,συμμετέχων,2026-05-19T12:47:42.481Z
24,e35ed4a6-d332-46bd-bf66-f92ea7982bbc,laboratory.,el,word,1,εργαστήριο.,2026-05-19T12:47:41.468Z
24,e35ed4a6-d332-46bd-bf66-f92ea7982bbc,sat,el,word,1,καθόταν,2026-05-19T12:47:42.823Z
24,e35ed4a6-d332-46bd-bf66-f92ea7982bbc,reading,el,word,8,ανάγνωση,2026-05-19T12:48:47.773Z
24,e35ed4a6-d332-46bd-bf66-f92ea7982bbc,reveal,el,word,1,αποκαλύπτουν,2026-05-19T12:49:05.278Z
24,e35ed4a6-d332-46bd-bf66-f92ea7982bbc,font.,el,word,2,γραμματοσειρά.,2026-05-19T12:49:05.442Z
24,e35ed4a6-d332-46bd-bf66-f92ea7982bbc,larger,el,word,1,μεγαλύτερη,2026-05-19T12:49:12.828Z
24,e35ed4a6-d332-46bd-bf66-f92ea7982bbc,frighteningly,el,word,3,τρομακτικά,2026-05-19T12:50:53.495Z
24,e35ed4a6-d332-46bd-bf66-f92ea7982bbc,trying,el,word,2,προσπαθώντας,2026-05-19T12:50:53.385Z
24,e35ed4a6-d332-46bd-bf66-f92ea7982bbc,desperately,el,word,7,απεγνωσμένα,2026-05-19T12:50:59.893Z
24,e35ed4a6-d332-46bd-bf66-f92ea7982bbc,time,el,word,2,χρόνος,2026-05-19T12:50:56.923Z
24,e35ed4a6-d332-46bd-bf66-f92ea7982bbc,may,el,word,1,μπορεί,2026-05-19T12:50:56.794Z
24,e35ed4a6-d332-46bd-bf66-f92ea7982bbc,noted,el,word,1,σημείωσαν,2026-05-19T12:51:00.146Z
24,e35ed4a6-d332-46bd-bf66-f92ea7982bbc,colonies,el,word,2,αποικίες,2026-05-19T12:51:41.308Z
24,e35ed4a6-d332-46bd-bf66-f92ea7982bbc,honeybees,el,word,1,μέλισσες,2026-05-19T12:51:02.702Z
24,e35ed4a6-d332-46bd-bf66-f92ea7982bbc,pollination,el,word,3,επικονίαση,2026-05-19T12:51:08.822Z
24,e35ed4a6-d332-46bd-bf66-f92ea7982bbc,pollinate,el,word,2,επικονίαση,2026-05-19T12:51:25.821Z
24,e35ed4a6-d332-46bd-bf66-f92ea7982bbc,"crops,",el,word,1,"καλλιέργειες,",2026-05-19T12:51:21.209Z
24,e35ed4a6-d332-46bd-bf66-f92ea7982bbc,mass,el,word,1,μαζική,2026-05-19T12:51:34.134Z
24,e35ed4a6-d332-46bd-bf66-f92ea7982bbc,causes-as,el,word,1,αιτίες-ως,2026-05-19T12:51:43.890Z
24,e35ed4a6-d332-46bd-bf66-f92ea7982bbc,"pesticides,",el,word,2,"φυτοφάρμακα,",2026-05-19T12:51:47.660Z
24,e35ed4a6-d332-46bd-bf66-f92ea7982bbc,(CCD)-a,el,word,3,(CCD)—μια,2026-05-19T12:51:47.592Z
24,e35ed4a6-d332-46bd-bf66-f92ea7982bbc,pesticides,el,word,1,φυτοφάρμακα,2026-05-19T12:51:47.654Z
24,e35ed4a6-d332-46bd-bf66-f92ea7982bbc,Proceedings,el,word,1,Πρακτικά,2026-05-19T12:52:29.582Z
24,e35ed4a6-d332-46bd-bf66-f92ea7982bbc,extinction.,el,word,1,εξαφάνιση.,2026-05-19T12:52:37.242Z
24,e35ed4a6-d332-46bd-bf66-f92ea7982bbc,"larkspur,",el,word,1,"λαρκσπούρ,",2026-05-19T12:52:58.216Z
24,e35ed4a6-d332-46bd-bf66-f92ea7982bbc,larkspurs-to,el,word,1,λαρκσπούρ-για,2026-05-19T12:53:03.963Z
24,e35ed4a6-d332-46bd-bf66-f92ea7982bbc,joint,el,word,1,κοινή,2026-05-19T12:53:26.021Z
24,e35ed4a6-d332-46bd-bf66-f92ea7982bbc,bullet,el,word,1,λύση,2026-05-19T12:53:34.553Z
24,e35ed4a6-d332-46bd-bf66-f92ea7982bbc,organizations,el,word,1,οργανώσεις,2026-05-19T12:53:38.982Z
24,e35ed4a6-d332-46bd-bf66-f92ea7982bbc,"pollinators.""",el,word,2,επικονιαστές».,2026-05-19T12:53:39.549Z
24,e35ed4a6-d332-46bd-bf66-f92ea7982bbc,disease,el,word,1,ασθένεια,2026-05-19T12:53:42.571Z
24,e35ed4a6-d332-46bd-bf66-f92ea7982bbc,make,el,word,1,κάνουμε,2026-05-19T12:53:42.610Z
24,e35ed4a6-d332-46bd-bf66-f92ea7982bbc,enhancement...targeted,el,word,6,βελτίωση... στοχευμένη,2026-05-19T12:54:01.049Z
24,e35ed4a6-d332-46bd-bf66-f92ea7982bbc,"""Habitat",el,word,1,«Βιότοπος,2026-05-19T12:53:47.189Z
24,e35ed4a6-d332-46bd-bf66-f92ea7982bbc,pesticide,el,word,1,φυτοφάρμακα,2026-05-19T12:53:49.603Z
24,e35ed4a6-d332-46bd-bf66-f92ea7982bbc,pest,el,word,3,επιβλαβείς οργανισμοί,2026-05-19T12:54:02.046Z
24,e35ed4a6-d332-46bd-bf66-f92ea7982bbc,beekeeping,el,word,3,μελισσοκομία,2026-05-19T12:54:12.293Z
24,e35ed4a6-d332-46bd-bf66-f92ea7982bbc,imperative,el,word,1,απαραίτητο,2026-05-19T12:54:07.545Z
24,e35ed4a6-d332-46bd-bf66-f92ea7982bbc,ensure,el,word,1,εξασφαλίζει,2026-05-19T12:54:18.926Z
24,e35ed4a6-d332-46bd-bf66-f92ea7982bbc,food,el,word,1,τρόφιμα,2026-05-19T12:54:22.252Z
24,cf7d2d73-7b8a-4bb9-b7a0-a9b445780903,"Olsen,",el,word,1,"Όλσεν,",2026-05-19T12:58:08.582Z
24,cf7d2d73-7b8a-4bb9-b7a0-a9b445780903,aircraft's,el,word,1,αεροσκάφους,2026-05-19T12:58:14.786Z
24,cf7d2d73-7b8a-4bb9-b7a0-a9b445780903,commemorate,el,word,1,επισημάνει,2026-05-19T12:58:16.381Z
24,cf7d2d73-7b8a-4bb9-b7a0-a9b445780903,aviation,el,word,4,αεροπορίας,2026-05-19T12:58:32.508Z
24,cf7d2d73-7b8a-4bb9-b7a0-a9b445780903,naval,el,word,3,ναυτική,2026-05-19T12:58:29.642Z
24,cf7d2d73-7b8a-4bb9-b7a0-a9b445780903,"Hawaii,",el,word,1,"Χαβάη,",2026-05-19T12:58:25.340Z
24,cf7d2d73-7b8a-4bb9-b7a0-a9b445780903,"mechanic,",el,word,2,"μηχανικός,",2026-05-19T12:58:32.464Z
24,cf7d2d73-7b8a-4bb9-b7a0-a9b445780903,ensuring,el,word,1,εξασφαλίζοντας,2026-05-19T12:58:43.390Z
24,cf7d2d73-7b8a-4bb9-b7a0-a9b445780903,overwhelming,el,word,1,συντριπτική,2026-05-19T12:58:52.399Z
24,cf7d2d73-7b8a-4bb9-b7a0-a9b445780903,unwavering,el,word,1,ακλόνητη,2026-05-19T12:58:54.264Z
24,cf7d2d73-7b8a-4bb9-b7a0-a9b445780903,support,el,word,1,υποστήριξη,2026-05-19T12:58:54.807Z
24,cf7d2d73-7b8a-4bb9-b7a0-a9b445780903,Contributing,el,word,1,Συνεισφέροντας,2026-05-19T12:58:56.835Z
24,cf7d2d73-7b8a-4bb9-b7a0-a9b445780903,maintaining,el,word,1,διατήρηση,2026-05-19T12:59:05.213Z
24,cf7d2d73-7b8a-4bb9-b7a0-a9b445780903,Secretary,el,word,1,Υπουργός,2026-05-19T12:59:18.983Z
24,cf7d2d73-7b8a-4bb9-b7a0-a9b445780903,request,el,word,2,αίτημα,2026-05-19T12:59:25.660Z
24,cf7d2d73-7b8a-4bb9-b7a0-a9b445780903,federal,el,word,2,ομοσπονδιακός,2026-05-19T12:59:25.537Z
24,cf7d2d73-7b8a-4bb9-b7a0-a9b445780903,Henry,el,word,1,Χένρι,2026-05-19T12:59:27.334Z
24,cf7d2d73-7b8a-4bb9-b7a0-a9b445780903,"request,",el,word,1,"αίτημα,",2026-05-19T12:59:36.110Z
24,cf7d2d73-7b8a-4bb9-b7a0-a9b445780903,Disney,el,word,1,Disney,2026-05-19T12:59:37.684Z
24,cf7d2d73-7b8a-4bb9-b7a0-a9b445780903,"produced,",el,word,2,"παρήγαγαν,",2026-05-19T12:59:37.968Z
24,cf7d2d73-7b8a-4bb9-b7a0-a9b445780903,"months,",el,word,1,"μήνες,",2026-05-19T12:59:44.531Z
24,cf7d2d73-7b8a-4bb9-b7a0-a9b445780903,closely,el,word,1,στενά,2026-05-19T12:59:44.567Z
24,cf7d2d73-7b8a-4bb9-b7a0-a9b445780903,sailors,el,word,1,ναυτικοί,2026-05-19T12:59:47.322Z
24,cf7d2d73-7b8a-4bb9-b7a0-a9b445780903,Capra,el,word,1,Capra,2026-05-19T12:59:47.560Z
24,cf7d2d73-7b8a-4bb9-b7a0-a9b445780903,produced,el,word,1,παραγωγή,2026-05-19T13:00:17.154Z
24,cf7d2d73-7b8a-4bb9-b7a0-a9b445780903,deployed,el,word,1,ανέπτυξε,2026-05-19T13:00:33.268Z
24,cf7d2d73-7b8a-4bb9-b7a0-a9b445780903,troops,el,word,1,στρατεύματα,2026-05-19T13:00:34.722Z
24,cf7d2d73-7b8a-4bb9-b7a0-a9b445780903,accorded,el,word,1,απονέμεται,2026-05-19T13:00:41.704Z
24,cf7d2d73-7b8a-4bb9-b7a0-a9b445780903,appreciate,el,word,1,εκτιμώ,2026-05-19T13:00:58.503Z
24,cf7d2d73-7b8a-4bb9-b7a0-a9b445780903,"surprising,",el,word,1,"εκπληκτικό,",2026-05-19T13:01:06.435Z
24,cf7d2d73-7b8a-4bb9-b7a0-a9b445780903,esprit-de-corps.,el,word,2,το ομαδικό πνεύμα.,2026-05-19T13:01:10.421Z
24,cf7d2d73-7b8a-4bb9-b7a0-a9b445780903,talents,el,word,1,ταλέντα,2026-05-19T13:01:09.932Z
24,cf7d2d73-7b8a-4bb9-b7a0-a9b445780903,boats,el,word,1,σκάφη,2026-05-19T13:01:40.072Z
24,cf7d2d73-7b8a-4bb9-b7a0-a9b445780903,torpedo,el,word,1,τορπιλικό,2026-05-19T13:01:41.024Z
24,cf7d2d73-7b8a-4bb9-b7a0-a9b445780903,importance,el,word,1,σημασία,2026-05-19T13:01:47.625Z
24,cf7d2d73-7b8a-4bb9-b7a0-a9b445780903,"organization,",el,word,1,"οργανισμός,",2026-05-19T13:02:01.474Z
24,cf7d2d73-7b8a-4bb9-b7a0-a9b445780903,war's,el,word,1,του πολέμου,2026-05-19T13:02:07.148Z
13,9fffa5b8-0b82-426d-805d-c0049bd98060,Hemisphere,el,word,2,Ημισφαίριο,2026-05-19T13:21:34.031Z
13,9fffa5b8-0b82-426d-805d-c0049bd98060,Northern,el,word,1,Βόρειο,2026-05-19T13:21:22.907Z
13,9fffa5b8-0b82-426d-805d-c0049bd98060,temperate,el,word,2,εύκρατο,2026-05-19T13:21:56.803Z
13,9fffa5b8-0b82-426d-805d-c0049bd98060,summers,el,word,1,καλοκαίρια,2026-05-19T13:21:47.035Z
13,9fffa5b8-0b82-426d-805d-c0049bd98060,precipitation.,el,word,1,βροχοπτώσεις.,2026-05-19T13:21:48.684Z
13,9fffa5b8-0b82-426d-805d-c0049bd98060,difference,el,word,1,διαφορά,2026-05-19T13:21:51.510Z
13,9fffa5b8-0b82-426d-805d-c0049bd98060,optimal,el,word,1,βέλτιστες,2026-05-19T13:22:06.951Z
13,9fffa5b8-0b82-426d-805d-c0049bd98060,conditions,el,word,1,συνθήκες,2026-05-19T13:22:07.770Z
13,9fffa5b8-0b82-426d-805d-c0049bd98060,animals,el,word,2,ζώα,2026-05-19T13:23:54.333Z
13,9fffa5b8-0b82-426d-805d-c0049bd98060,home,el,word,1,αρχική σελίδα,2026-05-19T13:22:29.532Z
13,9fffa5b8-0b82-426d-805d-c0049bd98060,ecosystems,el,word,1,οικοσυστήματα,2026-05-19T13:22:29.549Z
13,9fffa5b8-0b82-426d-805d-c0049bd98060,roamed,el,word,1,περιπλανιόνταν,2026-05-19T13:22:29.686Z
13,9fffa5b8-0b82-426d-805d-c0049bd98060,endangered,el,word,2,απειλούμενα,2026-05-19T13:22:38.554Z
13,9fffa5b8-0b82-426d-805d-c0049bd98060,beautiful,el,word,1,όμορφο,2026-05-19T13:22:52.724Z
13,9fffa5b8-0b82-426d-805d-c0049bd98060,perky,el,word,1,περήφανα,2026-05-19T13:22:58.841Z
13,9fffa5b8-0b82-426d-805d-c0049bd98060,poison,el,word,1,δηλητήριο,2026-05-19T13:23:15.203Z
13,9fffa5b8-0b82-426d-805d-c0049bd98060,"rainforests,",el,word,1,"τροπικά δάση,",2026-05-19T13:23:15.369Z
13,9fffa5b8-0b82-426d-805d-c0049bd98060,spiders,el,word,1,αράχνες,2026-05-19T13:23:16.362Z
13,9fffa5b8-0b82-426d-805d-c0049bd98060,produce,el,word,1,παράγουν,2026-05-19T13:23:21.582Z
13,9fffa5b8-0b82-426d-805d-c0049bd98060,probably,el,word,1,πιθανώς,2026-05-19T13:23:47.379Z
13,9fffa5b8-0b82-426d-805d-c0049bd98060,biodiversity,el,word,1,βιοποικιλότητα,2026-05-19T13:24:11.432Z
13,9fffa5b8-0b82-426d-805d-c0049bd98060,mining,el,word,1,ορυχεία,2026-05-19T13:24:28.786Z
13,9fffa5b8-0b82-426d-805d-c0049bd98060,crucial,el,word,1,ζωτικής σημασίας,2026-05-19T13:24:43.536Z
13,de5d2c98-33b2-4109-9551-463d8f98eee2,referred,el,word,2,αναφερόταν,2026-05-19T13:28:54.074Z
13,de5d2c98-33b2-4109-9551-463d8f98eee2,Declaration,el,word,1,Διακήρυξη,2026-05-19T13:28:45.650Z
13,de5d2c98-33b2-4109-9551-463d8f98eee2,participated,el,word,1,συμμετείχαν,2026-05-19T13:28:45.719Z
13,de5d2c98-33b2-4109-9551-463d8f98eee2,overthrew,el,word,1,ανατρέψαν,2026-05-19T13:29:01.358Z
13,de5d2c98-33b2-4109-9551-463d8f98eee2,Benjamin,el,word,2,Μπέντζαμιν,2026-05-19T13:29:30.164Z
13,de5d2c98-33b2-4109-9551-463d8f98eee2,appointed,el,word,1,διορίστηκε,2026-05-19T13:29:21.089Z
13,de5d2c98-33b2-4109-9551-463d8f98eee2,Pennsylvania,el,word,1,Πενσυλβανία,2026-05-19T13:29:35.239Z
13,de5d2c98-33b2-4109-9551-463d8f98eee2,printing,el,word,1,τυπογραφία,2026-05-19T13:29:37.113Z
13,de5d2c98-33b2-4109-9551-463d8f98eee2,made,el,word,1,δημιούργησε,2026-05-19T13:29:44.346Z
13,de5d2c98-33b2-4109-9551-463d8f98eee2,cleaning,el,word,1,καθαρισμός,2026-05-19T13:29:47.790Z
13,de5d2c98-33b2-4109-9551-463d8f98eee2,"experiment""",el,word,1,πείραμα»,2026-05-19T13:30:07.049Z
13,de5d2c98-33b2-4109-9551-463d8f98eee2,might,el,word,1,ίσως,2026-05-19T13:30:15.869Z
13,de5d2c98-33b2-4109-9551-463d8f98eee2,"Americancolonies,",el,word,1,"αμερικανικές αποικίες,",2026-05-19T13:30:18.677Z
13,de5d2c98-33b2-4109-9551-463d8f98eee2,part,el,word,1,μέρος,2026-05-19T13:30:25.888Z
13,de5d2c98-33b2-4109-9551-463d8f98eee2,story,el,word,1,ιστορία,2026-05-19T13:30:26.666Z
13,de5d2c98-33b2-4109-9551-463d8f98eee2,get,el,word,1,να πάρει,2026-05-19T13:30:30.344Z
13,de5d2c98-33b2-4109-9551-463d8f98eee2,Speaker,el,word,1,Πρόεδρος,2026-05-19T13:30:47.378Z
13,de5d2c98-33b2-4109-9551-463d8f98eee2,positions,el,word,1,θέσεις,2026-05-19T13:31:18.377Z
13,de5d2c98-33b2-4109-9551-463d8f98eee2,saved,el,word,1,αποταμιευμένα,2026-05-19T13:31:28.296Z
11,b1c7ca69-7307-4be3-bdc6-e3fc987a89a3,adjust,el,word,1,προσαρμόζω,2026-05-19T13:39:10.438Z
11,b1c7ca69-7307-4be3-bdc6-e3fc987a89a3,system,el,word,2,σύστημα,2026-05-19T13:39:14.861Z
11,b1c7ca69-7307-4be3-bdc6-e3fc987a89a3,Paragraph,el,word,1,Παράγραφος,2026-05-19T13:39:14.961Z
11,b1c7ca69-7307-4be3-bdc6-e3fc987a89a3,checked,el,word,2,ελέγχθηκε,2026-05-19T13:39:15.108Z
11,b1c7ca69-7307-4be3-bdc6-e3fc987a89a3,whether,el,word,1,αν,2026-05-19T13:39:18.631Z
11,b1c7ca69-7307-4be3-bdc6-e3fc987a89a3,"chair,",el,word,1,"καρέκλα,",2026-05-19T13:39:29.615Z
11,b1c7ca69-7307-4be3-bdc6-e3fc987a89a3,Lisa,el,word,1,Λίζα,2026-05-19T13:40:02.632Z
11,b1c7ca69-7307-4be3-bdc6-e3fc987a89a3,Department,el,word,1,Τμήμα,2026-05-19T13:40:02.737Z
11,b1c7ca69-7307-4be3-bdc6-e3fc987a89a3,"Hawaii,",el,word,2,"Χαβάη,",2026-05-19T13:40:21.119Z
11,b1c7ca69-7307-4be3-bdc6-e3fc987a89a3,naval,el,word,1,ναυτική,2026-05-19T13:40:21.157Z
11,b1c7ca69-7307-4be3-bdc6-e3fc987a89a3,America's,el,word,1,Η Αμερική,2026-05-19T13:40:21.304Z
11,b1c7ca69-7307-4be3-bdc6-e3fc987a89a3,maintaining,el,word,2,διατήρηση,2026-05-19T13:40:44.146Z
11,b1c7ca69-7307-4be3-bdc6-e3fc987a89a3,insignia,el,word,2,διακριτικά,2026-05-19T13:40:42.673Z
11,b1c7ca69-7307-4be3-bdc6-e3fc987a89a3,"jackets,",el,word,1,"τζάκετ,",2026-05-19T13:40:47.429Z
11,b1c7ca69-7307-4be3-bdc6-e3fc987a89a3,request,el,word,1,αίτημα,2026-05-19T13:40:53.023Z
11,b1c7ca69-7307-4be3-bdc6-e3fc987a89a3,branch,el,word,1,κλάδο,2026-05-19T13:40:53.547Z
11,b1c7ca69-7307-4be3-bdc6-e3fc987a89a3,Spirit,el,word,1,Spirit,2026-05-19T13:40:57.253Z
11,b1c7ca69-7307-4be3-bdc6-e3fc987a89a3,"Morgenthau,",el,word,1,"Μόργκενταου,",2026-05-19T13:41:05.924Z
11,b1c7ca69-7307-4be3-bdc6-e3fc987a89a3,"produced,",el,word,1,"παρήγαγαν,",2026-05-19T13:41:17.322Z
11,b1c7ca69-7307-4be3-bdc6-e3fc987a89a3,propaganda,el,word,1,προπαγάνδα,2026-05-19T13:41:38.750Z
11,b1c7ca69-7307-4be3-bdc6-e3fc987a89a3,continuous,el,word,1,συνεχής,2026-05-19T13:41:39.180Z
11,b1c7ca69-7307-4be3-bdc6-e3fc987a89a3,embellished,el,word,1,διακόσμησε,2026-05-19T13:42:13.103Z
11,b1c7ca69-7307-4be3-bdc6-e3fc987a89a3,esprit-de-corps.,el,word,1,το ομαδικό πνεύμα.,2026-05-19T13:42:23.360Z
11,b1c7ca69-7307-4be3-bdc6-e3fc987a89a3,adorned,el,word,1,στολίζονταν,2026-05-19T13:42:40.917Z
16,72139697-aca6-44b5-a379-874fb9091887,quiet,el,word,1,ήσυχο,2026-05-19T13:51:52.517Z
16,72139697-aca6-44b5-a379-874fb9091887,morning,el,word,1,πρωί,2026-05-19T13:51:57.448Z
16,72139697-aca6-44b5-a379-874fb9091887,"screen,",el,word,1,"οθόνη,",2026-05-19T13:52:02.509Z
16,72139697-aca6-44b5-a379-874fb9091887,researcher,el,word,2,ερευνητής,2026-05-19T13:52:53.007Z
16,72139697-aca6-44b5-a379-874fb9091887,distance,el,word,5,απόσταση,2026-05-19T13:52:36.886Z
16,72139697-aca6-44b5-a379-874fb9091887,easier,el,word,1,ευκολότερο,2026-05-19T13:52:16.681Z
16,72139697-aca6-44b5-a379-874fb9091887,whether,el,word,1,αν,2026-05-19T13:52:18.465Z
16,72139697-aca6-44b5-a379-874fb9091887,comfortable,el,word,1,άνετο,2026-05-19T13:52:35.844Z
16,72139697-aca6-44b5-a379-874fb9091887,features,el,word,3,χαρακτηριστικά,2026-05-19T13:52:36.711Z
16,72139697-aca6-44b5-a379-874fb9091887,"words,",el,word,1,"λέξεις,",2026-05-19T13:52:52.102Z
16,c0fe3c20-5c53-46f6-8fb3-01fa71441a1a,accurately,el,word,2,με ακρίβεια,2026-05-19T13:53:18.137Z
16,c0fe3c20-5c53-46f6-8fb3-01fa71441a1a,becomes,el,word,1,γίνεται,2026-05-19T13:53:01.102Z
16,c0fe3c20-5c53-46f6-8fb3-01fa71441a1a,points,el,word,1,σημεία,2026-05-19T13:53:05.405Z
16,c0fe3c20-5c53-46f6-8fb3-01fa71441a1a,followed,el,word,1,ακολουθούσε,2026-05-19T13:53:08.645Z
16,c0fe3c20-5c53-46f6-8fb3-01fa71441a1a,Paragraph,el,word,1,Παράγραφος,2026-05-19T13:53:12.501Z
16,c0fe3c20-5c53-46f6-8fb3-01fa71441a1a,system,el,word,1,σύστημα,2026-05-19T13:53:13.467Z
16,c0fe3c20-5c53-46f6-8fb3-01fa71441a1a,reduced.,el,word,3,μειωθεί.,2026-05-19T13:53:28.949Z
16,c0fe3c20-5c53-46f6-8fb3-01fa71441a1a,adjust,el,word,1,προσαρμόζω,2026-05-19T13:53:13.569Z
16,c0fe3c20-5c53-46f6-8fb3-01fa71441a1a,fixations,el,word,1,σταθεροποιήσεις,2026-05-19T13:53:17.757Z
16,c0fe3c20-5c53-46f6-8fb3-01fa71441a1a,neighboring,el,word,1,γειτονικά,2026-05-19T13:53:25.812Z
16,c0fe3c20-5c53-46f6-8fb3-01fa71441a1a,"chair,",el,word,1,"καρέκλα,",2026-05-19T13:53:36.619Z
16,c0fe3c20-5c53-46f6-8fb3-01fa71441a1a,"naturally,",el,word,1,"φυσικά,",2026-05-19T13:53:36.630Z
16,c0fe3c20-5c53-46f6-8fb3-01fa71441a1a,smaller.,el,word,1,μικρότερο.,2026-05-19T13:53:36.720Z
16,c0fe3c20-5c53-46f6-8fb3-01fa71441a1a,slightly,el,word,1,ελαφρώς,2026-05-19T13:53:37.631Z
16,c0fe3c20-5c53-46f6-8fb3-01fa71441a1a,experiment,el,word,1,πείραμα,2026-05-19T13:53:39.622Z
16,c0fe3c20-5c53-46f6-8fb3-01fa71441a1a,beside,el,word,1,δίπλα,2026-05-19T13:53:40.220Z
16,c0fe3c20-5c53-46f6-8fb3-01fa71441a1a,Nature,el,word,2,Φύση,2026-05-19T13:54:29.792Z
16,c0fe3c20-5c53-46f6-8fb3-01fa71441a1a,Protected,el,word,6,Προστατευόμενες,2026-05-19T13:56:40.252Z
16,c0fe3c20-5c53-46f6-8fb3-01fa71441a1a,Noise,el,word,4,Θόρυβος,2026-05-19T13:56:07.713Z
16,c0fe3c20-5c53-46f6-8fb3-01fa71441a1a,pollution,el,word,4,ρύπανση,2026-05-19T13:56:39.306Z
16,c0fe3c20-5c53-46f6-8fb3-01fa71441a1a,parks,el,word,7,πάρκα,2026-05-19T13:58:52.731Z
16,c0fe3c20-5c53-46f6-8fb3-01fa71441a1a,commercial,el,word,6,εμπορική,2026-05-19T13:56:54.110Z
16,c0fe3c20-5c53-46f6-8fb3-01fa71441a1a,development,el,word,4,ανάπτυξη,2026-05-19T13:56:43.199Z
16,c0fe3c20-5c53-46f6-8fb3-01fa71441a1a,traffic,el,word,4,κυκλοφορία,2026-05-19T13:58:51.330Z
16,c0fe3c20-5c53-46f6-8fb3-01fa71441a1a,Areas,el,word,4,Περιοχές,2026-05-19T13:56:37.632Z
16,c0fe3c20-5c53-46f6-8fb3-01fa71441a1a,"aircraft,",el,word,3,"αεροσκάφη,",2026-05-19T13:56:47.255Z
16,c0fe3c20-5c53-46f6-8fb3-01fa71441a1a,wilderness,el,word,5,άγρια φύση,2026-05-19T13:56:49.651Z
16,c0fe3c20-5c53-46f6-8fb3-01fa71441a1a,areas,el,word,2,περιοχές,2026-05-19T13:56:50.785Z
16,c0fe3c20-5c53-46f6-8fb3-01fa71441a1a,University,el,word,2,Πανεπιστήμιο,2026-05-19T13:59:25.398Z
16,c0fe3c20-5c53-46f6-8fb3-01fa71441a1a,Noisy,el,word,1,Θορυβώδεις,2026-05-19T13:56:20.503Z
16,c0fe3c20-5c53-46f6-8fb3-01fa71441a1a,conservation,el,word,1,διατήρηση,2026-05-19T13:56:37.455Z
16,c0fe3c20-5c53-46f6-8fb3-01fa71441a1a,invades,el,word,1,εισβάλλει,2026-05-19T13:56:43.852Z
16,c0fe3c20-5c53-46f6-8fb3-01fa71441a1a,Robert,el,word,1,Robert,2026-05-19T13:56:47.188Z
16,c0fe3c20-5c53-46f6-8fb3-01fa71441a1a,calculated,el,word,1,υπολόγισαν,2026-05-19T13:56:47.445Z
16,c0fe3c20-5c53-46f6-8fb3-01fa71441a1a,"parks,",el,word,2,"πάρκα,",2026-05-19T13:56:52.348Z
16,c0fe3c20-5c53-46f6-8fb3-01fa71441a1a,natural,el,word,5,φυσικοί,2026-05-19T14:01:06.643Z
16,c0fe3c20-5c53-46f6-8fb3-01fa71441a1a,according,el,word,4,σύμφωνα με,2026-05-19T14:00:59.796Z
16,c0fe3c20-5c53-46f6-8fb3-01fa71441a1a,analysis,el,word,1,ανάλυση,2026-05-19T13:57:00.994Z
16,c0fe3c20-5c53-46f6-8fb3-01fa71441a1a,Thursday.,el,word,1,Πέμπτη.,2026-05-19T13:57:03.526Z
16,c0fe3c20-5c53-46f6-8fb3-01fa71441a1a,sounds,el,word,3,ήχους,2026-05-19T14:01:06.660Z
16,c0fe3c20-5c53-46f6-8fb3-01fa71441a1a,background,el,word,4,φόντο,2026-05-19T14:00:24.883Z
16,c0fe3c20-5c53-46f6-8fb3-01fa71441a1a,drilling,el,word,1,γεωτρήσεων,2026-05-19T13:57:12.796Z
16,c0fe3c20-5c53-46f6-8fb3-01fa71441a1a,ringing,el,word,1,που χτυπά,2026-05-19T13:57:15.005Z
16,c0fe3c20-5c53-46f6-8fb3-01fa71441a1a,levels,el,word,1,επίπεδα,2026-05-19T13:57:15.243Z
16,c0fe3c20-5c53-46f6-8fb3-01fa71441a1a,rumble,el,word,1,βουητό,2026-05-19T13:57:15.881Z
16,c0fe3c20-5c53-46f6-8fb3-01fa71441a1a,clatter,el,word,2,θόρυβος,2026-05-19T13:57:19.799Z
16,c0fe3c20-5c53-46f6-8fb3-01fa71441a1a,two-thirds,el,word,2,τα δύο τρίτα,2026-05-19T13:57:21.072Z
16,c0fe3c20-5c53-46f6-8fb3-01fa71441a1a,"mining,",el,word,1,"εξόρυξης,",2026-05-19T13:57:21.398Z
16,c0fe3c20-5c53-46f6-8fb3-01fa71441a1a,protected,el,word,1,προστατευόμενες,2026-05-19T13:57:22.109Z
16,c0fe3c20-5c53-46f6-8fb3-01fa71441a1a,logging,el,word,1,υλοτομίας,2026-05-19T13:57:22.668Z
16,c0fe3c20-5c53-46f6-8fb3-01fa71441a1a,"areas,",el,word,1,"περιοχές,",2026-05-19T13:57:22.820Z
16,c0fe3c20-5c53-46f6-8fb3-01fa71441a1a,adverse,el,word,1,αρνητικές,2026-05-19T13:57:23.083Z
16,c0fe3c20-5c53-46f6-8fb3-01fa71441a1a,wildlife,el,word,1,άγρια φύση,2026-05-19T13:57:26.484Z
16,c0fe3c20-5c53-46f6-8fb3-01fa71441a1a,consequences,el,word,1,συνέπειες,2026-05-19T13:57:29.570Z
16,c0fe3c20-5c53-46f6-8fb3-01fa71441a1a,every,el,word,1,κάθε,2026-05-19T13:57:29.689Z
16,c0fe3c20-5c53-46f6-8fb3-01fa71441a1a,acoustic,el,word,1,ακουστική,2026-05-19T13:57:30.418Z
16,c0fe3c20-5c53-46f6-8fb3-01fa71441a1a,extends,el,word,1,επεκτείνεται,2026-05-19T13:57:32.864Z
16,c0fe3c20-5c53-46f6-8fb3-01fa71441a1a,joined,el,word,1,συμμετείχαν,2026-05-19T13:57:37.600Z
16,c0fe3c20-5c53-46f6-8fb3-01fa71441a1a,project.,el,word,1,έργο.,2026-05-19T13:57:39.400Z
16,c0fe3c20-5c53-46f6-8fb3-01fa71441a1a,growing,el,word,1,αυξανόμενη,2026-05-19T13:57:41.307Z
16,c0fe3c20-5c53-46f6-8fb3-01fa71441a1a,appreciation,el,word,1,αντίληψη,2026-05-19T13:57:42.135Z
16,c0fe3c20-5c53-46f6-8fb3-01fa71441a1a,behavior.,el,word,2,συμπεριφορά.,2026-05-19T13:57:46.183Z
16,c0fe3c20-5c53-46f6-8fb3-01fa71441a1a,human,el,word,1,ανθρώπινη,2026-05-19T13:57:46.265Z
16,c0fe3c20-5c53-46f6-8fb3-01fa71441a1a,landscape,el,word,2,τοπίο,2026-05-19T13:57:54.424Z
16,c0fe3c20-5c53-46f6-8fb3-01fa71441a1a,researchers,el,word,3,ερευνητές,2026-05-19T13:58:54.247Z
16,c0fe3c20-5c53-46f6-8fb3-01fa71441a1a,Colorado,el,word,3,Κολοράντο,2026-05-19T13:58:55.671Z
16,c0fe3c20-5c53-46f6-8fb3-01fa71441a1a,dozens,el,word,1,δεκάδες,2026-05-19T13:57:53.314Z
16,c0fe3c20-5c53-46f6-8fb3-01fa71441a1a,variables,el,word,1,μεταβλητές,2026-05-19T13:57:55.266Z
16,c0fe3c20-5c53-46f6-8fb3-01fa71441a1a,calculate,el,word,2,υπολογίζουν,2026-05-19T13:57:57.015Z
16,c0fe3c20-5c53-46f6-8fb3-01fa71441a1a,"locale,",el,word,2,"τοπική ρύθμιση,",2026-05-19T13:57:57.186Z
16,c0fe3c20-5c53-46f6-8fb3-01fa71441a1a,people,el,word,1,άνθρωποι,2026-05-19T13:57:59.295Z
16,c0fe3c20-5c53-46f6-8fb3-01fa71441a1a,added.,el,word,1,προσέθεσαν.,2026-05-19T13:57:59.984Z
16,c0fe3c20-5c53-46f6-8fb3-01fa71441a1a,"comparison,",el,word,1,"σύγκριση,",2026-05-19T13:58:02.376Z
16,c0fe3c20-5c53-46f6-8fb3-01fa71441a1a,ReadWorks’,el,word,3,ReadWorks’,2026-05-19T13:58:25.936Z
16,c0fe3c20-5c53-46f6-8fb3-01fa71441a1a,babbling,el,word,2,κυλά,2026-05-19T13:58:25.896Z
16,c0fe3c20-5c53-46f6-8fb3-01fa71441a1a,impact,el,word,4,επιπτώσεις,2026-05-19T13:58:24.430Z
16,c0fe3c20-5c53-46f6-8fb3-01fa71441a1a,Road,el,word,3,Οδική,2026-05-19T13:58:25.570Z
16,c0fe3c20-5c53-46f6-8fb3-01fa71441a1a,overflights,el,word,3,πτήσεις,2026-05-19T13:58:58.866Z
16,c0fe3c20-5c53-46f6-8fb3-01fa71441a1a,"decibels,",el,word,3,"ντεσιμπέλ,",2026-05-19T13:59:07.571Z
16,c0fe3c20-5c53-46f6-8fb3-01fa71441a1a,"animals,",el,word,4,"ζώα,",2026-05-19T13:58:24.422Z
16,c0fe3c20-5c53-46f6-8fb3-01fa71441a1a,Pacific,el,word,3,Pacific,2026-05-19T13:59:24.714Z
16,c0fe3c20-5c53-46f6-8fb3-01fa71441a1a,birds,el,word,2,πουλιά,2026-05-19T13:59:29.533Z
16,c0fe3c20-5c53-46f6-8fb3-01fa71441a1a,Psychologists,el,word,4,Ψυχολόγοι,2026-05-19T13:59:42.578Z
16,c0fe3c20-5c53-46f6-8fb3-01fa71441a1a,food,el,word,2,τροφή,2026-05-19T13:58:24.227Z
16,c0fe3c20-5c53-46f6-8fb3-01fa71441a1a,independent,el,word,4,ανεξάρτητη,2026-05-19T13:58:59.279Z
16,c0fe3c20-5c53-46f6-8fb3-01fa71441a1a,Buxton,el,word,1,Μπάξτον,2026-05-19T13:58:35.589Z
16,c0fe3c20-5c53-46f6-8fb3-01fa71441a1a,said.,el,word,1,είπε.,2026-05-19T13:58:36.359Z
16,c0fe3c20-5c53-46f6-8fb3-01fa71441a1a,study,el,word,2,μελέτη,2026-05-19T13:58:50.269Z
16,c0fe3c20-5c53-46f6-8fb3-01fa71441a1a,air,el,word,1,αεροπορική,2026-05-19T13:58:39.536Z
16,c0fe3c20-5c53-46f6-8fb3-01fa71441a1a,State,el,word,1,Πολιτεία,2026-05-19T13:58:46.457Z
16,c0fe3c20-5c53-46f6-8fb3-01fa71441a1a,found,el,word,3,διαπίστωσε,2026-05-19T13:59:37.343Z
16,c0fe3c20-5c53-46f6-8fb3-01fa71441a1a,Grand,el,word,1,Γκραντ,2026-05-19T13:59:00.790Z
16,c0fe3c20-5c53-46f6-8fb3-01fa71441a1a,Canyon,el,word,1,Canyon,2026-05-19T13:59:01.854Z
16,c0fe3c20-5c53-46f6-8fb3-01fa71441a1a,canyon,el,word,1,φαράγγι,2026-05-19T13:59:02.447Z
16,c0fe3c20-5c53-46f6-8fb3-01fa71441a1a,National,el,word,1,Εθνικό,2026-05-19T13:59:02.778Z
16,c0fe3c20-5c53-46f6-8fb3-01fa71441a1a,Sound,el,word,1,Ήχος,2026-05-19T13:59:04.317Z
16,c0fe3c20-5c53-46f6-8fb3-01fa71441a1a,predators.,el,word,1,αρπακτικά.,2026-05-19T13:59:11.149Z
16,c0fe3c20-5c53-46f6-8fb3-01fa71441a1a,avian,el,word,2,πτηνών,2026-05-19T13:59:20.267Z
16,c0fe3c20-5c53-46f6-8fb3-01fa71441a1a,"calls,""",el,word,1,"κλήσεις»,",2026-05-19T13:59:18.992Z
16,c0fe3c20-5c53-46f6-8fb3-01fa71441a1a,said,el,word,1,είπε,2026-05-19T13:59:20.000Z
16,c0fe3c20-5c53-46f6-8fb3-01fa71441a1a,effects,el,word,1,επιπτώσεις,2026-05-19T13:59:20.448Z
16,c0fe3c20-5c53-46f6-8fb3-01fa71441a1a,behavioral,el,word,1,συμπεριφορά,2026-05-19T13:59:20.927Z
16,c0fe3c20-5c53-46f6-8fb3-01fa71441a1a,ecologist,el,word,1,οικολόγος,2026-05-19T13:59:22.318Z
16,c0fe3c20-5c53-46f6-8fb3-01fa71441a1a,Christopher,el,word,1,Christopher,2026-05-19T13:59:22.830Z
16,c0fe3c20-5c53-46f6-8fb3-01fa71441a1a,Templeton,el,word,1,Templeton,2026-05-19T13:59:23.710Z
16,c0fe3c20-5c53-46f6-8fb3-01fa71441a1a,"Oregon,",el,word,1,"Όρεγκον,",2026-05-19T13:59:26.278Z
16,c0fe3c20-5c53-46f6-8fb3-01fa71441a1a,studies,el,word,1,μελέτες,2026-05-19T13:59:27.618Z
16,c0fe3c20-5c53-46f6-8fb3-01fa71441a1a,louder,el,word,1,πιο δυνατά,2026-05-19T13:59:31.634Z
16,c0fe3c20-5c53-46f6-8fb3-01fa71441a1a,flee,el,word,1,φεύγουν,2026-05-19T13:59:33.163Z
16,c0fe3c20-5c53-46f6-8fb3-01fa71441a1a,area,el,word,1,περιοχή,2026-05-19T13:59:34.773Z
16,c0fe3c20-5c53-46f6-8fb3-01fa71441a1a,entirely.,el,word,1,εντελώς.,2026-05-19T13:59:35.583Z
16,c0fe3c20-5c53-46f6-8fb3-01fa71441a1a,compared,el,word,4,σε σύγκριση,2026-05-19T14:00:39.281Z
16,c0fe3c20-5c53-46f6-8fb3-01fa71441a1a,rustling,el,word,1,συριγμός,2026-05-19T13:59:38.356Z
16,c0fe3c20-5c53-46f6-8fb3-01fa71441a1a,trees,el,word,1,δέντρα,2026-05-19T13:59:39.760Z
16,c0fe3c20-5c53-46f6-8fb3-01fa71441a1a,warble,el,word,1,κελάηδισμα,2026-05-19T13:59:40.911Z
16,c0fe3c20-5c53-46f6-8fb3-01fa71441a1a,discovering,el,word,1,ανακαλύπτοντας,2026-05-19T13:59:43.810Z
16,c0fe3c20-5c53-46f6-8fb3-01fa71441a1a,"humans,",el,word,1,"ανθρώπους,",2026-05-19T13:59:44.823Z
16,c0fe3c20-5c53-46f6-8fb3-01fa71441a1a,lower,el,word,1,μειώσει,2026-05-19T13:59:46.525Z
16,c0fe3c20-5c53-46f6-8fb3-01fa71441a1a,stream,el,word,2,ρυάκι,2026-05-19T14:00:07.710Z
16,c0fe3c20-5c53-46f6-8fb3-01fa71441a1a,recording,el,word,5,ηχογράφηση,2026-05-19T14:01:05.111Z
16,c0fe3c20-5c53-46f6-8fb3-01fa71441a1a,boost,el,word,1,ενισχύουν,2026-05-19T13:59:49.706Z
16,c0fe3c20-5c53-46f6-8fb3-01fa71441a1a,cognitive,el,word,1,γνωστικές,2026-05-19T13:59:50.315Z
16,c0fe3c20-5c53-46f6-8fb3-01fa71441a1a,abilities,el,word,1,ικανότητες,2026-05-19T13:59:51.993Z
16,c0fe3c20-5c53-46f6-8fb3-01fa71441a1a,perhaps,el,word,1,ίσως,2026-05-19T13:59:53.884Z
16,c0fe3c20-5c53-46f6-8fb3-01fa71441a1a,enhance,el,word,1,ενισχύουν,2026-05-19T13:59:54.764Z
16,c0fe3c20-5c53-46f6-8fb3-01fa71441a1a,healing.,el,word,1,την επούλωση.,2026-05-19T13:59:56.115Z
16,c0fe3c20-5c53-46f6-8fb3-01fa71441a1a,Jonas,el,word,1,Jonas,2026-05-19T13:59:58.240Z
16,c0fe3c20-5c53-46f6-8fb3-01fa71441a1a,"Braasch,",el,word,1,"Braasch,",2026-05-19T13:59:58.664Z
16,c0fe3c20-5c53-46f6-8fb3-01fa71441a1a,musicologist,el,word,1,μουσικολόγος,2026-05-19T13:59:59.533Z
16,c0fe3c20-5c53-46f6-8fb3-01fa71441a1a,mountain,el,word,2,βουνό,2026-05-19T14:00:06.869Z
16,c0fe3c20-5c53-46f6-8fb3-01fa71441a1a,"Institute,",el,word,2,"Ινστιτούτο,",2026-05-19T14:00:38.877Z
16,c0fe3c20-5c53-46f6-8fb3-01fa71441a1a,tests,el,word,4,τεστ,2026-05-19T14:00:39.056Z
16,c0fe3c20-5c53-46f6-8fb3-01fa71441a1a,office,el,word,1,γραφείο,2026-05-19T14:00:02.777Z
16,c0fe3c20-5c53-46f6-8fb3-01fa71441a1a,listening,el,word,2,ακούγοντας,2026-05-19T14:00:11.496Z
16,c0fe3c20-5c53-46f6-8fb3-01fa71441a1a,flowing,el,word,1,ρέον,2026-05-19T14:00:05.960Z
16,c0fe3c20-5c53-46f6-8fb3-01fa71441a1a,"surroundings,",el,word,3,"περιβάλλον,",2026-05-19T14:00:33.387Z
16,c0fe3c20-5c53-46f6-8fb3-01fa71441a1a,performed,el,word,2,απόδοση,2026-05-19T14:00:16.661Z
16,c0fe3c20-5c53-46f6-8fb3-01fa71441a1a,listened,el,word,4,άκουσαν,2026-05-19T14:01:10.617Z
16,c0fe3c20-5c53-46f6-8fb3-01fa71441a1a,reported,el,word,1,ανέφεραν,2026-05-19T14:00:18.323Z
16,c0fe3c20-5c53-46f6-8fb3-01fa71441a1a,noise,el,word,1,θόρυβος,2026-05-19T14:00:18.968Z
16,c0fe3c20-5c53-46f6-8fb3-01fa71441a1a,feeling,el,word,1,αισθάνονται,2026-05-19T14:00:19.234Z
16,c0fe3c20-5c53-46f6-8fb3-01fa71441a1a,restorative,el,word,3,αναζωογονητική,2026-05-19T14:00:33.428Z
16,c0fe3c20-5c53-46f6-8fb3-01fa71441a1a,patient,el,word,1,υπομονετικοί,2026-05-19T14:00:22.277Z
16,c0fe3c20-5c53-46f6-8fb3-01fa71441a1a,normal,el,word,1,κανονικό,2026-05-19T14:00:23.786Z
16,c0fe3c20-5c53-46f6-8fb3-01fa71441a1a,Polytechnic,el,word,1,Πολυτεχνείο,2026-05-19T14:00:33.459Z
16,c0fe3c20-5c53-46f6-8fb3-01fa71441a1a,effect,el,word,2,αποτέλεσμα,2026-05-19T14:00:37.495Z
16,c0fe3c20-5c53-46f6-8fb3-01fa71441a1a,elevate,el,word,1,ανυψώνουν,2026-05-19T14:00:38.654Z
16,c0fe3c20-5c53-46f6-8fb3-01fa71441a1a,Listening,el,word,2,Ακούγοντας,2026-05-19T14:00:49.517Z
16,c0fe3c20-5c53-46f6-8fb3-01fa71441a1a,psychologists.,el,word,2,ψυχολόγοι.,2026-05-19T14:00:56.835Z
16,c0fe3c20-5c53-46f6-8fb3-01fa71441a1a,stress,el,word,1,στρες,2026-05-19T14:00:46.446Z
16,c0fe3c20-5c53-46f6-8fb3-01fa71441a1a,"trauma,",el,word,1,"τραύμα,",2026-05-19T14:00:51.806Z
16,c0fe3c20-5c53-46f6-8fb3-01fa71441a1a,Pennsylvania,el,word,1,Πενσυλβάνια,2026-05-19T14:00:54.664Z
16,c0fe3c20-5c53-46f6-8fb3-01fa71441a1a,reacted,el,word,1,αντέδρασαν,2026-05-19T14:00:58.759Z
16,c0fe3c20-5c53-46f6-8fb3-01fa71441a1a,disturbing,el,word,2,ανατριχιαστικό,2026-05-19T14:01:09.086Z
16,c0fe3c20-5c53-46f6-8fb3-01fa71441a1a,surgery.,el,word,1,χειρουργική επέμβαση.,2026-05-19T14:01:02.379Z
16,c0fe3c20-5c53-46f6-8fb3-01fa71441a1a,tape,el,word,1,κασέτα,2026-05-19T14:01:04.557Z
16,c0fe3c20-5c53-46f6-8fb3-01fa71441a1a,recovered,el,word,1,ανακτήθηκαν,2026-05-19T14:01:07.261Z
16,46c74c42-fb57-4fcc-9af0-2e8960b199c9,Nation,el,word,2,Έθνος,2026-05-19T14:04:47.980Z
16,46c74c42-fb57-4fcc-9af0-2e8960b199c9,forever,el,word,1,για πάντα,2026-05-19T14:04:40.254Z
16,46c74c42-fb57-4fcc-9af0-2e8960b199c9,transformed,el,word,2,μεταμορφώθηκε,2026-05-19T14:04:49.126Z
16,46c74c42-fb57-4fcc-9af0-2e8960b199c9,"Alabama,",el,word,2,"Αλαμπάμα,",2026-05-19T14:04:53.750Z
16,46c74c42-fb57-4fcc-9af0-2e8960b199c9,African-American,el,word,1,Αφροαμερικανίδα,2026-05-19T14:04:50.523Z
16,46c74c42-fb57-4fcc-9af0-2e8960b199c9,seamstress,el,word,1,ραπτική,2026-05-19T14:04:51.439Z
16,46c74c42-fb57-4fcc-9af0-2e8960b199c9,December,el,word,1,Δεκεμβρίου,2026-05-19T14:04:53.046Z
16,46c74c42-fb57-4fcc-9af0-2e8960b199c9,"Montgomery,",el,word,1,"Μοντγκόμερι,",2026-05-19T14:04:53.117Z
16,4e3073ca-cfd1-442f-9c62-343ea363dc69,injustice,el,word,2,αδικία,2026-05-19T14:05:55.895Z
16,4e3073ca-cfd1-442f-9c62-343ea363dc69,Boycott,el,word,2,Μποϊκοτάζ,2026-05-19T14:05:32.689Z
16,4e3073ca-cfd1-442f-9c62-343ea363dc69,Montgomery,el,word,1,Μοντγκόμερι,2026-05-19T14:05:30.658Z
16,4e3073ca-cfd1-442f-9c62-343ea363dc69,extraordinary,el,word,1,εξαιρετικό,2026-05-19T14:05:31.937Z
16,4e3073ca-cfd1-442f-9c62-343ea363dc69,long,el,word,1,μακρά,2026-05-19T14:05:37.769Z
16,4e3073ca-cfd1-442f-9c62-343ea363dc69,movement,el,word,2,κίνημα,2026-05-19T14:05:45.936Z
16,4e3073ca-cfd1-442f-9c62-343ea363dc69,"work,",el,word,1,"δουλειά,",2026-05-19T14:05:38.980Z
16,4e3073ca-cfd1-442f-9c62-343ea363dc69,Rosa,el,word,2,Ρόζα,2026-05-19T14:06:01.352Z
16,4e3073ca-cfd1-442f-9c62-343ea363dc69,advanced,el,word,3,προώθησε,2026-05-19T14:06:15.777Z
16,4e3073ca-cfd1-442f-9c62-343ea363dc69,journey,el,word,2,πορεία,2026-05-19T14:05:49.291Z
16,4e3073ca-cfd1-442f-9c62-343ea363dc69,wanting,el,word,1,θέλω,2026-05-19T14:05:43.124Z
16,4e3073ca-cfd1-442f-9c62-343ea363dc69,spurred,el,word,1,ώθησε,2026-05-19T14:05:44.482Z
16,4e3073ca-cfd1-442f-9c62-343ea363dc69,toward,el,word,1,προς,2026-05-19T14:05:50.040Z
16,4e3073ca-cfd1-442f-9c62-343ea363dc69,justice,el,word,1,δικαιοσύνη,2026-05-19T14:05:50.719Z
16,4e3073ca-cfd1-442f-9c62-343ea363dc69,Though,el,word,2,Αν και,2026-05-19T14:06:00.882Z
16,4e3073ca-cfd1-442f-9c62-343ea363dc69,confront,el,word,1,αντιμετωπίζω,2026-05-19T14:05:54.547Z
16,4e3073ca-cfd1-442f-9c62-343ea363dc69,segregation,el,word,3,φυλετικός διαχωρισμός,2026-05-19T14:06:04.265Z
16,4e3073ca-cfd1-442f-9c62-343ea363dc69,courageous,el,word,1,θαρραλέοι,2026-05-19T14:05:59.417Z
16,4e3073ca-cfd1-442f-9c62-343ea363dc69,days,el,word,1,ημέρες,2026-05-19T14:06:03.933Z
16,4e3073ca-cfd1-442f-9c62-343ea363dc69,"laws,",el,word,1,"νόμοι,",2026-05-19T14:06:05.822Z
16,4e3073ca-cfd1-442f-9c62-343ea363dc69,transformed,el,word,1,μεταμορφώθηκε,2026-05-19T14:06:06.734Z
16,4e3073ca-cfd1-442f-9c62-343ea363dc69,actions,el,word,1,ενέργειες,2026-05-19T14:06:15.774Z
16,4e3073ca-cfd1-442f-9c62-343ea363dc69,ReadWorks’,el,word,1,ReadWorks’,2026-05-19T14:06:31.259Z
16,4e3073ca-cfd1-442f-9c62-343ea363dc69,celebrate,el,word,1,γιορτάζουμε,2026-05-19T14:06:37.807Z
16,4e3073ca-cfd1-442f-9c62-343ea363dc69,mark,el,word,1,σημειώνουμε,2026-05-19T14:06:41.043Z
16,4e3073ca-cfd1-442f-9c62-343ea363dc69,anniversary,el,word,1,επέτειος,2026-05-19T14:06:41.999Z
16,4e3073ca-cfd1-442f-9c62-343ea363dc69,"community,",el,word,3,"κοινότητα,",2026-05-19T14:07:50.485Z
16,4e3073ca-cfd1-442f-9c62-343ea363dc69,heirs,el,word,1,κληρονόμοι,2026-05-19T14:06:45.270Z
16,4e3073ca-cfd1-442f-9c62-343ea363dc69,progress,el,word,2,πρόοδος,2026-05-19T14:06:55.152Z
16,4e3073ca-cfd1-442f-9c62-343ea363dc69,generations,el,word,1,γενιές,2026-05-19T14:06:48.364Z
16,4e3073ca-cfd1-442f-9c62-343ea363dc69,fearless,el,word,2,ατρόμητοι,2026-05-19T14:06:56.908Z
16,4e3073ca-cfd1-442f-9c62-343ea363dc69,"self-evident,",el,word,1,"αυτονόητη,",2026-05-19T14:06:48.547Z
16,4e3073ca-cfd1-442f-9c62-343ea363dc69,hopeful,el,word,2,γεμάτοι ελπίδα,2026-05-19T14:06:58.494Z
16,4e3073ca-cfd1-442f-9c62-343ea363dc69,Americans,el,word,4,Αμερικανοί,2026-05-19T14:07:55.894Z
16,4e3073ca-cfd1-442f-9c62-343ea363dc69,make,el,word,1,κάνουν,2026-05-19T14:06:51.337Z
16,4e3073ca-cfd1-442f-9c62-343ea363dc69,honor,el,word,2,να τιμήσουμε,2026-05-19T14:07:01.585Z
16,4e3073ca-cfd1-442f-9c62-343ea363dc69,"legacy,",el,word,2,"κληρονομιά,",2026-05-19T14:07:02.770Z
16,4e3073ca-cfd1-442f-9c62-343ea363dc69,pledge,el,word,1,υπόσχεση,2026-05-19T14:06:59.914Z
16,4e3073ca-cfd1-442f-9c62-343ea363dc69,also,el,word,1,επίσης,2026-05-19T14:07:04.749Z
16,4e3073ca-cfd1-442f-9c62-343ea363dc69,take,el,word,1,να αναλάβουν,2026-05-19T14:07:06.005Z
16,4e3073ca-cfd1-442f-9c62-343ea363dc69,perfecting,el,word,2,τελειοποίηση,2026-05-19T14:07:20.094Z
16,4e3073ca-cfd1-442f-9c62-343ea363dc69,came,el,word,1,ήρθαμε,2026-05-19T14:07:08.745Z
16,4e3073ca-cfd1-442f-9c62-343ea363dc69,President,el,word,1,Πρόεδρος,2026-05-19T14:07:14.913Z
16,4e3073ca-cfd1-442f-9c62-343ea363dc69,United,el,word,1,Ηνωμένες,2026-05-19T14:07:17.896Z
16,4e3073ca-cfd1-442f-9c62-343ea363dc69,States,el,word,1,Πολιτείες,2026-05-19T14:07:18.750Z
16,4e3073ca-cfd1-442f-9c62-343ea363dc69,Union.,el,word,1,Ένωσης.,2026-05-19T14:07:21.096Z
16,4e3073ca-cfd1-442f-9c62-343ea363dc69,Constitution,el,word,2,Σύνταγμα,2026-05-19T14:07:32.916Z
16,4e3073ca-cfd1-442f-9c62-343ea363dc69,laws,el,word,1,νόμοι,2026-05-19T14:07:26.655Z
16,4e3073ca-cfd1-442f-9c62-343ea363dc69,virtue,el,word,1,δυνάμει,2026-05-19T14:07:28.869Z
16,4e3073ca-cfd1-442f-9c62-343ea363dc69,authority,el,word,1,εξουσία,2026-05-19T14:07:31.334Z
16,4e3073ca-cfd1-442f-9c62-343ea363dc69,Anniversary,el,word,1,Επέτειος,2026-05-19T14:07:33.311Z
16,4e3073ca-cfd1-442f-9c62-343ea363dc69,hereby,el,word,1,με την παρούσα,2026-05-19T14:07:35.424Z
16,4e3073ca-cfd1-442f-9c62-343ea363dc69,proclaim,el,word,1,ανακηρύσσω,2026-05-19T14:07:36.490Z
16,4e3073ca-cfd1-442f-9c62-343ea363dc69,appropriate,el,word,2,κατάλληλη,2026-05-19T14:07:48.656Z
16,4e3073ca-cfd1-442f-9c62-343ea363dc69,Birth,el,word,1,Γέννηση,2026-05-19T14:07:41.390Z
16,4e3073ca-cfd1-442f-9c62-343ea363dc69,education,el,word,2,εκπαίδευση,2026-05-19T14:07:51.676Z
16,4e3073ca-cfd1-442f-9c62-343ea363dc69,Parks.,el,word,1,Παρκς.,2026-05-19T14:07:42.994Z
16,4e3073ca-cfd1-442f-9c62-343ea363dc69,upon,el,word,1,επί,2026-05-19T14:07:43.388Z
16,4e3073ca-cfd1-442f-9c62-343ea363dc69,February,el,word,1,Φεβρουάριο,2026-05-19T14:07:45.904Z
16,4e3073ca-cfd1-442f-9c62-343ea363dc69,day,el,word,1,ημέρα,2026-05-19T14:07:47.138Z
16,4e3073ca-cfd1-442f-9c62-343ea363dc69,"service,",el,word,1,"τελετή,",2026-05-19T14:07:49.466Z
16,4e3073ca-cfd1-442f-9c62-343ea363dc69,programs,el,word,1,προγράμματα,2026-05-19T14:07:52.583Z
16,4e3073ca-cfd1-442f-9c62-343ea363dc69,enduring,el,word,2,διαχρονική,2026-05-19T14:07:58.533Z
16,4e3073ca-cfd1-442f-9c62-343ea363dc69,legacy.,el,word,1,κληρονομιά.,2026-05-19T14:07:57.583Z
16,4e3073ca-cfd1-442f-9c62-343ea363dc69,hereunto,el,word,3,στο παρόν,2026-05-19T14:08:16.880Z
16,4e3073ca-cfd1-442f-9c62-343ea363dc69,hand,el,word,1,υπογραφή,2026-05-19T14:08:04.941Z
16,4e3073ca-cfd1-442f-9c62-343ea363dc69,first,el,word,1,πρώτη,2026-05-19T14:08:12.178Z
16,4e3073ca-cfd1-442f-9c62-343ea363dc69,Independence,el,word,1,Ανεξαρτησία,2026-05-19T14:08:16.863Z
16,4e3073ca-cfd1-442f-9c62-343ea363dc69,America,el,word,1,Αμερική,2026-05-19T14:09:35.039Z
15,3a8243f0-1719-43f8-aee3-a485ada32d19,adjust,el,word,1,προσαρμόζω,2026-05-19T14:16:41.464Z
15,3a8243f0-1719-43f8-aee3-a485ada32d19,system,el,word,2,σύστημα,2026-05-19T14:17:55.479Z
15,3a8243f0-1719-43f8-aee3-a485ada32d19,Paragraph,el,word,1,Παράγραφος,2026-05-19T14:16:41.717Z
15,3a8243f0-1719-43f8-aee3-a485ada32d19,smaller.,el,word,1,μικρότερο.,2026-05-19T14:16:45.091Z
15,3a8243f0-1719-43f8-aee3-a485ada32d19,distance,el,word,2,απόσταση,2026-05-19T14:17:24.700Z
15,3a8243f0-1719-43f8-aee3-a485ada32d19,right.,el,word,1,δεξιά.,2026-05-19T14:16:57.665Z
15,3a8243f0-1719-43f8-aee3-a485ada32d19,continue,el,word,5,συνέχεια,2026-05-19T14:17:38.814Z
15,3a8243f0-1719-43f8-aee3-a485ada32d19,accurately,el,word,1,με ακρίβεια,2026-05-19T14:17:20.496Z
15,3a8243f0-1719-43f8-aee3-a485ada32d19,paragraph,el,word,1,παράγραφος,2026-05-19T14:17:32.886Z
15,3a8243f0-1719-43f8-aee3-a485ada32d19,settings,el,word,1,ρυθμίσεις,2026-05-19T14:17:38.316Z
15,3a8243f0-1719-43f8-aee3-a485ada32d19,larges,el,word,3,μεγάλα,2026-05-19T14:17:38.698Z
15,3a8243f0-1719-43f8-aee3-a485ada32d19,fixations,el,word,1,σταθεροποιήσεις,2026-05-19T14:17:38.730Z
15,3a8243f0-1719-43f8-aee3-a485ada32d19,might,el,word,1,ίσως,2026-05-19T14:20:17.777Z
15,3a8243f0-1719-43f8-aee3-a485ada32d19,possibly,el,word,1,ενδεχομένως,2026-05-19T14:20:20.516Z
15,3a8243f0-1719-43f8-aee3-a485ada32d19,truth,el,word,2,η αλήθεια,2026-05-19T14:20:28.599Z
15,3a8243f0-1719-43f8-aee3-a485ada32d19,matter,el,word,1,θέμα,2026-05-19T14:20:26.872Z
15,3a8243f0-1719-43f8-aee3-a485ada32d19,ecosystem,el,word,1,οικοσύστημα,2026-05-19T14:20:34.773Z
15,3a8243f0-1719-43f8-aee3-a485ada32d19,honeybees,el,word,3,μέλισσες,2026-05-19T14:21:34.147Z
15,3a8243f0-1719-43f8-aee3-a485ada32d19,world,el,word,1,κόσμος,2026-05-19T14:20:44.119Z
15,3a8243f0-1719-43f8-aee3-a485ada32d19,dying,el,word,1,πεθαίνουν,2026-05-19T14:20:45.277Z
15,3a8243f0-1719-43f8-aee3-a485ada32d19,frighteningly,el,word,1,τρομακτικά,2026-05-19T14:20:46.294Z
15,3a8243f0-1719-43f8-aee3-a485ada32d19,reporters,el,word,1,δημοσιογράφοι,2026-05-19T14:20:51.436Z
15,3a8243f0-1719-43f8-aee3-a485ada32d19,"bees,",el,word,1,"μέλισσες,",2026-05-19T14:21:11.664Z
15,3a8243f0-1719-43f8-aee3-a485ada32d19,pollination,el,word,2,επικονίαση,2026-05-19T14:21:23.277Z
15,3a8243f0-1719-43f8-aee3-a485ada32d19,crops.,el,word,1,καλλιεργειών.,2026-05-19T14:21:21.777Z
15,3a8243f0-1719-43f8-aee3-a485ada32d19,"pesticides,",el,word,1,"φυτοφάρμακα,",2026-05-19T14:21:43.429Z
15,3a8243f0-1719-43f8-aee3-a485ada32d19,hurt,el,word,1,βλάπτουν,2026-05-19T14:21:45.945Z
15,3a8243f0-1719-43f8-aee3-a485ada32d19,populations.,el,word,1,πληθυσμούς.,2026-05-19T14:21:47.087Z
15,3a8243f0-1719-43f8-aee3-a485ada32d19,whose,el,word,1,των οποίων,2026-05-19T14:21:57.044Z
15,3a8243f0-1719-43f8-aee3-a485ada32d19,information,el,word,1,πληροφοριών,2026-05-19T14:21:57.180Z
15,3a8243f0-1719-43f8-aee3-a485ada32d19,ones,el,word,1,αυτές,2026-05-19T14:21:58.653Z
15,3a8243f0-1719-43f8-aee3-a485ada32d19,disappearing,el,word,1,εξαφανίζονται,2026-05-19T14:21:59.104Z
15,3a8243f0-1719-43f8-aee3-a485ada32d19,species,el,word,1,είδη,2026-05-19T14:22:01.527Z
15,3a8243f0-1719-43f8-aee3-a485ada32d19,Bumblebees,el,word,1,Μέλισσες,2026-05-19T14:22:08.137Z
15,3a8243f0-1719-43f8-aee3-a485ada32d19,concern:,el,word,1,ανησυχία:,2026-05-19T14:22:22.737Z
15,3a8243f0-1719-43f8-aee3-a485ada32d19,duties.,el,word,1,καθήκοντα.,2026-05-19T14:22:50.497Z
15,3a8243f0-1719-43f8-aee3-a485ada32d19,competition,el,word,1,ανταγωνισμός,2026-05-19T14:22:52.430Z
15,3a8243f0-1719-43f8-aee3-a485ada32d19,species-other,el,word,1,είδη - άλλα,2026-05-19T14:23:11.374Z
15,3a8243f0-1719-43f8-aee3-a485ada32d19,"wildflower,",el,word,1,"αγριολούλουδο,",2026-05-19T14:23:15.483Z
15,3a8243f0-1719-43f8-aee3-a485ada32d19,remaining,el,word,1,παραμένοντας,2026-05-19T14:23:17.551Z
15,3a8243f0-1719-43f8-aee3-a485ada32d19,bumblebees.,el,word,2,μελισσών.,2026-05-19T14:23:26.857Z
15,3a8243f0-1719-43f8-aee3-a485ada32d19,particular,el,word,1,συγκεκριμένες,2026-05-19T14:23:26.756Z
15,3a8243f0-1719-43f8-aee3-a485ada32d19,larkspur,el,word,1,λαρκσπούρ,2026-05-19T14:23:33.656Z
15,3a8243f0-1719-43f8-aee3-a485ada32d19,bee,el,word,1,μέλισσα,2026-05-19T14:23:50.717Z
15,3a8243f0-1719-43f8-aee3-a485ada32d19,organizations,el,word,3,οργανώσεις,2026-05-19T14:24:08.945Z
15,3a8243f0-1719-43f8-aee3-a485ada32d19,"pollinators.""",el,word,2,επικονιαστές».,2026-05-19T14:23:50.791Z
15,3a8243f0-1719-43f8-aee3-a485ada32d19,problems,el,word,2,προβλήματα,2026-05-19T14:24:04.009Z
15,3a8243f0-1719-43f8-aee3-a485ada32d19,"solutions,",el,word,3,"λύσεις,",2026-05-19T14:24:16.330Z
15,3a8243f0-1719-43f8-aee3-a485ada32d19,collectively,el,word,1,συλλογικά,2026-05-19T14:24:16.386Z
15,3a8243f0-1719-43f8-aee3-a485ada32d19,imperative,el,word,2,απαραίτητο,2026-05-19T14:24:31.070Z
15,3a8243f0-1719-43f8-aee3-a485ada32d19,"noted,",el,word,1,"σημειώνεται,",2026-05-19T14:24:16.964Z
15,8dd4770a-d50b-468e-9afe-4f053f048867,continent.,el,word,1,ηπειρωτική ήπειρο.,2026-05-19T14:29:22.625Z
15,8dd4770a-d50b-468e-9afe-4f053f048867,"traditions,",el,word,1,"παραδόσεις,",2026-05-19T14:29:24.580Z
15,8dd4770a-d50b-468e-9afe-4f053f048867,environment.,el,word,1,περιβάλλον.,2026-05-19T14:29:27.335Z
15,8dd4770a-d50b-468e-9afe-4f053f048867,"instance,",el,word,1,"για παράδειγμα,",2026-05-19T14:29:30.466Z
15,8dd4770a-d50b-468e-9afe-4f053f048867,kitchen,el,word,1,κουζίνα,2026-05-19T14:29:37.737Z
15,25e1f3a2-235f-4c6e-abd7-658469a1d8bd,reinforcements,el,word,1,ενισχύσεις,2026-05-19T14:31:23.365Z
15,25e1f3a2-235f-4c6e-abd7-658469a1d8bd,tenuous,el,word,1,εύθραυστες,2026-05-19T14:31:31.533Z
15,25e1f3a2-235f-4c6e-abd7-658469a1d8bd,relationships,el,word,1,σχέσεις,2026-05-19T14:31:37.255Z
15,25e1f3a2-235f-4c6e-abd7-658469a1d8bd,livelihood.,el,word,1,μέσο διαβίωσης.,2026-05-19T14:31:51.422Z
17,68948df4-2969-4b5d-996f-2248850e0d44,front,el,word,1,μπροστά,2026-05-19T14:58:13.477Z
17,68948df4-2969-4b5d-996f-2248850e0d44,"movements,",el,word,1,"κινήσεις,",2026-05-19T14:58:14.774Z
17,68948df4-2969-4b5d-996f-2248850e0d44,checked,el,word,2,ελέγχθηκε,2026-05-19T14:58:18.457Z
17,68948df4-2969-4b5d-996f-2248850e0d44,whether,el,word,1,αν,2026-05-19T14:58:22.489Z
17,68948df4-2969-4b5d-996f-2248850e0d44,adjust,el,word,4,προσαρμόζω,2026-05-19T14:58:35.718Z
17,68948df4-2969-4b5d-996f-2248850e0d44,letter,el,word,1,γράμμα,2026-05-19T14:58:26.466Z
17,68948df4-2969-4b5d-996f-2248850e0d44,show,el,word,2,δείξει,2026-05-19T14:58:26.629Z
17,68948df4-2969-4b5d-996f-2248850e0d44,tracking,el,word,1,απόσταση μεταξύ γραμμάτων,2026-05-19T14:58:26.603Z
17,68948df4-2969-4b5d-996f-2248850e0d44,relevant,el,word,3,σχετικές,2026-05-19T14:59:09.332Z
17,68948df4-2969-4b5d-996f-2248850e0d44,reduced.,el,word,2,μειωθεί.,2026-05-19T14:58:36.027Z
17,68948df4-2969-4b5d-996f-2248850e0d44,begins.,el,word,2,ξεκινά.,2026-05-19T14:59:42.335Z
17,68948df4-2969-4b5d-996f-2248850e0d44,experiment,el,word,2,πείραμα,2026-05-19T14:59:40.092Z
17,68948df4-2969-4b5d-996f-2248850e0d44,real,el,word,1,πραγματικό,2026-05-19T14:58:51.856Z
17,68948df4-2969-4b5d-996f-2248850e0d44,accurately,el,word,1,με ακρίβεια,2026-05-19T14:59:15.919Z
17,68948df4-2969-4b5d-996f-2248850e0d44,slightly,el,word,1,ελαφρώς,2026-05-19T14:59:16.802Z
17,68948df4-2969-4b5d-996f-2248850e0d44,settings,el,word,2,ρυθμίσεις,2026-05-19T14:59:35.339Z
17,68948df4-2969-4b5d-996f-2248850e0d44,"section,",el,word,3,"ενότητα,",2026-05-19T15:00:11.824Z
17,68948df4-2969-4b5d-996f-2248850e0d44,fixations,el,word,2,σταθεροποιήσεις,2026-05-19T15:00:06.351Z
17,68948df4-2969-4b5d-996f-2248850e0d44,distance,el,word,2,απόσταση,2026-05-19T14:59:45.882Z
17,68948df4-2969-4b5d-996f-2248850e0d44,beside,el,word,2,δίπλα,2026-05-19T15:00:00.406Z
17,68948df4-2969-4b5d-996f-2248850e0d44,makes,el,word,1,κάνει,2026-05-19T14:59:56.730Z
17,68948df4-2969-4b5d-996f-2248850e0d44,uses,el,word,1,χρησιμοποιεί,2026-05-19T15:00:02.261Z
17,68948df4-2969-4b5d-996f-2248850e0d44,objects.,el,word,1,αντικείμενα.,2026-05-19T15:01:22.484Z
17,68948df4-2969-4b5d-996f-2248850e0d44,stream,el,word,1,ροή,2026-05-19T15:01:33.240Z
17,68948df4-2969-4b5d-996f-2248850e0d44,Electromagnetic,el,word,1,Ηλεκτρομαγνητική,2026-05-19T15:01:37.307Z
17,68948df4-2969-4b5d-996f-2248850e0d44,electromagnetic,el,word,3,ηλεκτρομαγνητική,2026-05-19T15:04:00.597Z
17,68948df4-2969-4b5d-996f-2248850e0d44,seeing,el,word,1,όραση,2026-05-19T15:01:56.710Z
17,68948df4-2969-4b5d-996f-2248850e0d44,expressed,el,word,1,εκφράζονται,2026-05-19T15:01:56.714Z
17,68948df4-2969-4b5d-996f-2248850e0d44,organized,el,word,1,οργανωμένο,2026-05-19T15:02:01.614Z
17,68948df4-2969-4b5d-996f-2248850e0d44,intensities,el,word,1,εντάσεις,2026-05-19T15:02:04.049Z
17,68948df4-2969-4b5d-996f-2248850e0d44,wavelength.,el,word,1,μήκος κύματος.,2026-05-19T15:02:07.956Z
17,68948df4-2969-4b5d-996f-2248850e0d44,scrunched,el,word,1,συμπιεσμένα,2026-05-19T15:02:15.167Z
17,68948df4-2969-4b5d-996f-2248850e0d44,slinky.,el,word,1,σπείρα.,2026-05-19T15:02:17.444Z
17,68948df4-2969-4b5d-996f-2248850e0d44,portion,el,word,2,τμήμα,2026-05-19T15:02:24.076Z
17,68948df4-2969-4b5d-996f-2248850e0d44,microwaves.,el,word,1,μικροκύματα.,2026-05-19T15:02:24.149Z
17,68948df4-2969-4b5d-996f-2248850e0d44,"spectrum,",el,word,1,"φάσμα,",2026-05-19T15:02:24.190Z
17,68948df4-2969-4b5d-996f-2248850e0d44,"microwaves,",el,word,1,"μικροκύματα,",2026-05-19T15:03:04.010Z
17,68948df4-2969-4b5d-996f-2248850e0d44,waves-different,el,word,1,κύματα - διαφορετικά,2026-05-19T15:03:04.958Z
17,68948df4-2969-4b5d-996f-2248850e0d44,infinite,el,word,1,άπειρο,2026-05-19T15:03:13.566Z
17,68948df4-2969-4b5d-996f-2248850e0d44,even,el,word,1,ακόμη και,2026-05-19T15:03:15.103Z
17,68948df4-2969-4b5d-996f-2248850e0d44,spectrum.,el,word,1,φάσμα.,2026-05-19T15:03:15.553Z
17,68948df4-2969-4b5d-996f-2248850e0d44,unique,el,word,1,μοναδικές,2026-05-19T15:03:38.340Z
17,68948df4-2969-4b5d-996f-2248850e0d44,information,el,word,1,πληροφορίες,2026-05-19T15:03:46.313Z
17,68948df4-2969-4b5d-996f-2248850e0d44,ends,el,word,2,άκρα,2026-05-19T15:04:07.997Z
17,68948df4-2969-4b5d-996f-2248850e0d44,examples,el,word,1,παραδείγματα,2026-05-19T15:04:07.914Z
17,68948df4-2969-4b5d-996f-2248850e0d44,sensitivity,el,word,1,ευαισθησία,2026-05-19T15:04:13.023Z
17,68948df4-2969-4b5d-996f-2248850e0d44,things-that,el,word,1,πράγματα-που,2026-05-19T15:04:16.836Z
17,68948df4-2969-4b5d-996f-2248850e0d44,eyes',el,word,1,μάτια,2026-05-19T15:04:20.539Z
17,68948df4-2969-4b5d-996f-2248850e0d44,possible,el,word,1,πιθανό,2026-05-19T15:04:22.673Z
17,68948df4-2969-4b5d-996f-2248850e0d44,bouncing,el,word,1,που αναπηδά,2026-05-19T15:04:24.522Z
17,68948df4-2969-4b5d-996f-2248850e0d44,waves,el,word,1,κύματα,2026-05-19T15:04:34.138Z
17,68948df4-2969-4b5d-996f-2248850e0d44,visible,el,word,1,ορατό,2026-05-19T15:04:34.685Z
17,68948df4-2969-4b5d-996f-2248850e0d44,universe.,el,word,1,σύμπαν.,2026-05-19T15:04:34.776Z
17,68948df4-2969-4b5d-996f-2248850e0d44,frequencies,el,word,1,συχνότητες,2026-05-19T15:04:44.381Z
17,7e6fabfe-4d74-420f-908c-48d5f907eb4d,frequencies,el,word,1,συχνότητες,2026-05-19T15:06:25.293Z
17,935b4c8a-72a4-409c-8871-8b1182e1c688,ReadWorks,el,word,2,ReadWorks,2026-05-19T15:06:48.467Z
17,935b4c8a-72a4-409c-8871-8b1182e1c688,Independence.,el,word,1,Ανεξαρτησία.,2026-05-19T15:06:55.760Z
17,935b4c8a-72a4-409c-8871-8b1182e1c688,referred,el,word,1,αναφερόταν,2026-05-19T15:07:04.335Z
17,935b4c8a-72a4-409c-8871-8b1182e1c688,wondered,el,word,1,αναρωτηθήκατε,2026-05-19T15:07:04.794Z
17,935b4c8a-72a4-409c-8871-8b1182e1c688,overthrew,el,word,1,ανατρέψαν,2026-05-19T15:07:07.201Z
17,935b4c8a-72a4-409c-8871-8b1182e1c688,"revolution,",el,word,1,"επανάσταση,",2026-05-19T15:07:19.790Z
17,935b4c8a-72a4-409c-8871-8b1182e1c688,Declaration,el,word,2,Διακήρυξη,2026-05-19T15:09:24.778Z
17,935b4c8a-72a4-409c-8871-8b1182e1c688,"Independence,",el,word,1,"Ανεξαρτησίας,",2026-05-19T15:07:22.218Z
17,935b4c8a-72a4-409c-8871-8b1182e1c688,portrayed,el,word,1,απεικονίζεται,2026-05-19T15:07:23.398Z
17,935b4c8a-72a4-409c-8871-8b1182e1c688,contributed,el,word,1,συνέβαλαν,2026-05-19T15:07:24.028Z
17,935b4c8a-72a4-409c-8871-8b1182e1c688,drafting,el,word,1,σύνταξη,2026-05-19T15:07:25.476Z
17,935b4c8a-72a4-409c-8871-8b1182e1c688,Constitution,el,word,1,Σύνταγμα,2026-05-19T15:07:26.989Z
17,935b4c8a-72a4-409c-8871-8b1182e1c688,Benjamin,el,word,2,Μπέντζαμιν,2026-05-19T15:07:38.275Z
17,935b4c8a-72a4-409c-8871-8b1182e1c688,"""Committee",el,word,1,«Επιτροπή,2026-05-19T15:07:32.942Z
17,935b4c8a-72a4-409c-8871-8b1182e1c688,Early,el,word,1,Πρώιμα,2026-05-19T15:07:34.034Z
17,935b4c8a-72a4-409c-8871-8b1182e1c688,Josiah,el,word,2,Τζόσια,2026-05-19T15:07:39.662Z
17,935b4c8a-72a4-409c-8871-8b1182e1c688,books,el,word,1,βιβλία,2026-05-19T15:07:39.538Z
17,935b4c8a-72a4-409c-8871-8b1182e1c688,brother's,el,word,1,του αδελφού του,2026-05-19T15:07:41.835Z
17,935b4c8a-72a4-409c-8871-8b1182e1c688,Pennsylvania,el,word,1,Πενσυλβανία,2026-05-19T15:07:49.291Z
17,935b4c8a-72a4-409c-8871-8b1182e1c688,publication,el,word,1,έκδοση,2026-05-19T15:07:52.804Z
17,935b4c8a-72a4-409c-8871-8b1182e1c688,also,el,word,2,επίσης,2026-05-19T15:08:44.458Z
17,935b4c8a-72a4-409c-8871-8b1182e1c688,"addition,",el,word,1,"επιπλέον,",2026-05-19T15:07:56.938Z
17,935b4c8a-72a4-409c-8871-8b1182e1c688,starting,el,word,1,ίδρυση,2026-05-19T15:08:03.635Z
17,935b4c8a-72a4-409c-8871-8b1182e1c688,printing,el,word,1,τυπογραφία,2026-05-19T15:08:06.819Z
17,935b4c8a-72a4-409c-8871-8b1182e1c688,success.,el,word,1,επιτυχία.,2026-05-19T15:08:09.417Z
17,935b4c8a-72a4-409c-8871-8b1182e1c688,"Americancolonies,",el,word,1,"αμερικανικές αποικίες,",2026-05-19T15:08:28.885Z
17,935b4c8a-72a4-409c-8871-8b1182e1c688,Americans,el,word,1,Αμερικανοί,2026-05-19T15:08:41.714Z
17,935b4c8a-72a4-409c-8871-8b1182e1c688,keep,el,word,1,συνεχίσουν,2026-05-19T15:08:44.243Z
17,935b4c8a-72a4-409c-8871-8b1182e1c688,assisting,el,word,1,υποστήριξη,2026-05-19T15:08:44.692Z
17,935b4c8a-72a4-409c-8871-8b1182e1c688,American,el,word,1,Αμερικανός,2026-05-19T15:08:47.043Z
17,935b4c8a-72a4-409c-8871-8b1182e1c688,interacting,el,word,1,αλληλεπιδρώντας,2026-05-19T15:08:49.162Z
17,935b4c8a-72a4-409c-8871-8b1182e1c688,"London,",el,word,1,"Λονδίνο,",2026-05-19T15:08:49.163Z
17,935b4c8a-72a4-409c-8871-8b1182e1c688,powerful,el,word,1,ισχυρή,2026-05-19T15:08:55.131Z
17,935b4c8a-72a4-409c-8871-8b1182e1c688,injustices,el,word,1,αδικίες,2026-05-19T15:09:08.759Z
17,935b4c8a-72a4-409c-8871-8b1182e1c688,Independence,el,word,1,Ανεξαρτησία,2026-05-19T15:09:12.875Z
17,935b4c8a-72a4-409c-8871-8b1182e1c688,delegate,el,word,1,εκπρόσωπος,2026-05-19T15:09:16.132Z
17,935b4c8a-72a4-409c-8871-8b1182e1c688,everyone,el,word,1,όλοι,2026-05-19T15:09:24.012Z
17,935b4c8a-72a4-409c-8871-8b1182e1c688,United,el,word,2,Ηνωμένες,2026-05-19T15:09:33.236Z
17,935b4c8a-72a4-409c-8871-8b1182e1c688,Postmaster,el,word,3,Γενικός Διευθυντής Ταχυδρομείων,2026-05-19T15:09:40.331Z
17,935b4c8a-72a4-409c-8871-8b1182e1c688,America,el,word,1,Αμερική,2026-05-19T15:09:35.036Z
17,935b4c8a-72a4-409c-8871-8b1182e1c688,important,el,word,1,σημαντικές,2026-05-19T15:09:36.852Z
17,935b4c8a-72a4-409c-8871-8b1182e1c688,President,el,word,1,Πρόεδρος,2026-05-19T15:09:37.872Z
17,935b4c8a-72a4-409c-8871-8b1182e1c688,famous,el,word,2,διάσημος,2026-05-19T15:09:49.005Z
17,935b4c8a-72a4-409c-8871-8b1182e1c688,Ambassador,el,word,1,Πρέσβης,2026-05-19T15:09:42.232Z
17,935b4c8a-72a4-409c-8871-8b1182e1c688,Pennsylvania.,el,word,1,Πενσυλβανία.,2026-05-19T15:09:46.283Z
17,935b4c8a-72a4-409c-8871-8b1182e1c688,prevention,el,word,1,πρόληψη,2026-05-19T15:09:49.516Z
17,935b4c8a-72a4-409c-8871-8b1182e1c688,wise,el,word,1,σοφές,2026-05-19T15:09:50.807Z
17,935b4c8a-72a4-409c-8871-8b1182e1c688,pound,el,word,1,λίβρα,2026-05-19T15:09:51.962Z
17,935b4c8a-72a4-409c-8871-8b1182e1c688,"sayings,",el,word,1,"αποφθέγματα,",2026-05-19T15:09:52.473Z
25,c2098d66-bff1-4e58-bb75-74b7565a5fc2,font.,el,word,2,γραμματοσειρά.,2026-05-19T15:39:29.634Z
25,c2098d66-bff1-4e58-bb75-74b7565a5fc2,laboratory.,el,word,1,εργαστήριο.,2026-05-19T15:38:38.688Z
25,c2098d66-bff1-4e58-bb75-74b7565a5fc2,morning,el,word,2,πρωί,2026-05-19T15:38:40.046Z
25,c2098d66-bff1-4e58-bb75-74b7565a5fc2,participant,el,word,1,συμμετέχων,2026-05-19T15:38:39.374Z
25,c2098d66-bff1-4e58-bb75-74b7565a5fc2,quiet,el,word,1,ήσυχο,2026-05-19T15:38:39.713Z
25,c2098d66-bff1-4e58-bb75-74b7565a5fc2,sat,el,word,1,καθόταν,2026-05-19T15:38:39.765Z
25,c2098d66-bff1-4e58-bb75-74b7565a5fc2,began,el,word,1,ξεκίνησε,2026-05-19T15:38:40.225Z
25,c2098d66-bff1-4e58-bb75-74b7565a5fc2,front,el,word,1,μπροστά,2026-05-19T15:38:41.108Z
25,c2098d66-bff1-4e58-bb75-74b7565a5fc2,adjusted,el,word,1,ρύθμισε,2026-05-19T15:38:41.990Z
25,c2098d66-bff1-4e58-bb75-74b7565a5fc2,"chair,",el,word,1,"καρέκλα,",2026-05-19T15:38:42.498Z
25,c2098d66-bff1-4e58-bb75-74b7565a5fc2,read,el,word,1,να διαβάζεις,2026-05-19T15:38:45.393Z
25,c2098d66-bff1-4e58-bb75-74b7565a5fc2,"naturally,",el,word,1,"φυσικά,",2026-05-19T15:38:47.353Z
25,c2098d66-bff1-4e58-bb75-74b7565a5fc2,sudden,el,word,1,ξαφνικές,2026-05-19T15:38:48.166Z
25,c2098d66-bff1-4e58-bb75-74b7565a5fc2,"movements,",el,word,1,"κινήσεις,",2026-05-19T15:38:48.770Z
25,c2098d66-bff1-4e58-bb75-74b7565a5fc2,continue,el,word,1,συνέχεια,2026-05-19T15:38:49.100Z
25,c2098d66-bff1-4e58-bb75-74b7565a5fc2,researcher,el,word,2,ερευνητής,2026-05-19T15:39:59.672Z
25,c2098d66-bff1-4e58-bb75-74b7565a5fc2,checked,el,word,1,ελέγχθηκε,2026-05-19T15:38:50.878Z
25,c2098d66-bff1-4e58-bb75-74b7565a5fc2,size,el,word,1,μέγεθος,2026-05-19T15:38:53.474Z
25,c2098d66-bff1-4e58-bb75-74b7565a5fc2,text,el,word,1,κείμενο,2026-05-19T15:38:53.699Z
25,c2098d66-bff1-4e58-bb75-74b7565a5fc2,whether,el,word,1,αν,2026-05-19T15:38:54.864Z
25,c2098d66-bff1-4e58-bb75-74b7565a5fc2,Paragraph,el,word,2,Παράγραφος,2026-05-19T15:38:56.538Z
25,c2098d66-bff1-4e58-bb75-74b7565a5fc2,system,el,word,2,σύστημα,2026-05-19T15:38:57.512Z
25,c2098d66-bff1-4e58-bb75-74b7565a5fc2,reduced.,el,word,3,μειωθεί.,2026-05-19T15:39:02.720Z
25,c2098d66-bff1-4e58-bb75-74b7565a5fc2,adjust,el,word,2,προσαρμόζω,2026-05-19T15:39:06.681Z
25,c2098d66-bff1-4e58-bb75-74b7565a5fc2,letter,el,word,1,γράμμα,2026-05-19T15:38:56.987Z
25,c2098d66-bff1-4e58-bb75-74b7565a5fc2,tracking,el,word,3,απόσταση μεταξύ γραμμάτων,2026-05-19T15:38:57.163Z
25,c2098d66-bff1-4e58-bb75-74b7565a5fc2,detects,el,word,1,ανιχνεύει,2026-05-19T15:38:58.225Z
25,c2098d66-bff1-4e58-bb75-74b7565a5fc2,accurately,el,word,1,με ακρίβεια,2026-05-19T15:38:58.883Z
25,c2098d66-bff1-4e58-bb75-74b7565a5fc2,beside,el,word,1,δίπλα,2026-05-19T15:39:00.155Z
25,c2098d66-bff1-4e58-bb75-74b7565a5fc2,neighboring,el,word,1,γειτονικά,2026-05-19T15:39:01.186Z
25,c2098d66-bff1-4e58-bb75-74b7565a5fc2,letters,el,word,1,γράμματα,2026-05-19T15:39:01.880Z
25,c2098d66-bff1-4e58-bb75-74b7565a5fc2,appears,el,word,1,φαίνεται,2026-05-19T15:39:03.783Z
25,c2098d66-bff1-4e58-bb75-74b7565a5fc2,"words,",el,word,1,"λέξεις,",2026-05-19T15:39:05.368Z
25,c2098d66-bff1-4e58-bb75-74b7565a5fc2,relevant,el,word,1,σχετικές,2026-05-19T15:39:07.085Z
25,c2098d66-bff1-4e58-bb75-74b7565a5fc2,settings,el,word,1,ρυθμίσεις,2026-05-19T15:39:07.505Z
25,c2098d66-bff1-4e58-bb75-74b7565a5fc2,real,el,word,1,πραγματικό,2026-05-19T15:39:09.004Z
25,c2098d66-bff1-4e58-bb75-74b7565a5fc2,experiment,el,word,1,πείραμα,2026-05-19T15:39:09.034Z
25,c2098d66-bff1-4e58-bb75-74b7565a5fc2,begins.,el,word,1,ξεκινά.,2026-05-19T15:39:09.960Z
25,c2098d66-bff1-4e58-bb75-74b7565a5fc2,final,el,word,2,τελική,2026-05-19T15:39:27.914Z
25,c2098d66-bff1-4e58-bb75-74b7565a5fc2,Times,el,word,1,Times,2026-05-19T15:39:27.772Z
25,c2098d66-bff1-4e58-bb75-74b7565a5fc2,.,el,word,1,.,2026-05-19T15:39:31.298Z
25,c2098d66-bff1-4e58-bb75-74b7565a5fc2,shapes,el,word,1,σχήματα,2026-05-19T15:39:32.890Z
25,c2098d66-bff1-4e58-bb75-74b7565a5fc2,populated,el,word,1,κατοικούσαν,2026-05-19T15:41:16.936Z
25,c2098d66-bff1-4e58-bb75-74b7565a5fc2,specific,el,word,1,συγκεκριμένες,2026-05-19T15:41:17.411Z
25,c2098d66-bff1-4e58-bb75-74b7565a5fc2,areas,el,word,1,περιοχές,2026-05-19T15:41:19.119Z
25,c2098d66-bff1-4e58-bb75-74b7565a5fc2,important,el,word,1,σημαντικά,2026-05-19T15:41:32.922Z
25,c2098d66-bff1-4e58-bb75-74b7565a5fc2,new,el,word,1,νέα,2026-05-19T15:41:54.274Z
25,c2098d66-bff1-4e58-bb75-74b7565a5fc2,"lakes,",el,word,1,"λίμνες,",2026-05-19T15:41:54.490Z
25,c2098d66-bff1-4e58-bb75-74b7565a5fc2,hunting,el,word,1,κυνήγι,2026-05-19T15:42:28.138Z
25,c2098d66-bff1-4e58-bb75-74b7565a5fc2,"resources,",el,word,1,"πόρους,",2026-05-19T15:42:50.453Z
25,c2098d66-bff1-4e58-bb75-74b7565a5fc2,slew,el,word,1,σειρά,2026-05-19T15:43:00.585Z
25,c2098d66-bff1-4e58-bb75-74b7565a5fc2,Anglo-Powhatan,el,word,1,Αγγλο-Ποουχάταν,2026-05-19T15:43:03.695Z
25,c2098d66-bff1-4e58-bb75-74b7565a5fc2,scrambling,el,word,3,σπεύδουν,2026-05-19T15:44:45.358Z
25,c2098d66-bff1-4e58-bb75-74b7565a5fc2,relationships,el,word,4,σχέσεις,2026-05-19T15:44:41.859Z
25,c2098d66-bff1-4e58-bb75-74b7565a5fc2,Native,el,word,1,Αυτόχθονες,2026-05-19T15:43:33.250Z
25,c2098d66-bff1-4e58-bb75-74b7565a5fc2,skirmishes,el,word,1,συμπλοκές,2026-05-19T15:43:44.483Z
25,c2098d66-bff1-4e58-bb75-74b7565a5fc2,"weapons,",el,word,4,"όπλα,",2026-05-19T15:44:43.683Z
25,c2098d66-bff1-4e58-bb75-74b7565a5fc2,miles,el,word,2,χιλιομέτρων,2026-05-19T15:44:42.487Z
25,c2098d66-bff1-4e58-bb75-74b7565a5fc2,share,el,word,1,κοινή χρήση,2026-05-19T15:44:52.779Z
25,c2098d66-bff1-4e58-bb75-74b7565a5fc2,reinforcements,el,word,1,ενισχύσεις,2026-05-19T15:44:57.656Z
25,c2098d66-bff1-4e58-bb75-74b7565a5fc2,time.,el,word,1,χρόνο.,2026-05-19T15:45:02.817Z
10,8066fffe-1d9e-48b3-a1f9-747b5885ad6b,"movements,",el,word,2,"κινήσεις,",2026-05-20T06:42:36.701Z
10,8066fffe-1d9e-48b3-a1f9-747b5885ad6b,checked,el,word,1,ελέγχθηκε,2026-05-20T06:42:36.755Z
10,8066fffe-1d9e-48b3-a1f9-747b5885ad6b,still,el,word,1,ακόμα,2026-05-20T06:42:37.324Z
10,8066fffe-1d9e-48b3-a1f9-747b5885ad6b,reduced.,el,word,1,μειωθεί.,2026-05-20T06:42:38.348Z
10,8066fffe-1d9e-48b3-a1f9-747b5885ad6b,tracking,el,word,1,απόσταση μεταξύ γραμμάτων,2026-05-20T06:42:38.878Z
10,8066fffe-1d9e-48b3-a1f9-747b5885ad6b,page.,el,word,1,σελίδα.,2026-05-20T06:42:43.761Z
10,8066fffe-1d9e-48b3-a1f9-747b5885ad6b,systematic,el,word,1,συστηματική,2026-05-20T06:42:50.047Z
10,8066fffe-1d9e-48b3-a1f9-747b5885ad6b,stable,el,word,1,σταθερές,2026-05-20T06:42:52.741Z
10,8ddb2ff7-ca06-497c-82d2-e4974f51de40,Axis,el,word,1,Άξονας,2026-05-20T06:44:30.489Z
10,8ddb2ff7-ca06-497c-82d2-e4974f51de40,Powers,el,word,2,Δυνάμεις,2026-05-20T06:44:32.328Z
10,8ddb2ff7-ca06-497c-82d2-e4974f51de40,career,el,word,1,καριέρα,2026-05-20T06:44:32.380Z
10,8ddb2ff7-ca06-497c-82d2-e4974f51de40,Ruptured,el,word,1,Ruptured,2026-05-20T06:44:32.470Z
10,8ddb2ff7-ca06-497c-82d2-e4974f51de40,Education,el,word,1,Εκπαίδευση,2026-05-20T06:44:33.243Z
10,8ddb2ff7-ca06-497c-82d2-e4974f51de40,Department,el,word,1,Τμήμα,2026-05-20T06:44:39.918Z
10,8ddb2ff7-ca06-497c-82d2-e4974f51de40,Lisa,el,word,1,Λίζα,2026-05-20T06:44:43.254Z
10,8ddb2ff7-ca06-497c-82d2-e4974f51de40,Pacific,el,word,1,Ειρηνικός,2026-05-20T06:44:56.121Z
10,8ddb2ff7-ca06-497c-82d2-e4974f51de40,ultimate,el,word,1,τελική,2026-05-20T06:45:09.217Z
10,8ddb2ff7-ca06-497c-82d2-e4974f51de40,overwhelming,el,word,1,συντριπτική,2026-05-20T06:45:14.484Z
10,8ddb2ff7-ca06-497c-82d2-e4974f51de40,important,el,word,1,σημαντικό,2026-05-20T06:45:14.502Z
10,8ddb2ff7-ca06-497c-82d2-e4974f51de40,unwavering,el,word,1,ακλόνητη,2026-05-20T06:45:17.154Z
10,8ddb2ff7-ca06-497c-82d2-e4974f51de40,America's,el,word,2,Η Αμερική,2026-05-20T06:45:18.862Z
10,8ddb2ff7-ca06-497c-82d2-e4974f51de40,ensuring,el,word,2,εξασφαλίζοντας,2026-05-20T06:45:18.955Z
10,8ddb2ff7-ca06-497c-82d2-e4974f51de40,creating,el,word,1,δημιουργία,2026-05-20T06:45:22.118Z
10,8ddb2ff7-ca06-497c-82d2-e4974f51de40,Disney-designed,el,word,1,σχεδιασμένα από τη Disney,2026-05-20T06:45:22.295Z
10,8ddb2ff7-ca06-497c-82d2-e4974f51de40,maintaining,el,word,1,διατήρηση,2026-05-20T06:45:23.471Z
10,8ddb2ff7-ca06-497c-82d2-e4974f51de40,appeared,el,word,1,εμφανίστηκαν,2026-05-20T06:45:24.845Z
10,8ddb2ff7-ca06-497c-82d2-e4974f51de40,morale-boosting,el,word,2,που ενίσχυαν το ηθικό,2026-05-20T06:45:34.457Z
10,8ddb2ff7-ca06-497c-82d2-e4974f51de40,insignia,el,word,2,διακριτικά,2026-05-20T06:47:32.748Z
10,8ddb2ff7-ca06-497c-82d2-e4974f51de40,Disney,el,word,5,Disney,2026-05-20T06:49:28.389Z
10,8ddb2ff7-ca06-497c-82d2-e4974f51de40,pointing,el,word,1,επισημαίνοντας,2026-05-20T06:45:48.863Z
10,8ddb2ff7-ca06-497c-82d2-e4974f51de40,"months,",el,word,1,"μήνες,",2026-05-20T06:45:48.903Z
10,8ddb2ff7-ca06-497c-82d2-e4974f51de40,depicted,el,word,1,απεικονίζει,2026-05-20T06:45:51.024Z
10,8ddb2ff7-ca06-497c-82d2-e4974f51de40,federal,el,word,1,ομοσπονδιακός,2026-05-20T06:45:54.390Z
10,8ddb2ff7-ca06-497c-82d2-e4974f51de40,request,el,word,1,αίτημα,2026-05-20T06:45:54.398Z
10,8ddb2ff7-ca06-497c-82d2-e4974f51de40,effort.,el,word,1,προσπάθεια.,2026-05-20T06:46:00.101Z
10,8ddb2ff7-ca06-497c-82d2-e4974f51de40,"request,",el,word,1,"αίτημα,",2026-05-20T06:46:11.046Z
10,8ddb2ff7-ca06-497c-82d2-e4974f51de40,brilliant,el,word,1,λαμπρό,2026-05-20T06:46:15.597Z
10,8ddb2ff7-ca06-497c-82d2-e4974f51de40,animated,el,word,1,κινούμενοι,2026-05-20T06:46:16.188Z
10,8ddb2ff7-ca06-497c-82d2-e4974f51de40,"Fight""",el,word,1,Fight»,2026-05-20T06:46:24.912Z
10,8ddb2ff7-ca06-497c-82d2-e4974f51de40,Included,el,word,1,Περιλαμβάνεται,2026-05-20T06:46:29.263Z
10,8ddb2ff7-ca06-497c-82d2-e4974f51de40,troops,el,word,1,στρατιώτες,2026-05-20T06:46:57.207Z
10,8ddb2ff7-ca06-497c-82d2-e4974f51de40,artists,el,word,1,καλλιτέχνες,2026-05-20T06:47:22.851Z
10,8ddb2ff7-ca06-497c-82d2-e4974f51de40,vehicles,el,word,1,οχήματα,2026-05-20T06:47:23.042Z
10,8ddb2ff7-ca06-497c-82d2-e4974f51de40,emblem,el,word,2,έμβλημα,2026-05-20T06:47:44.440Z
10,8ddb2ff7-ca06-497c-82d2-e4974f51de40,produced,el,word,1,παραγωγές,2026-05-20T06:47:38.958Z
10,8ddb2ff7-ca06-497c-82d2-e4974f51de40,items,el,word,2,αντικείμενα,2026-05-20T06:47:39.135Z
10,8ddb2ff7-ca06-497c-82d2-e4974f51de40,insignias,el,word,1,διακριτικά,2026-05-20T06:48:09.901Z
10,8ddb2ff7-ca06-497c-82d2-e4974f51de40,asked,el,word,1,ζήτησε,2026-05-20T06:49:04.503Z
10,8ddb2ff7-ca06-497c-82d2-e4974f51de40,"boats.""",el,word,1,«σκαφών».,2026-05-20T06:49:21.081Z
10,8ddb2ff7-ca06-497c-82d2-e4974f51de40,provided,el,word,1,παρείχε,2026-05-20T06:49:24.181Z
10,8ddb2ff7-ca06-497c-82d2-e4974f51de40,drawings,el,word,1,σχέδια,2026-05-20T06:51:21.069Z
10,ea531f61-51d7-414e-9adf-8839f7dd0c26,"pesky,",el,word,1,"ενοχλητικά,",2026-05-20T06:53:12.110Z
10,ea531f61-51d7-414e-9adf-8839f7dd0c26,possibly,el,word,1,ενδεχομένως,2026-05-20T06:53:12.153Z
10,ea531f61-51d7-414e-9adf-8839f7dd0c26,truth,el,word,1,η αλήθεια,2026-05-20T06:53:13.813Z
10,ea531f61-51d7-414e-9adf-8839f7dd0c26,incredibly,el,word,1,απίστευτα,2026-05-20T06:53:15.876Z
10,ea531f61-51d7-414e-9adf-8839f7dd0c26,"Unfortunately,",el,word,1,"Δυστυχώς,",2026-05-20T06:53:21.996Z
10,ea531f61-51d7-414e-9adf-8839f7dd0c26,disappearing,el,word,2,εξαφανίζονται,2026-05-20T06:54:00.045Z
10,ea531f61-51d7-414e-9adf-8839f7dd0c26,insects,el,word,1,έντομα,2026-05-20T06:53:45.214Z
10,ea531f61-51d7-414e-9adf-8839f7dd0c26,around,el,word,1,περίπου,2026-05-20T06:53:54.826Z
10,ea531f61-51d7-414e-9adf-8839f7dd0c26,honeybees,el,word,1,μέλισσες,2026-05-20T06:54:12.421Z
10,ea531f61-51d7-414e-9adf-8839f7dd0c26,reporters,el,word,1,δημοσιογράφοι,2026-05-20T06:54:14.618Z
10,ea531f61-51d7-414e-9adf-8839f7dd0c26,frighteningly,el,word,1,τρομακτικά,2026-05-20T06:54:15.111Z
10,ea531f61-51d7-414e-9adf-8839f7dd0c26,colonies,el,word,1,αποικίες,2026-05-20T06:54:17.784Z
10,ea531f61-51d7-414e-9adf-8839f7dd0c26,Reuters,el,word,1,Reuters,2026-05-20T06:54:31.149Z
10,ea531f61-51d7-414e-9adf-8839f7dd0c26,Agriculture,el,word,1,Γεωργία,2026-05-20T06:54:40.918Z
10,ea531f61-51d7-414e-9adf-8839f7dd0c26,pollinate,el,word,1,επικονίαση,2026-05-20T06:54:50.775Z
10,ea531f61-51d7-414e-9adf-8839f7dd0c26,pollination,el,word,1,επικονίαση,2026-05-20T06:55:05.581Z
10,ea531f61-51d7-414e-9adf-8839f7dd0c26,populations.,el,word,1,πληθυσμούς.,2026-05-20T06:55:22.904Z
10,ea531f61-51d7-414e-9adf-8839f7dd0c26,possible,el,word,1,πιθανές,2026-05-20T06:55:23.961Z
10,ea531f61-51d7-414e-9adf-8839f7dd0c26,"pesticides,",el,word,2,"φυτοφάρμακα,",2026-05-20T06:55:28.988Z
10,ea531f61-51d7-414e-9adf-8839f7dd0c26,development,el,word,2,ανάπτυξη,2026-05-20T06:55:36.319Z
10,ea531f61-51d7-414e-9adf-8839f7dd0c26,agricultural,el,word,1,γεωργικές,2026-05-20T06:55:42.298Z
10,ea531f61-51d7-414e-9adf-8839f7dd0c26,quantities.,el,word,2,ποσότητες.,2026-05-20T06:55:50.170Z
10,ea531f61-51d7-414e-9adf-8839f7dd0c26,whose,el,word,1,των οποίων,2026-05-20T06:55:47.596Z
10,ea531f61-51d7-414e-9adf-8839f7dd0c26,widespread,el,word,1,ευρεία,2026-05-20T06:55:48.319Z
10,ea531f61-51d7-414e-9adf-8839f7dd0c26,Bumblebees,el,word,1,Μέλισσες,2026-05-20T06:55:51.301Z
10,ea531f61-51d7-414e-9adf-8839f7dd0c26,pollinators,el,word,1,επικονιαστές,2026-05-20T06:55:53.700Z
10,ea531f61-51d7-414e-9adf-8839f7dd0c26,"scientists,",el,word,1,"επιστήμονες,",2026-05-20T06:56:23.105Z
10,ea531f61-51d7-414e-9adf-8839f7dd0c26,conducted,el,word,2,διεξήγαγε,2026-05-20T06:56:23.555Z
10,ea531f61-51d7-414e-9adf-8839f7dd0c26,particular,el,word,1,συγκεκριμένα,2026-05-20T06:56:23.643Z
10,ea531f61-51d7-414e-9adf-8839f7dd0c26,"bumblebees,",el,word,1,"μελισσών,",2026-05-20T06:56:24.849Z
10,ea531f61-51d7-414e-9adf-8839f7dd0c26,"reproduction,",el,word,1,"αναπαραγωγή,",2026-05-20T06:56:26.958Z
10,ea531f61-51d7-414e-9adf-8839f7dd0c26,competition,el,word,1,ανταγωνισμός,2026-05-20T06:56:31.217Z
10,ea531f61-51d7-414e-9adf-8839f7dd0c26,"larkspur,",el,word,1,"λαρκσπούρ,",2026-05-20T06:56:48.350Z
10,ea531f61-51d7-414e-9adf-8839f7dd0c26,researchers,el,word,1,οι ερευνητές,2026-05-20T06:56:48.993Z
10,ea531f61-51d7-414e-9adf-8839f7dd0c26,larkspurs-to,el,word,1,λαρκσπούρ-για,2026-05-20T06:56:53.213Z
10,ea531f61-51d7-414e-9adf-8839f7dd0c26,larkspur,el,word,1,λαρκσπούρ,2026-05-20T06:57:02.474Z
10,ea531f61-51d7-414e-9adf-8839f7dd0c26,continuation,el,word,1,συνέχιση,2026-05-20T06:57:10.608Z
10,ea531f61-51d7-414e-9adf-8839f7dd0c26,enhancement...targeted,el,word,1,βελτίωση... στοχευμένη,2026-05-20T06:57:41.608Z
10,ea531f61-51d7-414e-9adf-8839f7dd0c26,pesticide,el,word,1,φυτοφάρμακα,2026-05-20T06:57:43.242Z
10,ea531f61-51d7-414e-9adf-8839f7dd0c26,resistant,el,word,1,ανθεκτικές,2026-05-20T06:57:49.430Z
10,ea531f61-51d7-414e-9adf-8839f7dd0c26,collectively,el,word,2,συλλογικά,2026-05-20T06:58:17.795Z
10,ea531f61-51d7-414e-9adf-8839f7dd0c26,"colonies.""",el,word,1,αποικίες.»,2026-05-20T06:57:54.665Z
10,ea531f61-51d7-414e-9adf-8839f7dd0c26,imperative,el,word,1,απαραίτητο,2026-05-20T06:57:56.106Z
10,ea531f61-51d7-414e-9adf-8839f7dd0c26,"profitable,""",el,word,1,"«κερδοφόρα»,",2026-05-20T06:58:11.965Z
10,ea531f61-51d7-414e-9adf-8839f7dd0c26,statement,el,word,3,δήλωση,2026-05-20T06:58:17.719Z
10,ea531f61-51d7-414e-9adf-8839f7dd0c26,honey,el,word,1,μέλι,2026-05-20T07:00:58.311Z
14,1a836bfc-97d7-4886-8080-54645ba94b81,Nature,el,word,1,Φύση,2026-05-20T07:16:13.865Z
14,1a836bfc-97d7-4886-8080-54645ba94b81,Protected,el,word,1,Προστατευόμενες,2026-05-20T07:16:15.429Z
14,1a836bfc-97d7-4886-8080-54645ba94b81,Areas,el,word,1,Περιοχές,2026-05-20T07:16:16.676Z
14,1a836bfc-97d7-4886-8080-54645ba94b81,parks,el,word,2,πάρκα,2026-05-20T07:16:16.957Z
14,1a836bfc-97d7-4886-8080-54645ba94b81,traffic,el,word,1,κυκλοφορία,2026-05-20T07:16:18.648Z
14,f4c32c0e-5f43-4ba3-a623-d0ffcd49e461,commercial,el,word,2,εμπορική,2026-05-20T07:16:43.624Z
14,f4c32c0e-5f43-4ba3-a623-d0ffcd49e461,Robert,el,word,1,Robert,2026-05-20T07:16:51.502Z
14,f4c32c0e-5f43-4ba3-a623-d0ffcd49e461,drowning,el,word,1,καταστρέφοντας,2026-05-20T07:16:59.400Z
14,f4c32c0e-5f43-4ba3-a623-d0ffcd49e461,pollution,el,word,1,ρύπανση,2026-05-20T07:18:44.918Z
14,f4c32c0e-5f43-4ba3-a623-d0ffcd49e461,protected,el,word,4,προστατευόμενες,2026-05-20T07:26:24.941Z
14,f4c32c0e-5f43-4ba3-a623-d0ffcd49e461,sounds,el,word,3,ήχοι,2026-05-20T07:26:09.106Z
14,f4c32c0e-5f43-4ba3-a623-d0ffcd49e461,"""pervasive""",el,word,2,«διαδεδομένοι»,2026-05-20T07:19:30.097Z
14,f4c32c0e-5f43-4ba3-a623-d0ffcd49e461,aside,el,word,2,εκτός,2026-05-20T07:19:33.043Z
14,f4c32c0e-5f43-4ba3-a623-d0ffcd49e461,"recreation,",el,word,2,"αναψυχή,",2026-05-20T07:26:01.549Z
14,f4c32c0e-5f43-4ba3-a623-d0ffcd49e461,people,el,word,1,άνθρωποι,2026-05-20T07:19:22.099Z
14,f4c32c0e-5f43-4ba3-a623-d0ffcd49e461,respite,el,word,1,ανάπαυλα,2026-05-20T07:19:24.452Z
14,f4c32c0e-5f43-4ba3-a623-d0ffcd49e461,din,el,word,1,θόρυβος,2026-05-20T07:19:25.940Z
14,f4c32c0e-5f43-4ba3-a623-d0ffcd49e461,daily,el,word,1,καθημερινά,2026-05-20T07:19:28.869Z
14,f4c32c0e-5f43-4ba3-a623-d0ffcd49e461,scientists,el,word,2,επιστήμονες,2026-05-20T07:19:37.817Z
14,f4c32c0e-5f43-4ba3-a623-d0ffcd49e461,Colorado,el,word,2,Κολοράντο,2026-05-20T07:19:38.761Z
14,f4c32c0e-5f43-4ba3-a623-d0ffcd49e461,"federal,",el,word,2,"ομοσπονδιακά,",2026-05-20T07:26:47.319Z
14,f4c32c0e-5f43-4ba3-a623-d0ffcd49e461,State,el,word,1,Συμβουλίου,2026-05-20T07:19:41.324Z
14,f4c32c0e-5f43-4ba3-a623-d0ffcd49e461,racket,el,word,1,θόρυβος,2026-05-20T07:19:47.322Z
14,f4c32c0e-5f43-4ba3-a623-d0ffcd49e461,rumble,el,word,1,βουητό,2026-05-20T07:20:42.238Z
14,f4c32c0e-5f43-4ba3-a623-d0ffcd49e461,clatter,el,word,1,θόρυβος,2026-05-20T07:20:53.185Z
14,f4c32c0e-5f43-4ba3-a623-d0ffcd49e461,two-thirds,el,word,1,τα δύο τρίτα,2026-05-20T07:20:59.813Z
14,f4c32c0e-5f43-4ba3-a623-d0ffcd49e461,consequences,el,word,1,συνέπειες,2026-05-20T07:21:09.106Z
14,f4c32c0e-5f43-4ba3-a623-d0ffcd49e461,levels,el,word,1,επίπεδα,2026-05-20T07:21:10.808Z
14,f4c32c0e-5f43-4ba3-a623-d0ffcd49e461,created,el,word,1,δημιούργησαν,2026-05-20T07:25:34.294Z
14,f4c32c0e-5f43-4ba3-a623-d0ffcd49e461,approximated,el,word,1,προσεγγίζει,2026-05-20T07:25:36.019Z
14,f4c32c0e-5f43-4ba3-a623-d0ffcd49e461,"areas,",el,word,2,"περιοχές,",2026-05-20T07:26:20.493Z
14,f4c32c0e-5f43-4ba3-a623-d0ffcd49e461,wildlife,el,word,1,άγρια φύση,2026-05-20T07:25:57.504Z
14,f4c32c0e-5f43-4ba3-a623-d0ffcd49e461,study,el,word,1,μελέτη,2026-05-20T07:26:00.238Z
14,f4c32c0e-5f43-4ba3-a623-d0ffcd49e461,ringing,el,word,1,που χτυπά,2026-05-20T07:26:17.173Z
14,f4c32c0e-5f43-4ba3-a623-d0ffcd49e461,tranquil,el,word,3,ήσυχη,2026-05-20T07:26:28.476Z
14,b5566b6a-f43d-44b1-9921-d2fe310cb3ea,refused,el,word,2,αρνήθηκε,2026-05-20T07:27:27.001Z
14,b5566b6a-f43d-44b1-9921-d2fe310cb3ea,give,el,word,1,δώσει,2026-05-20T07:27:20.123Z
14,b5566b6a-f43d-44b1-9921-d2fe310cb3ea,city,el,word,1,πόλη,2026-05-20T07:27:22.213Z
14,b5566b6a-f43d-44b1-9921-d2fe310cb3ea,bus,el,word,1,λεωφορείο,2026-05-20T07:27:22.866Z
14,b5566b6a-f43d-44b1-9921-d2fe310cb3ea,planning,el,word,1,σχεδιάζοντας,2026-05-20T07:27:31.237Z
14,b5566b6a-f43d-44b1-9921-d2fe310cb3ea,passenger.,el,word,1,επιβάτη.,2026-05-20T07:27:33.267Z
14,b5566b6a-f43d-44b1-9921-d2fe310cb3ea,home,el,word,1,σπίτι,2026-05-20T07:27:36.777Z
14,b5566b6a-f43d-44b1-9921-d2fe310cb3ea,make,el,word,1,κάνει,2026-05-20T07:27:40.184Z
14,b5566b6a-f43d-44b1-9921-d2fe310cb3ea,confront,el,word,2,αντιμετωπίζει,2026-05-20T07:27:54.354Z
14,b5566b6a-f43d-44b1-9921-d2fe310cb3ea,Montgomery,el,word,1,Μοντγκόμερι,2026-05-20T07:27:54.242Z
14,b5566b6a-f43d-44b1-9921-d2fe310cb3ea,extraordinary,el,word,1,εξαιρετικό,2026-05-20T07:27:56.091Z
14,b5566b6a-f43d-44b1-9921-d2fe310cb3ea,segregation,el,word,4,φυλετικός διαχωρισμός,2026-05-20T07:28:03.361Z
14,b5566b6a-f43d-44b1-9921-d2fe310cb3ea,days,el,word,2,ημέρες,2026-05-20T07:28:02.779Z
14,b5566b6a-f43d-44b1-9921-d2fe310cb3ea,friends,el,word,3,φίλοι,2026-05-20T07:27:59.611Z
14,b5566b6a-f43d-44b1-9921-d2fe310cb3ea,peaceful,el,word,1,ειρηνικοί,2026-05-20T07:28:10.384Z
14,b5566b6a-f43d-44b1-9921-d2fe310cb3ea,"women,",el,word,1,"γυναίκες,",2026-05-20T07:28:14.118Z
14,b5566b6a-f43d-44b1-9921-d2fe310cb3ea,transportation,el,word,2,μεταφορές,2026-05-20T07:28:28.374Z
14,b5566b6a-f43d-44b1-9921-d2fe310cb3ea,inspired.,el,word,1,ενέπνευσε.,2026-05-20T07:28:36.636Z
14,b5566b6a-f43d-44b1-9921-d2fe310cb3ea,lifelong,el,word,2,δια βίου,2026-05-20T07:28:49.637Z
14,b5566b6a-f43d-44b1-9921-d2fe310cb3ea,celebrate,el,word,1,γιορτάζουμε,2026-05-20T07:28:55.487Z
14,b5566b6a-f43d-44b1-9921-d2fe310cb3ea,principle,el,word,2,αρχή,2026-05-20T07:29:12.794Z
14,b5566b6a-f43d-44b1-9921-d2fe310cb3ea,genuine,el,word,1,αληθινός,2026-05-20T07:29:06.429Z
14,b5566b6a-f43d-44b1-9921-d2fe310cb3ea,courage,el,word,2,θάρρος,2026-05-20T07:29:53.009Z
14,b5566b6a-f43d-44b1-9921-d2fe310cb3ea,heirs,el,word,2,κληρονόμοι,2026-05-20T07:29:53.475Z
14,b5566b6a-f43d-44b1-9921-d2fe310cb3ea,States,el,word,1,Πολιτείες,2026-05-20T07:30:04.510Z
14,b5566b6a-f43d-44b1-9921-d2fe310cb3ea,virtue,el,word,2,δυνάμει,2026-05-20T07:30:24.476Z
14,b5566b6a-f43d-44b1-9921-d2fe310cb3ea,"America,",el,word,2,"Αμερική,",2026-05-20T07:30:22.827Z
14,b5566b6a-f43d-44b1-9921-d2fe310cb3ea,hereby,el,word,2,με την παρούσα,2026-05-20T07:30:31.723Z
14,b5566b6a-f43d-44b1-9921-d2fe310cb3ea,February,el,word,1,Φεβρουάριο,2026-05-20T07:30:35.044Z
14,b5566b6a-f43d-44b1-9921-d2fe310cb3ea,appropriate,el,word,1,κατάλληλη,2026-05-20T07:30:36.772Z
14,b5566b6a-f43d-44b1-9921-d2fe310cb3ea,education,el,word,1,εκπαίδευση,2026-05-20T07:30:38.807Z
14,b5566b6a-f43d-44b1-9921-d2fe310cb3ea,Americans,el,word,1,Αμερικανοί,2026-05-20T07:30:40.041Z
14,b5566b6a-f43d-44b1-9921-d2fe310cb3ea,enduring,el,word,1,διαχρονική,2026-05-20T07:30:48.124Z
9,c812ed1b-1fb5-4bf1-9025-9906ab2721fc,front,el,word,1,μπροστά,2026-05-20T08:04:32.160Z
9,c812ed1b-1fb5-4bf1-9025-9906ab2721fc,quiet,el,word,5,ήσυχο,2026-05-20T08:04:34.529Z
9,c812ed1b-1fb5-4bf1-9025-9906ab2721fc,morning,el,word,1,πρωί,2026-05-20T08:04:36.230Z
9,c812ed1b-1fb5-4bf1-9025-9906ab2721fc,sudden,el,word,1,ξαφνικές,2026-05-20T08:04:43.556Z
9,1ea0b9a3-aaec-4572-ba74-10cf4a2ddc89,collection,el,word,1,συλλογή,2026-05-20T08:05:42.457Z
9,1ea0b9a3-aaec-4572-ba74-10cf4a2ddc89,perceive,el,word,1,αντιλαμβανόμαστε,2026-05-20T08:05:55.929Z
9,1ea0b9a3-aaec-4572-ba74-10cf4a2ddc89,electromagnetic,el,word,3,ηλεκτρομαγνητική,2026-05-20T08:06:07.417Z
9,1ea0b9a3-aaec-4572-ba74-10cf4a2ddc89,radiation,el,word,2,ακτινοβολία,2026-05-20T08:08:42.059Z
9,1ea0b9a3-aaec-4572-ba74-10cf4a2ddc89,stream,el,word,1,ροή,2026-05-20T08:06:19.328Z
9,1ea0b9a3-aaec-4572-ba74-10cf4a2ddc89,spectrum,el,word,2,φάσμα,2026-05-20T08:07:26.082Z
9,1ea0b9a3-aaec-4572-ba74-10cf4a2ddc89,wave-like,el,word,1,κυματοειδής,2026-05-20T08:06:23.189Z
9,1ea0b9a3-aaec-4572-ba74-10cf4a2ddc89,carrying,el,word,1,μεταφορά,2026-05-20T08:06:24.827Z
9,1ea0b9a3-aaec-4572-ba74-10cf4a2ddc89,eyes,el,word,1,μάτια,2026-05-20T08:06:34.049Z
9,1ea0b9a3-aaec-4572-ba74-10cf4a2ddc89,plenty,el,word,1,πολλά,2026-05-20T08:06:39.389Z
9,1ea0b9a3-aaec-4572-ba74-10cf4a2ddc89,"X-rays,",el,word,2,"ακτίνες Χ,",2026-05-20T08:06:50.166Z
9,1ea0b9a3-aaec-4572-ba74-10cf4a2ddc89,range,el,word,1,εύρος,2026-05-20T08:06:49.619Z
9,1ea0b9a3-aaec-4572-ba74-10cf4a2ddc89,infrared,el,word,1,υπέρυθρο,2026-05-20T08:06:52.585Z
9,1ea0b9a3-aaec-4572-ba74-10cf4a2ddc89,organized,el,word,1,οργανωμένο,2026-05-20T08:07:02.048Z
9,1ea0b9a3-aaec-4572-ba74-10cf4a2ddc89,intensities,el,word,1,εντάσεις,2026-05-20T08:07:04.724Z
9,1ea0b9a3-aaec-4572-ba74-10cf4a2ddc89,stretched,el,word,2,απλωμένα,2026-05-20T08:07:18.953Z
9,1ea0b9a3-aaec-4572-ba74-10cf4a2ddc89,scrunched,el,word,1,συμπιεσμένα,2026-05-20T08:07:14.488Z
9,1ea0b9a3-aaec-4572-ba74-10cf4a2ddc89,slinky,el,word,1,σπείρα,2026-05-20T08:07:21.131Z
9,1ea0b9a3-aaec-4572-ba74-10cf4a2ddc89,waves-gamma,el,word,1,κύματα γάμμα,2026-05-20T08:07:26.164Z
9,1ea0b9a3-aaec-4572-ba74-10cf4a2ddc89,radio,el,word,1,ραδιόφωνο,2026-05-20T08:07:56.099Z
9,1ea0b9a3-aaec-4572-ba74-10cf4a2ddc89,waves-different,el,word,1,κύματα - διαφορετικά,2026-05-20T08:07:56.485Z
9,1ea0b9a3-aaec-4572-ba74-10cf4a2ddc89,energy-bouncing,el,word,1,ενέργεια που ανακλάται,2026-05-20T08:08:00.886Z
9,1ea0b9a3-aaec-4572-ba74-10cf4a2ddc89,infinite,el,word,1,άπειρο,2026-05-20T08:08:07.758Z
9,1ea0b9a3-aaec-4572-ba74-10cf4a2ddc89,beneath,el,word,1,κάτω από,2026-05-20T08:08:13.328Z
9,1ea0b9a3-aaec-4572-ba74-10cf4a2ddc89,humankind,el,word,1,η ανθρωπότητα,2026-05-20T08:08:27.049Z
9,1ea0b9a3-aaec-4572-ba74-10cf4a2ddc89,one,el,word,1,ένα,2026-05-20T08:08:36.801Z
9,1ea0b9a3-aaec-4572-ba74-10cf4a2ddc89,mankind,el,word,1,ανθρωπότητα,2026-05-20T08:08:42.328Z
9,1ea0b9a3-aaec-4572-ba74-10cf4a2ddc89,present,el,word,2,παρόντα,2026-05-20T08:08:46.514Z
9,1ea0b9a3-aaec-4572-ba74-10cf4a2ddc89,night-vision,el,word,2,νυχτερινή όραση,2026-05-20T08:08:51.723Z
9,1ea0b9a3-aaec-4572-ba74-10cf4a2ddc89,goggles,el,word,1,γυαλιά,2026-05-20T08:08:46.880Z
9,1ea0b9a3-aaec-4572-ba74-10cf4a2ddc89,including,el,word,1,συμπεριλαμβανομένων,2026-05-20T08:08:49.043Z
9,1ea0b9a3-aaec-4572-ba74-10cf4a2ddc89,also,el,word,1,επίσης,2026-05-20T08:08:53.223Z
9,1ea0b9a3-aaec-4572-ba74-10cf4a2ddc89,without,el,word,1,χωρίς,2026-05-20T08:08:59.016Z
9,1ea0b9a3-aaec-4572-ba74-10cf4a2ddc89,beautiful,el,word,1,όμορφη,2026-05-20T08:09:04.918Z
9,1ea0b9a3-aaec-4572-ba74-10cf4a2ddc89,things-that,el,word,1,πράγματα-που,2026-05-20T08:09:05.465Z
9,1ea0b9a3-aaec-4572-ba74-10cf4a2ddc89,comprehensible,el,word,1,κατανοητές,2026-05-20T08:09:12.034Z
9,1ea0b9a3-aaec-4572-ba74-10cf4a2ddc89,basketball;,el,word,1,μπάλα του μπάσκετ·,2026-05-20T08:09:30.552Z
9,1f388925-a79e-4552-a98f-d71acf3d88b5,Sticky,el,word,1,Sticky,2026-05-20T08:12:57.247Z
9,1f388925-a79e-4552-a98f-d71acf3d88b5,readily,el,word,1,εύκολα,2026-05-20T08:13:12.232Z
9,1f388925-a79e-4552-a98f-d71acf3d88b5,chocolate,el,word,1,σοκολάτα,2026-05-20T08:13:12.486Z
9,1f388925-a79e-4552-a98f-d71acf3d88b5,manufactured,el,word,2,κατασκευασμένα,2026-05-20T08:13:12.825Z
9,1f388925-a79e-4552-a98f-d71acf3d88b5,people,el,word,1,άνθρωποι,2026-05-20T08:13:14.863Z
9,1f388925-a79e-4552-a98f-d71acf3d88b5,bar-chocolate,el,word,1,σοκολάτα σε μπάρα,2026-05-20T08:13:15.121Z
9,1f388925-a79e-4552-a98f-d71acf3d88b5,back,el,word,1,πίσω,2026-05-20T08:13:22.523Z
9,1f388925-a79e-4552-a98f-d71acf3d88b5,scheduled,el,word,1,προγραμματισμένα,2026-05-20T08:14:06.101Z
9,1f388925-a79e-4552-a98f-d71acf3d88b5,"labor,",el,word,1,"εργασία,",2026-05-20T08:14:13.343Z
9,1f388925-a79e-4552-a98f-d71acf3d88b5,conditions.,el,word,2,συνθήκες.,2026-05-20T08:14:17.488Z
9,1f388925-a79e-4552-a98f-d71acf3d88b5,cocoa,el,word,1,κακάο,2026-05-20T08:14:17.405Z
9,1f388925-a79e-4552-a98f-d71acf3d88b5,"Sometimes,",el,word,1,"Μερικές φορές,",2026-05-20T08:14:17.405Z
9,1f388925-a79e-4552-a98f-d71acf3d88b5,little,el,word,1,λίγο,2026-05-20T08:14:17.451Z
9,1f388925-a79e-4552-a98f-d71acf3d88b5,pods,el,word,1,λοβοί,2026-05-20T08:14:17.431Z
9,1f388925-a79e-4552-a98f-d71acf3d88b5,"money,",el,word,2,"χρήματα,",2026-05-20T08:14:17.724Z
9,1f388925-a79e-4552-a98f-d71acf3d88b5,middlemen-a,el,word,3,μεσάζοντες-ένας,2026-05-20T08:14:20.985Z
9,1f388925-a79e-4552-a98f-d71acf3d88b5,exploitation,el,word,1,εκμετάλλευση,2026-05-20T08:14:42.081Z
9,1f388925-a79e-4552-a98f-d71acf3d88b5,conditions,el,word,1,συνθήκες,2026-05-20T08:14:50.521Z
9,1f388925-a79e-4552-a98f-d71acf3d88b5,regulations,el,word,1,κανονισμοί,2026-05-20T08:14:54.590Z
9,1f388925-a79e-4552-a98f-d71acf3d88b5,fair,el,word,1,δίκαιο,2026-05-20T08:15:13.540Z
9,1f388925-a79e-4552-a98f-d71acf3d88b5,adhere,el,word,1,να τηρεί,2026-05-20T08:15:15.588Z
9,1f388925-a79e-4552-a98f-d71acf3d88b5,earth-friendly.,el,word,1,φιλικές προς το περιβάλλον.,2026-05-20T08:15:19.999Z
9,1f388925-a79e-4552-a98f-d71acf3d88b5,laborers,el,word,1,εργαζόμενοι,2026-05-20T08:15:25.880Z
9,1f388925-a79e-4552-a98f-d71acf3d88b5,prohibit,el,word,1,απαγορεύουν,2026-05-20T08:15:32.618Z
9,1f388925-a79e-4552-a98f-d71acf3d88b5,operation,el,word,1,λειτουργία,2026-05-20T08:15:48.362Z
9,1f388925-a79e-4552-a98f-d71acf3d88b5,trade,el,word,1,εμπόριο,2026-05-20T08:15:49.396Z
9,1f388925-a79e-4552-a98f-d71acf3d88b5,increased,el,word,1,αυξημένα,2026-05-20T08:15:55.908Z
9,1f388925-a79e-4552-a98f-d71acf3d88b5,workers-and,el,word,1,εργαζομένων – και,2026-05-20T08:16:07.815Z
6,b9144d1a-69bd-4013-8829-88342758e631,began,el,word,1,ξεκίνησε,2026-05-20T08:30:16.092Z
6,b9144d1a-69bd-4013-8829-88342758e631,morning,el,word,1,πρωί,2026-05-20T08:30:17.570Z
6,b9144d1a-69bd-4013-8829-88342758e631,front,el,word,1,μπροστά,2026-05-20T08:30:21.157Z
6,b9144d1a-69bd-4013-8829-88342758e631,"screen,",el,word,3,"οθόνη,",2026-05-20T08:30:26.850Z
6,b9144d1a-69bd-4013-8829-88342758e631,fixations,el,word,1,σταθεροποιήσεις,2026-05-20T08:30:26.957Z
6,b9144d1a-69bd-4013-8829-88342758e631,appears,el,word,1,φαίνεται,2026-05-20T08:30:26.990Z
6,b9144d1a-69bd-4013-8829-88342758e631,distance,el,word,1,απόσταση,2026-05-20T08:30:30.058Z
6,b9144d1a-69bd-4013-8829-88342758e631,researcher,el,word,1,ερευνητής,2026-05-20T08:30:45.506Z
6,b9144d1a-69bd-4013-8829-88342758e631,paragraph,el,word,1,παράγραφος,2026-05-20T08:30:47.322Z
6,b9144d1a-69bd-4013-8829-88342758e631,followed,el,word,1,ακολουθούσε,2026-05-20T08:30:53.117Z
6,b9144d1a-69bd-4013-8829-88342758e631,bar?,el,word,1,μπάρα;,2026-05-20T08:31:48.437Z
6,b9144d1a-69bd-4013-8829-88342758e631,vehicle-ice,el,word,1,όχημα-παγωτό,2026-05-20T08:31:59.529Z
6,b9144d1a-69bd-4013-8829-88342758e631,"cake,",el,word,1,"κέικ,",2026-05-20T08:32:03.001Z
6,b9144d1a-69bd-4013-8829-88342758e631,readily,el,word,1,εύκολα,2026-05-20T08:32:07.756Z
6,b9144d1a-69bd-4013-8829-88342758e631,important,el,word,1,σημαντικό,2026-05-20T08:32:21.258Z
6,b9144d1a-69bd-4013-8829-88342758e631,corner-store,el,word,2,γωνιακό μαγαζί,2026-05-20T08:33:12.854Z
6,b9144d1a-69bd-4013-8829-88342758e631,lot,el,word,1,πολλά,2026-05-20T08:32:26.313Z
6,b9144d1a-69bd-4013-8829-88342758e631,"though,",el,word,1,"αν και,",2026-05-20T08:32:30.270Z
6,b9144d1a-69bd-4013-8829-88342758e631,Halloween,el,word,1,Χάλοουιν,2026-05-20T08:32:31.504Z
6,b9144d1a-69bd-4013-8829-88342758e631,candy,el,word,1,γλυκό,2026-05-20T08:32:34.622Z
6,b9144d1a-69bd-4013-8829-88342758e631,origins,el,word,1,προέλευση,2026-05-20T08:32:34.944Z
6,b9144d1a-69bd-4013-8829-88342758e631,trace,el,word,1,ανιχνεύω,2026-05-20T08:32:35.772Z
6,b9144d1a-69bd-4013-8829-88342758e631,checkout,el,word,1,ταμείο,2026-05-20T08:32:39.428Z
6,b9144d1a-69bd-4013-8829-88342758e631,favorite,el,word,1,αγαπημένα,2026-05-20T08:32:42.923Z
6,b9144d1a-69bd-4013-8829-88342758e631,roots,el,word,1,ρίζες,2026-05-20T08:32:45.057Z
6,b9144d1a-69bd-4013-8829-88342758e631,"indulge,",el,word,1,"αφεθείτε,",2026-05-20T08:32:50.706Z
6,b9144d1a-69bd-4013-8829-88342758e631,wrapper.,el,word,1,περιτύλιγμα.,2026-05-20T08:32:54.777Z
6,b9144d1a-69bd-4013-8829-88342758e631,ingredient,el,word,1,συστατικό,2026-05-20T08:32:56.276Z
6,b9144d1a-69bd-4013-8829-88342758e631,one,el,word,1,ένα,2026-05-20T08:32:58.526Z
6,b9144d1a-69bd-4013-8829-88342758e631,"chocolate...well,",el,word,1,"σοκολάτα... λοιπόν,",2026-05-20T08:33:00.254Z
6,b9144d1a-69bd-4013-8829-88342758e631,chocolaty?,el,word,1,σοκολατένιο;,2026-05-20T08:33:01.236Z
6,b9144d1a-69bd-4013-8829-88342758e631,cocoa.,el,word,1,κακάο.,2026-05-20T08:33:03.641Z
6,b9144d1a-69bd-4013-8829-88342758e631,countries,el,word,4,χώρες,2026-05-20T08:36:17.612Z
6,b9144d1a-69bd-4013-8829-88342758e631,"America,",el,word,1,"Αμερική,",2026-05-20T08:33:21.612Z
6,b9144d1a-69bd-4013-8829-88342758e631,thrive,el,word,1,ευδοκιμούν,2026-05-20T08:33:30.343Z
6,b9144d1a-69bd-4013-8829-88342758e631,"hot,",el,word,1,"καυτές,",2026-05-20T08:33:32.500Z
6,b9144d1a-69bd-4013-8829-88342758e631,humid,el,word,1,υγρό,2026-05-20T08:33:33.836Z
6,b9144d1a-69bd-4013-8829-88342758e631,Africa.,el,word,1,Αφρική.,2026-05-20T08:33:36.114Z
6,b9144d1a-69bd-4013-8829-88342758e631,cacao,el,word,1,κακάο,2026-05-20T08:33:46.740Z
6,b9144d1a-69bd-4013-8829-88342758e631,original,el,word,1,αρχικό,2026-05-20T08:33:48.321Z
6,b9144d1a-69bd-4013-8829-88342758e631,Cocoa,el,word,2,Κακάο,2026-05-20T08:35:54.615Z
6,b9144d1a-69bd-4013-8829-88342758e631,intense,el,word,1,έντονη,2026-05-20T08:33:55.496Z
6,b9144d1a-69bd-4013-8829-88342758e631,many,el,word,1,πολλοί,2026-05-20T08:33:57.464Z
6,b9144d1a-69bd-4013-8829-88342758e631,rural,el,word,1,αγροτικές,2026-05-20T08:33:59.275Z
6,b9144d1a-69bd-4013-8829-88342758e631,demand,el,word,2,ζήτηση,2026-05-20T08:34:09.124Z
6,b9144d1a-69bd-4013-8829-88342758e631,throughout,el,word,1,σε όλο τον κόσμο,2026-05-20T08:34:10.905Z
6,b9144d1a-69bd-4013-8829-88342758e631,world,el,word,1,κόσμος,2026-05-20T08:34:13.425Z
6,b9144d1a-69bd-4013-8829-88342758e631,Workers,el,word,1,Εργαζόμενοι,2026-05-20T08:34:19.230Z
6,b9144d1a-69bd-4013-8829-88342758e631,scheduled,el,word,1,προγραμματισμένα,2026-05-20T08:34:21.422Z
6,b9144d1a-69bd-4013-8829-88342758e631,eight-hour,el,word,1,οκτάωρη,2026-05-20T08:34:22.197Z
6,b9144d1a-69bd-4013-8829-88342758e631,"complex,",el,word,1,"περίπλοκοι,",2026-05-20T08:34:27.312Z
6,b9144d1a-69bd-4013-8829-88342758e631,sometimes,el,word,1,μερικές φορές,2026-05-20T08:34:29.423Z
6,b9144d1a-69bd-4013-8829-88342758e631,hot,el,word,1,καυτές,2026-05-20T08:34:32.413Z
6,b9144d1a-69bd-4013-8829-88342758e631,farms,el,word,1,φυτείες,2026-05-20T08:34:37.328Z
6,b9144d1a-69bd-4013-8829-88342758e631,"Additionally,",el,word,1,"Επιπλέον,",2026-05-20T08:34:43.994Z
6,b9144d1a-69bd-4013-8829-88342758e631,population,el,word,2,πληθυσμός,2026-05-20T08:34:44.103Z
6,b9144d1a-69bd-4013-8829-88342758e631,salespeople,el,word,3,πωλητές,2026-05-20T08:35:01.247Z
6,b9144d1a-69bd-4013-8829-88342758e631,chocolate!,el,word,1,σοκολάτα!,2026-05-20T08:34:51.897Z
6,b9144d1a-69bd-4013-8829-88342758e631,middlemen-a,el,word,1,μεσάζοντες-ένας,2026-05-20T08:34:54.068Z
6,b9144d1a-69bd-4013-8829-88342758e631,term,el,word,1,όρος,2026-05-20T08:34:57.297Z
6,b9144d1a-69bd-4013-8829-88342758e631,marketers,el,word,1,εμπόροι,2026-05-20T08:35:00.035Z
6,b9144d1a-69bd-4013-8829-88342758e631,world-buy,el,word,1,αγοράζουν,2026-05-20T08:35:08.911Z
6,b9144d1a-69bd-4013-8829-88342758e631,pods,el,word,1,λοβοί,2026-05-20T08:35:10.251Z
6,b9144d1a-69bd-4013-8829-88342758e631,traders,el,word,1,εμπόροι,2026-05-20T08:35:15.552Z
6,b9144d1a-69bd-4013-8829-88342758e631,started,el,word,2,άρχισαν,2026-05-20T08:35:38.443Z
6,b9144d1a-69bd-4013-8829-88342758e631,exploitation,el,word,1,εκμετάλλευση,2026-05-20T08:35:30.854Z
6,b9144d1a-69bd-4013-8829-88342758e631,change.,el,word,1,αλλαγή.,2026-05-20T08:35:40.398Z
6,b9144d1a-69bd-4013-8829-88342758e631,National,el,word,1,Εθνικοί,2026-05-20T08:35:41.166Z
6,b9144d1a-69bd-4013-8829-88342758e631,regulations,el,word,1,κανονισμοί,2026-05-20T08:35:43.523Z
6,b9144d1a-69bd-4013-8829-88342758e631,emerged,el,word,1,εμφανίστηκαν,2026-05-20T08:35:44.620Z
6,b9144d1a-69bd-4013-8829-88342758e631,regulate,el,word,1,ρυθμίζουν,2026-05-20T08:35:46.132Z
6,b9144d1a-69bd-4013-8829-88342758e631,joined,el,word,1,εντάχθηκε,2026-05-20T08:35:55.362Z
6,b9144d1a-69bd-4013-8829-88342758e631,commodities,el,word,1,εμπορεύματα,2026-05-20T08:35:57.106Z
6,b9144d1a-69bd-4013-8829-88342758e631,"""fair",el,word,1,«δίκαιο,2026-05-20T08:35:59.866Z
6,b9144d1a-69bd-4013-8829-88342758e631,"traded,",el,word,1,"διακινείται,",2026-05-20T08:36:00.075Z
6,b9144d1a-69bd-4013-8829-88342758e631,usually,el,word,1,συνήθως,2026-05-20T08:36:11.959Z
6,b9144d1a-69bd-4013-8829-88342758e631,developing,el,word,1,αναπτυσσόμενες,2026-05-20T08:36:16.494Z
6,b9144d1a-69bd-4013-8829-88342758e631,movement,el,word,1,κίνηση,2026-05-20T08:36:22.357Z
6,b9144d1a-69bd-4013-8829-88342758e631,ugly,el,word,1,άσχημα,2026-05-20T08:36:25.318Z
6,b9144d1a-69bd-4013-8829-88342758e631,scenarios,el,word,2,καταστάσεις,2026-05-20T08:36:40.775Z
6,b9144d1a-69bd-4013-8829-88342758e631,"food,",el,word,1,"φαγητό,",2026-05-20T08:36:38.061Z
6,b9144d1a-69bd-4013-8829-88342758e631,Fair,el,word,1,Δίκαιος,2026-05-20T08:36:48.833Z
6,b9144d1a-69bd-4013-8829-88342758e631,cocoa,el,word,1,κακάο,2026-05-20T08:36:52.889Z
6,b9144d1a-69bd-4013-8829-88342758e631,fair,el,word,1,δίκαιη,2026-05-20T08:37:00.428Z
6,b9144d1a-69bd-4013-8829-88342758e631,conditions,el,word,1,συνθήκες,2026-05-20T08:37:00.766Z
6,b9144d1a-69bd-4013-8829-88342758e631,certified,el,word,2,πιστοποιημένες,2026-05-20T08:37:48.072Z
6,b9144d1a-69bd-4013-8829-88342758e631,earth-friendly.,el,word,1,φιλικές προς το περιβάλλον.,2026-05-20T08:37:04.312Z
6,b9144d1a-69bd-4013-8829-88342758e631,Sustainability,el,word,1,Βιωσιμότητα,2026-05-20T08:37:05.327Z
6,b9144d1a-69bd-4013-8829-88342758e631,rules.,el,word,1,κανόνες.,2026-05-20T08:37:09.873Z
6,b9144d1a-69bd-4013-8829-88342758e631,farming,el,word,1,γεωργία,2026-05-20T08:37:12.188Z
6,b9144d1a-69bd-4013-8829-88342758e631,practices,el,word,1,πρακτικές,2026-05-20T08:37:13.292Z
6,b9144d1a-69bd-4013-8829-88342758e631,requires,el,word,1,απαιτεί,2026-05-20T08:37:34.418Z
6,b9144d1a-69bd-4013-8829-88342758e631,living,el,word,1,διαβίωση,2026-05-20T08:37:37.132Z
6,b9144d1a-69bd-4013-8829-88342758e631,laborers,el,word,1,εργαζόμενοι,2026-05-20T08:37:39.629Z
6,b9144d1a-69bd-4013-8829-88342758e631,operations,el,word,1,δραστηριότητες,2026-05-20T08:37:43.870Z
6,b9144d1a-69bd-4013-8829-88342758e631,better,el,word,1,καλύτερη,2026-05-20T08:37:46.068Z
6,b9144d1a-69bd-4013-8829-88342758e631,prohibit,el,word,1,απαγορεύουν,2026-05-20T08:37:56.639Z
6,b9144d1a-69bd-4013-8829-88342758e631,labor,el,word,1,εργασία,2026-05-20T08:37:59.316Z
6,b9144d1a-69bd-4013-8829-88342758e631,fight,el,word,1,αγώνας,2026-05-20T08:38:00.924Z
6,b9144d1a-69bd-4013-8829-88342758e631,typically,el,word,2,συνήθως,2026-05-20T08:38:02.884Z
6,b9144d1a-69bd-4013-8829-88342758e631,Becoming,el,word,1,Η απόκτηση,2026-05-20T08:38:03.042Z
6,b9144d1a-69bd-4013-8829-88342758e631,consumers,el,word,1,καταναλωτές,2026-05-20T08:38:09.575Z
6,b9144d1a-69bd-4013-8829-88342758e631,fairly,el,word,1,δίκαια,2026-05-20T08:38:12.248Z
6,b9144d1a-69bd-4013-8829-88342758e631,producers-the,el,word,1,"οι παραγωγοί, οι",2026-05-20T08:38:18.093Z
6,b9144d1a-69bd-4013-8829-88342758e631,designated,el,word,1,καθορίζεται,2026-05-20T08:38:25.350Z
6,b9144d1a-69bd-4013-8829-88342758e631,certification,el,word,1,πιστοποίηση,2026-05-20T08:38:38.142Z
6,b9144d1a-69bd-4013-8829-88342758e631,"certified,",el,word,1,"πιστοποιημένη,",2026-05-20T08:38:46.054Z
6,b9144d1a-69bd-4013-8829-88342758e631,increased,el,word,1,αυξημένα,2026-05-20T08:38:53.638Z
6,b9144d1a-69bd-4013-8829-88342758e631,working,el,word,1,εργασιακές,2026-05-20T08:38:58.138Z
6,b9144d1a-69bd-4013-8829-88342758e631,"Certified,""",el,word,2,"Πιστοποιημένο»,",2026-05-20T08:39:00.363Z
6,b9144d1a-69bd-4013-8829-88342758e631,farm,el,word,1,αγρόκτημα,2026-05-20T08:39:20.452Z
6,b9144d1a-69bd-4013-8829-88342758e631,workers-and,el,word,1,εργαζομένων – και,2026-05-20T08:39:22.305Z
6,b9144d1a-69bd-4013-8829-88342758e631,definitely,el,word,1,σίγουρα,2026-05-20T08:39:23.854Z
6,1d6df67b-5ccb-43bc-984a-589a3ebe0537,ReadWorks,el,word,1,ReadWorks,2026-05-20T08:43:15.263Z
6,1d6df67b-5ccb-43bc-984a-589a3ebe0537,collection,el,word,1,συλλογή,2026-05-20T08:43:30.573Z
6,1d6df67b-5ccb-43bc-984a-589a3ebe0537,"lines,",el,word,1,"γραμμές,",2026-05-20T08:43:31.874Z
6,1d6df67b-5ccb-43bc-984a-589a3ebe0537,schools.,el,word,2,σχολεία.,2026-05-20T08:43:37.903Z
6,1d6df67b-5ccb-43bc-984a-589a3ebe0537,perceive,el,word,1,αντιλαμβανόμαστε,2026-05-20T08:43:39.171Z
6,1d6df67b-5ccb-43bc-984a-589a3ebe0537,"light,",el,word,2,"φως,",2026-05-20T08:44:25.796Z
6,1d6df67b-5ccb-43bc-984a-589a3ebe0537,Science,el,word,1,Επιστήμη,2026-05-20T08:43:44.671Z
6,1d6df67b-5ccb-43bc-984a-589a3ebe0537,isn't,el,word,1,δεν είναι,2026-05-20T08:43:56.940Z
6,1d6df67b-5ccb-43bc-984a-589a3ebe0537,bulbs,el,word,1,λαμπτήρες,2026-05-20T08:43:59.930Z
6,1d6df67b-5ccb-43bc-984a-589a3ebe0537,electromagnetic,el,word,6,ηλεκτρομαγνητική,2026-05-20T08:47:07.522Z
6,1d6df67b-5ccb-43bc-984a-589a3ebe0537,radiation,el,word,1,ακτινοβολία,2026-05-20T08:44:12.054Z
6,1d6df67b-5ccb-43bc-984a-589a3ebe0537,photons,el,word,1,φωτόνια,2026-05-20T08:44:13.756Z
6,1d6df67b-5ccb-43bc-984a-589a3ebe0537,travels,el,word,1,ταξιδεύει,2026-05-20T08:44:15.091Z
6,1d6df67b-5ccb-43bc-984a-589a3ebe0537,spectrum,el,word,4,φάσμα,2026-05-20T08:46:09.364Z
6,1d6df67b-5ccb-43bc-984a-589a3ebe0537,wave-like,el,word,1,κυματοειδής,2026-05-20T08:44:16.596Z
6,1d6df67b-5ccb-43bc-984a-589a3ebe0537,carrying,el,word,1,μεταφορά,2026-05-20T08:44:19.747Z
6,1d6df67b-5ccb-43bc-984a-589a3ebe0537,"X-rays,",el,word,1,"ακτίνες Χ,",2026-05-20T08:44:26.796Z
6,1d6df67b-5ccb-43bc-984a-589a3ebe0537,range,el,word,1,εύρος,2026-05-20T08:44:26.914Z
6,1d6df67b-5ccb-43bc-984a-589a3ebe0537,infrared,el,word,1,υπέρυθρο,2026-05-20T08:44:32.131Z
6,1d6df67b-5ccb-43bc-984a-589a3ebe0537,ultraviolet,el,word,1,υπεριώδες,2026-05-20T08:44:33.997Z
6,1d6df67b-5ccb-43bc-984a-589a3ebe0537,gamma,el,word,1,γάμμα,2026-05-20T08:44:35.616Z
6,1d6df67b-5ccb-43bc-984a-589a3ebe0537,expressed,el,word,1,εκφράζονται,2026-05-20T08:44:44.324Z
6,1d6df67b-5ccb-43bc-984a-589a3ebe0537,organized,el,word,1,οργανωμένο,2026-05-20T08:44:50.792Z
6,1d6df67b-5ccb-43bc-984a-589a3ebe0537,order,el,word,1,σειρά,2026-05-20T08:44:51.806Z
6,1d6df67b-5ccb-43bc-984a-589a3ebe0537,intensities,el,word,1,εντάσεις,2026-05-20T08:44:53.456Z
6,1d6df67b-5ccb-43bc-984a-589a3ebe0537,wavelength.,el,word,1,μήκος κύματος.,2026-05-20T08:44:58.601Z
6,1d6df67b-5ccb-43bc-984a-589a3ebe0537,scrunched,el,word,1,συμπιεσμένα,2026-05-20T08:45:07.070Z
6,1d6df67b-5ccb-43bc-984a-589a3ebe0537,stretched,el,word,1,απλωμένα,2026-05-20T08:45:13.738Z
6,1d6df67b-5ccb-43bc-984a-589a3ebe0537,Electromagnetic,el,word,1,Ηλεκτρομαγνητική,2026-05-20T08:45:50.153Z
6,1d6df67b-5ccb-43bc-984a-589a3ebe0537,within,el,word,1,εντός,2026-05-20T08:45:56.670Z
6,1d6df67b-5ccb-43bc-984a-589a3ebe0537,energy-bouncing,el,word,1,ενέργεια που ανακλάται,2026-05-20T08:46:00.247Z
6,1d6df67b-5ccb-43bc-984a-589a3ebe0537,every,el,word,2,κάθε,2026-05-20T08:46:03.238Z
6,1d6df67b-5ccb-43bc-984a-589a3ebe0537,"forever,",el,word,1,"για πάντα,",2026-05-20T08:46:03.065Z
6,1d6df67b-5ccb-43bc-984a-589a3ebe0537,even,el,word,1,ακόμη και,2026-05-20T08:46:05.410Z
6,1d6df67b-5ccb-43bc-984a-589a3ebe0537,emitted,el,word,1,εκπέμπονται,2026-05-20T08:46:12.270Z
6,1d6df67b-5ccb-43bc-984a-589a3ebe0537,physical,el,word,1,φυσικός,2026-05-20T08:46:15.052Z
6,1d6df67b-5ccb-43bc-984a-589a3ebe0537,beneath,el,word,2,κάτω από,2026-05-20T08:46:22.638Z
6,1d6df67b-5ccb-43bc-984a-589a3ebe0537,humankind,el,word,1,η ανθρωπότητα,2026-05-20T08:46:35.484Z
6,1d6df67b-5ccb-43bc-984a-589a3ebe0537,unique,el,word,1,μοναδικές,2026-05-20T08:46:37.940Z
6,1d6df67b-5ccb-43bc-984a-589a3ebe0537,ongoing,el,word,1,συνεχές,2026-05-20T08:46:44.960Z
6,1d6df67b-5ccb-43bc-984a-589a3ebe0537,collecting,el,word,1,συλλογή,2026-05-20T08:46:46.781Z
6,1d6df67b-5ccb-43bc-984a-589a3ebe0537,natural,el,word,1,φυσικός,2026-05-20T08:46:50.487Z
6,1d6df67b-5ccb-43bc-984a-589a3ebe0537,information,el,word,1,πληροφορίες,2026-05-20T08:46:50.557Z
6,1d6df67b-5ccb-43bc-984a-589a3ebe0537,mankind,el,word,1,ανθρωπότητα,2026-05-20T08:46:53.621Z
6,1d6df67b-5ccb-43bc-984a-589a3ebe0537,present,el,word,1,παρόντα,2026-05-20T08:46:54.789Z
6,1d6df67b-5ccb-43bc-984a-589a3ebe0537,invented,el,word,1,εφευρέθηκαν,2026-05-20T08:46:55.330Z
6,1d6df67b-5ccb-43bc-984a-589a3ebe0537,contained,el,word,1,περιέχονται,2026-05-20T08:46:58.617Z
6,1d6df67b-5ccb-43bc-984a-589a3ebe0537,goggles,el,word,1,γυαλιά,2026-05-20T08:47:03.505Z
6,1d6df67b-5ccb-43bc-984a-589a3ebe0537,radios.,el,word,1,ραδιόφωνα.,2026-05-20T08:47:06.834Z
6,1d6df67b-5ccb-43bc-984a-589a3ebe0537,superhuman,el,word,1,υπεράνθρωπος,2026-05-20T08:47:12.441Z
6,1d6df67b-5ccb-43bc-984a-589a3ebe0537,toward,el,word,1,προς,2026-05-20T08:47:16.311Z
6,1d6df67b-5ccb-43bc-984a-589a3ebe0537,things-that,el,word,2,πράγματα-που,2026-05-20T08:47:38.049Z
6,1d6df67b-5ccb-43bc-984a-589a3ebe0537,vivid,el,word,1,ζωντανά,2026-05-20T08:47:31.349Z
6,1d6df67b-5ccb-43bc-984a-589a3ebe0537,friends,el,word,1,φίλοι,2026-05-20T08:47:36.459Z
6,1d6df67b-5ccb-43bc-984a-589a3ebe0537,weren't,el,word,2,δεν,2026-05-20T08:47:38.214Z
6,1d6df67b-5ccb-43bc-984a-589a3ebe0537,difficult,el,word,1,δύσκολο,2026-05-20T08:47:47.439Z
26,3cd284fd-d5f6-4d14-b957-8dd8b2fd05ba,simple:,el,word,2,απλό:,2026-05-20T09:03:00.585Z
26,3cd284fd-d5f6-4d14-b957-8dd8b2fd05ba,adjusted,el,word,4,ρύθμισε,2026-05-20T09:03:29.724Z
26,3cd284fd-d5f6-4d14-b957-8dd8b2fd05ba,quiet,el,word,2,ήσυχο,2026-05-20T09:03:35.464Z
26,3cd284fd-d5f6-4d14-b957-8dd8b2fd05ba,morning,el,word,1,πρωί,2026-05-20T09:03:01.913Z
26,3cd284fd-d5f6-4d14-b957-8dd8b2fd05ba,began,el,word,1,ξεκίνησε,2026-05-20T09:03:02.352Z
26,3cd284fd-d5f6-4d14-b957-8dd8b2fd05ba,laboratory.,el,word,1,εργαστήριο.,2026-05-20T09:03:03.391Z
26,3cd284fd-d5f6-4d14-b957-8dd8b2fd05ba,participant,el,word,1,συμμετέχων,2026-05-20T09:03:04.193Z
26,3cd284fd-d5f6-4d14-b957-8dd8b2fd05ba,front,el,word,3,μπροστά,2026-05-20T09:03:35.474Z
26,3cd284fd-d5f6-4d14-b957-8dd8b2fd05ba,"screen,",el,word,1,"οθόνη,",2026-05-20T09:03:07.333Z
26,3cd284fd-d5f6-4d14-b957-8dd8b2fd05ba,looked,el,word,1,κοίταξε,2026-05-20T09:03:09.115Z
26,3cd284fd-d5f6-4d14-b957-8dd8b2fd05ba,first,el,word,1,πρώτη,2026-05-20T09:03:10.759Z
26,3cd284fd-d5f6-4d14-b957-8dd8b2fd05ba,"naturally,",el,word,5,"φυσικά,",2026-05-20T09:04:34.510Z
26,3cd284fd-d5f6-4d14-b957-8dd8b2fd05ba,avoid,el,word,1,αποφύγετε,2026-05-20T09:03:14.089Z
26,3cd284fd-d5f6-4d14-b957-8dd8b2fd05ba,sudden,el,word,1,ξαφνικές,2026-05-20T09:03:14.434Z
26,3cd284fd-d5f6-4d14-b957-8dd8b2fd05ba,"movements,",el,word,4,"κινήσεις,",2026-05-20T09:04:29.197Z
26,3cd284fd-d5f6-4d14-b957-8dd8b2fd05ba,researcher,el,word,2,ερευνητής,2026-05-20T09:03:58.236Z
26,3cd284fd-d5f6-4d14-b957-8dd8b2fd05ba,checked,el,word,2,ελέγχθηκε,2026-05-20T09:04:29.214Z
26,3cd284fd-d5f6-4d14-b957-8dd8b2fd05ba,gaze,el,word,1,βλέμμα,2026-05-20T09:03:20.581Z
26,3cd284fd-d5f6-4d14-b957-8dd8b2fd05ba,followed,el,word,4,ακολουθούσε,2026-05-20T09:03:36.695Z
26,3cd284fd-d5f6-4d14-b957-8dd8b2fd05ba,words,el,word,1,λέξεις,2026-05-20T09:03:22.291Z
26,3cd284fd-d5f6-4d14-b957-8dd8b2fd05ba,Paragraph,el,word,2,Παράγραφος,2026-05-20T09:03:38.311Z
26,3cd284fd-d5f6-4d14-b957-8dd8b2fd05ba,Helvetica,el,word,2,Helvetica,2026-05-20T09:03:38.681Z
26,3cd284fd-d5f6-4d14-b957-8dd8b2fd05ba,next,el,word,1,επόμενο,2026-05-20T09:03:25.743Z
26,3cd284fd-d5f6-4d14-b957-8dd8b2fd05ba,becomes,el,word,2,γίνεται,2026-05-20T09:03:40.564Z
26,3cd284fd-d5f6-4d14-b957-8dd8b2fd05ba,Full-width,el,word,1,Πλήρες πλάτος,2026-05-20T09:03:27.803Z
26,3cd284fd-d5f6-4d14-b957-8dd8b2fd05ba,comfortable,el,word,2,άνετο,2026-05-20T09:03:36.583Z
26,3cd284fd-d5f6-4d14-b957-8dd8b2fd05ba,paragraph,el,word,1,παράγραφος,2026-05-20T09:03:30.513Z
26,3cd284fd-d5f6-4d14-b957-8dd8b2fd05ba,uses,el,word,1,χρησιμοποιεί,2026-05-20T09:03:31.051Z
26,3cd284fd-d5f6-4d14-b957-8dd8b2fd05ba,experiment,el,word,2,πείραμα,2026-05-20T09:04:00.691Z
26,3cd284fd-d5f6-4d14-b957-8dd8b2fd05ba,smaller.,el,word,5,μικρότερο.,2026-05-20T09:03:41.852Z
26,3cd284fd-d5f6-4d14-b957-8dd8b2fd05ba,text,el,word,1,κείμενο,2026-05-20T09:03:44.343Z
26,3cd284fd-d5f6-4d14-b957-8dd8b2fd05ba,makes,el,word,1,κάνει,2026-05-20T09:03:45.454Z
26,3cd284fd-d5f6-4d14-b957-8dd8b2fd05ba,easier,el,word,1,ευκολότερο,2026-05-20T09:03:46.180Z
26,3cd284fd-d5f6-4d14-b957-8dd8b2fd05ba,see,el,word,1,βλέπε,2026-05-20T09:03:48.393Z
26,3cd284fd-d5f6-4d14-b957-8dd8b2fd05ba,whether,el,word,1,αν,2026-05-20T09:03:48.624Z
26,3cd284fd-d5f6-4d14-b957-8dd8b2fd05ba,system,el,word,1,σύστημα,2026-05-20T09:03:49.316Z
26,3cd284fd-d5f6-4d14-b957-8dd8b2fd05ba,detects,el,word,1,ανιχνεύει,2026-05-20T09:03:49.670Z
26,3cd284fd-d5f6-4d14-b957-8dd8b2fd05ba,fixations,el,word,1,σταθεροποιήσεις,2026-05-20T09:03:50.376Z
26,3cd284fd-d5f6-4d14-b957-8dd8b2fd05ba,accurately,el,word,1,με ακρίβεια,2026-05-20T09:03:51.037Z
26,3cd284fd-d5f6-4d14-b957-8dd8b2fd05ba,distance,el,word,1,απόσταση,2026-05-20T09:03:52.666Z
26,3cd284fd-d5f6-4d14-b957-8dd8b2fd05ba,neighboring,el,word,1,γειτονικά,2026-05-20T09:03:53.310Z
26,3cd284fd-d5f6-4d14-b957-8dd8b2fd05ba,letters,el,word,1,γράμματα,2026-05-20T09:03:53.946Z
26,3cd284fd-d5f6-4d14-b957-8dd8b2fd05ba,reduced.,el,word,1,μειωθεί.,2026-05-20T09:03:54.837Z
26,3cd284fd-d5f6-4d14-b957-8dd8b2fd05ba,appears,el,word,1,φαίνεται,2026-05-20T09:03:55.536Z
26,3cd284fd-d5f6-4d14-b957-8dd8b2fd05ba,slightly,el,word,1,ελαφρώς,2026-05-20T09:03:55.916Z
26,3cd284fd-d5f6-4d14-b957-8dd8b2fd05ba,beside,el,word,1,δίπλα,2026-05-20T09:03:56.876Z
26,3cd284fd-d5f6-4d14-b957-8dd8b2fd05ba,"words,",el,word,1,"λέξεις,",2026-05-20T09:03:57.879Z
26,3cd284fd-d5f6-4d14-b957-8dd8b2fd05ba,adjust,el,word,1,προσαρμόζω,2026-05-20T09:03:59.180Z
26,3cd284fd-d5f6-4d14-b957-8dd8b2fd05ba,relevant,el,word,1,σχετικές,2026-05-20T09:03:59.504Z
26,3cd284fd-d5f6-4d14-b957-8dd8b2fd05ba,continuous,el,word,1,συνεχής,2026-05-20T09:04:02.012Z
26,3cd284fd-d5f6-4d14-b957-8dd8b2fd05ba,final,el,word,1,τελική,2026-05-20T09:04:02.476Z
26,3cd284fd-d5f6-4d14-b957-8dd8b2fd05ba,goal,el,word,2,στόχος,2026-05-20T09:04:31.117Z
26,3cd284fd-d5f6-4d14-b957-8dd8b2fd05ba,text.,el,word,1,κείμενο.,2026-05-20T09:04:29.224Z
26,3cd284fd-d5f6-4d14-b957-8dd8b2fd05ba,"Alabama,",el,word,1,"Αλαμπάμα,",2026-05-20T09:05:22.670Z
26,3cd284fd-d5f6-4d14-b957-8dd8b2fd05ba,December,el,word,3,Δεκεμβρίου,2026-05-20T09:05:35.293Z
26,3cd284fd-d5f6-4d14-b957-8dd8b2fd05ba,home,el,word,2,σπίτι,2026-05-20T09:05:52.268Z
26,3cd284fd-d5f6-4d14-b957-8dd8b2fd05ba,defiance,el,word,2,ανυπακοή,2026-05-20T09:05:50.545Z
26,3cd284fd-d5f6-4d14-b957-8dd8b2fd05ba,Though,el,word,1,Αν και,2026-05-20T09:05:33.837Z
26,3cd284fd-d5f6-4d14-b957-8dd8b2fd05ba,unacceptable.,el,word,2,απαράδεκτο.,2026-05-20T09:05:34.373Z
26,3cd284fd-d5f6-4d14-b957-8dd8b2fd05ba,churches,el,word,3,εκκλησίες,2026-05-20T09:06:20.943Z
26,3cd284fd-d5f6-4d14-b957-8dd8b2fd05ba,"background,",el,word,3,"προέλευσης,",2026-05-20T09:05:34.225Z
26,3cd284fd-d5f6-4d14-b957-8dd8b2fd05ba,seamstress,el,word,1,ραπτική,2026-05-20T09:05:39.184Z
26,3cd284fd-d5f6-4d14-b957-8dd8b2fd05ba,"Montgomery,",el,word,1,"Μοντγκόμερι,",2026-05-20T09:05:40.720Z
26,3cd284fd-d5f6-4d14-b957-8dd8b2fd05ba,get,el,word,2,να πάω,2026-05-20T09:05:52.416Z
26,3cd284fd-d5f6-4d14-b957-8dd8b2fd05ba,disobedience,el,word,2,ανυπακοή,2026-05-20T09:06:10.902Z
26,3cd284fd-d5f6-4d14-b957-8dd8b2fd05ba,Parks,el,word,1,Παρκς,2026-05-20T09:06:04.210Z
26,3cd284fd-d5f6-4d14-b957-8dd8b2fd05ba,segregation,el,word,1,φυλετικός διαχωρισμός,2026-05-20T09:06:07.171Z
26,3cd284fd-d5f6-4d14-b957-8dd8b2fd05ba,"laws,",el,word,1,"νόμοι,",2026-05-20T09:06:08.204Z
26,3cd284fd-d5f6-4d14-b957-8dd8b2fd05ba,peaceful,el,word,2,ειρηνικοί,2026-05-20T09:06:14.765Z
26,3cd284fd-d5f6-4d14-b957-8dd8b2fd05ba,citizenship,el,word,1,ιθαγένεια,2026-05-20T09:06:09.075Z
26,3cd284fd-d5f6-4d14-b957-8dd8b2fd05ba,Neighborhoods,el,word,1,Γειτονιές,2026-05-20T09:06:09.192Z
26,3cd284fd-d5f6-4d14-b957-8dd8b2fd05ba,second-class,el,word,1,δεύτερης κατηγορίας,2026-05-20T09:06:13.874Z
26,3cd284fd-d5f6-4d14-b957-8dd8b2fd05ba,carpools.,el,word,2,ομάδες μεταφοράς με αυτοκίνητο.,2026-05-20T09:06:29.404Z
26,3cd284fd-d5f6-4d14-b957-8dd8b2fd05ba,stirred,el,word,1,συγκίνησαν,2026-05-20T09:06:24.417Z
26,3cd284fd-d5f6-4d14-b957-8dd8b2fd05ba,conscience,el,word,1,συνείδηση,2026-05-20T09:06:25.830Z
26,3cd284fd-d5f6-4d14-b957-8dd8b2fd05ba,desegregation,el,word,1,κατάργηση των φυλετικών διακρίσεων,2026-05-20T09:06:34.620Z
26,3cd284fd-d5f6-4d14-b957-8dd8b2fd05ba,although,el,word,1,αν και,2026-05-20T09:06:56.815Z
26,3cd284fd-d5f6-4d14-b957-8dd8b2fd05ba,"self-evident,",el,word,1,"αυτονόητη,",2026-05-20T09:06:59.628Z
26,3cd284fd-d5f6-4d14-b957-8dd8b2fd05ba,self-executing.,el,word,1,αυτοεκτελέσιμο.,2026-05-20T09:07:01.662Z
26,3cd284fd-d5f6-4d14-b957-8dd8b2fd05ba,Americans,el,word,1,Αμερικανοί,2026-05-20T09:07:11.421Z
26,3cd284fd-d5f6-4d14-b957-8dd8b2fd05ba,make,el,word,1,κάνουν,2026-05-20T09:07:12.854Z
26,3cd284fd-d5f6-4d14-b957-8dd8b2fd05ba,honor,el,word,1,να τιμήσουμε,2026-05-20T09:07:13.781Z
26,3cd284fd-d5f6-4d14-b957-8dd8b2fd05ba,hereby,el,word,1,με την παρούσα,2026-05-20T09:07:29.077Z
26,3cd284fd-d5f6-4d14-b957-8dd8b2fd05ba,proclaim,el,word,1,ανακηρύσσω,2026-05-20T09:07:29.786Z
26,3cd284fd-d5f6-4d14-b957-8dd8b2fd05ba,thirty-seventh.,el,word,1,τριακοστή έβδομη.,2026-05-20T09:07:41.332Z
26,3cd284fd-d5f6-4d14-b957-8dd8b2fd05ba,hereunto,el,word,1,στο παρόν,2026-05-20T09:07:42.774Z
26,3cd284fd-d5f6-4d14-b957-8dd8b2fd05ba,hand,el,word,1,υπογραφή,2026-05-20T09:07:44.980Z
26,e469ea21-8cbb-4a13-b5d6-ad515dbea7b2,invades,el,word,1,εισβάλλει,2026-05-20T09:10:48.637Z
26,e469ea21-8cbb-4a13-b5d6-ad515dbea7b2,wilderness,el,word,2,άγρια φύση,2026-05-20T09:11:21.357Z
26,e469ea21-8cbb-4a13-b5d6-ad515dbea7b2,Robert,el,word,2,Robert,2026-05-20T09:10:51.939Z
26,e469ea21-8cbb-4a13-b5d6-ad515dbea7b2,May,el,word,1,Μάιος,2026-05-20T09:10:51.989Z
26,e469ea21-8cbb-4a13-b5d6-ad515dbea7b2,Noise,el,word,3,Θόρυβος,2026-05-20T09:11:34.497Z
26,e469ea21-8cbb-4a13-b5d6-ad515dbea7b2,"""pervasive""",el,word,1,«διαδεδομένοι»,2026-05-20T09:11:11.979Z
26,e469ea21-8cbb-4a13-b5d6-ad515dbea7b2,Protected,el,word,1,Προστατευόμενες,2026-05-20T09:11:14.477Z
26,e469ea21-8cbb-4a13-b5d6-ad515dbea7b2,"recreation,",el,word,1,"αναψυχή,",2026-05-20T09:11:49.054Z
26,e469ea21-8cbb-4a13-b5d6-ad515dbea7b2,respite,el,word,1,ανάπαυλα,2026-05-20T09:11:51.631Z
26,e469ea21-8cbb-4a13-b5d6-ad515dbea7b2,daily,el,word,1,καθημερινά,2026-05-20T09:11:53.746Z
26,e469ea21-8cbb-4a13-b5d6-ad515dbea7b2,"federal,",el,word,1,"ομοσπονδιακά,",2026-05-20T09:11:58.520Z
26,e469ea21-8cbb-4a13-b5d6-ad515dbea7b2,adverse,el,word,1,αρνητικές,2026-05-20T09:12:12.855Z
26,e469ea21-8cbb-4a13-b5d6-ad515dbea7b2,consequences,el,word,1,συνέπειες,2026-05-20T09:12:13.913Z
26,e469ea21-8cbb-4a13-b5d6-ad515dbea7b2,tranquil,el,word,1,ήσυχη,2026-05-20T09:12:17.470Z
26,e469ea21-8cbb-4a13-b5d6-ad515dbea7b2,excess,el,word,1,υπερβολικός,2026-05-20T09:12:34.837Z
26,e469ea21-8cbb-4a13-b5d6-ad515dbea7b2,Natural,el,word,1,Φυσικών,2026-05-20T09:12:42.454Z
26,e469ea21-8cbb-4a13-b5d6-ad515dbea7b2,conservation,el,word,2,διατήρηση,2026-05-20T09:13:53.168Z
26,e469ea21-8cbb-4a13-b5d6-ad515dbea7b2,park,el,word,1,πάρκο,2026-05-20T09:12:52.798Z
26,e469ea21-8cbb-4a13-b5d6-ad515dbea7b2,created,el,word,2,δημιούργησαν,2026-05-20T09:12:57.845Z
26,e469ea21-8cbb-4a13-b5d6-ad515dbea7b2,computerized,el,word,2,υπολογιστικό,2026-05-20T09:12:58.824Z
26,e469ea21-8cbb-4a13-b5d6-ad515dbea7b2,analyzed,el,word,1,ανέλυσαν,2026-05-20T09:13:04.995Z
26,e469ea21-8cbb-4a13-b5d6-ad515dbea7b2,calculate,el,word,1,υπολογίζουν,2026-05-20T09:13:13.371Z
26,e469ea21-8cbb-4a13-b5d6-ad515dbea7b2,"comparison,",el,word,1,"σύγκριση,",2026-05-20T09:13:27.734Z
26,e469ea21-8cbb-4a13-b5d6-ad515dbea7b2,exceed,el,word,1,υπερβαίνουν,2026-05-20T09:13:29.464Z
26,e469ea21-8cbb-4a13-b5d6-ad515dbea7b2,decibels,el,word,1,ντεσιμπέλ,2026-05-20T09:13:30.247Z
26,e469ea21-8cbb-4a13-b5d6-ad515dbea7b2,Drown,el,word,1,Πνίγουν,2026-05-20T09:13:36.990Z
26,e469ea21-8cbb-4a13-b5d6-ad515dbea7b2,deafen,el,word,1,να τα κάνει κουφά,2026-05-20T09:14:00.589Z
26,e469ea21-8cbb-4a13-b5d6-ad515dbea7b2,longer,el,word,3,πια,2026-05-20T09:14:05.092Z
26,e469ea21-8cbb-4a13-b5d6-ad515dbea7b2,muffle,el,word,1,καλύπτουν,2026-05-20T09:14:05.982Z
26,e469ea21-8cbb-4a13-b5d6-ad515dbea7b2,hindering,el,word,1,εμποδίζοντας,2026-05-20T09:14:20.734Z
26,e469ea21-8cbb-4a13-b5d6-ad515dbea7b2,hunt,el,word,1,κυνηγούν,2026-05-20T09:14:23.222Z
26,e469ea21-8cbb-4a13-b5d6-ad515dbea7b2,behavioral,el,word,1,συμπεριφορά,2026-05-20T09:14:28.979Z
26,e469ea21-8cbb-4a13-b5d6-ad515dbea7b2,ecologist,el,word,1,οικολόγος,2026-05-20T09:14:29.082Z
26,e469ea21-8cbb-4a13-b5d6-ad515dbea7b2,discovering,el,word,1,ανακαλύπτοντας,2026-05-20T09:14:38.762Z
26,e469ea21-8cbb-4a13-b5d6-ad515dbea7b2,rustling,el,word,1,συριγμός,2026-05-20T09:14:41.691Z
26,e469ea21-8cbb-4a13-b5d6-ad515dbea7b2,warble,el,word,3,κελάηδισμα,2026-05-20T09:14:46.441Z
26,e469ea21-8cbb-4a13-b5d6-ad515dbea7b2,abilities,el,word,2,ικανότητες,2026-05-20T09:14:46.404Z
26,e469ea21-8cbb-4a13-b5d6-ad515dbea7b2,cognitive,el,word,1,γνωστικές,2026-05-20T09:14:48.370Z
26,e469ea21-8cbb-4a13-b5d6-ad515dbea7b2,musicologist,el,word,1,μουσικολόγος,2026-05-20T09:15:03.012Z
26,e469ea21-8cbb-4a13-b5d6-ad515dbea7b2,background,el,word,1,φόντο,2026-05-20T09:15:18.471Z
26,e469ea21-8cbb-4a13-b5d6-ad515dbea7b2,restorative,el,word,1,αναζωογονητική,2026-05-20T09:15:24.481Z
26,e469ea21-8cbb-4a13-b5d6-ad515dbea7b2,Pennsylvania,el,word,1,Πενσυλβάνια,2026-05-20T09:15:32.662Z
26,e469ea21-8cbb-4a13-b5d6-ad515dbea7b2,natural,el,word,1,φυσικοί,2026-05-20T09:15:39.705Z
26,e469ea21-8cbb-4a13-b5d6-ad515dbea7b2,human-made,el,word,1,ανθρωπογενείς,2026-05-20T09:15:46.729Z
19,35f2c97a-a0f3-44b8-9d3e-e7e9ab7db6fb,"movements,",el,word,6,"κινήσεις,",2026-05-20T09:32:53.982Z
19,35f2c97a-a0f3-44b8-9d3e-e7e9ab7db6fb,began,el,word,1,ξεκίνησε,2026-05-20T09:30:41.316Z
19,35f2c97a-a0f3-44b8-9d3e-e7e9ab7db6fb,adjusted,el,word,1,ρύθμισε,2026-05-20T09:30:41.563Z
19,35f2c97a-a0f3-44b8-9d3e-e7e9ab7db6fb,laboratory.,el,word,3,εργαστήριο.,2026-05-20T09:32:59.063Z
19,35f2c97a-a0f3-44b8-9d3e-e7e9ab7db6fb,looked,el,word,2,κοίταξε,2026-05-20T09:30:43.811Z
19,35f2c97a-a0f3-44b8-9d3e-e7e9ab7db6fb,makes,el,word,4,κάνει,2026-05-20T09:33:05.380Z
19,35f2c97a-a0f3-44b8-9d3e-e7e9ab7db6fb,checked,el,word,6,ελέγχθηκε,2026-05-20T09:31:36.865Z
19,35f2c97a-a0f3-44b8-9d3e-e7e9ab7db6fb,Paragraph,el,word,7,Παράγραφος,2026-05-20T09:33:26.369Z
19,35f2c97a-a0f3-44b8-9d3e-e7e9ab7db6fb,next,el,word,4,επόμενο,2026-05-20T09:30:59.458Z
19,35f2c97a-a0f3-44b8-9d3e-e7e9ab7db6fb,system,el,word,10,σύστημα,2026-05-20T09:33:08.597Z
19,35f2c97a-a0f3-44b8-9d3e-e7e9ab7db6fb,detects,el,word,7,ανιχνεύει,2026-05-20T09:33:35.577Z
19,35f2c97a-a0f3-44b8-9d3e-e7e9ab7db6fb,"section,",el,word,2,"ενότητα,",2026-05-20T09:30:59.658Z
19,35f2c97a-a0f3-44b8-9d3e-e7e9ab7db6fb,accurately,el,word,4,με ακρίβεια,2026-05-20T09:33:44.865Z
19,35f2c97a-a0f3-44b8-9d3e-e7e9ab7db6fb,becomes,el,word,2,γίνεται,2026-05-20T09:33:04.744Z
19,35f2c97a-a0f3-44b8-9d3e-e7e9ab7db6fb,easier,el,word,2,ευκολότερο,2026-05-20T09:33:06.198Z
19,35f2c97a-a0f3-44b8-9d3e-e7e9ab7db6fb,neighboring,el,word,2,γειτονικά,2026-05-20T09:31:07.097Z
19,35f2c97a-a0f3-44b8-9d3e-e7e9ab7db6fb,see,el,word,2,βλέπε,2026-05-20T09:33:06.517Z
19,35f2c97a-a0f3-44b8-9d3e-e7e9ab7db6fb,whether,el,word,2,αν,2026-05-20T09:33:06.529Z
19,35f2c97a-a0f3-44b8-9d3e-e7e9ab7db6fb,reduced.,el,word,5,μειωθεί.,2026-05-20T09:31:42.644Z
19,35f2c97a-a0f3-44b8-9d3e-e7e9ab7db6fb,fixations,el,word,2,σταθεροποιήσεις,2026-05-20T09:33:36.101Z
19,35f2c97a-a0f3-44b8-9d3e-e7e9ab7db6fb,distance,el,word,1,απόσταση,2026-05-20T09:31:06.489Z
19,35f2c97a-a0f3-44b8-9d3e-e7e9ab7db6fb,letters,el,word,1,γράμματα,2026-05-20T09:31:07.520Z
19,35f2c97a-a0f3-44b8-9d3e-e7e9ab7db6fb,gaze,el,word,1,βλέμμα,2026-05-20T09:31:09.309Z
19,35f2c97a-a0f3-44b8-9d3e-e7e9ab7db6fb,appears,el,word,3,φαίνεται,2026-05-20T09:31:28.419Z
19,35f2c97a-a0f3-44b8-9d3e-e7e9ab7db6fb,slightly,el,word,1,ελαφρώς,2026-05-20T09:31:10.282Z
19,35f2c97a-a0f3-44b8-9d3e-e7e9ab7db6fb,beside,el,word,3,δίπλα,2026-05-20T09:31:29.318Z
19,35f2c97a-a0f3-44b8-9d3e-e7e9ab7db6fb,"words,",el,word,1,"λέξεις,",2026-05-20T09:31:12.093Z
19,35f2c97a-a0f3-44b8-9d3e-e7e9ab7db6fb,researcher,el,word,1,ερευνητής,2026-05-20T09:31:12.517Z
19,35f2c97a-a0f3-44b8-9d3e-e7e9ab7db6fb,relevant,el,word,1,σχετικές,2026-05-20T09:31:13.559Z
19,35f2c97a-a0f3-44b8-9d3e-e7e9ab7db6fb,real,el,word,1,πραγματικό,2026-05-20T09:31:14.975Z
19,35f2c97a-a0f3-44b8-9d3e-e7e9ab7db6fb,experiment,el,word,2,πείραμα,2026-05-20T09:33:01.150Z
19,35f2c97a-a0f3-44b8-9d3e-e7e9ab7db6fb,f-,el,word,1,στ-,2026-05-20T09:31:16.294Z
19,35f2c97a-a0f3-44b8-9d3e-e7e9ab7db6fb,larges,el,word,2,μεγάλα,2026-05-20T09:31:17.064Z
19,35f2c97a-a0f3-44b8-9d3e-e7e9ab7db6fb,text,el,word,2,κείμενο,2026-05-20T09:33:04.206Z
19,35f2c97a-a0f3-44b8-9d3e-e7e9ab7db6fb,paragraph,el,word,3,παράγραφος,2026-05-20T09:31:28.590Z
19,35f2c97a-a0f3-44b8-9d3e-e7e9ab7db6fb,larger,el,word,1,μεγαλύτερη,2026-05-20T09:31:17.871Z
19,35f2c97a-a0f3-44b8-9d3e-e7e9ab7db6fb,.,el,word,2,.,2026-05-20T09:31:19.331Z
19,35f2c97a-a0f3-44b8-9d3e-e7e9ab7db6fb,visual,el,word,1,οπτικά,2026-05-20T09:31:21.193Z
19,35f2c97a-a0f3-44b8-9d3e-e7e9ab7db6fb,features,el,word,2,χαρακτηριστικά,2026-05-20T09:33:01.334Z
19,35f2c97a-a0f3-44b8-9d3e-e7e9ab7db6fb,followed,el,word,3,ακολουθούσε,2026-05-20T09:33:13.622Z
19,35f2c97a-a0f3-44b8-9d3e-e7e9ab7db6fb,comfortable,el,word,3,άνετο,2026-05-20T09:33:13.512Z
19,35f2c97a-a0f3-44b8-9d3e-e7e9ab7db6fb,university,el,word,2,πανεπιστήμιο,2026-05-20T09:31:23.483Z
19,35f2c97a-a0f3-44b8-9d3e-e7e9ab7db6fb,read,el,word,1,να διαβάζεις,2026-05-20T09:31:23.837Z
19,35f2c97a-a0f3-44b8-9d3e-e7e9ab7db6fb,line,el,word,1,γραμμή,2026-05-20T09:31:25.108Z
19,35f2c97a-a0f3-44b8-9d3e-e7e9ab7db6fb,"screen,",el,word,1,"οθόνη,",2026-05-20T09:31:26.534Z
19,35f2c97a-a0f3-44b8-9d3e-e7e9ab7db6fb,settings,el,word,1,ρυθμίσεις,2026-05-20T09:31:28.468Z
19,35f2c97a-a0f3-44b8-9d3e-e7e9ab7db6fb,text.,el,word,1,κείμενο.,2026-05-20T09:31:31.581Z
19,35f2c97a-a0f3-44b8-9d3e-e7e9ab7db6fb,adjust,el,word,7,προσαρμόζω,2026-05-20T09:31:40.835Z
19,35f2c97a-a0f3-44b8-9d3e-e7e9ab7db6fb,letter,el,word,2,γράμμα,2026-05-20T09:31:34.584Z
19,35f2c97a-a0f3-44b8-9d3e-e7e9ab7db6fb,tracking,el,word,3,απόσταση μεταξύ γραμμάτων,2026-05-20T09:31:35.142Z
19,35f2c97a-a0f3-44b8-9d3e-e7e9ab7db6fb,front,el,word,3,μπροστά,2026-05-20T09:32:55.856Z
19,35f2c97a-a0f3-44b8-9d3e-e7e9ab7db6fb,still,el,word,1,ακόμα,2026-05-20T09:31:43.135Z
19,35f2c97a-a0f3-44b8-9d3e-e7e9ab7db6fb,morning,el,word,2,πρωί,2026-05-20T09:32:58.384Z
19,35f2c97a-a0f3-44b8-9d3e-e7e9ab7db6fb,quiet,el,word,1,ήσυχο,2026-05-20T09:32:55.926Z
19,35f2c97a-a0f3-44b8-9d3e-e7e9ab7db6fb,"chair,",el,word,1,"καρέκλα,",2026-05-20T09:32:58.716Z
19,35f2c97a-a0f3-44b8-9d3e-e7e9ab7db6fb,participant,el,word,1,συμμετέχων,2026-05-20T09:32:59.428Z
19,35f2c97a-a0f3-44b8-9d3e-e7e9ab7db6fb,uses,el,word,2,χρησιμοποιεί,2026-05-20T09:33:01.690Z
19,35f2c97a-a0f3-44b8-9d3e-e7e9ab7db6fb,reading,el,word,1,ανάγνωση,2026-05-20T09:33:03.547Z
19,35f2c97a-a0f3-44b8-9d3e-e7e9ab7db6fb,size,el,word,1,μέγεθος,2026-05-20T09:33:03.761Z
19,35f2c97a-a0f3-44b8-9d3e-e7e9ab7db6fb,smaller.,el,word,1,μικρότερο.,2026-05-20T09:33:04.980Z
19,35f2c97a-a0f3-44b8-9d3e-e7e9ab7db6fb,final,el,word,1,τελική,2026-05-20T09:33:14.993Z
19,35f2c97a-a0f3-44b8-9d3e-e7e9ab7db6fb,continuous,el,word,1,συνεχής,2026-05-20T09:33:15.798Z
19,35f2c97a-a0f3-44b8-9d3e-e7e9ab7db6fb,commemorate,el,word,1,επισημάνει,2026-05-20T09:35:07.889Z
19,35f2c97a-a0f3-44b8-9d3e-e7e9ab7db6fb,retired,el,word,1,συνταξιούχος,2026-05-20T09:35:13.374Z
19,35f2c97a-a0f3-44b8-9d3e-e7e9ab7db6fb,"Hawaii,",el,word,1,"Χαβάη,",2026-05-20T09:35:14.926Z
19,35f2c97a-a0f3-44b8-9d3e-e7e9ab7db6fb,ensuring,el,word,1,εξασφαλίζοντας,2026-05-20T09:35:25.427Z
19,35f2c97a-a0f3-44b8-9d3e-e7e9ab7db6fb,unwavering,el,word,1,ακλόνητη,2026-05-20T09:35:32.683Z
19,35f2c97a-a0f3-44b8-9d3e-e7e9ab7db6fb,Contributing,el,word,2,Συνεισφέροντας,2026-05-20T09:35:49.242Z
19,35f2c97a-a0f3-44b8-9d3e-e7e9ab7db6fb,maintaining,el,word,2,διατήρηση,2026-05-20T09:35:51.871Z
19,35f2c97a-a0f3-44b8-9d3e-e7e9ab7db6fb,morale-boosting,el,word,1,που ενίσχυαν το ηθικό,2026-05-20T09:35:46.324Z
19,35f2c97a-a0f3-44b8-9d3e-e7e9ab7db6fb,insignia,el,word,3,διακριτικά,2026-05-20T09:38:19.352Z
19,35f2c97a-a0f3-44b8-9d3e-e7e9ab7db6fb,accomplished,el,word,1,πέτυχε,2026-05-20T09:35:57.819Z
19,35f2c97a-a0f3-44b8-9d3e-e7e9ab7db6fb,made,el,word,1,δημιούργησε,2026-05-20T09:36:01.040Z
19,35f2c97a-a0f3-44b8-9d3e-e7e9ab7db6fb,American,el,word,1,Αμερικανική,2026-05-20T09:36:01.694Z
19,35f2c97a-a0f3-44b8-9d3e-e7e9ab7db6fb,"Morgenthau,",el,word,1,"Μόργκενταου,",2026-05-20T09:36:12.126Z
19,35f2c97a-a0f3-44b8-9d3e-e7e9ab7db6fb,depicted,el,word,1,απεικονίζει,2026-05-20T09:36:14.309Z
19,35f2c97a-a0f3-44b8-9d3e-e7e9ab7db6fb,navigation,el,word,1,πλοήγηση,2026-05-20T09:36:32.886Z
19,35f2c97a-a0f3-44b8-9d3e-e7e9ab7db6fb,Studios,el,word,3,Στούντιο,2026-05-20T09:36:35.242Z
19,35f2c97a-a0f3-44b8-9d3e-e7e9ab7db6fb,tactics.,el,word,2,τακτικές.,2026-05-20T09:36:34.884Z
19,35f2c97a-a0f3-44b8-9d3e-e7e9ab7db6fb,Hollywood,el,word,2,Χόλιγουντ,2026-05-20T09:36:38.218Z
19,35f2c97a-a0f3-44b8-9d3e-e7e9ab7db6fb,best,el,word,1,καλύτερη,2026-05-20T09:37:10.642Z
19,35f2c97a-a0f3-44b8-9d3e-e7e9ab7db6fb,troops,el,word,1,στρατιώτες,2026-05-20T09:37:20.085Z
19,35f2c97a-a0f3-44b8-9d3e-e7e9ab7db6fb,Auxiliary,el,word,1,Βοηθητική,2026-05-20T09:37:30.187Z
19,35f2c97a-a0f3-44b8-9d3e-e7e9ab7db6fb,depicts,el,word,1,απεικονίζει,2026-05-20T09:37:37.195Z
19,35f2c97a-a0f3-44b8-9d3e-e7e9ab7db6fb,appreciate,el,word,1,εκτιμώ,2026-05-20T09:37:53.202Z
19,35f2c97a-a0f3-44b8-9d3e-e7e9ab7db6fb,artists,el,word,1,καλλιτέχνες,2026-05-20T09:38:03.555Z
19,35f2c97a-a0f3-44b8-9d3e-e7e9ab7db6fb,emblems.,el,word,1,εμβλήματα.,2026-05-20T09:38:22.517Z
19,35f2c97a-a0f3-44b8-9d3e-e7e9ab7db6fb,new,el,word,1,νέο,2026-05-20T09:38:29.072Z
19,35f2c97a-a0f3-44b8-9d3e-e7e9ab7db6fb,torpedo,el,word,1,τορπιλικό,2026-05-20T09:38:32.129Z
19,35f2c97a-a0f3-44b8-9d3e-e7e9ab7db6fb,"response,",el,word,1,"απάντηση,",2026-05-20T09:38:35.378Z
19,35f2c97a-a0f3-44b8-9d3e-e7e9ab7db6fb,emblem,el,word,1,έμβλημα,2026-05-20T09:38:37.350Z
19,35f2c97a-a0f3-44b8-9d3e-e7e9ab7db6fb,"torpedo,",el,word,1,"τορπίλη,",2026-05-20T09:38:41.295Z
19,35f2c97a-a0f3-44b8-9d3e-e7e9ab7db6fb,adorned,el,word,1,στολίζονταν,2026-05-20T09:38:44.862Z
19,35f2c97a-a0f3-44b8-9d3e-e7e9ab7db6fb,"boats.""",el,word,1,«σκαφών».,2026-05-20T09:38:46.276Z
19,35f2c97a-a0f3-44b8-9d3e-e7e9ab7db6fb,winged,el,word,1,φτερωτή,2026-05-20T09:38:56.450Z
19,35f2c97a-a0f3-44b8-9d3e-e7e9ab7db6fb,boats.,el,word,1,σκάφη.,2026-05-20T09:38:57.182Z
19,35f2c97a-a0f3-44b8-9d3e-e7e9ab7db6fb,www.carlisle.army.mil/ahec/index.cfm.,el,word,3,www.carlisle.army.mil/ahec/index.cfm.,2026-05-20T09:39:12.635Z
19,0594d0b4-6503-4c9d-9e52-599119d16f95,prospect,el,word,1,προοπτική,2026-05-20T09:44:29.163Z
19,0594d0b4-6503-4c9d-9e52-599119d16f95,Europe),el,word,1,Ευρώπη),2026-05-20T09:44:39.981Z
19,0594d0b4-6503-4c9d-9e52-599119d16f95,relied,el,word,1,βασίζονταν,2026-05-20T09:44:44.301Z
19,0594d0b4-6503-4c9d-9e52-599119d16f95,navigational,el,word,1,πλοήγηση,2026-05-20T09:44:48.971Z
19,0594d0b4-6503-4c9d-9e52-599119d16f95,"reckoning,""",el,word,3,"υπολογισμός»,",2026-05-20T09:45:00.621Z
19,0594d0b4-6503-4c9d-9e52-599119d16f95,"""dead",el,word,3,«dead,2026-05-20T09:45:02.663Z
19,0594d0b4-6503-4c9d-9e52-599119d16f95,governments,el,word,1,κυβερνήσεις,2026-05-20T09:45:21.167Z
19,0594d0b4-6503-4c9d-9e52-599119d16f95,estimated,el,word,1,εκτιμώμενη,2026-05-20T09:45:31.434Z
19,0594d0b4-6503-4c9d-9e52-599119d16f95,"however,",el,word,1,"ωστόσο,",2026-05-20T09:45:36.404Z
19,0594d0b4-6503-4c9d-9e52-599119d16f95,exploration,el,word,1,εξερεύνηση,2026-05-20T09:45:40.216Z
19,0594d0b4-6503-4c9d-9e52-599119d16f95,"compass,",el,word,2,"πυξίδα,",2026-05-20T09:46:26.753Z
19,0594d0b4-6503-4c9d-9e52-599119d16f95,Time-keeping,el,word,2,Χρονομέτρηση,2026-05-20T09:46:52.191Z
19,0594d0b4-6503-4c9d-9e52-599119d16f95,navigators,el,word,1,πλοηγοί,2026-05-20T09:46:53.214Z
19,0594d0b4-6503-4c9d-9e52-599119d16f95,"hourglasses,",el,word,1,"κλεψύδρες,",2026-05-20T09:46:53.442Z
19,0594d0b4-6503-4c9d-9e52-599119d16f95,explorations.,el,word,3,εξερευνήσεις.,2026-05-20T09:47:11.606Z
19,0594d0b4-6503-4c9d-9e52-599119d16f95,improved,el,word,1,βελτιωμένοι,2026-05-20T09:47:08.858Z
19,0594d0b4-6503-4c9d-9e52-599119d16f95,stumbled,el,word,1,συνάντησε,2026-05-20T09:47:29.449Z
19,0594d0b4-6503-4c9d-9e52-599119d16f95,navigator,el,word,1,πλοηγός,2026-05-20T09:47:32.215Z
19,0594d0b4-6503-4c9d-9e52-599119d16f95,imprecise,el,word,2,ανακριβής,2026-05-20T09:47:58.195Z
19,0594d0b4-6503-4c9d-9e52-599119d16f95,astrolabe,el,word,1,αστρολάβος,2026-05-20T09:47:41.567Z
19,0594d0b4-6503-4c9d-9e52-599119d16f95,helpedexplorers,el,word,1,βοηθούσε τους εξερευνητές,2026-05-20T09:47:46.526Z
19,0594d0b4-6503-4c9d-9e52-599119d16f95,incomplete,el,word,1,ατελής,2026-05-20T09:47:52.748Z
19,0594d0b4-6503-4c9d-9e52-599119d16f95,inadvertently,el,word,1,αθέλητα,2026-05-20T09:48:03.327Z
19,0594d0b4-6503-4c9d-9e52-599119d16f95,believed,el,word,1,πίστευε,2026-05-20T09:48:36.427Z
19,0594d0b4-6503-4c9d-9e52-599119d16f95,inaccuracies,el,word,2,ανακρίβειες,2026-05-20T09:48:52.624Z
19,0594d0b4-6503-4c9d-9e52-599119d16f95,inconsistent,el,word,2,ασυνεπής,2026-05-20T09:48:55.737Z
19,0594d0b4-6503-4c9d-9e52-599119d16f95,one,el,word,1,ένα,2026-05-20T09:48:50.465Z
19,0594d0b4-6503-4c9d-9e52-599119d16f95,"hand,",el,word,1,"από την άλλη,",2026-05-20T09:48:50.883Z
19,0594d0b4-6503-4c9d-9e52-599119d16f95,world's,el,word,1,του κόσμου,2026-05-20T09:48:55.657Z
19,0594d0b4-6503-4c9d-9e52-599119d16f95,unpredictable;,el,word,1,απρόβλεπτη·,2026-05-20T09:48:58.497Z
19,0594d0b4-6503-4c9d-9e52-599119d16f95,hindered,el,word,1,εμπόδισε,2026-05-20T09:49:04.476Z
19,0594d0b4-6503-4c9d-9e52-599119d16f95,irretrievably,el,word,2,ανεπανόρθωτα,2026-05-20T09:49:19.415Z
19,0594d0b4-6503-4c9d-9e52-599119d16f95,developing,el,word,2,ανάπτυξη,2026-05-20T09:49:19.557Z
19,0594d0b4-6503-4c9d-9e52-599119d16f95,sextant,el,word,1,εξάντα,2026-05-20T09:49:31.294Z
19,0594d0b4-6503-4c9d-9e52-599119d16f95,"chronometer,",el,word,2,"χρονομέτρου,",2026-05-20T09:49:50.634Z
19,0594d0b4-6503-4c9d-9e52-599119d16f95,celestial,el,word,1,ουράνιος,2026-05-20T09:49:41.238Z
19,0594d0b4-6503-4c9d-9e52-599119d16f95,Longitude,el,word,1,Γεωγραφικό μήκος,2026-05-20T09:49:46.345Z
19,0594d0b4-6503-4c9d-9e52-599119d16f95,invention,el,word,1,εφεύρεση,2026-05-20T09:49:48.874Z
19,0594d0b4-6503-4c9d-9e52-599119d16f95,captains,el,word,1,καπετάνιοι,2026-05-20T09:49:59.254Z
19,0594d0b4-6503-4c9d-9e52-599119d16f95,cut,el,word,1,περικοπή,2026-05-20T09:50:00.484Z
18,5840197f-b619-4784-b3e7-9e6a33449cd3,ReadWorks’,el,word,1,ReadWorks’,2026-05-20T10:01:51.437Z
18,5840197f-b619-4784-b3e7-9e6a33449cd3,Native,el,word,1,Ιθαγενείς,2026-05-20T10:01:51.625Z
18,5840197f-b619-4784-b3e7-9e6a33449cd3,ReadWorks,el,word,1,ReadWorks,2026-05-20T10:01:51.883Z
18,ceb26d25-02ad-4d57-971a-6fc1e1291fda,World's,el,word,2,Παγκόσμια,2026-05-20T10:01:54.918Z
18,ceb26d25-02ad-4d57-971a-6fc1e1291fda,Jamestown,el,word,2,Τζέιμσταουν,2026-05-20T10:05:06.560Z
18,ceb26d25-02ad-4d57-971a-6fc1e1291fda,European,el,word,7,Ευρωπαίοι,2026-05-20T10:06:55.099Z
18,ceb26d25-02ad-4d57-971a-6fc1e1291fda,circumstances,el,word,2,συνθήκες,2026-05-20T10:02:52.015Z
18,ceb26d25-02ad-4d57-971a-6fc1e1291fda,continent.,el,word,4,ηπειρωτική χώρα.,2026-05-20T10:03:01.182Z
18,ceb26d25-02ad-4d57-971a-6fc1e1291fda,Prior,el,word,1,Πριν,2026-05-20T10:02:17.142Z
18,ceb26d25-02ad-4d57-971a-6fc1e1291fda,Though,el,word,2,Αν και,2026-05-20T10:05:09.873Z
18,ceb26d25-02ad-4d57-971a-6fc1e1291fda,settlement,el,word,1,αποίκιση,2026-05-20T10:02:21.312Z
18,ceb26d25-02ad-4d57-971a-6fc1e1291fda,wrapped,el,word,1,συνδεδεμένα,2026-05-20T10:02:29.536Z
18,ceb26d25-02ad-4d57-971a-6fc1e1291fda,engaged,el,word,2,εμπλέκονταν,2026-05-20T10:02:47.869Z
18,ceb26d25-02ad-4d57-971a-6fc1e1291fda,battles,el,word,1,μάχες,2026-05-20T10:02:37.573Z
18,ceb26d25-02ad-4d57-971a-6fc1e1291fda,"settlement,",el,word,1,"αποίκιση,",2026-05-20T10:02:40.295Z
18,ceb26d25-02ad-4d57-971a-6fc1e1291fda,presence,el,word,1,παρουσία,2026-05-20T10:02:45.124Z
18,ceb26d25-02ad-4d57-971a-6fc1e1291fda,spawn,el,word,1,προκαλέσει,2026-05-20T10:02:49.291Z
18,ceb26d25-02ad-4d57-971a-6fc1e1291fda,conflicts,el,word,4,συγκρούσεις,2026-05-20T10:05:33.355Z
18,ceb26d25-02ad-4d57-971a-6fc1e1291fda,North,el,word,2,Βόρεια,2026-05-20T10:04:07.863Z
18,ceb26d25-02ad-4d57-971a-6fc1e1291fda,Native,el,word,2,Αυτόχθονες,2026-05-20T10:06:44.703Z
18,ceb26d25-02ad-4d57-971a-6fc1e1291fda,immunity,el,word,1,ανοσία,2026-05-20T10:03:58.399Z
18,ceb26d25-02ad-4d57-971a-6fc1e1291fda,"America,",el,word,2,"Αμερική,",2026-05-20T10:04:09.329Z
18,ceb26d25-02ad-4d57-971a-6fc1e1291fda,fatalities,el,word,2,θανάτοι,2026-05-20T10:04:11.336Z
18,ceb26d25-02ad-4d57-971a-6fc1e1291fda,epidemics,el,word,1,επιδημίες,2026-05-20T10:04:06.259Z
18,ceb26d25-02ad-4d57-971a-6fc1e1291fda,populations.,el,word,1,πληθυσμών.,2026-05-20T10:04:14.593Z
18,ceb26d25-02ad-4d57-971a-6fc1e1291fda,good,el,word,1,καλά,2026-05-20T10:04:18.567Z
18,ceb26d25-02ad-4d57-971a-6fc1e1291fda,technology,el,word,3,τεχνολογία,2026-05-20T10:06:32.213Z
18,ceb26d25-02ad-4d57-971a-6fc1e1291fda,Europeans,el,word,3,Ευρωπαίοι,2026-05-20T10:07:01.677Z
18,ceb26d25-02ad-4d57-971a-6fc1e1291fda,"brought,",el,word,1,"έφεραν,",2026-05-20T10:04:23.308Z
18,ceb26d25-02ad-4d57-971a-6fc1e1291fda,Americans,el,word,5,Αμερικανοί,2026-05-20T10:04:59.111Z
18,ceb26d25-02ad-4d57-971a-6fc1e1291fda,exchanged,el,word,2,αντάλλασσαν,2026-05-20T10:04:37.553Z
18,ceb26d25-02ad-4d57-971a-6fc1e1291fda,like,el,word,1,όπως,2026-05-20T10:04:31.232Z
18,ceb26d25-02ad-4d57-971a-6fc1e1291fda,metal,el,word,1,μέταλλο,2026-05-20T10:04:32.674Z
18,ceb26d25-02ad-4d57-971a-6fc1e1291fda,tools.,el,word,1,εργαλεία.,2026-05-20T10:04:32.850Z
18,ceb26d25-02ad-4d57-971a-6fc1e1291fda,rights,el,word,1,δικαιώματα,2026-05-20T10:04:39.510Z
18,ceb26d25-02ad-4d57-971a-6fc1e1291fda,hunting,el,word,2,κυνήγι,2026-05-20T10:07:05.959Z
18,ceb26d25-02ad-4d57-971a-6fc1e1291fda,lands.,el,word,1,περιοχές.,2026-05-20T10:04:42.735Z
18,ceb26d25-02ad-4d57-971a-6fc1e1291fda,due,el,word,1,λόγω,2026-05-20T10:04:46.902Z
18,ceb26d25-02ad-4d57-971a-6fc1e1291fda,disputes,el,word,1,διαμάχες,2026-05-20T10:04:47.635Z
18,ceb26d25-02ad-4d57-971a-6fc1e1291fda,"Jamestown,",el,word,2,"Τζέιμσταουν,",2026-05-20T10:04:59.101Z
18,ceb26d25-02ad-4d57-971a-6fc1e1291fda,settlers,el,word,1,άποικοι,2026-05-20T10:05:01.755Z
18,ceb26d25-02ad-4d57-971a-6fc1e1291fda,agreements.,el,word,2,συμφωνίες.,2026-05-20T10:05:08.913Z
18,ceb26d25-02ad-4d57-971a-6fc1e1291fda,peaceful,el,word,1,ειρηνικές,2026-05-20T10:05:03.926Z
18,ceb26d25-02ad-4d57-971a-6fc1e1291fda,times,el,word,1,εποχές,2026-05-20T10:05:04.773Z
18,ceb26d25-02ad-4d57-971a-6fc1e1291fda,founded,el,word,1,ίδρυσε,2026-05-20T10:05:12.067Z
18,ceb26d25-02ad-4d57-971a-6fc1e1291fda,typically,el,word,1,συνήθως,2026-05-20T10:05:20.673Z
18,ceb26d25-02ad-4d57-971a-6fc1e1291fda,conquered.,el,word,1,υποτάξιμοι.,2026-05-20T10:05:25.476Z
18,ceb26d25-02ad-4d57-971a-6fc1e1291fda,pressured,el,word,2,πίεσαν,2026-05-20T10:05:35.349Z
18,ceb26d25-02ad-4d57-971a-6fc1e1291fda,natives,el,word,1,ιθαγενείς,2026-05-20T10:05:27.612Z
18,ceb26d25-02ad-4d57-971a-6fc1e1291fda,came,el,word,1,ήρθε,2026-05-20T10:05:28.005Z
18,ceb26d25-02ad-4d57-971a-6fc1e1291fda,aggressions,el,word,2,επιθέσεις,2026-05-20T10:05:39.561Z
18,ceb26d25-02ad-4d57-971a-6fc1e1291fda,collectively,el,word,1,συλλογικά,2026-05-20T10:05:34.435Z
18,ceb26d25-02ad-4d57-971a-6fc1e1291fda,food.,el,word,1,φαγητό.,2026-05-20T10:05:38.400Z
18,ceb26d25-02ad-4d57-971a-6fc1e1291fda,began,el,word,2,ξεκίνησαν,2026-05-20T10:05:40.722Z
18,ceb26d25-02ad-4d57-971a-6fc1e1291fda,decades,el,word,1,δεκαετίες,2026-05-20T10:05:40.488Z
18,ceb26d25-02ad-4d57-971a-6fc1e1291fda,slew,el,word,1,σειρά,2026-05-20T10:05:43.081Z
18,ceb26d25-02ad-4d57-971a-6fc1e1291fda,thousands,el,word,2,χιλιάδες,2026-05-20T10:06:39.367Z
18,ceb26d25-02ad-4d57-971a-6fc1e1291fda,Anglo-Powhatan,el,word,1,Αγγλο-Ποουχάταν,2026-05-20T10:05:47.282Z
18,ceb26d25-02ad-4d57-971a-6fc1e1291fda,consequences,el,word,1,συνέπειες,2026-05-20T10:05:56.297Z
18,ceb26d25-02ad-4d57-971a-6fc1e1291fda,even,el,word,2,ακόμη και,2026-05-20T10:06:16.829Z
18,ceb26d25-02ad-4d57-971a-6fc1e1291fda,affected,el,word,1,επηρέασαν,2026-05-20T10:06:10.114Z
18,ceb26d25-02ad-4d57-971a-6fc1e1291fda,arrival,el,word,1,άφιξη,2026-05-20T10:06:12.766Z
18,ceb26d25-02ad-4d57-971a-6fc1e1291fda,relationships,el,word,3,σχέσεις,2026-05-20T10:06:43.429Z
18,ceb26d25-02ad-4d57-971a-6fc1e1291fda,scrambling,el,word,1,σπεύδουν,2026-05-20T10:06:23.803Z
18,ceb26d25-02ad-4d57-971a-6fc1e1291fda,"buildings,",el,word,1,"κτίρια,",2026-05-20T10:06:28.453Z
18,ceb26d25-02ad-4d57-971a-6fc1e1291fda,reinforcements,el,word,2,ενισχύσεις,2026-05-20T10:06:37.607Z
18,ceb26d25-02ad-4d57-971a-6fc1e1291fda,"weapons,",el,word,1,"όπλα,",2026-05-20T10:06:30.875Z
18,ceb26d25-02ad-4d57-971a-6fc1e1291fda,sturdy,el,word,1,ανθεκτικά,2026-05-20T10:06:34.327Z
18,ceb26d25-02ad-4d57-971a-6fc1e1291fda,miles,el,word,1,χιλιομέτρων,2026-05-20T10:06:40.228Z
18,ceb26d25-02ad-4d57-971a-6fc1e1291fda,tenuous,el,word,1,εύθραυστες,2026-05-20T10:06:48.036Z
18,ceb26d25-02ad-4d57-971a-6fc1e1291fda,mounting,el,word,3,αυξανόμενη,2026-05-20T10:07:00.891Z
18,ceb26d25-02ad-4d57-971a-6fc1e1291fda,pressure,el,word,1,πίεση,2026-05-20T10:06:52.966Z
18,ceb26d25-02ad-4d57-971a-6fc1e1291fda,sparked,el,word,1,προκάλεσε,2026-05-20T10:07:00.194Z
18,ceb26d25-02ad-4d57-971a-6fc1e1291fda,many,el,word,1,πολλές,2026-05-20T10:07:01.635Z
18,ceb26d25-02ad-4d57-971a-6fc1e1291fda,tribes,el,word,2,φυλές,2026-05-20T10:07:22.579Z
18,ceb26d25-02ad-4d57-971a-6fc1e1291fda,West.,el,word,1,Δύση.,2026-05-20T10:07:06.094Z
18,ceb26d25-02ad-4d57-971a-6fc1e1291fda,land,el,word,1,γη,2026-05-20T10:07:06.695Z
18,ceb26d25-02ad-4d57-971a-6fc1e1291fda,scarce,el,word,1,σπάνια,2026-05-20T10:07:10.131Z
18,ceb26d25-02ad-4d57-971a-6fc1e1291fda,continued,el,word,1,συνέχεια,2026-05-20T10:07:13.131Z
18,ceb26d25-02ad-4d57-971a-6fc1e1291fda,somewhere,el,word,1,κάπου,2026-05-20T10:07:17.599Z
18,ceb26d25-02ad-4d57-971a-6fc1e1291fda,currency,el,word,1,νόμισμα,2026-05-20T10:07:18.903Z
18,ceb26d25-02ad-4d57-971a-6fc1e1291fda,learn,el,word,2,μάθε,2026-05-20T10:07:28.752Z
18,ceb26d25-02ad-4d57-971a-6fc1e1291fda,needed,el,word,1,χρειαζόταν,2026-05-20T10:07:25.384Z
18,ceb26d25-02ad-4d57-971a-6fc1e1291fda,assumed,el,word,2,ανέλαβαν,2026-05-20T10:07:33.764Z
18,ceb26d25-02ad-4d57-971a-6fc1e1291fda,live,el,word,1,ζω,2026-05-20T10:07:29.352Z
18,d74317ae-a09d-48a7-9786-7943e8d87649,cultures.,el,word,1,πολιτισμούς.,2026-05-20T10:12:24.579Z
18,d74317ae-a09d-48a7-9786-7943e8d87649,governments,el,word,2,κυβερνήσεις,2026-05-20T10:12:47.461Z
18,d74317ae-a09d-48a7-9786-7943e8d87649,prospect,el,word,1,προοπτική,2026-05-20T10:12:43.751Z
18,d74317ae-a09d-48a7-9786-7943e8d87649,commercial,el,word,1,εμπορικό,2026-05-20T10:12:50.240Z
18,d74317ae-a09d-48a7-9786-7943e8d87649,operations,el,word,1,δραστηριότητες,2026-05-20T10:12:50.560Z
18,d74317ae-a09d-48a7-9786-7943e8d87649,Chinese,el,word,1,Κινέζικα,2026-05-20T10:12:52.951Z
18,d74317ae-a09d-48a7-9786-7943e8d87649,trade,el,word,1,εμπόριο,2026-05-20T10:12:54.446Z
18,d74317ae-a09d-48a7-9786-7943e8d87649,spices,el,word,1,μπαχαρικά,2026-05-20T10:12:59.291Z
18,d74317ae-a09d-48a7-9786-7943e8d87649,explorers,el,word,1,εξερευνητές,2026-05-20T10:13:04.879Z
18,d74317ae-a09d-48a7-9786-7943e8d87649,positions,el,word,1,θέσεις,2026-05-20T10:13:06.743Z
18,d74317ae-a09d-48a7-9786-7943e8d87649,navigational,el,word,3,πλοήγησης,2026-05-20T10:17:58.973Z
18,d74317ae-a09d-48a7-9786-7943e8d87649,"reckoning,""",el,word,2,"υπολογισμός»,",2026-05-20T10:13:10.586Z
18,d74317ae-a09d-48a7-9786-7943e8d87649,estimated,el,word,3,εκτιμώμενη,2026-05-20T10:13:20.619Z
18,d74317ae-a09d-48a7-9786-7943e8d87649,velocity,el,word,2,ταχύτητα,2026-05-20T10:13:18.374Z
18,d74317ae-a09d-48a7-9786-7943e8d87649,landmasses),el,word,1,ηπειρωτικές μάζες),2026-05-20T10:13:15.611Z
18,d74317ae-a09d-48a7-9786-7943e8d87649,science.,el,word,2,επιστήμη.,2026-05-20T10:13:30.949Z
18,d74317ae-a09d-48a7-9786-7943e8d87649,exploration,el,word,3,εξερεύνηση,2026-05-20T10:17:40.402Z
18,d74317ae-a09d-48a7-9786-7943e8d87649,make,el,word,1,κάντε,2026-05-20T10:13:22.456Z
18,d74317ae-a09d-48a7-9786-7943e8d87649,economic,el,word,1,οικονομική,2026-05-20T10:13:35.595Z
18,d74317ae-a09d-48a7-9786-7943e8d87649,"interests,",el,word,1,"τα συμφέροντα,",2026-05-20T10:13:36.989Z
18,d74317ae-a09d-48a7-9786-7943e8d87649,navigators,el,word,4,πλοηγοί,2026-05-20T10:17:39.560Z
18,d74317ae-a09d-48a7-9786-7943e8d87649,Time-keeping,el,word,2,Χρονομέτρηση,2026-05-20T10:14:58.054Z
18,d74317ae-a09d-48a7-9786-7943e8d87649,"devices,",el,word,1,"συσκευές,",2026-05-20T10:14:50.224Z
18,d74317ae-a09d-48a7-9786-7943e8d87649,important,el,word,1,σημαντικό,2026-05-20T10:14:54.624Z
18,d74317ae-a09d-48a7-9786-7943e8d87649,sailed.,el,word,1,πλέει.,2026-05-20T10:15:04.821Z
18,d74317ae-a09d-48a7-9786-7943e8d87649,written,el,word,1,γραπτές,2026-05-20T10:15:10.463Z
18,d74317ae-a09d-48a7-9786-7943e8d87649,America,el,word,1,Αμερική,2026-05-20T10:15:17.599Z
18,d74317ae-a09d-48a7-9786-7943e8d87649,stars,el,word,1,αστέρια,2026-05-20T10:15:17.648Z
18,d74317ae-a09d-48a7-9786-7943e8d87649,navigator,el,word,1,πλοηγός,2026-05-20T10:15:23.643Z
18,d74317ae-a09d-48a7-9786-7943e8d87649,instead,el,word,1,αντ' αυτού,2026-05-20T10:15:27.540Z
18,d74317ae-a09d-48a7-9786-7943e8d87649,Christopher,el,word,3,Χριστόφορος,2026-05-20T10:16:22.411Z
18,d74317ae-a09d-48a7-9786-7943e8d87649,stumbled,el,word,3,συνάντησε,2026-05-20T10:16:22.530Z
18,d74317ae-a09d-48a7-9786-7943e8d87649,America.,el,word,2,Αμερική.,2026-05-20T10:15:33.605Z
18,d74317ae-a09d-48a7-9786-7943e8d87649,efficient,el,word,1,αποτελεσματική,2026-05-20T10:15:33.578Z
18,d74317ae-a09d-48a7-9786-7943e8d87649,South,el,word,1,Νότια,2026-05-20T10:15:38.705Z
18,d74317ae-a09d-48a7-9786-7943e8d87649,Columbus,el,word,1,Κολόμβος,2026-05-20T10:15:42.347Z
18,d74317ae-a09d-48a7-9786-7943e8d87649,astrolabe,el,word,2,αστρολάβος,2026-05-20T10:16:22.600Z
18,d74317ae-a09d-48a7-9786-7943e8d87649,device,el,word,1,συσκευή,2026-05-20T10:15:48.731Z
18,d74317ae-a09d-48a7-9786-7943e8d87649,helpedexplorers,el,word,1,βοηθούσε τους εξερευνητές,2026-05-20T10:15:51.415Z
18,d74317ae-a09d-48a7-9786-7943e8d87649,latitudinal,el,word,2,γεωγραφικό πλάτος,2026-05-20T10:15:58.031Z
18,d74317ae-a09d-48a7-9786-7943e8d87649,vertical,el,word,3,κάθετη,2026-05-20T10:16:22.681Z
18,d74317ae-a09d-48a7-9786-7943e8d87649,"quadrant,",el,word,1,"τεταρτημόριο,",2026-05-20T10:16:01.424Z
18,d74317ae-a09d-48a7-9786-7943e8d87649,incomplete,el,word,2,ατελής,2026-05-20T10:16:02.788Z
18,d74317ae-a09d-48a7-9786-7943e8d87649,Americas,el,word,2,Αμερική,2026-05-20T10:16:59.151Z
18,d74317ae-a09d-48a7-9786-7943e8d87649,imprecise,el,word,1,ανακριβής,2026-05-20T10:16:11.136Z
18,d74317ae-a09d-48a7-9786-7943e8d87649,resources,el,word,1,πόροι,2026-05-20T10:16:12.945Z
18,d74317ae-a09d-48a7-9786-7943e8d87649,brought,el,word,1,έφερε,2026-05-20T10:16:13.533Z
18,d74317ae-a09d-48a7-9786-7943e8d87649,inadvertently,el,word,3,αθέλητα,2026-05-20T10:16:46.106Z
18,d74317ae-a09d-48a7-9786-7943e8d87649,world,el,word,1,κόσμος,2026-05-20T10:16:22.357Z
18,d74317ae-a09d-48a7-9786-7943e8d87649,natural,el,word,1,φυσικός,2026-05-20T10:16:41.723Z
18,d74317ae-a09d-48a7-9786-7943e8d87649,devices,el,word,1,συσκευές,2026-05-20T10:16:44.429Z
18,d74317ae-a09d-48a7-9786-7943e8d87649,difficulties,el,word,1,δυσκολίες,2026-05-20T10:17:10.971Z
18,d74317ae-a09d-48a7-9786-7943e8d87649,Columbus's,el,word,1,Ο Κολόμβος,2026-05-20T10:17:11.197Z
18,d74317ae-a09d-48a7-9786-7943e8d87649,experience.,el,word,1,εμπειρία.,2026-05-20T10:17:11.698Z
18,d74317ae-a09d-48a7-9786-7943e8d87649,"Instead,",el,word,1,"Αντ' αυτού,",2026-05-20T10:17:23.628Z
18,d74317ae-a09d-48a7-9786-7943e8d87649,believed,el,word,1,πίστευε,2026-05-20T10:17:25.603Z
18,d74317ae-a09d-48a7-9786-7943e8d87649,farthest,el,word,1,πιο μακρινό,2026-05-20T10:17:27.650Z
18,d74317ae-a09d-48a7-9786-7943e8d87649,inaccuracies,el,word,1,ανακρίβειες,2026-05-20T10:17:36.440Z
18,d74317ae-a09d-48a7-9786-7943e8d87649,unknown,el,word,1,άγνωστο,2026-05-20T10:17:41.674Z
18,d74317ae-a09d-48a7-9786-7943e8d87649,made,el,word,1,έκανε,2026-05-20T10:17:47.347Z
18,d74317ae-a09d-48a7-9786-7943e8d87649,financial,el,word,1,οικονομικά,2026-05-20T10:17:50.507Z
18,d74317ae-a09d-48a7-9786-7943e8d87649,developing,el,word,3,ανάπτυξη,2026-05-20T10:17:58.705Z
18,d74317ae-a09d-48a7-9786-7943e8d87649,irretrievably,el,word,1,ανεπανόρθωτα,2026-05-20T10:17:58.697Z
18,d74317ae-a09d-48a7-9786-7943e8d87649,explore,el,word,1,εξερευνήσουν,2026-05-20T10:18:01.223Z
18,d74317ae-a09d-48a7-9786-7943e8d87649,sextant,el,word,1,εξάντα,2026-05-20T10:18:08.157Z
18,d74317ae-a09d-48a7-9786-7943e8d87649,"chronometer,",el,word,2,"χρονομέτρου,",2026-05-20T10:18:27.497Z
18,d74317ae-a09d-48a7-9786-7943e8d87649,measure,el,word,3,μέτρηση,2026-05-20T10:18:14.395Z
18,d74317ae-a09d-48a7-9786-7943e8d87649,accurate,el,word,1,ακριβής,2026-05-20T10:18:14.422Z
18,d74317ae-a09d-48a7-9786-7943e8d87649,improved,el,word,1,βελτιωμένη,2026-05-20T10:18:14.517Z
18,d74317ae-a09d-48a7-9786-7943e8d87649,calculate,el,word,1,υπολογίζω,2026-05-20T10:18:18.300Z
18,d74317ae-a09d-48a7-9786-7943e8d87649,latitude.,el,word,1,γεωγραφικό πλάτος.,2026-05-20T10:18:22.751Z
18,d74317ae-a09d-48a7-9786-7943e8d87649,Longitude,el,word,1,Γεωγραφικό μήκος,2026-05-20T10:18:31.178Z
12,ee668b76-c99c-45e6-abaa-112488879c6a,Longitude,el,word,1,Γεωγραφικό μήκος,2026-05-20T10:25:48.656Z
12,8b353cbd-e017-4462-937e-5e69156e5823,"naturally,",el,word,1,"φυσικά,",2026-05-20T10:26:25.570Z
12,8b353cbd-e017-4462-937e-5e69156e5823,comfortable,el,word,3,άνετο,2026-05-20T10:26:31.957Z
12,8b353cbd-e017-4462-937e-5e69156e5823,followed,el,word,2,ακολουθούσε,2026-05-20T10:26:25.772Z
12,8b353cbd-e017-4462-937e-5e69156e5823,checked,el,word,1,ελέγχθηκε,2026-05-20T10:26:42.423Z
12,8b353cbd-e017-4462-937e-5e69156e5823,tracking,el,word,2,απόσταση μεταξύ γραμμάτων,2026-05-20T10:26:43.745Z
12,8b353cbd-e017-4462-937e-5e69156e5823,letter,el,word,1,γράμμα,2026-05-20T10:26:43.788Z
12,8b353cbd-e017-4462-937e-5e69156e5823,"screen,",el,word,1,"οθόνη,",2026-05-20T10:26:45.793Z
12,8b353cbd-e017-4462-937e-5e69156e5823,morning,el,word,2,πρωί,2026-05-20T10:26:45.882Z
12,8b353cbd-e017-4462-937e-5e69156e5823,quiet,el,word,1,ήσυχο,2026-05-20T10:26:46.910Z
12,8b353cbd-e017-4462-937e-5e69156e5823,distance,el,word,2,απόσταση,2026-05-20T10:28:24.463Z
12,8b353cbd-e017-4462-937e-5e69156e5823,final,el,word,1,τελική,2026-05-20T10:27:02.620Z
12,8b353cbd-e017-4462-937e-5e69156e5823,relevant,el,word,1,σχετικές,2026-05-20T10:27:03.615Z
12,8b353cbd-e017-4462-937e-5e69156e5823,continuous,el,word,1,συνεχής,2026-05-20T10:27:06.958Z
12,8b353cbd-e017-4462-937e-5e69156e5823,larges,el,word,1,μεγάλα,2026-05-20T10:27:07.655Z
12,8b353cbd-e017-4462-937e-5e69156e5823,gaze,el,word,1,βλέμμα,2026-05-20T10:27:14.017Z
12,8b353cbd-e017-4462-937e-5e69156e5823,appears,el,word,1,φαίνεται,2026-05-20T10:27:14.509Z
12,8b353cbd-e017-4462-937e-5e69156e5823,adjust,el,word,1,προσαρμόζω,2026-05-20T10:27:31.275Z
12,8b353cbd-e017-4462-937e-5e69156e5823,smaller.,el,word,1,μικρότερο.,2026-05-20T10:27:41.224Z
12,8b353cbd-e017-4462-937e-5e69156e5823,experiment,el,word,1,πείραμα,2026-05-20T10:27:46.675Z
12,8b353cbd-e017-4462-937e-5e69156e5823,makes,el,word,1,κάνει,2026-05-20T10:27:48.747Z
12,8b353cbd-e017-4462-937e-5e69156e5823,whether,el,word,2,αν,2026-05-20T10:29:10.592Z
12,8b353cbd-e017-4462-937e-5e69156e5823,university,el,word,1,πανεπιστήμιο,2026-05-20T10:28:21.179Z
12,8b353cbd-e017-4462-937e-5e69156e5823,"chair,",el,word,1,"καρέκλα,",2026-05-20T10:28:21.213Z
12,8b353cbd-e017-4462-937e-5e69156e5823,slightly,el,word,1,ελαφρώς,2026-05-20T10:28:38.906Z
12,8b353cbd-e017-4462-937e-5e69156e5823,reduced.,el,word,2,μειωθεί.,2026-05-20T10:28:47.512Z
12,8b353cbd-e017-4462-937e-5e69156e5823,system,el,word,2,σύστημα,2026-05-20T10:28:58.370Z
12,8b353cbd-e017-4462-937e-5e69156e5823,researcher,el,word,3,ερευνητής,2026-05-20T10:29:07.681Z
12,8b353cbd-e017-4462-937e-5e69156e5823,letters,el,word,2,γράμματα,2026-05-20T10:29:07.392Z
12,8b353cbd-e017-4462-937e-5e69156e5823,ReadWorks,el,word,1,ReadWorks,2026-05-20T10:30:12.935Z
12,8b353cbd-e017-4462-937e-5e69156e5823,special,el,word,1,ιδιαίτερο,2026-05-20T10:30:22.143Z
12,8b353cbd-e017-4462-937e-5e69156e5823,ecosystem,el,word,1,οικοσύστημα,2026-05-20T10:30:23.117Z
12,8b353cbd-e017-4462-937e-5e69156e5823,"""hemisphere""",el,word,1,«ημισφαίριο»,2026-05-20T10:30:31.982Z
12,8b353cbd-e017-4462-937e-5e69156e5823,Southern,el,word,2,Νότιο,2026-05-20T10:30:38.475Z
12,8b353cbd-e017-4462-937e-5e69156e5823,equator.,el,word,1,ισημερινός.,2026-05-20T10:30:38.544Z
12,8b353cbd-e017-4462-937e-5e69156e5823,Antarctica.,el,word,2,Ανταρκτική.,2026-05-20T10:30:38.718Z
12,8b353cbd-e017-4462-937e-5e69156e5823,precipitation.,el,word,1,βροχοπτώσεις.,2026-05-20T10:30:51.228Z
12,8b353cbd-e017-4462-937e-5e69156e5823,search,el,word,1,αναζήτηση,2026-05-20T10:31:15.360Z
12,8b353cbd-e017-4462-937e-5e69156e5823,rarely,el,word,1,σπάνια,2026-05-20T10:31:17.488Z
12,8b353cbd-e017-4462-937e-5e69156e5823,another,el,word,1,Ένας άλλος,2026-05-20T10:31:24.117Z
12,8b353cbd-e017-4462-937e-5e69156e5823,rainforests,el,word,2,τροπικά δάση,2026-05-20T10:34:02.753Z
12,8b353cbd-e017-4462-937e-5e69156e5823,different,el,word,1,διαφορετικά,2026-05-20T10:31:31.369Z
12,8b353cbd-e017-4462-937e-5e69156e5823,roamed,el,word,1,περιπλανιόνταν,2026-05-20T10:31:36.475Z
12,8b353cbd-e017-4462-937e-5e69156e5823,"Jaguars,",el,word,1,"Τζάγκουαρς,",2026-05-20T10:31:41.647Z
12,8b353cbd-e017-4462-937e-5e69156e5823,endangered,el,word,1,απειλούμενα,2026-05-20T10:31:49.251Z
12,8b353cbd-e017-4462-937e-5e69156e5823,Africa.,el,word,1,Αφρική.,2026-05-20T10:31:53.644Z
12,8b353cbd-e017-4462-937e-5e69156e5823,hindquarters,el,word,1,οπίσθια άκρα,2026-05-20T10:31:56.131Z
12,8b353cbd-e017-4462-937e-5e69156e5823,Okapis,el,word,1,Οκάπι,2026-05-20T10:31:59.574Z
12,8b353cbd-e017-4462-937e-5e69156e5823,Ituri,el,word,1,Ιτούρι,2026-05-20T10:32:05.318Z
12,8b353cbd-e017-4462-937e-5e69156e5823,rainforest,el,word,3,τροπικό δάσος,2026-05-20T10:33:55.325Z
12,8b353cbd-e017-4462-937e-5e69156e5823,"ears,",el,word,1,"αυτιά,",2026-05-20T10:32:08.300Z
12,8b353cbd-e017-4462-937e-5e69156e5823,misnomer,el,word,1,ακατάλληλη ονομασία,2026-05-20T10:32:20.454Z
12,8b353cbd-e017-4462-937e-5e69156e5823,glide,el,word,1,πλανάται,2026-05-20T10:32:23.074Z
12,8b353cbd-e017-4462-937e-5e69156e5823,"close,",el,word,1,"κοντά,",2026-05-20T10:32:34.328Z
12,8b353cbd-e017-4462-937e-5e69156e5823,endemic,el,word,1,ενδημικά,2026-05-20T10:32:40.781Z
12,8b353cbd-e017-4462-937e-5e69156e5823,easily,el,word,1,εύκολα,2026-05-20T10:32:43.271Z
12,8b353cbd-e017-4462-937e-5e69156e5823,sparrows,el,word,1,σπουργίτια,2026-05-20T10:33:05.587Z
12,8b353cbd-e017-4462-937e-5e69156e5823,"Hemisphere,",el,word,1,"Ημισφαίριο,",2026-05-20T10:33:12.063Z
12,8b353cbd-e017-4462-937e-5e69156e5823,camouflaging,el,word,1,καμουφλάζ,2026-05-20T10:33:20.567Z
12,8b353cbd-e017-4462-937e-5e69156e5823,"""walking",el,word,1,«περπατώντας,2026-05-20T10:33:24.525Z
12,8b353cbd-e017-4462-937e-5e69156e5823,unnoticeable,el,word,1,αόρατο,2026-05-20T10:33:28.928Z
12,8b353cbd-e017-4462-937e-5e69156e5823,illegally,el,word,9,παράνομα,2026-05-20T10:35:54.124Z
12,8b353cbd-e017-4462-937e-5e69156e5823,pets,el,word,1,κατοικίδια,2026-05-20T10:33:52.957Z
12,8b353cbd-e017-4462-937e-5e69156e5823,highly-valued,el,word,1,πολύτιμα,2026-05-20T10:33:55.892Z
12,8b353cbd-e017-4462-937e-5e69156e5823,well.,el,word,1,Λοιπόν.,2026-05-20T10:33:59.731Z
12,8b353cbd-e017-4462-937e-5e69156e5823,take,el,word,1,να,2026-05-20T10:34:11.757Z
12,8b353cbd-e017-4462-937e-5e69156e5823,continue,el,word,1,συνέχεια,2026-05-20T10:34:15.275Z
12,8b353cbd-e017-4462-937e-5e69156e5823,include,el,word,6,περιλαμβάνουν,2026-05-20T10:36:12.874Z
12,8b353cbd-e017-4462-937e-5e69156e5823,skins.,el,word,6,δέρματα.,2026-05-20T10:36:15.711Z
12,8b353cbd-e017-4462-937e-5e69156e5823,Pollution,el,word,8,Ρύπανση,2026-05-20T10:36:03.471Z
12,8b353cbd-e017-4462-937e-5e69156e5823,climate,el,word,2,κλίμα,2026-05-20T10:36:31.077Z
12,8b353cbd-e017-4462-937e-5e69156e5823,ecosystems,el,word,2,οικοσυστήματα,2026-05-20T10:36:46.081Z
12,8b353cbd-e017-4462-937e-5e69156e5823,trading,el,word,8,εμπόριο,2026-05-20T10:36:00.157Z
12,8b353cbd-e017-4462-937e-5e69156e5823,mining,el,word,5,ορυχεία,2026-05-20T10:36:18.940Z
12,8b353cbd-e017-4462-937e-5e69156e5823,monkeys,el,word,6,πιθήκοι,2026-05-20T10:36:01.223Z
12,8b353cbd-e017-4462-937e-5e69156e5823,likely,el,word,2,πιθανό,2026-05-20T10:36:43.191Z
12,8b353cbd-e017-4462-937e-5e69156e5823,"planet,",el,word,1,"πλανήτη,",2026-05-20T10:36:38.035Z
12,8b353cbd-e017-4462-937e-5e69156e5823,care,el,word,1,φροντίδα,2026-05-20T10:36:40.232Z
12,4b81c5c9-b5e1-408e-9cfc-117eb4e17ac9,Independence.,el,word,6,Ανεξαρτησία.,2026-05-20T10:41:08.083Z
12,4b81c5c9-b5e1-408e-9cfc-117eb4e17ac9,"""founding",el,word,2,«ιδρυτές,2026-05-20T10:37:50.214Z
12,4b81c5c9-b5e1-408e-9cfc-117eb4e17ac9,"""Committee",el,word,2,«Επιτροπή,2026-05-20T10:38:22.379Z
12,4b81c5c9-b5e1-408e-9cfc-117eb4e17ac9,overthrew,el,word,1,ανατρέψαν,2026-05-20T10:38:02.954Z
12,4b81c5c9-b5e1-408e-9cfc-117eb4e17ac9,America,el,word,4,Αμερική,2026-05-20T10:41:25.905Z
12,4b81c5c9-b5e1-408e-9cfc-117eb4e17ac9,"Originally,",el,word,1,"Αρχικά,",2026-05-20T10:38:05.388Z
12,4b81c5c9-b5e1-408e-9cfc-117eb4e17ac9,Declaration,el,word,3,Διακήρυξη,2026-05-20T10:41:06.008Z
12,4b81c5c9-b5e1-408e-9cfc-117eb4e17ac9,participated,el,word,1,συμμετείχαν,2026-05-20T10:38:15.458Z
12,4b81c5c9-b5e1-408e-9cfc-117eb4e17ac9,portrayed,el,word,1,απεικονίζεται,2026-05-20T10:38:25.010Z
12,4b81c5c9-b5e1-408e-9cfc-117eb4e17ac9,cartoons,el,word,1,γελοιογραφίες,2026-05-20T10:39:20.381Z
12,4b81c5c9-b5e1-408e-9cfc-117eb4e17ac9,Pennsylvania,el,word,1,Πενσυλβανία,2026-05-20T10:39:20.408Z
12,4b81c5c9-b5e1-408e-9cfc-117eb4e17ac9,Benjamin,el,word,1,Μπέντζαμιν,2026-05-20T10:39:27.377Z
12,4b81c5c9-b5e1-408e-9cfc-117eb4e17ac9,efforts,el,word,1,προσπάθειες,2026-05-20T10:39:33.051Z
12,4b81c5c9-b5e1-408e-9cfc-117eb4e17ac9,"Americancolonies,",el,word,1,"αμερικανικές αποικίες,",2026-05-20T10:39:34.917Z
12,4b81c5c9-b5e1-408e-9cfc-117eb4e17ac9,independence,el,word,1,ανεξαρτησία,2026-05-20T10:39:38.151Z
12,4b81c5c9-b5e1-408e-9cfc-117eb4e17ac9,London.,el,word,1,Λονδίνο.,2026-05-20T10:39:40.854Z
12,4b81c5c9-b5e1-408e-9cfc-117eb4e17ac9,American,el,word,7,Αμερικανική,2026-05-20T10:40:49.713Z
12,4b81c5c9-b5e1-408e-9cfc-117eb4e17ac9,representative,el,word,2,εκπρόσωπος,2026-05-20T10:39:59.614Z
12,4b81c5c9-b5e1-408e-9cfc-117eb4e17ac9,became,el,word,2,έγινε,2026-05-20T10:39:54.254Z
12,4b81c5c9-b5e1-408e-9cfc-117eb4e17ac9,important,el,word,3,σημαντικές,2026-05-20T10:41:28.155Z
12,4b81c5c9-b5e1-408e-9cfc-117eb4e17ac9,"""First",el,word,2,«Πρώτος,2026-05-20T10:39:54.439Z
12,4b81c5c9-b5e1-408e-9cfc-117eb4e17ac9,assisting,el,word,1,υποστήριξη,2026-05-20T10:40:08.751Z
12,4b81c5c9-b5e1-408e-9cfc-117eb4e17ac9,wore,el,word,1,φορούσε,2026-05-20T10:40:08.772Z
12,4b81c5c9-b5e1-408e-9cfc-117eb4e17ac9,wigs!),el,word,1,περούκες!),2026-05-20T10:40:09.021Z
12,4b81c5c9-b5e1-408e-9cfc-117eb4e17ac9,struggle,el,word,1,αγώνα,2026-05-20T10:40:20.033Z
12,4b81c5c9-b5e1-408e-9cfc-117eb4e17ac9,powerful,el,word,1,ισχυρή,2026-05-20T10:40:21.711Z
12,4b81c5c9-b5e1-408e-9cfc-117eb4e17ac9,Penn,el,word,1,Πεν,2026-05-20T10:40:22.893Z
12,4b81c5c9-b5e1-408e-9cfc-117eb4e17ac9,family,el,word,2,οικογένεια,2026-05-20T10:40:29.776Z
12,4b81c5c9-b5e1-408e-9cfc-117eb4e17ac9,"Pennsylvania,",el,word,1,"Πενσυλβανία,",2026-05-20T10:40:27.415Z
12,4b81c5c9-b5e1-408e-9cfc-117eb4e17ac9,continued,el,word,1,συνέχεια,2026-05-20T10:40:40.045Z
12,4b81c5c9-b5e1-408e-9cfc-117eb4e17ac9,injustices,el,word,1,αδικίες,2026-05-20T10:40:42.957Z
12,4b81c5c9-b5e1-408e-9cfc-117eb4e17ac9,Continental,el,word,2,Ηπειρωτική,2026-05-20T10:40:53.276Z
12,4b81c5c9-b5e1-408e-9cfc-117eb4e17ac9,"""Second",el,word,1,«Δεύτερη,2026-05-20T10:40:55.492Z
12,4b81c5c9-b5e1-408e-9cfc-117eb4e17ac9,"Congress,""",el,word,1,"Κογκρέσο»,",2026-05-20T10:40:56.818Z
12,4b81c5c9-b5e1-408e-9cfc-117eb4e17ac9,everyone,el,word,3,όλοι,2026-05-20T10:41:06.433Z
12,4b81c5c9-b5e1-408e-9cfc-117eb4e17ac9,assembly,el,word,1,βουλή,2026-05-20T10:41:01.070Z
12,4b81c5c9-b5e1-408e-9cfc-117eb4e17ac9,represent,el,word,2,εκπροσωπώ,2026-05-20T10:41:22.469Z
12,4b81c5c9-b5e1-408e-9cfc-117eb4e17ac9,"General,",el,word,1,"Στρατηγός,",2026-05-20T10:41:11.073Z
12,4b81c5c9-b5e1-408e-9cfc-117eb4e17ac9,Postmaster,el,word,5,Γενικός Διευθυντής Ταχυδρομείων,2026-05-20T10:41:24.734Z
12,4b81c5c9-b5e1-408e-9cfc-117eb4e17ac9,States,el,word,1,Πολιτείες,2026-05-20T10:41:21.199Z
12,4b81c5c9-b5e1-408e-9cfc-117eb4e17ac9,also,el,word,1,επίσης,2026-05-20T10:41:21.697Z
12,4b81c5c9-b5e1-408e-9cfc-117eb4e17ac9,ounce,el,word,1,ουγγιά,2026-05-20T10:41:21.745Z
12,4b81c5c9-b5e1-408e-9cfc-117eb4e17ac9,Ambassador,el,word,1,Πρέσβης,2026-05-20T10:41:31.273Z
12,4b81c5c9-b5e1-408e-9cfc-117eb4e17ac9,Pennsylvania.,el,word,1,Πενσυλβανία.,2026-05-20T10:41:36.489Z
12,4b81c5c9-b5e1-408e-9cfc-117eb4e17ac9,prevention,el,word,1,πρόληψη,2026-05-20T10:41:39.838Z
12,4b81c5c9-b5e1-408e-9cfc-117eb4e17ac9,famous,el,word,1,διάσημος,2026-05-20T10:41:40.481Z
7,518260d4-dd98-4ef6-ace2-116ba25e323d,experiment,el,word,3,πείραμα,2026-05-20T11:10:28.645Z
7,518260d4-dd98-4ef6-ace2-116ba25e323d,reduced.,el,word,1,μειωθεί.,2026-05-20T11:10:37.749Z
7,518260d4-dd98-4ef6-ace2-116ba25e323d,gaze,el,word,1,βλέμμα,2026-05-20T11:10:38.582Z
7,518260d4-dd98-4ef6-ace2-116ba25e323d,appears,el,word,1,φαίνεται,2026-05-20T11:10:39.168Z
7,518260d4-dd98-4ef6-ace2-116ba25e323d,researcher,el,word,1,ερευνητής,2026-05-20T11:10:48.385Z
7,518260d4-dd98-4ef6-ace2-116ba25e323d,letters,el,word,1,γράμματα,2026-05-20T11:10:52.496Z
7,518260d4-dd98-4ef6-ace2-116ba25e323d,found,el,word,1,βρίσκονται,2026-05-20T11:11:51.559Z
7,518260d4-dd98-4ef6-ace2-116ba25e323d,circus.,el,word,1,τσίρκο.,2026-05-20T11:11:51.574Z
7,518260d4-dd98-4ef6-ace2-116ba25e323d,"""hemisphere""",el,word,1,«ημισφαίριο»,2026-05-20T11:12:12.958Z
7,518260d4-dd98-4ef6-ace2-116ba25e323d,half,el,word,1,μισό,2026-05-20T11:12:14.145Z
7,518260d4-dd98-4ef6-ace2-116ba25e323d,Hemisphere,el,word,1,Ημισφαίριο,2026-05-20T11:12:21.852Z
7,518260d4-dd98-4ef6-ace2-116ba25e323d,precipitation.,el,word,1,βροχοπτώσεις.,2026-05-20T11:12:43.808Z
7,518260d4-dd98-4ef6-ace2-116ba25e323d,common,el,word,1,κοινά,2026-05-20T11:12:45.355Z
7,518260d4-dd98-4ef6-ace2-116ba25e323d,temperate,el,word,1,εύκρατο,2026-05-20T11:12:47.218Z
7,518260d4-dd98-4ef6-ace2-116ba25e323d,Tropical,el,word,1,Τροπικό,2026-05-20T11:13:11.772Z
7,518260d4-dd98-4ef6-ace2-116ba25e323d,animals,el,word,2,ζώα,2026-05-20T11:16:03.326Z
7,518260d4-dd98-4ef6-ace2-116ba25e323d,earth,el,word,1,Γη,2026-05-20T11:13:40.069Z
7,518260d4-dd98-4ef6-ace2-116ba25e323d,roamed,el,word,2,περιπλανιόνταν,2026-05-20T11:13:44.494Z
7,518260d4-dd98-4ef6-ace2-116ba25e323d,ecosystems,el,word,1,οικοσυστήματα,2026-05-20T11:13:44.492Z
7,518260d4-dd98-4ef6-ace2-116ba25e323d,rainforest,el,word,2,τροπικό δάσος,2026-05-20T11:15:06.049Z
7,518260d4-dd98-4ef6-ace2-116ba25e323d,"toucans,",el,word,1,"τουκάν,",2026-05-20T11:13:53.936Z
7,518260d4-dd98-4ef6-ace2-116ba25e323d,tarantulas,el,word,1,ταραντούλες,2026-05-20T11:13:57.787Z
7,518260d4-dd98-4ef6-ace2-116ba25e323d,endangered,el,word,1,απειλούμενα,2026-05-20T11:14:06.486Z
7,518260d4-dd98-4ef6-ace2-116ba25e323d,okapi.,el,word,1,οκάπι.,2026-05-20T11:14:11.353Z
7,518260d4-dd98-4ef6-ace2-116ba25e323d,hindquarters,el,word,1,οπίσθια άκρα,2026-05-20T11:14:14.943Z
7,518260d4-dd98-4ef6-ace2-116ba25e323d,"giraffe,",el,word,1,"καμηλοπάρδαλη,",2026-05-20T11:14:23.638Z
7,518260d4-dd98-4ef6-ace2-116ba25e323d,misnomer,el,word,1,απαράδεκτη ονομασία,2026-05-20T11:14:53.920Z
7,518260d4-dd98-4ef6-ace2-116ba25e323d,altitude),el,word,3,ύψος),2026-05-20T11:15:01.103Z
7,518260d4-dd98-4ef6-ace2-116ba25e323d,snakes,el,word,2,φίδια,2026-05-20T11:14:58.696Z
7,518260d4-dd98-4ef6-ace2-116ba25e323d,endemic,el,word,3,ενδημικά,2026-05-20T11:15:19.764Z
7,518260d4-dd98-4ef6-ace2-116ba25e323d,produce,el,word,1,παράγουν,2026-05-20T11:15:11.303Z
7,518260d4-dd98-4ef6-ace2-116ba25e323d,Get,el,word,1,Πλησίασε,2026-05-20T11:15:20.672Z
7,518260d4-dd98-4ef6-ace2-116ba25e323d,surroundings,el,word,1,περιβάλλον,2026-05-20T11:15:31.301Z
7,518260d4-dd98-4ef6-ace2-116ba25e323d,beaks.,el,word,1,ράμφη.,2026-05-20T11:15:38.270Z
7,518260d4-dd98-4ef6-ace2-116ba25e323d,camouflaging,el,word,1,καμουφλάζ,2026-05-20T11:16:05.547Z
7,518260d4-dd98-4ef6-ace2-116ba25e323d,blends,el,word,1,δένει,2026-05-20T11:16:13.058Z
7,518260d4-dd98-4ef6-ace2-116ba25e323d,unnoticeable,el,word,1,αόρατο,2026-05-20T11:16:16.986Z
7,518260d4-dd98-4ef6-ace2-116ba25e323d,identical,el,word,1,πανομοιότυπα,2026-05-20T11:16:24.914Z
7,518260d4-dd98-4ef6-ace2-116ba25e323d,biodiversity,el,word,1,βιοποικιλότητα,2026-05-20T11:16:30.854Z
7,518260d4-dd98-4ef6-ace2-116ba25e323d,illegally,el,word,1,παράνομα,2026-05-20T11:16:42.255Z
7,518260d4-dd98-4ef6-ace2-116ba25e323d,trading,el,word,1,εμπόριο,2026-05-20T11:16:45.390Z
7,518260d4-dd98-4ef6-ace2-116ba25e323d,pets,el,word,1,κατοικίδια,2026-05-20T11:16:47.718Z
7,518260d4-dd98-4ef6-ace2-116ba25e323d,highly-valued,el,word,1,πολύτιμα,2026-05-20T11:16:50.773Z
7,518260d4-dd98-4ef6-ace2-116ba25e323d,"Hemisphere,",el,word,1,"Ημισφαίριο,",2026-05-20T11:17:04.090Z
7,877604a0-9ac6-469b-b28a-8ff975833258,collection,el,word,1,συλλογή,2026-05-20T11:21:22.906Z
7,877604a0-9ac6-469b-b28a-8ff975833258,"textures,",el,word,1,"υφές,",2026-05-20T11:21:30.482Z
7,877604a0-9ac6-469b-b28a-8ff975833258,"light,",el,word,2,"φως,",2026-05-20T11:23:19.629Z
7,877604a0-9ac6-469b-b28a-8ff975833258,wouldn't,el,word,1,δεν θα,2026-05-20T11:21:54.066Z
7,877604a0-9ac6-469b-b28a-8ff975833258,process,el,word,1,επεξεργασία,2026-05-20T11:21:55.972Z
7,877604a0-9ac6-469b-b28a-8ff975833258,electromagnetic,el,word,7,ηλεκτρομαγνητική,2026-05-20T11:25:52.802Z
7,877604a0-9ac6-469b-b28a-8ff975833258,wave-like,el,word,1,κυματοειδής,2026-05-20T11:22:02.003Z
7,877604a0-9ac6-469b-b28a-8ff975833258,spectrum,el,word,1,φάσμα,2026-05-20T11:22:07.601Z
7,877604a0-9ac6-469b-b28a-8ff975833258,"X-rays,",el,word,1,"ακτίνες Χ,",2026-05-20T11:22:18.254Z
7,877604a0-9ac6-469b-b28a-8ff975833258,eyes,el,word,1,μάτια,2026-05-20T11:22:34.763Z
7,877604a0-9ac6-469b-b28a-8ff975833258,organized,el,word,2,οργανωμένο,2026-05-20T11:23:10.496Z
7,877604a0-9ac6-469b-b28a-8ff975833258,get,el,word,1,λάβετε,2026-05-20T11:22:56.788Z
7,877604a0-9ac6-469b-b28a-8ff975833258,wavelength.,el,word,2,μήκος κύματος.,2026-05-20T11:23:12.829Z
7,877604a0-9ac6-469b-b28a-8ff975833258,intensities,el,word,1,εντάσεις,2026-05-20T11:23:07.161Z
7,877604a0-9ac6-469b-b28a-8ff975833258,different,el,word,1,διαφορετικά,2026-05-20T11:23:16.813Z
7,877604a0-9ac6-469b-b28a-8ff975833258,scrunched,el,word,1,συμπιεσμένα,2026-05-20T11:23:24.399Z
7,877604a0-9ac6-469b-b28a-8ff975833258,slinky.,el,word,1,σπείρα.,2026-05-20T11:23:27.582Z
7,877604a0-9ac6-469b-b28a-8ff975833258,radio,el,word,1,ραδιόφωνο,2026-05-20T11:24:31.320Z
7,877604a0-9ac6-469b-b28a-8ff975833258,waves-different,el,word,1,κύματα - διαφορετικά,2026-05-20T11:24:32.057Z
7,877604a0-9ac6-469b-b28a-8ff975833258,energy-bouncing,el,word,1,ενέργεια που ανακλάται,2026-05-20T11:24:35.439Z
7,877604a0-9ac6-469b-b28a-8ff975833258,Scientists,el,word,1,Επιστήμονες,2026-05-20T11:24:42.633Z
7,877604a0-9ac6-469b-b28a-8ff975833258,infinite,el,word,1,άπειρο,2026-05-20T11:24:50.892Z
7,877604a0-9ac6-469b-b28a-8ff975833258,may,el,word,1,μπορεί,2026-05-20T11:24:55.583Z
7,877604a0-9ac6-469b-b28a-8ff975833258,studying,el,word,1,μελετώντας,2026-05-20T11:25:15.551Z
7,877604a0-9ac6-469b-b28a-8ff975833258,humankind,el,word,1,η ανθρωπότητα,2026-05-20T11:25:23.785Z
7,877604a0-9ac6-469b-b28a-8ff975833258,given,el,word,1,δεδομένου,2026-05-20T11:25:25.302Z
7,877604a0-9ac6-469b-b28a-8ff975833258,"spectrum,",el,word,1,"φάσμα,",2026-05-20T11:25:29.496Z
7,877604a0-9ac6-469b-b28a-8ff975833258,waves,el,word,1,κύματα,2026-05-20T11:25:32.769Z
7,877604a0-9ac6-469b-b28a-8ff975833258,harness,el,word,1,αξιοποίηση,2026-05-20T11:25:47.615Z
7,877604a0-9ac6-469b-b28a-8ff975833258,night-vision,el,word,2,νυχτερινή όραση,2026-05-20T11:26:10.832Z
7,877604a0-9ac6-469b-b28a-8ff975833258,examples,el,word,1,παραδείγματα,2026-05-20T11:26:03.927Z
7,877604a0-9ac6-469b-b28a-8ff975833258,technology,el,word,1,τεχνολογία,2026-05-20T11:26:05.448Z
7,877604a0-9ac6-469b-b28a-8ff975833258,superhuman,el,word,1,υπεράνθρωπος,2026-05-20T11:26:09.546Z
7,877604a0-9ac6-469b-b28a-8ff975833258,frequencies,el,word,1,συχνότητες,2026-05-20T11:26:10.927Z
7,877604a0-9ac6-469b-b28a-8ff975833258,Even,el,word,3,Ακόμη και,2026-05-20T11:26:18.146Z
7,877604a0-9ac6-469b-b28a-8ff975833258,friends,el,word,1,φίλοι,2026-05-20T11:26:18.110Z
7,877604a0-9ac6-469b-b28a-8ff975833258,images,el,word,2,εικόνες,2026-05-20T11:26:18.231Z
7,877604a0-9ac6-469b-b28a-8ff975833258,vivid,el,word,1,ζωντανά,2026-05-20T11:26:31.756Z
7,877604a0-9ac6-469b-b28a-8ff975833258,faces,el,word,1,πρόσωπα,2026-05-20T11:26:34.724Z
7,877604a0-9ac6-469b-b28a-8ff975833258,possible,el,word,1,πιθανό,2026-05-20T11:26:35.196Z
7,877604a0-9ac6-469b-b28a-8ff975833258,comprehensible,el,word,1,κατανοητές,2026-05-20T11:26:42.569Z
7,877604a0-9ac6-469b-b28a-8ff975833258,physical,el,word,1,φυσικό,2026-05-20T11:27:28.886Z
20,a9ac339f-5521-49b9-bca7-7accb0a57bc0,morning,el,word,1,πρωί,2026-05-20T11:44:53.429Z
20,a9ac339f-5521-49b9-bca7-7accb0a57bc0,first,el,word,1,πρώτη,2026-05-20T11:44:59.587Z
20,a9ac339f-5521-49b9-bca7-7accb0a57bc0,researcher,el,word,1,ερευνητής,2026-05-20T11:45:00.309Z
20,a9ac339f-5521-49b9-bca7-7accb0a57bc0,right.,el,word,1,δεξιά.,2026-05-20T11:45:00.348Z
20,a9ac339f-5521-49b9-bca7-7accb0a57bc0,whether,el,word,2,αν,2026-05-20T11:45:08.581Z
20,a9ac339f-5521-49b9-bca7-7accb0a57bc0,letters,el,word,1,γράμματα,2026-05-20T11:45:00.595Z
20,a9ac339f-5521-49b9-bca7-7accb0a57bc0,.,el,word,1,.,2026-05-20T11:45:00.810Z
20,a9ac339f-5521-49b9-bca7-7accb0a57bc0,font.,el,word,1,γραμματοσειρά.,2026-05-20T11:45:03.529Z
20,a9ac339f-5521-49b9-bca7-7accb0a57bc0,validation,el,word,1,επικύρωση,2026-05-20T11:45:08.635Z
20,a9ac339f-5521-49b9-bca7-7accb0a57bc0,Paragraph,el,word,1,Παράγραφος,2026-05-20T11:45:14.656Z
20,a9ac339f-5521-49b9-bca7-7accb0a57bc0,systematic,el,word,2,συστηματική,2026-05-20T11:45:26.540Z
20,a9ac339f-5521-49b9-bca7-7accb0a57bc0,"line,",el,word,1,"γραμμή,",2026-05-20T11:45:21.807Z
20,a3fc9cf5-eb74-4415-9645-ed76b04722ec,protected,el,word,1,προστατευόμενες,2026-05-20T11:46:17.716Z
20,a3fc9cf5-eb74-4415-9645-ed76b04722ec,"recreation,",el,word,4,"αναψυχή,",2026-05-20T11:47:30.224Z
20,a3fc9cf5-eb74-4415-9645-ed76b04722ec,wilderness,el,word,1,άγρια φύση,2026-05-20T11:46:19.986Z
20,a3fc9cf5-eb74-4415-9645-ed76b04722ec,invades,el,word,1,εισβάλλει,2026-05-20T11:46:22.497Z
20,a3fc9cf5-eb74-4415-9645-ed76b04722ec,development,el,word,3,ανάπτυξη,2026-05-20T11:47:05.910Z
20,a3fc9cf5-eb74-4415-9645-ed76b04722ec,national,el,word,1,εθνικό,2026-05-20T11:46:37.835Z
20,a3fc9cf5-eb74-4415-9645-ed76b04722ec,"aircraft,",el,word,1,"αεροσκάφη,",2026-05-20T11:46:40.844Z
20,a3fc9cf5-eb74-4415-9645-ed76b04722ec,traffic,el,word,2,κυκλοφορία,2026-05-20T11:47:05.362Z
20,a3fc9cf5-eb74-4415-9645-ed76b04722ec,ReadWorks’,el,word,1,ReadWorks’,2026-05-20T11:46:52.649Z
20,a3fc9cf5-eb74-4415-9645-ed76b04722ec,Areas,el,word,1,Περιοχές,2026-05-20T11:46:56.118Z
20,a3fc9cf5-eb74-4415-9645-ed76b04722ec,Holtz,el,word,1,Holtz,2026-05-20T11:47:02.674Z
20,a3fc9cf5-eb74-4415-9645-ed76b04722ec,analysis,el,word,1,ανάλυση,2026-05-20T11:47:18.537Z
20,a3fc9cf5-eb74-4415-9645-ed76b04722ec,"""pervasive""",el,word,1,«διαδεδομένοι»,2026-05-20T11:47:27.030Z
20,a3fc9cf5-eb74-4415-9645-ed76b04722ec,conservation,el,word,1,διατήρηση,2026-05-20T11:47:31.594Z
20,a3fc9cf5-eb74-4415-9645-ed76b04722ec,respite,el,word,1,ανάπαυλα,2026-05-20T11:47:32.881Z
20,a3fc9cf5-eb74-4415-9645-ed76b04722ec,din,el,word,1,θόρυβος,2026-05-20T11:47:36.840Z
20,a3fc9cf5-eb74-4415-9645-ed76b04722ec,background,el,word,2,φόντο,2026-05-20T11:50:32.162Z
20,a3fc9cf5-eb74-4415-9645-ed76b04722ec,wildlife,el,word,1,άγρια φύση,2026-05-20T11:47:59.121Z
20,a3fc9cf5-eb74-4415-9645-ed76b04722ec,excess,el,word,1,υπερβολικός,2026-05-20T11:48:16.008Z
20,a3fc9cf5-eb74-4415-9645-ed76b04722ec,study,el,word,1,μελέτη,2026-05-20T11:48:18.371Z
20,a3fc9cf5-eb74-4415-9645-ed76b04722ec,quantify,el,word,1,ποσοτικοποίηση,2026-05-20T11:48:19.117Z
20,a3fc9cf5-eb74-4415-9645-ed76b04722ec,contribution,el,word,2,συμβολή,2026-05-20T11:48:21.461Z
20,a3fc9cf5-eb74-4415-9645-ed76b04722ec,Rachel,el,word,1,Ρέιτσελ,2026-05-20T11:48:21.508Z
20,a3fc9cf5-eb74-4415-9645-ed76b04722ec,average,el,word,2,μέσος όρος,2026-05-20T11:48:21.607Z
20,a3fc9cf5-eb74-4415-9645-ed76b04722ec,soundscape,el,word,1,ηχοτοπίο,2026-05-20T11:48:23.757Z
20,a3fc9cf5-eb74-4415-9645-ed76b04722ec,recordings.,el,word,1,ηχογραφήσεις.,2026-05-20T11:48:43.309Z
20,a3fc9cf5-eb74-4415-9645-ed76b04722ec,brook.,el,word,3,ρυάκι.,2026-05-20T11:49:05.846Z
20,a3fc9cf5-eb74-4415-9645-ed76b04722ec,overflights,el,word,2,πτήσεις,2026-05-20T11:49:29.249Z
20,a3fc9cf5-eb74-4415-9645-ed76b04722ec,"decibels,",el,word,1,"ντεσιμπέλ,",2026-05-20T11:49:04.417Z
20,a3fc9cf5-eb74-4415-9645-ed76b04722ec,independent,el,word,2,ανεξάρτητη,2026-05-20T11:49:22.711Z
20,a3fc9cf5-eb74-4415-9645-ed76b04722ec,park,el,word,1,πάρκο,2026-05-20T11:49:13.375Z
20,a3fc9cf5-eb74-4415-9645-ed76b04722ec,Buxton,el,word,1,Μπάξτον,2026-05-20T11:49:14.358Z
20,a3fc9cf5-eb74-4415-9645-ed76b04722ec,National,el,word,1,Εθνικό,2026-05-20T11:49:24.311Z
20,a3fc9cf5-eb74-4415-9645-ed76b04722ec,levels,el,word,1,επίπεδα,2026-05-20T11:49:32.949Z
20,a3fc9cf5-eb74-4415-9645-ed76b04722ec,avian,el,word,1,πτηνών,2026-05-20T11:49:52.312Z
20,a3fc9cf5-eb74-4415-9645-ed76b04722ec,discovering,el,word,1,ανακαλύπτοντας,2026-05-20T11:50:07.432Z
20,a3fc9cf5-eb74-4415-9645-ed76b04722ec,musicologist,el,word,1,μουσικολόγος,2026-05-20T11:50:14.125Z
20,a3fc9cf5-eb74-4415-9645-ed76b04722ec,restorative,el,word,1,αναζωογονητική,2026-05-20T11:50:33.651Z
20,a3fc9cf5-eb74-4415-9645-ed76b04722ec,also,el,word,1,επίσης,2026-05-20T11:50:39.705Z
20,a3fc9cf5-eb74-4415-9645-ed76b04722ec,"sounds,",el,word,1,"ήχους,",2026-05-20T11:51:00.949Z
20,a3fc9cf5-eb74-4415-9645-ed76b04722ec,Pennsylvania,el,word,1,Πενσυλβάνια,2026-05-20T11:51:09.731Z
20,a3fc9cf5-eb74-4415-9645-ed76b04722ec,added,el,word,1,προστέθηκε,2026-05-20T11:51:28.495Z
20,a3fc9cf5-eb74-4415-9645-ed76b04722ec,University,el,word,1,Πανεπιστήμιο,2026-05-20T11:52:41.786Z
20,aa97c58b-e684-452a-972a-30f63e8e3bc2,home,el,word,1,σπίτι,2026-05-20T11:53:55.127Z
20,aa97c58b-e684-452a-972a-30f63e8e3bc2,Though,el,word,1,Αν και,2026-05-20T11:54:01.376Z
20,aa97c58b-e684-452a-972a-30f63e8e3bc2,intimidation,el,word,1,εκφοβισμός,2026-05-20T11:54:17.158Z
20,aa97c58b-e684-452a-972a-30f63e8e3bc2,carpools.,el,word,1,ομάδες μεταφοράς με αυτοκίνητο.,2026-05-20T11:54:19.987Z
20,aa97c58b-e684-452a-972a-30f63e8e3bc2,"background,",el,word,1,"προέλευσης,",2026-05-20T11:54:28.448Z
20,aa97c58b-e684-452a-972a-30f63e8e3bc2,generations,el,word,1,γενιές,2026-05-20T11:54:48.741Z
20,aa97c58b-e684-452a-972a-30f63e8e3bc2,country,el,word,1,χώρα,2026-05-20T11:55:01.423Z
20,aa97c58b-e684-452a-972a-30f63e8e3bc2,enduring,el,word,1,διαχρονική,2026-05-20T11:55:21.620Z
20,aa97c58b-e684-452a-972a-30f63e8e3bc2,thirty-seventh.,el,word,3,τριακοστή έβδομη.,2026-05-20T11:57:27.768Z
20,aa97c58b-e684-452a-972a-30f63e8e3bc2,hereunto,el,word,1,στο παρόν,2026-05-20T11:55:23.309Z
20,aa97c58b-e684-452a-972a-30f63e8e3bc2,Independence,el,word,1,Ανεξαρτησία,2026-05-20T11:55:24.363Z
20,aa97c58b-e684-452a-972a-30f63e8e3bc2,thousand,el,word,1,χιλιάδες,2026-05-20T11:55:28.684Z
8,e0d41081-11bd-4448-8c0b-af5ab1ca30c1,thirtyseventh,el,word,1,τριάντα έβδομος,2026-05-20T12:13:46.646Z
8,ba1f1e7b-72ce-42dd-9879-435a2fdfcaf3,reduced.,el,word,1,μειωθεί.,2026-05-20T12:14:51.926Z
8,ba1f1e7b-72ce-42dd-9879-435a2fdfcaf3,still,el,word,1,ακόμα,2026-05-20T12:14:52.067Z
8,ba1f1e7b-72ce-42dd-9879-435a2fdfcaf3,"movements,",el,word,2,"κινήσεις,",2026-05-20T12:14:52.813Z
8,ba1f1e7b-72ce-42dd-9879-435a2fdfcaf3,makes,el,word,2,κάνει,2026-05-20T12:14:58.069Z
8,ba1f1e7b-72ce-42dd-9879-435a2fdfcaf3,beside,el,word,1,δίπλα,2026-05-20T12:14:58.169Z
8,ba1f1e7b-72ce-42dd-9879-435a2fdfcaf3,begins.,el,word,4,ξεκινά.,2026-05-20T12:14:58.497Z
8,ba1f1e7b-72ce-42dd-9879-435a2fdfcaf3,larger,el,word,2,μεγαλύτερη,2026-05-20T12:14:58.871Z
8,ba1f1e7b-72ce-42dd-9879-435a2fdfcaf3,help,el,word,2,βοήθεια,2026-05-20T12:14:58.959Z
8,ba1f1e7b-72ce-42dd-9879-435a2fdfcaf3,fonts.,el,word,1,γραμματοσειρές.,2026-05-20T12:14:58.938Z
8,ba1f1e7b-72ce-42dd-9879-435a2fdfcaf3,simple,el,word,1,απλή,2026-05-20T12:14:59.290Z
8,cf5eb027-4825-412e-9485-3879d4ff4811,ReadWorks,el,word,1,ReadWorks,2026-05-20T12:16:27.242Z
8,cf5eb027-4825-412e-9485-3879d4ff4811,Independence.,el,word,1,Ανεξαρτησία.,2026-05-20T12:16:57.072Z
8,cf5eb027-4825-412e-9485-3879d4ff4811,States,el,word,1,Πολιτείες,2026-05-20T12:17:08.116Z
8,cf5eb027-4825-412e-9485-3879d4ff4811,pound,el,word,2,λίβρα,2026-05-20T12:17:18.797Z
8,cf5eb027-4825-412e-9485-3879d4ff4811,prevention,el,word,2,πρόληψη,2026-05-20T12:17:43.499Z
8,cf5eb027-4825-412e-9485-3879d4ff4811,"General,",el,word,2,"Στρατηγός,",2026-05-20T12:18:39.375Z
8,cf5eb027-4825-412e-9485-3879d4ff4811,Ambassador,el,word,4,Πρέσβης,2026-05-20T12:18:40.915Z
8,cf5eb027-4825-412e-9485-3879d4ff4811,worth,el,word,1,αξία,2026-05-20T12:18:26.577Z
8,cf5eb027-4825-412e-9485-3879d4ff4811,"established,",el,word,1,"ιδρύθηκαν,",2026-05-20T12:18:37.637Z
8,cf5eb027-4825-412e-9485-3879d4ff4811,precipitation.,el,word,1,βροχοπτώσεις.,2026-05-20T12:20:22.715Z
8,cf5eb027-4825-412e-9485-3879d4ff4811,rainforest,el,word,2,τροπικό δάσος,2026-05-20T12:21:16.239Z
8,cf5eb027-4825-412e-9485-3879d4ff4811,"toucans,",el,word,2,"τουκάν,",2026-05-20T12:20:59.079Z
8,cf5eb027-4825-412e-9485-3879d4ff4811,hindquarters,el,word,1,οπίσθια άκρα,2026-05-20T12:21:08.341Z
8,cf5eb027-4825-412e-9485-3879d4ff4811,perky,el,word,1,περήφανα,2026-05-20T12:21:12.892Z
8,cf5eb027-4825-412e-9485-3879d4ff4811,misnomer,el,word,1,ακατάλληλη ονομασία,2026-05-20T12:21:25.622Z
8,cf5eb027-4825-412e-9485-3879d4ff4811,rainforests,el,word,4,τροπικά δάση,2026-05-20T12:23:32.216Z
8,cf5eb027-4825-412e-9485-3879d4ff4811,surroundings,el,word,1,περιβάλλον,2026-05-20T12:21:44.758Z
8,cf5eb027-4825-412e-9485-3879d4ff4811,unique,el,word,1,μοναδικό,2026-05-20T12:22:33.631Z
8,cf5eb027-4825-412e-9485-3879d4ff4811,monkeys,el,word,1,πιθήκοι,2026-05-20T12:23:05.413Z
8,cf5eb027-4825-412e-9485-3879d4ff4811,skins.,el,word,3,δέρματα.,2026-05-20T12:24:05.369Z
8,cf5eb027-4825-412e-9485-3879d4ff4811,climate,el,word,4,κλίμα,2026-05-20T12:24:16.734Z
8,cf5eb027-4825-412e-9485-3879d4ff4811,Pollution,el,word,3,Ρύπανση,2026-05-20T12:23:49.225Z
8,cf5eb027-4825-412e-9485-3879d4ff4811,illegally,el,word,2,παράνομα,2026-05-20T12:24:05.040Z
8,cf5eb027-4825-412e-9485-3879d4ff4811,trading,el,word,1,εμπόριο,2026-05-20T12:23:45.092Z
8,cf5eb027-4825-412e-9485-3879d4ff4811,likely,el,word,1,πιθανό,2026-05-20T12:24:20.959Z
8,cf5eb027-4825-412e-9485-3879d4ff4811,"planet,",el,word,1,"πλανήτη,",2026-05-20T12:24:24.212Z
13,879f8db9-d316-4435-98fe-3f8297a7bc85,laboratory.,el,word,1,εργαστήριο.,2026-05-20T12:30:59.996Z
13,879f8db9-d316-4435-98fe-3f8297a7bc85,university,el,word,1,πανεπιστήμιο,2026-05-20T12:31:02.719Z
13,879f8db9-d316-4435-98fe-3f8297a7bc85,morning,el,word,1,πρωί,2026-05-20T12:31:04.197Z
13,879f8db9-d316-4435-98fe-3f8297a7bc85,layout.,el,word,1,Διάταξη.,2026-05-20T12:31:09.302Z
13,879f8db9-d316-4435-98fe-3f8297a7bc85,researcher,el,word,1,ερευνητής,2026-05-20T12:31:11.863Z
13,879f8db9-d316-4435-98fe-3f8297a7bc85,begins.,el,word,2,ξεκινά.,2026-05-20T12:31:38.934Z
13,879f8db9-d316-4435-98fe-3f8297a7bc85,makes,el,word,1,κάνει,2026-05-20T12:31:38.548Z
13,879f8db9-d316-4435-98fe-3f8297a7bc85,words,el,word,1,λέξεις,2026-05-20T12:31:38.658Z
13,879f8db9-d316-4435-98fe-3f8297a7bc85,beside,el,word,1,δίπλα,2026-05-20T12:31:38.796Z
13,879f8db9-d316-4435-98fe-3f8297a7bc85,system,el,word,1,σύστημα,2026-05-20T12:31:48.191Z
13,879f8db9-d316-4435-98fe-3f8297a7bc85,detects,el,word,1,ανιχνεύει,2026-05-20T12:31:50.894Z
13,879f8db9-d316-4435-98fe-3f8297a7bc85,distance,el,word,1,απόσταση,2026-05-20T12:31:59.132Z
13,879f8db9-d316-4435-98fe-3f8297a7bc85,smaller.,el,word,4,μικρότερο.,2026-05-20T12:32:15.918Z
13,879f8db9-d316-4435-98fe-3f8297a7bc85,followed,el,word,2,ακολουθούσε,2026-05-20T12:32:12.537Z
13,879f8db9-d316-4435-98fe-3f8297a7bc85,experiment,el,word,5,πείραμα,2026-05-20T12:32:24.468Z
13,879f8db9-d316-4435-98fe-3f8297a7bc85,uses,el,word,3,χρησιμοποιεί,2026-05-20T12:32:13.019Z
13,879f8db9-d316-4435-98fe-3f8297a7bc85,next,el,word,1,επόμενο,2026-05-20T12:32:18.162Z
13,879f8db9-d316-4435-98fe-3f8297a7bc85,Paragraph,el,word,1,Παράγραφος,2026-05-20T12:32:19.226Z
13,879f8db9-d316-4435-98fe-3f8297a7bc85,pace.,el,word,1,ρυθμό.,2026-05-20T12:32:31.389Z
13,0984353a-0fa9-4c91-893e-e8393f179dfd,Alissa,el,word,1,Alissa,2026-05-20T12:33:36.339Z
13,0984353a-0fa9-4c91-893e-e8393f179dfd,might,el,word,1,ίσως,2026-05-20T12:33:47.312Z
13,0984353a-0fa9-4c91-893e-e8393f179dfd,important,el,word,3,σημαντικό,2026-05-20T12:33:48.070Z
13,0984353a-0fa9-4c91-893e-e8393f179dfd,"Unfortunately,",el,word,3,"Δυστυχώς,",2026-05-20T12:33:47.944Z
13,0984353a-0fa9-4c91-893e-e8393f179dfd,possibly,el,word,1,ενδεχομένως,2026-05-20T12:33:49.693Z
13,0984353a-0fa9-4c91-893e-e8393f179dfd,Earth-no,el,word,1,Γη-όχι,2026-05-20T12:34:03.063Z
13,0984353a-0fa9-4c91-893e-e8393f179dfd,matter,el,word,1,θέμα,2026-05-20T12:34:04.898Z
13,0984353a-0fa9-4c91-893e-e8393f179dfd,ecosystem,el,word,1,οικοσύστημα,2026-05-20T12:34:07.734Z
13,0984353a-0fa9-4c91-893e-e8393f179dfd,frighteningly,el,word,1,τρομακτικά,2026-05-20T12:34:19.747Z
13,0984353a-0fa9-4c91-893e-e8393f179dfd,plants,el,word,1,φυτά,2026-05-20T12:34:34.071Z
13,0984353a-0fa9-4c91-893e-e8393f179dfd,also,el,word,1,επίσης,2026-05-20T12:34:34.092Z
13,0984353a-0fa9-4c91-893e-e8393f179dfd,deaths,el,word,1,θανάτων,2026-05-20T12:34:34.187Z
13,0984353a-0fa9-4c91-893e-e8393f179dfd,mysterious,el,word,5,μυστηριώδη,2026-05-20T12:34:58.327Z
13,0984353a-0fa9-4c91-893e-e8393f179dfd,pollinate,el,word,1,επικονίαση,2026-05-20T12:34:39.186Z
13,0984353a-0fa9-4c91-893e-e8393f179dfd,instance,el,word,1,παράδειγμα,2026-05-20T12:34:40.942Z
13,0984353a-0fa9-4c91-893e-e8393f179dfd,essential,el,word,1,απαραίτητες,2026-05-20T12:34:46.027Z
13,0984353a-0fa9-4c91-893e-e8393f179dfd,pollination.,el,word,1,επικονίαση.,2026-05-20T12:34:49.552Z
13,0984353a-0fa9-4c91-893e-e8393f179dfd,potential,el,word,1,πιθανές,2026-05-20T12:35:00.976Z
13,0984353a-0fa9-4c91-893e-e8393f179dfd,"pesticides,",el,word,2,"φυτοφάρμακα,",2026-05-20T12:35:09.504Z
13,0984353a-0fa9-4c91-893e-e8393f179dfd,(CCD)-a,el,word,1,(CCD) – μια,2026-05-20T12:35:04.271Z
13,0984353a-0fa9-4c91-893e-e8393f179dfd,possible,el,word,1,πιθανές,2026-05-20T12:35:07.471Z
13,0984353a-0fa9-4c91-893e-e8393f179dfd,"scientists,",el,word,1,"επιστήμονες,",2026-05-20T12:35:47.876Z
13,0984353a-0fa9-4c91-893e-e8393f179dfd,removed,el,word,1,απομακρύνθηκαν,2026-05-20T12:36:01.282Z
13,0984353a-0fa9-4c91-893e-e8393f179dfd,species-other,el,word,2,είδη - άλλα,2026-05-20T12:36:03.904Z
13,0984353a-0fa9-4c91-893e-e8393f179dfd,researchers,el,word,1,ερευνητές,2026-05-20T12:36:05.018Z
13,0984353a-0fa9-4c91-893e-e8393f179dfd,requires,el,word,2,απαιτεί,2026-05-20T12:36:15.464Z
13,0984353a-0fa9-4c91-893e-e8393f179dfd,fewer,el,word,1,λιγότερα,2026-05-20T12:36:14.979Z
13,0984353a-0fa9-4c91-893e-e8393f179dfd,"""less",el,word,1,«λιγότερο,2026-05-20T12:36:18.463Z
13,0984353a-0fa9-4c91-893e-e8393f179dfd,"faithful""",el,word,1,πιστές»,2026-05-20T12:36:18.777Z
13,0984353a-0fa9-4c91-893e-e8393f179dfd,larkspur,el,word,2,λαρκσπούρ,2026-05-20T12:36:37.254Z
13,0984353a-0fa9-4c91-893e-e8393f179dfd,"bumblebees,",el,word,2,"μελισσών,",2026-05-20T12:36:25.248Z
13,0984353a-0fa9-4c91-893e-e8393f179dfd,unable,el,word,1,ανίκανος,2026-05-20T12:36:24.944Z
13,0984353a-0fa9-4c91-893e-e8393f179dfd,particular,el,word,1,συγκεκριμένης,2026-05-20T12:36:29.262Z
13,0984353a-0fa9-4c91-893e-e8393f179dfd,organizations,el,word,1,οργανώσεις,2026-05-20T12:36:56.748Z
13,0984353a-0fa9-4c91-893e-e8393f179dfd,"pollinators.""",el,word,1,επικονιαστές».,2026-05-20T12:36:56.757Z
13,0984353a-0fa9-4c91-893e-e8393f179dfd,enhancement...targeted,el,word,1,βελτίωση... στοχευμένη,2026-05-20T12:37:00.270Z
13,0984353a-0fa9-4c91-893e-e8393f179dfd,imperative,el,word,1,απαραίτητο,2026-05-20T12:37:15.785Z
13,0984353a-0fa9-4c91-893e-e8393f179dfd,increase,el,word,1,αυξήσουμε,2026-05-20T12:37:16.952Z
13,ecb59a43-6ee7-409e-85ec-50423601f849,ReadWorks,el,word,1,ReadWorks,2026-05-20T12:40:09.006Z
13,ecb59a43-6ee7-409e-85ec-50423601f849,"Historically,",el,word,1,"Ιστορικά,",2026-05-20T12:40:14.552Z
13,ecb59a43-6ee7-409e-85ec-50423601f849,exploration,el,word,7,εξερεύνηση,2026-05-20T12:41:19.668Z
13,ecb59a43-6ee7-409e-85ec-50423601f849,places,el,word,1,μέρη,2026-05-20T12:40:33.734Z
13,ecb59a43-6ee7-409e-85ec-50423601f849,Europe),el,word,1,Ευρώπη),2026-05-20T12:40:57.603Z
13,ecb59a43-6ee7-409e-85ec-50423601f849,"reckoning,""",el,word,1,"υπολογισμός»,",2026-05-20T12:41:01.666Z
13,ecb59a43-6ee7-409e-85ec-50423601f849,navigational,el,word,3,πλοήγησης,2026-05-20T12:43:29.124Z
13,ecb59a43-6ee7-409e-85ec-50423601f849,frontier,el,word,2,όριο,2026-05-20T12:41:20.174Z
13,ecb59a43-6ee7-409e-85ec-50423601f849,Time-keeping,el,word,1,Χρονομέτρηση,2026-05-20T12:41:49.415Z
13,ecb59a43-6ee7-409e-85ec-50423601f849,"hourglasses,",el,word,1,"κλεψύδρες,",2026-05-20T12:41:50.651Z
13,ecb59a43-6ee7-409e-85ec-50423601f849,important,el,word,1,σημαντικό,2026-05-20T12:41:51.696Z
13,ecb59a43-6ee7-409e-85ec-50423601f849,navigators,el,word,1,πλοηγοί,2026-05-20T12:41:55.536Z
13,ecb59a43-6ee7-409e-85ec-50423601f849,always,el,word,1,πάντα,2026-05-20T12:42:02.493Z
13,ecb59a43-6ee7-409e-85ec-50423601f849,accurate,el,word,1,ακριβείς,2026-05-20T12:42:04.091Z
13,ecb59a43-6ee7-409e-85ec-50423601f849,calculating,el,word,1,υπολογισμός,2026-05-20T12:42:07.786Z
13,ecb59a43-6ee7-409e-85ec-50423601f849,helpedexplorers,el,word,1,βοηθούσε τους εξερευνητές,2026-05-20T12:42:30.054Z
13,ecb59a43-6ee7-409e-85ec-50423601f849,latitudinal,el,word,1,γεωγραφικό πλάτος,2026-05-20T12:42:32.253Z
13,ecb59a43-6ee7-409e-85ec-50423601f849,incomplete,el,word,2,ατελής,2026-05-20T12:42:40.139Z
13,ecb59a43-6ee7-409e-85ec-50423601f849,knowledge,el,word,1,γνώση,2026-05-20T12:42:37.159Z
13,ecb59a43-6ee7-409e-85ec-50423601f849,complete,el,word,1,πλήρης,2026-05-20T12:43:02.980Z
13,ecb59a43-6ee7-409e-85ec-50423601f849,Columbus,el,word,1,Κολόμβος,2026-05-20T12:43:03.402Z
13,ecb59a43-6ee7-409e-85ec-50423601f849,believed,el,word,1,πίστευε,2026-05-20T12:43:05.669Z
13,ecb59a43-6ee7-409e-85ec-50423601f849,"hand,",el,word,1,"από την άλλη,",2026-05-20T12:43:06.651Z
13,ecb59a43-6ee7-409e-85ec-50423601f849,reached,el,word,1,έφτασε,2026-05-20T12:43:07.325Z
13,ecb59a43-6ee7-409e-85ec-50423601f849,sextant,el,word,1,εξάντα,2026-05-20T12:43:36.685Z
21,dc8e45f9-040f-4d23-b0a6-d351fe09aacf,whether,el,word,1,αν,2026-05-20T13:07:36.246Z
21,dc8e45f9-040f-4d23-b0a6-d351fe09aacf,accurately,el,word,2,με ακρίβεια,2026-05-20T13:07:43.683Z
21,dc8e45f9-040f-4d23-b0a6-d351fe09aacf,slightly,el,word,1,ελαφρώς,2026-05-20T13:07:43.708Z
21,dc8e45f9-040f-4d23-b0a6-d351fe09aacf,adjusted,el,word,2,ρύθμισε,2026-05-20T13:07:55.065Z
21,dc8e45f9-040f-4d23-b0a6-d351fe09aacf,read,el,word,2,να διαβάζεις,2026-05-20T13:07:55.167Z
21,dc8e45f9-040f-4d23-b0a6-d351fe09aacf,system,el,word,1,σύστημα,2026-05-20T13:08:10.519Z
21,dc8e45f9-040f-4d23-b0a6-d351fe09aacf,comfortable,el,word,1,άνετο,2026-05-20T13:08:30.818Z
21,dc8e45f9-040f-4d23-b0a6-d351fe09aacf,"naturally,",el,word,1,"φυσικά,",2026-05-20T13:08:30.926Z
21,dc8e45f9-040f-4d23-b0a6-d351fe09aacf,experiment,el,word,1,πείραμα,2026-05-20T13:08:31.043Z
21,dc8e45f9-040f-4d23-b0a6-d351fe09aacf,begins.,el,word,1,ξεκινά.,2026-05-20T13:08:41.841Z
21,dc8e45f9-040f-4d23-b0a6-d351fe09aacf,settings,el,word,1,ρυθμίσεις,2026-05-20T13:08:45.928Z
21,dc8e45f9-040f-4d23-b0a6-d351fe09aacf,appears,el,word,1,φαίνεται,2026-05-20T13:08:48.304Z
21,dc8e45f9-040f-4d23-b0a6-d351fe09aacf,"parks,",el,word,3,"πάρκα,",2026-05-20T13:09:52.288Z
21,dc8e45f9-040f-4d23-b0a6-d351fe09aacf,din,el,word,1,θόρυβος,2026-05-20T13:10:09.584Z
21,dc8e45f9-040f-4d23-b0a6-d351fe09aacf,warble,el,word,1,κελάηδισμα,2026-05-20T13:12:10.201Z
21,3432793e-b5db-4b73-859e-d96c6dd4f816,hereunto,el,word,1,στο παρόν,2026-05-20T13:17:11.373Z
5,b305bdaa-c42a-4971-8adc-42e7f4eed5f5,adjusted,el,word,1,ρύθμισε,2026-05-20T13:26:03.516Z
5,b305bdaa-c42a-4971-8adc-42e7f4eed5f5,comfortable,el,word,1,άνετο,2026-05-20T13:26:04.694Z
5,b305bdaa-c42a-4971-8adc-42e7f4eed5f5,read,el,word,2,να διαβάζεις,2026-05-20T13:26:08.383Z
5,b305bdaa-c42a-4971-8adc-42e7f4eed5f5,points,el,word,1,σημεία,2026-05-20T13:26:08.366Z
5,b305bdaa-c42a-4971-8adc-42e7f4eed5f5,still,el,word,2,ακόμα,2026-05-20T13:26:09.843Z
5,b305bdaa-c42a-4971-8adc-42e7f4eed5f5,system,el,word,2,σύστημα,2026-05-20T13:26:38.930Z
5,b305bdaa-c42a-4971-8adc-42e7f4eed5f5,begins.,el,word,2,ξεκινά.,2026-05-20T13:26:21.643Z
5,b305bdaa-c42a-4971-8adc-42e7f4eed5f5,distance,el,word,4,απόσταση,2026-05-20T13:26:22.026Z
5,b305bdaa-c42a-4971-8adc-42e7f4eed5f5,final,el,word,1,τελική,2026-05-20T13:26:27.063Z
5,b305bdaa-c42a-4971-8adc-42e7f4eed5f5,tracking,el,word,1,απόσταση μεταξύ γραμμάτων,2026-05-20T13:26:28.032Z
5,b305bdaa-c42a-4971-8adc-42e7f4eed5f5,shapes,el,word,3,σχήματα,2026-05-20T13:26:35.093Z
5,b305bdaa-c42a-4971-8adc-42e7f4eed5f5,continuous,el,word,1,συνεχής,2026-05-20T13:26:40.491Z
5,b305bdaa-c42a-4971-8adc-42e7f4eed5f5,"aircraft,",el,word,2,"αεροσκάφη,",2026-05-20T13:27:37.310Z
5,b305bdaa-c42a-4971-8adc-42e7f4eed5f5,Areas,el,word,1,Περιοχές,2026-05-20T13:27:32.855Z
5,b305bdaa-c42a-4971-8adc-42e7f4eed5f5,"""pervasive""",el,word,1,«διαδεδομένοι»,2026-05-20T13:27:51.548Z
5,b305bdaa-c42a-4971-8adc-42e7f4eed5f5,din,el,word,1,θόρυβος,2026-05-20T13:27:56.954Z
5,b305bdaa-c42a-4971-8adc-42e7f4eed5f5,calculated,el,word,1,υπολόγισαν,2026-05-20T13:28:04.094Z
5,b305bdaa-c42a-4971-8adc-42e7f4eed5f5,adverse,el,word,1,αρνητικές,2026-05-20T13:28:13.464Z
5,b305bdaa-c42a-4971-8adc-42e7f4eed5f5,hush,el,word,1,ησυχία,2026-05-20T13:28:17.350Z
5,b305bdaa-c42a-4971-8adc-42e7f4eed5f5,acoustic,el,word,1,ακουστική,2026-05-20T13:28:22.884Z
5,b305bdaa-c42a-4971-8adc-42e7f4eed5f5,computerized,el,word,1,υπολογιστικό,2026-05-20T13:28:44.110Z
5,b305bdaa-c42a-4971-8adc-42e7f4eed5f5,collated,el,word,1,συγκέντρωσαν,2026-05-20T13:28:44.400Z
5,b305bdaa-c42a-4971-8adc-42e7f4eed5f5,Polytechnic,el,word,1,Πολυτεχνείο,2026-05-20T13:30:04.825Z
5,1d48f243-2691-40ac-8c66-08c0dbf5739a,ReadWorks,el,word,1,ReadWorks,2026-05-20T13:33:23.351Z
5,1d48f243-2691-40ac-8c66-08c0dbf5739a,seamstress,el,word,1,ραπτική,2026-05-20T13:33:46.492Z
5,1d48f243-2691-40ac-8c66-08c0dbf5739a,advanced,el,word,1,προώθησε,2026-05-20T13:33:56.818Z
5,1d48f243-2691-40ac-8c66-08c0dbf5739a,genuine,el,word,1,αληθινός,2026-05-20T13:34:41.538Z
5,1d48f243-2691-40ac-8c66-08c0dbf5739a,remind,el,word,1,υπενθυμίζουμε,2026-05-20T13:34:43.168Z
5,1d48f243-2691-40ac-8c66-08c0dbf5739a,although,el,word,1,αν και,2026-05-20T13:34:49.614Z
5,1d48f243-2691-40ac-8c66-08c0dbf5739a,Americans,el,word,2,Αμερικανοί,2026-05-20T13:35:10.658Z
5,1d48f243-2691-40ac-8c66-08c0dbf5739a,country,el,word,1,χώρα,2026-05-20T13:34:57.541Z
5,1d48f243-2691-40ac-8c66-08c0dbf5739a,hereunto,el,word,1,στο παρόν,2026-05-20T13:35:18.803Z
11,65068458-fa88-4fd2-b0a6-526d9978a8fc,quiet,el,word,1,ήσυχο,2026-05-20T14:09:37.219Z
11,65068458-fa88-4fd2-b0a6-526d9978a8fc,"movements,",el,word,1,"κινήσεις,",2026-05-20T14:09:45.394Z
11,65068458-fa88-4fd2-b0a6-526d9978a8fc,read,el,word,2,να διαβάζεις,2026-05-20T14:09:50.284Z
11,65068458-fa88-4fd2-b0a6-526d9978a8fc,adjusted,el,word,3,ρύθμισε,2026-05-20T14:09:48.255Z
11,65068458-fa88-4fd2-b0a6-526d9978a8fc,sudden,el,word,2,ξαφνικές,2026-05-20T14:09:54.627Z
11,65068458-fa88-4fd2-b0a6-526d9978a8fc,left,el,word,3,αριστερά,2026-05-20T14:09:54.805Z
11,65068458-fa88-4fd2-b0a6-526d9978a8fc,"words,",el,word,1,"λέξεις,",2026-05-20T14:09:54.968Z
11,65068458-fa88-4fd2-b0a6-526d9978a8fc,whether,el,word,1,αν,2026-05-20T14:09:58.022Z
11,65068458-fa88-4fd2-b0a6-526d9978a8fc,begins.,el,word,1,ξεκινά.,2026-05-20T14:10:04.468Z
11,d823940d-e760-45f3-87a7-3d46805200bd,Electromagnetic,el,word,3,Ηλεκτρομαγνητική,2026-05-20T14:12:51.571Z
11,d823940d-e760-45f3-87a7-3d46805200bd,ReadWorks,el,word,1,ReadWorks,2026-05-20T14:10:36.674Z
11,d823940d-e760-45f3-87a7-3d46805200bd,seeing?,el,word,1,Βλέπεις;,2026-05-20T14:10:43.256Z
11,d823940d-e760-45f3-87a7-3d46805200bd,"basketball,",el,word,2,"μπάσκετ,",2026-05-20T14:10:55.938Z
11,d823940d-e760-45f3-87a7-3d46805200bd,shapes.,el,word,1,σχήματα.,2026-05-20T14:10:55.489Z
11,d823940d-e760-45f3-87a7-3d46805200bd,objects.,el,word,1,αντικείμενα.,2026-05-20T14:11:03.893Z
11,d823940d-e760-45f3-87a7-3d46805200bd,Without,el,word,1,Χωρίς,2026-05-20T14:11:04.408Z
11,d823940d-e760-45f3-87a7-3d46805200bd,"light,",el,word,1,"φως,",2026-05-20T14:11:09.573Z
11,d823940d-e760-45f3-87a7-3d46805200bd,travels,el,word,1,ταξιδεύει,2026-05-20T14:11:30.514Z
11,d823940d-e760-45f3-87a7-3d46805200bd,electromagnetic,el,word,4,ηλεκτρομαγνητική,2026-05-20T14:13:40.275Z
11,d823940d-e760-45f3-87a7-3d46805200bd,"X-rays,",el,word,1,"ακτίνες Χ,",2026-05-20T14:11:49.008Z
11,d823940d-e760-45f3-87a7-3d46805200bd,spectrum,el,word,3,φάσμα,2026-05-20T14:12:22.224Z
11,d823940d-e760-45f3-87a7-3d46805200bd,ultraviolet,el,word,1,υπεριώδες,2026-05-20T14:11:52.004Z
11,d823940d-e760-45f3-87a7-3d46805200bd,seeing,el,word,1,όραση,2026-05-20T14:11:59.531Z
11,d823940d-e760-45f3-87a7-3d46805200bd,spectrum.,el,word,1,φάσμα.,2026-05-20T14:12:04.555Z
11,d823940d-e760-45f3-87a7-3d46805200bd,organized,el,word,2,οργανωμένο,2026-05-20T14:12:17.554Z
11,d823940d-e760-45f3-87a7-3d46805200bd,intensities,el,word,1,εντάσεις,2026-05-20T14:12:14.467Z
11,d823940d-e760-45f3-87a7-3d46805200bd,within,el,word,1,εντός,2026-05-20T14:12:57.682Z
11,d823940d-e760-45f3-87a7-3d46805200bd,imagine,el,word,1,φαντάζονται,2026-05-20T14:13:05.721Z
11,d823940d-e760-45f3-87a7-3d46805200bd,even,el,word,1,ακόμη και,2026-05-20T14:13:15.435Z
11,d823940d-e760-45f3-87a7-3d46805200bd,frequencies,el,word,1,συχνότητες,2026-05-20T14:13:45.755Z
11,d823940d-e760-45f3-87a7-3d46805200bd,"tall,",el,word,1,"ψηλό,",2026-05-20T14:13:51.785Z
11,d823940d-e760-45f3-87a7-3d46805200bd,sensitivity,el,word,1,ευαισθησία,2026-05-20T14:13:52.694Z
11,d823940d-e760-45f3-87a7-3d46805200bd,eyes,el,word,1,μάτια,2026-05-20T14:13:56.791Z
11,d823940d-e760-45f3-87a7-3d46805200bd,friends,el,word,1,φίλοι,2026-05-20T14:14:04.924Z
11,d823940d-e760-45f3-87a7-3d46805200bd,weren't,el,word,1,δεν,2026-05-20T14:14:09.513Z
11,d823940d-e760-45f3-87a7-3d46805200bd,comprehensible,el,word,1,κατανοητές,2026-05-20T14:14:16.349Z
11,d823940d-e760-45f3-87a7-3d46805200bd,bouncing,el,word,1,που αναπηδά,2026-05-20T14:14:27.987Z
11,d823940d-e760-45f3-87a7-3d46805200bd,basketball;,el,word,1,μπάλα του μπάσκετ·,2026-05-20T14:14:28.543Z
11,d2500ff3-2bfa-4bbc-833d-eb78c04516d1,ReadWorks,el,word,1,ReadWorks,2026-05-20T14:16:34.339Z
11,d2500ff3-2bfa-4bbc-833d-eb78c04516d1,Trumbull’s,el,word,1,Τραμπουλ,2026-05-20T14:16:48.365Z
11,d2500ff3-2bfa-4bbc-833d-eb78c04516d1,founding,el,word,1,ιδρυτές,2026-05-20T14:16:52.870Z
11,d2500ff3-2bfa-4bbc-833d-eb78c04516d1,Franklin,el,word,1,Φράνκλιν,2026-05-20T14:16:56.198Z
11,d2500ff3-2bfa-4bbc-833d-eb78c04516d1,"Jefferson,",el,word,1,"Τζέφερσον,",2026-05-20T14:16:58.731Z
11,d2500ff3-2bfa-4bbc-833d-eb78c04516d1,Declaration,el,word,1,Διακήρυξη,2026-05-20T14:17:06.935Z
11,d2500ff3-2bfa-4bbc-833d-eb78c04516d1,participated,el,word,4,συμμετείχαν,2026-05-20T14:17:21.571Z
11,d2500ff3-2bfa-4bbc-833d-eb78c04516d1,Constitution,el,word,1,Σύνταγμα,2026-05-20T14:17:07.023Z
11,d2500ff3-2bfa-4bbc-833d-eb78c04516d1,Independence,el,word,1,Ανεξαρτησία,2026-05-20T14:17:15.413Z
11,d2500ff3-2bfa-4bbc-833d-eb78c04516d1,"Independence,",el,word,1,"Ανεξαρτησίας,",2026-05-20T14:17:18.211Z
11,d2500ff3-2bfa-4bbc-833d-eb78c04516d1,contributed,el,word,1,συνέβαλαν,2026-05-20T14:17:18.995Z
11,d2500ff3-2bfa-4bbc-833d-eb78c04516d1,"""founding",el,word,1,«ιδρυτές,2026-05-20T14:17:22.194Z
11,d2500ff3-2bfa-4bbc-833d-eb78c04516d1,signed,el,word,1,υπέγραψε,2026-05-20T14:17:22.721Z
11,d2500ff3-2bfa-4bbc-833d-eb78c04516d1,soap,el,word,1,σαπούνι,2026-05-20T14:17:33.597Z
11,d2500ff3-2bfa-4bbc-833d-eb78c04516d1,Benjamin,el,word,1,Μπέντζαμιν,2026-05-20T14:17:35.197Z
11,d2500ff3-2bfa-4bbc-833d-eb78c04516d1,"Americancolonies,",el,word,1,"αμερικανικές αποικίες,",2026-05-20T14:18:18.505Z
11,d2500ff3-2bfa-4bbc-833d-eb78c04516d1,representative,el,word,1,εκπρόσωπος,2026-05-20T14:18:29.400Z
11,d2500ff3-2bfa-4bbc-833d-eb78c04516d1,also,el,word,1,επίσης,2026-05-20T14:18:35.778Z
11,d2500ff3-2bfa-4bbc-833d-eb78c04516d1,powerful,el,word,1,ισχυρή,2026-05-20T14:18:45.154Z
11,d2500ff3-2bfa-4bbc-833d-eb78c04516d1,campaign,el,word,1,εκστρατεία,2026-05-20T14:18:59.405Z
11,d2500ff3-2bfa-4bbc-833d-eb78c04516d1,Postmaster,el,word,1,Γενικός Διευθυντής Ταχυδρομείων,2026-05-20T14:19:26.238Z
11,d2500ff3-2bfa-4bbc-833d-eb78c04516d1,President,el,word,1,Πρόεδρος,2026-05-20T14:19:33.455Z
11,d2500ff3-2bfa-4bbc-833d-eb78c04516d1,Pennsylvania.,el,word,1,Πενσυλβανία.,2026-05-20T14:19:35.223Z
11,d2500ff3-2bfa-4bbc-833d-eb78c04516d1,worth,el,word,2,αξία,2026-05-20T14:19:37.505Z
17,4fbb3830-2393-4478-bcb6-3db0897ed1e2,morning,el,word,2,πρωί,2026-05-20T14:40:46.287Z
17,4fbb3830-2393-4478-bcb6-3db0897ed1e2,researcher,el,word,1,ερευνητής,2026-05-20T14:40:45.332Z
17,4fbb3830-2393-4478-bcb6-3db0897ed1e2,visual,el,word,3,οπτικά,2026-05-20T14:40:52.904Z
17,4fbb3830-2393-4478-bcb6-3db0897ed1e2,paragraph,el,word,1,παράγραφος,2026-05-20T14:40:52.944Z
17,4fbb3830-2393-4478-bcb6-3db0897ed1e2,slightly,el,word,1,ελαφρώς,2026-05-20T14:40:53.121Z
17,4fbb3830-2393-4478-bcb6-3db0897ed1e2,accurately,el,word,1,με ακρίβεια,2026-05-20T14:40:53.157Z
17,4fbb3830-2393-4478-bcb6-3db0897ed1e2,detects,el,word,1,ανιχνεύει,2026-05-20T14:40:55.589Z
17,4fbb3830-2393-4478-bcb6-3db0897ed1e2,makes,el,word,1,κάνει,2026-05-20T14:41:00.344Z
17,4fbb3830-2393-4478-bcb6-3db0897ed1e2,whether,el,word,5,αν,2026-05-20T14:41:31.651Z
17,4fbb3830-2393-4478-bcb6-3db0897ed1e2,"words,",el,word,4,"λέξεις,",2026-05-20T14:41:59.669Z
17,4fbb3830-2393-4478-bcb6-3db0897ed1e2,neighboring,el,word,3,γειτονικά,2026-05-20T14:41:59.641Z
17,4fbb3830-2393-4478-bcb6-3db0897ed1e2,easier,el,word,2,ευκολότερο,2026-05-20T14:41:08.005Z
17,4fbb3830-2393-4478-bcb6-3db0897ed1e2,reveal,el,word,2,αποκαλύπτουν,2026-05-20T14:42:00.272Z
17,4fbb3830-2393-4478-bcb6-3db0897ed1e2,continuous,el,word,1,συνεχής,2026-05-20T14:41:14.128Z
17,4fbb3830-2393-4478-bcb6-3db0897ed1e2,university,el,word,1,πανεπιστήμιο,2026-05-20T14:41:17.533Z
17,4fbb3830-2393-4478-bcb6-3db0897ed1e2,words,el,word,2,λέξεις,2026-05-20T14:41:22.374Z
17,4fbb3830-2393-4478-bcb6-3db0897ed1e2,pace.,el,word,6,ρυθμό.,2026-05-20T14:41:23.146Z
17,4fbb3830-2393-4478-bcb6-3db0897ed1e2,avoid,el,word,5,αποφύγετε,2026-05-20T14:41:23.526Z
17,4fbb3830-2393-4478-bcb6-3db0897ed1e2,distance,el,word,3,απόσταση,2026-05-20T14:41:25.202Z
17,4fbb3830-2393-4478-bcb6-3db0897ed1e2,experiment,el,word,2,πείραμα,2026-05-20T14:41:25.346Z
17,4fbb3830-2393-4478-bcb6-3db0897ed1e2,system,el,word,1,σύστημα,2026-05-20T14:41:26.418Z
17,4fbb3830-2393-4478-bcb6-3db0897ed1e2,Paragraph,el,word,1,Παράγραφος,2026-05-20T14:41:50.514Z
17,4fbb3830-2393-4478-bcb6-3db0897ed1e2,beside,el,word,2,δίπλα,2026-05-20T14:41:56.491Z
17,4fbb3830-2393-4478-bcb6-3db0897ed1e2,begins.,el,word,1,ξεκινά.,2026-05-20T14:41:53.363Z
17,4fbb3830-2393-4478-bcb6-3db0897ed1e2,reduced.,el,word,1,μειωθεί.,2026-05-20T14:41:57.488Z
17,4fbb3830-2393-4478-bcb6-3db0897ed1e2,.,el,word,1,.,2026-05-20T14:41:59.695Z
17,4fbb3830-2393-4478-bcb6-3db0897ed1e2,smooth,el,word,1,ομαλή,2026-05-20T14:41:59.888Z
17,4fbb3830-2393-4478-bcb6-3db0897ed1e2,movement,el,word,1,κίνηση,2026-05-20T14:42:00.085Z
17,4fbb3830-2393-4478-bcb6-3db0897ed1e2,good,el,word,1,καλή,2026-05-20T14:42:00.194Z
17,27d90b52-af7b-44d8-9f34-abaae29f3f1e,Earth-no,el,word,1,Γη-όχι,2026-05-20T14:43:16.901Z
17,27d90b52-af7b-44d8-9f34-abaae29f3f1e,bees?,el,word,1,τις μέλισσες;,2026-05-20T14:43:18.585Z
17,27d90b52-af7b-44d8-9f34-abaae29f3f1e,disappearing,el,word,1,εξαφανίζονται,2026-05-20T14:43:25.154Z
17,27d90b52-af7b-44d8-9f34-abaae29f3f1e,Reuters,el,word,2,Reuters,2026-05-20T14:43:31.922Z
17,27d90b52-af7b-44d8-9f34-abaae29f3f1e,colonies,el,word,2,αποικίες,2026-05-20T14:43:32.053Z
17,27d90b52-af7b-44d8-9f34-abaae29f3f1e,"source,",el,word,1,"πηγή,",2026-05-20T14:43:33.558Z
17,27d90b52-af7b-44d8-9f34-abaae29f3f1e,understand,el,word,1,κατανοήσουν,2026-05-20T14:43:41.193Z
17,27d90b52-af7b-44d8-9f34-abaae29f3f1e,frighteningly,el,word,1,τρομακτικά,2026-05-20T14:43:44.876Z
17,27d90b52-af7b-44d8-9f34-abaae29f3f1e,pollination,el,word,6,επικονίαση,2026-05-20T14:44:40.705Z
17,27d90b52-af7b-44d8-9f34-abaae29f3f1e,pollinate,el,word,1,επικονίαση,2026-05-20T14:44:09.683Z
17,27d90b52-af7b-44d8-9f34-abaae29f3f1e,California's,el,word,1,της Καλιφόρνιας,2026-05-20T14:44:19.465Z
17,27d90b52-af7b-44d8-9f34-abaae29f3f1e,apple,el,word,1,μήλο,2026-05-20T14:44:19.753Z
17,27d90b52-af7b-44d8-9f34-abaae29f3f1e,pollination.,el,word,3,επικονίαση.,2026-05-20T14:44:40.455Z
17,27d90b52-af7b-44d8-9f34-abaae29f3f1e,unable,el,word,1,ανίκανα,2026-05-20T14:44:43.735Z
17,27d90b52-af7b-44d8-9f34-abaae29f3f1e,die,el,word,1,πεθαίνουν,2026-05-20T14:44:47.493Z
17,27d90b52-af7b-44d8-9f34-abaae29f3f1e,heavily,el,word,1,σε μεγάλο βαθμό,2026-05-20T14:44:51.950Z
17,27d90b52-af7b-44d8-9f34-abaae29f3f1e,plants,el,word,2,φυτά,2026-05-20T14:44:56.426Z
17,27d90b52-af7b-44d8-9f34-abaae29f3f1e,essential,el,word,1,απαραίτητες,2026-05-20T14:44:55.132Z
17,27d90b52-af7b-44d8-9f34-abaae29f3f1e,honeybees,el,word,1,μέλισσες,2026-05-20T14:45:05.685Z
17,27d90b52-af7b-44d8-9f34-abaae29f3f1e,something,el,word,1,κάτι,2026-05-20T14:45:07.237Z
17,27d90b52-af7b-44d8-9f34-abaae29f3f1e,"pesticides,",el,word,1,"φυτοφάρμακα,",2026-05-20T14:45:13.976Z
17,27d90b52-af7b-44d8-9f34-abaae29f3f1e,populations.,el,word,1,πληθυσμούς.,2026-05-20T14:45:17.549Z
17,27d90b52-af7b-44d8-9f34-abaae29f3f1e,changes,el,word,1,αλλαγές,2026-05-20T14:45:21.066Z
17,27d90b52-af7b-44d8-9f34-abaae29f3f1e,importance,el,word,2,σημασία,2026-05-20T14:47:14.229Z
17,27d90b52-af7b-44d8-9f34-abaae29f3f1e,researchers,el,word,1,ερευνητές,2026-05-20T14:46:38.376Z
17,27d90b52-af7b-44d8-9f34-abaae29f3f1e,requires,el,word,1,απαιτεί,2026-05-20T14:46:43.736Z
17,27d90b52-af7b-44d8-9f34-abaae29f3f1e,species-other,el,word,2,είδη - άλλα,2026-05-20T14:46:49.134Z
17,27d90b52-af7b-44d8-9f34-abaae29f3f1e,larkspurs-to,el,word,1,λαρκσπούρ-για,2026-05-20T14:46:47.243Z
17,27d90b52-af7b-44d8-9f34-abaae29f3f1e,"larkspur,",el,word,1,"λαρκσπούρ,",2026-05-20T14:46:52.161Z
17,27d90b52-af7b-44d8-9f34-abaae29f3f1e,continuation,el,word,2,συνέχιση,2026-05-20T14:47:16.737Z
17,27d90b52-af7b-44d8-9f34-abaae29f3f1e,"biodiversity,",el,word,1,"βιοποικιλότητα,",2026-05-20T14:47:12.437Z
17,27d90b52-af7b-44d8-9f34-abaae29f3f1e,highlights,el,word,1,υπογραμμίζει,2026-05-20T14:47:13.534Z
17,27d90b52-af7b-44d8-9f34-abaae29f3f1e,problems,el,word,1,προβλήματα,2026-05-20T14:47:41.225Z
17,27d90b52-af7b-44d8-9f34-abaae29f3f1e,"pollinators.""",el,word,1,επικονιαστές».,2026-05-20T14:47:43.966Z
17,27d90b52-af7b-44d8-9f34-abaae29f3f1e,enhancement...targeted,el,word,1,βελτίωση... στοχευμένη,2026-05-20T14:47:46.926Z
17,27d90b52-af7b-44d8-9f34-abaae29f3f1e,pesticide,el,word,1,φυτοφάρμακα,2026-05-20T14:47:47.969Z
17,27d90b52-af7b-44d8-9f34-abaae29f3f1e,collectively,el,word,1,συλλογικά,2026-05-20T14:47:54.726Z
17,27d90b52-af7b-44d8-9f34-abaae29f3f1e,imperative,el,word,1,απαραίτητο,2026-05-20T14:48:05.138Z
17,27d90b52-af7b-44d8-9f34-abaae29f3f1e,"noted,",el,word,1,"σημειώνεται,",2026-05-20T14:48:11.382Z
17,e02ead73-7b83-4931-863c-5153f1f7c8e7,"jackets,",el,word,1,"τζάκετ,",2026-05-20T14:51:58.253Z
17,e02ead73-7b83-4931-863c-5153f1f7c8e7,unwavering,el,word,1,ακλόνητη,2026-05-20T14:52:02.280Z
17,e02ead73-7b83-4931-863c-5153f1f7c8e7,Home,el,word,2,Αρχική,2026-05-20T14:52:15.023Z
17,e02ead73-7b83-4931-863c-5153f1f7c8e7,morale-boosting,el,word,2,που ενίσχυαν το ηθικό,2026-05-20T14:52:25.458Z
17,e02ead73-7b83-4931-863c-5153f1f7c8e7,soon,el,word,1,σύντομα,2026-05-20T14:52:15.429Z
17,e02ead73-7b83-4931-863c-5153f1f7c8e7,Disney,el,word,3,Disney,2026-05-20T14:53:26.615Z
17,e02ead73-7b83-4931-863c-5153f1f7c8e7,Contributing,el,word,1,Συνεισφέροντας,2026-05-20T14:52:22.021Z
17,e02ead73-7b83-4931-863c-5153f1f7c8e7,Disney-designed,el,word,1,σχεδιασμένα από τη Disney,2026-05-20T14:52:27.369Z
17,e02ead73-7b83-4931-863c-5153f1f7c8e7,maintaining,el,word,2,διατήρηση,2026-05-20T14:52:30.702Z
17,e02ead73-7b83-4931-863c-5153f1f7c8e7,made,el,word,2,δημιούργησε,2026-05-20T14:52:35.061Z
17,e02ead73-7b83-4931-863c-5153f1f7c8e7,films,el,word,1,ταινίες,2026-05-20T14:52:34.966Z
17,e02ead73-7b83-4931-863c-5153f1f7c8e7,every,el,word,1,κάθε,2026-05-20T14:52:40.468Z
17,e02ead73-7b83-4931-863c-5153f1f7c8e7,request,el,word,1,αίτημα,2026-05-20T14:52:41.750Z
17,e02ead73-7b83-4931-863c-5153f1f7c8e7,income,el,word,1,εισόδημα,2026-05-20T14:52:47.742Z
17,e02ead73-7b83-4931-863c-5153f1f7c8e7,Secretary,el,word,1,Υπουργός,2026-05-20T14:52:48.963Z
17,e02ead73-7b83-4931-863c-5153f1f7c8e7,"Morgenthau,",el,word,2,"Μόργκενταου,",2026-05-20T14:52:53.955Z
17,e02ead73-7b83-4931-863c-5153f1f7c8e7,paying,el,word,1,πληρωμή,2026-05-20T14:52:51.855Z
17,e02ead73-7b83-4931-863c-5153f1f7c8e7,Included,el,word,1,Περιλαμβάνεται,2026-05-20T14:53:32.074Z
17,e02ead73-7b83-4931-863c-5153f1f7c8e7,embellished,el,word,1,διακόσμησε,2026-05-20T14:54:01.794Z
17,e02ead73-7b83-4931-863c-5153f1f7c8e7,appreciate,el,word,1,εκτιμώ,2026-05-20T14:54:07.405Z
17,e02ead73-7b83-4931-863c-5153f1f7c8e7,insignia,el,word,6,διακριτικά,2026-05-20T14:54:38.041Z
17,e02ead73-7b83-4931-863c-5153f1f7c8e7,vehicles,el,word,1,οχήματα,2026-05-20T14:54:12.353Z
17,e02ead73-7b83-4931-863c-5153f1f7c8e7,drawings,el,word,1,σχέδια,2026-05-20T14:54:14.132Z
17,e02ead73-7b83-4931-863c-5153f1f7c8e7,esprit-de-corps.,el,word,1,το ομαδικό πνεύμα.,2026-05-20T14:54:16.974Z
17,e02ead73-7b83-4931-863c-5153f1f7c8e7,figures.,el,word,1,χαρακτήρες.,2026-05-20T14:54:18.406Z
17,e02ead73-7b83-4931-863c-5153f1f7c8e7,"therefore,",el,word,1,"επομένως,",2026-05-20T14:54:29.638Z
17,e02ead73-7b83-4931-863c-5153f1f7c8e7,"surprising,",el,word,5,"εκπληκτικό,",2026-05-20T14:54:37.496Z
17,e02ead73-7b83-4931-863c-5153f1f7c8e7,famous,el,word,1,διάσημο,2026-05-20T14:54:33.984Z
17,e02ead73-7b83-4931-863c-5153f1f7c8e7,"""mosquito",el,word,1,«mosquito,2026-05-20T14:54:41.586Z
17,e02ead73-7b83-4931-863c-5153f1f7c8e7,appropriate,el,word,1,κατάλληλο,2026-05-20T14:54:44.443Z
17,e02ead73-7b83-4931-863c-5153f1f7c8e7,Supplies,el,word,1,Προμήθειες,2026-05-20T14:55:09.611Z
17,e02ead73-7b83-4931-863c-5153f1f7c8e7,world-famous,el,word,1,παγκοσμίου φήμης,2026-05-20T14:55:16.454Z
17,e02ead73-7b83-4931-863c-5153f1f7c8e7,"""Flying",el,word,1,«Flying,2026-05-20T14:55:17.612Z
17,e02ead73-7b83-4931-863c-5153f1f7c8e7,million,el,word,1,εκατομμύρια,2026-05-20T14:55:34.113Z
27,a38397e6-637e-4cfa-a848-263738dfa62e,read,el,word,1,να διαβάζεις,2026-05-21T06:18:35.451Z
27,a38397e6-637e-4cfa-a848-263738dfa62e,comfortable,el,word,3,άνετο,2026-05-21T06:18:35.576Z
27,a38397e6-637e-4cfa-a848-263738dfa62e,adjusted,el,word,1,ρύθμισε,2026-05-21T06:18:35.456Z
27,a38397e6-637e-4cfa-a848-263738dfa62e,f-,el,word,1,στ-,2026-05-21T06:18:37.100Z
27,a38397e6-637e-4cfa-a848-263738dfa62e,paragraph,el,word,1,παράγραφος,2026-05-21T06:18:38.058Z
27,a38397e6-637e-4cfa-a848-263738dfa62e,visual,el,word,1,οπτικά,2026-05-21T06:18:39.562Z
27,a38397e6-637e-4cfa-a848-263738dfa62e,consistently,el,word,2,με συνέπεια,2026-05-21T06:18:39.718Z
27,a38397e6-637e-4cfa-a848-263738dfa62e,intentionally,el,word,3,σκόπιμα,2026-05-21T06:18:40.697Z
27,a38397e6-637e-4cfa-a848-263738dfa62e,systematic,el,word,1,συστηματική,2026-05-21T06:18:40.383Z
27,a38397e6-637e-4cfa-a848-263738dfa62e,continuing.,el,word,1,συνέχεια.,2026-05-21T06:18:40.789Z
27,a38397e6-637e-4cfa-a848-263738dfa62e,Page,el,word,2,Σελίδα,2026-05-21T06:18:42.323Z
27,a38397e6-637e-4cfa-a848-263738dfa62e,Separate,el,word,1,Ξεχωριστά,2026-05-21T06:18:42.400Z
27,a38397e6-637e-4cfa-a848-263738dfa62e,Block-based,el,word,1,Με βάση τα μπλοκ,2026-05-21T06:18:42.647Z
27,a38397e6-637e-4cfa-a848-263738dfa62e,"spacing,",el,word,1,"διάστιξη,",2026-05-21T06:18:42.706Z
27,a38397e6-637e-4cfa-a848-263738dfa62e,words,el,word,1,λέξεις,2026-05-21T06:18:42.842Z
27,a38397e6-637e-4cfa-a848-263738dfa62e,wide,el,word,1,ευρεία,2026-05-21T06:18:43.189Z
27,a38397e6-637e-4cfa-a848-263738dfa62e,line.,el,word,3,γραμμή.,2026-05-21T06:18:46.814Z
27,a38397e6-637e-4cfa-a848-263738dfa62e,Second,el,word,1,Δεύτερη,2026-05-21T06:18:45.100Z
27,a38397e6-637e-4cfa-a848-263738dfa62e,Third,el,word,1,Τρίτη,2026-05-21T06:18:46.022Z
27,a38397e6-637e-4cfa-a848-263738dfa62e,right,el,word,3,δεξιά,2026-05-21T06:18:47.255Z
27,a38397e6-637e-4cfa-a848-263738dfa62e,reading,el,word,4,ανάγνωση,2026-05-21T06:19:11.252Z
27,a38397e6-637e-4cfa-a848-263738dfa62e,x-axis,el,word,1,άξονας x,2026-05-21T06:18:47.953Z
27,a38397e6-637e-4cfa-a848-263738dfa62e,reader,el,word,1,αναγνώστης,2026-05-21T06:18:48.375Z
27,a38397e6-637e-4cfa-a848-263738dfa62e,points,el,word,1,σημεία,2026-05-21T06:18:49.540Z
27,a38397e6-637e-4cfa-a848-263738dfa62e,Single-word,el,word,2,Μία λέξη,2026-05-21T06:19:05.726Z
27,a38397e6-637e-4cfa-a848-263738dfa62e,Word,el,word,5,Λέξη,2026-05-21T06:19:08.208Z
27,a38397e6-637e-4cfa-a848-263738dfa62e,Block,el,word,1,Μπλοκ,2026-05-21T06:18:55.364Z
27,a38397e6-637e-4cfa-a848-263738dfa62e,target,el,word,1,στόχος,2026-05-21T06:18:56.563Z
27,a38397e6-637e-4cfa-a848-263738dfa62e,spacing,el,word,4,διάστημα,2026-05-21T06:19:08.669Z
27,a38397e6-637e-4cfa-a848-263738dfa62e,column,el,word,1,στήλη,2026-05-21T06:18:59.783Z
27,a38397e6-637e-4cfa-a848-263738dfa62e,uses,el,word,1,χρησιμοποιεί,2026-05-21T06:18:59.910Z
27,a38397e6-637e-4cfa-a848-263738dfa62e,see,el,word,1,βλέπε,2026-05-21T06:19:00.748Z
27,a38397e6-637e-4cfa-a848-263738dfa62e,page,el,word,1,σελίδα,2026-05-21T06:19:01.397Z
27,a38397e6-637e-4cfa-a848-263738dfa62e,expected,el,word,1,αναμενόμενο,2026-05-21T06:19:13.455Z
27,a38397e6-637e-4cfa-a848-263738dfa62e,unwavering,el,word,2,ακλόνητη,2026-05-21T06:21:44.550Z
27,a38397e6-637e-4cfa-a848-263738dfa62e,ensuring,el,word,1,εξασφαλίζοντας,2026-05-21T06:21:45.763Z
27,a38397e6-637e-4cfa-a848-263738dfa62e,bomber,el,word,1,βομβαρδιστικό,2026-05-21T06:21:46.574Z
27,a38397e6-637e-4cfa-a848-263738dfa62e,Pacific,el,word,2,Ειρηνικό,2026-05-21T06:21:52.477Z
27,a38397e6-637e-4cfa-a848-263738dfa62e,historical,el,word,4,ιστορικό,2026-05-21T06:21:54.911Z
27,a38397e6-637e-4cfa-a848-263738dfa62e,Museum,el,word,1,Μουσείο,2026-05-21T06:21:47.699Z
27,a38397e6-637e-4cfa-a848-263738dfa62e,Ford,el,word,1,Ford,2026-05-21T06:21:48.402Z
27,a38397e6-637e-4cfa-a848-263738dfa62e,"Island,",el,word,1,"Νησί,",2026-05-21T06:21:49.234Z
27,a38397e6-637e-4cfa-a848-263738dfa62e,commemorate,el,word,3,επισημάνει,2026-05-21T06:23:22.962Z
27,a38397e6-637e-4cfa-a848-263738dfa62e,started,el,word,2,ξεκίνησε,2026-05-21T06:21:54.635Z
27,a38397e6-637e-4cfa-a848-263738dfa62e,aircraft's,el,word,2,αεροσκάφους,2026-05-21T06:21:55.131Z
27,a38397e6-637e-4cfa-a848-263738dfa62e,nose,el,word,1,μύτη,2026-05-21T06:21:51.765Z
27,a38397e6-637e-4cfa-a848-263738dfa62e,Aviation,el,word,1,Αεροπορία,2026-05-21T06:21:52.852Z
27,a38397e6-637e-4cfa-a848-263738dfa62e,"mechanic,",el,word,1,"μηχανικός,",2026-05-21T06:21:54.463Z
27,a38397e6-637e-4cfa-a848-263738dfa62e,exhibit.,el,word,1,έκθεση.,2026-05-21T06:21:55.385Z
27,a38397e6-637e-4cfa-a848-263738dfa62e,retired,el,word,1,συνταξιούχος,2026-05-21T06:21:56.060Z
27,a38397e6-637e-4cfa-a848-263738dfa62e,naval,el,word,1,ναυτική,2026-05-21T06:21:58.355Z
27,a38397e6-637e-4cfa-a848-263738dfa62e,photo.,el,word,1,φωτογραφία.,2026-05-21T06:21:59.786Z
27,a38397e6-637e-4cfa-a848-263738dfa62e,depicted,el,word,3,απεικονίζει,2026-05-21T06:24:21.037Z
27,a38397e6-637e-4cfa-a848-263738dfa62e,Front,el,word,2,Μέτωπο,2026-05-21T06:23:27.342Z
27,a38397e6-637e-4cfa-a848-263738dfa62e,support,el,word,8,υποστήριξη,2026-05-21T06:23:53.145Z
27,a38397e6-637e-4cfa-a848-263738dfa62e,Walt,el,word,3,Ο Walt,2026-05-21T06:25:57.307Z
27,a38397e6-637e-4cfa-a848-263738dfa62e,Disney,el,word,31,Disney,2026-05-21T06:30:36.697Z
27,a38397e6-637e-4cfa-a848-263738dfa62e,films.,el,word,2,ταινίες.,2026-05-21T06:22:04.565Z
27,a38397e6-637e-4cfa-a848-263738dfa62e,flight,el,word,3,πτήσης,2026-05-21T06:23:53.576Z
27,a38397e6-637e-4cfa-a848-263738dfa62e,"Meanwhile,",el,word,4,"Εν τω μεταξύ,",2026-05-21T06:24:03.318Z
27,a38397e6-637e-4cfa-a848-263738dfa62e,morale-boosting,el,word,9,που ενίσχυαν το ηθικό,2026-05-21T06:24:08.711Z
27,a38397e6-637e-4cfa-a848-263738dfa62e,Home,el,word,5,Αρχική,2026-05-21T06:22:43.116Z
27,a38397e6-637e-4cfa-a848-263738dfa62e,"trucks,",el,word,3,"φορτηγά,",2026-05-21T06:23:34.447Z
27,a38397e6-637e-4cfa-a848-263738dfa62e,"jackets,",el,word,4,"τζάκετ,",2026-05-21T06:24:08.156Z
27,a38397e6-637e-4cfa-a848-263738dfa62e,military,el,word,3,στρατιωτικός,2026-05-21T06:23:30.204Z
27,a38397e6-637e-4cfa-a848-263738dfa62e,equipment,el,word,4,εξοπλισμός,2026-05-21T06:24:09.550Z
27,a38397e6-637e-4cfa-a848-263738dfa62e,Disney-designed,el,word,8,σχεδιασμένα από τη Disney,2026-05-21T06:24:09.692Z
27,a38397e6-637e-4cfa-a848-263738dfa62e,accomplished,el,word,4,πέτυχε,2026-05-21T06:23:36.789Z
27,a38397e6-637e-4cfa-a848-263738dfa62e,appeared,el,word,3,εμφανίστηκαν,2026-05-21T06:24:10.797Z
27,a38397e6-637e-4cfa-a848-263738dfa62e,"planes,",el,word,3,"αεροπλάνα,",2026-05-21T06:23:33.797Z
27,a38397e6-637e-4cfa-a848-263738dfa62e,ultimate,el,word,2,τελική,2026-05-21T06:22:38.401Z
27,a38397e6-637e-4cfa-a848-263738dfa62e,request,el,word,5,αίτημα,2026-05-21T06:26:46.215Z
27,a38397e6-637e-4cfa-a848-263738dfa62e,overwhelming,el,word,4,συντριπτική,2026-05-21T06:24:01.552Z
27,a38397e6-637e-4cfa-a848-263738dfa62e,soon,el,word,3,σύντομα,2026-05-21T06:24:10.653Z
27,a38397e6-637e-4cfa-a848-263738dfa62e,Typical,el,word,3,Χαρακτηριστικό,2026-05-21T06:23:47.575Z
27,a38397e6-637e-4cfa-a848-263738dfa62e,government.,el,word,3,κυβέρνηση.,2026-05-21T06:23:47.268Z
27,a38397e6-637e-4cfa-a848-263738dfa62e,professional,el,word,1,επαγγελματίας,2026-05-21T06:23:02.344Z
27,a38397e6-637e-4cfa-a848-263738dfa62e,Spirit,el,word,1,Spirit,2026-05-21T06:23:03.825Z
27,a38397e6-637e-4cfa-a848-263738dfa62e,federal,el,word,4,ομοσπονδιακός,2026-05-21T06:24:18.558Z
27,a38397e6-637e-4cfa-a848-263738dfa62e,Secretary,el,word,2,Υπουργός,2026-05-21T06:23:41.943Z
27,a38397e6-637e-4cfa-a848-263738dfa62e,taxes,el,word,2,φόροι,2026-05-21T06:24:24.678Z
27,a38397e6-637e-4cfa-a848-263738dfa62e,"Treasury,",el,word,4,"Υπουργείο Οικονομικών,",2026-05-21T06:24:19.198Z
27,a38397e6-637e-4cfa-a848-263738dfa62e,pointing,el,word,2,επισημαίνοντας,2026-05-21T06:24:25.703Z
27,a38397e6-637e-4cfa-a848-263738dfa62e,Henry,el,word,3,Χένρι,2026-05-21T06:24:19.560Z
27,a38397e6-637e-4cfa-a848-263738dfa62e,"Morgenthau,",el,word,4,"Μόργκενταου,",2026-05-21T06:24:26.322Z
27,a38397e6-637e-4cfa-a848-263738dfa62e,Donald,el,word,2,Ντόναλντ,2026-05-21T06:24:21.659Z
27,a38397e6-637e-4cfa-a848-263738dfa62e,Duck,el,word,1,Ντακ,2026-05-21T06:23:12.566Z
27,a38397e6-637e-4cfa-a848-263738dfa62e,produced,el,word,6,παραγωγή,2026-05-21T06:25:12.487Z
27,a38397e6-637e-4cfa-a848-263738dfa62e,dealing,el,word,3,αντιμετωπίζει,2026-05-21T06:24:29.057Z
27,a38397e6-637e-4cfa-a848-263738dfa62e,income,el,word,3,εισόδημα,2026-05-21T06:24:24.378Z
27,a38397e6-637e-4cfa-a848-263738dfa62e,Heritage,el,word,2,Κληρονομιά,2026-05-21T06:29:45.581Z
27,a38397e6-637e-4cfa-a848-263738dfa62e,paints,el,word,1,ζωγραφίζει,2026-05-21T06:23:22.493Z
27,a38397e6-637e-4cfa-a848-263738dfa62e,maintaining,el,word,1,διατήρηση,2026-05-21T06:23:26.189Z
27,a38397e6-637e-4cfa-a848-263738dfa62e,insignia,el,word,3,διακριτικά,2026-05-21T06:26:14.322Z
27,a38397e6-637e-4cfa-a848-263738dfa62e,American,el,word,3,Αμερικανική,2026-05-21T06:24:27.769Z
27,a38397e6-637e-4cfa-a848-263738dfa62e,Allied,el,word,2,Συμμαχικές,2026-05-21T06:30:39.367Z
27,a38397e6-637e-4cfa-a848-263738dfa62e,forces.,el,word,1,δυνάμεις.,2026-05-21T06:23:38.496Z
27,a38397e6-637e-4cfa-a848-263738dfa62e,made,el,word,2,δημιούργησε,2026-05-21T06:24:15.006Z
27,a38397e6-637e-4cfa-a848-263738dfa62e,films,el,word,4,ταινίες,2026-05-21T06:24:23.528Z
27,a38397e6-637e-4cfa-a848-263738dfa62e,every,el,word,1,κάθε,2026-05-21T06:23:41.086Z
27,a38397e6-637e-4cfa-a848-263738dfa62e,branch,el,word,1,κλάδος,2026-05-21T06:23:41.612Z
27,a38397e6-637e-4cfa-a848-263738dfa62e,film,el,word,1,ταινία,2026-05-21T06:23:49.598Z
27,a38397e6-637e-4cfa-a848-263738dfa62e,Powers,el,word,1,Δυνάμεις,2026-05-21T06:23:51.233Z
27,a38397e6-637e-4cfa-a848-263738dfa62e,Contributing,el,word,2,Συνεισφέροντας,2026-05-21T06:24:03.605Z
27,a38397e6-637e-4cfa-a848-263738dfa62e,America's,el,word,1,Η Αμερική,2026-05-21T06:23:52.832Z
27,a38397e6-637e-4cfa-a848-263738dfa62e,important,el,word,3,σημαντικό,2026-05-21T06:24:02.139Z
27,a38397e6-637e-4cfa-a848-263738dfa62e,Studios,el,word,7,Στούντιο,2026-05-21T06:30:37.475Z
27,a38397e6-637e-4cfa-a848-263738dfa62e,"produced,",el,word,1,"παρήγαγαν,",2026-05-21T06:24:34.156Z
27,a38397e6-637e-4cfa-a848-263738dfa62e,employees,el,word,1,υπάλληλοι,2026-05-21T06:25:01.251Z
27,a38397e6-637e-4cfa-a848-263738dfa62e,representing,el,word,2,που αντιστοιχούν σε,2026-05-21T06:25:14.365Z
27,a38397e6-637e-4cfa-a848-263738dfa62e,Included,el,word,2,Περιλαμβάνεται,2026-05-21T06:25:11.464Z
27,a38397e6-637e-4cfa-a848-263738dfa62e,among,el,word,1,μεταξύ,2026-05-21T06:25:10.142Z
27,a38397e6-637e-4cfa-a848-263738dfa62e,Fuehrer's,el,word,1,Fuehrer's,2026-05-21T06:25:13.588Z
27,a38397e6-637e-4cfa-a848-263738dfa62e,"Face,""",el,word,1,"«Face»,",2026-05-21T06:25:14.250Z
27,a38397e6-637e-4cfa-a848-263738dfa62e,continuous,el,word,1,συνεχής,2026-05-21T06:25:16.065Z
27,a38397e6-637e-4cfa-a848-263738dfa62e,featuring,el,word,1,με πρωταγωνιστή,2026-05-21T06:25:19.120Z
27,a38397e6-637e-4cfa-a848-263738dfa62e,effort,el,word,1,προσπάθεια,2026-05-21T06:25:24.741Z
27,a38397e6-637e-4cfa-a848-263738dfa62e,protect,el,word,1,προστατεύει,2026-05-21T06:25:27.952Z
27,a38397e6-637e-4cfa-a848-263738dfa62e,Army,el,word,1,Στρατός,2026-05-21T06:25:37.054Z
27,a38397e6-637e-4cfa-a848-263738dfa62e,"Squadron,",el,word,1,"Μοίρα,",2026-05-21T06:25:37.073Z
27,a38397e6-637e-4cfa-a848-263738dfa62e,Womens,el,word,1,Γυναικών,2026-05-21T06:25:37.108Z
27,a38397e6-637e-4cfa-a848-263738dfa62e,Shoulder,el,word,1,Επωμίδα,2026-05-21T06:25:37.164Z
27,a38397e6-637e-4cfa-a848-263738dfa62e,"""Fifinella,""",el,word,1,"«Fifinella»,",2026-05-21T06:25:42.042Z
27,a38397e6-637e-4cfa-a848-263738dfa62e,drawings,el,word,3,σχέδια,2026-05-21T06:28:38.130Z
27,a38397e6-637e-4cfa-a848-263738dfa62e,embellished,el,word,2,διακόσμησε,2026-05-21T06:25:58.753Z
27,a38397e6-637e-4cfa-a848-263738dfa62e,esprit-de-corps.,el,word,3,το ομαδικό πνεύμα.,2026-05-21T06:26:08.894Z
27,a38397e6-637e-4cfa-a848-263738dfa62e,design,el,word,3,σχέδιο,2026-05-21T06:29:30.774Z
27,a38397e6-637e-4cfa-a848-263738dfa62e,"Thus,",el,word,1,"Έτσι,",2026-05-21T06:25:57.258Z
27,a38397e6-637e-4cfa-a848-263738dfa62e,ambulance,el,word,1,ασθενοφόρο,2026-05-21T06:26:00.599Z
27,a38397e6-637e-4cfa-a848-263738dfa62e,unit,el,word,1,μονάδα,2026-05-21T06:26:03.986Z
27,a38397e6-637e-4cfa-a848-263738dfa62e,vehicles,el,word,1,οχήματα,2026-05-21T06:26:06.522Z
27,a38397e6-637e-4cfa-a848-263738dfa62e,humorous,el,word,1,χιουμοριστικό,2026-05-21T06:26:13.435Z
27,a38397e6-637e-4cfa-a848-263738dfa62e,"therefore,",el,word,1,"επομένως,",2026-05-21T06:26:16.365Z
27,a38397e6-637e-4cfa-a848-263738dfa62e,appreciate,el,word,1,εκτιμώ,2026-05-21T06:26:18.426Z
27,a38397e6-637e-4cfa-a848-263738dfa62e,Navy,el,word,1,Ναυτικό,2026-05-21T06:26:20.632Z
27,a38397e6-637e-4cfa-a848-263738dfa62e,"example,",el,word,1,"παράδειγμα,",2026-05-21T06:26:25.190Z
27,a38397e6-637e-4cfa-a848-263738dfa62e,"response,",el,word,4,"απάντηση,",2026-05-21T06:29:52.759Z
27,a38397e6-637e-4cfa-a848-263738dfa62e,"torpedo,",el,word,1,"τορπίλη,",2026-05-21T06:26:34.412Z
27,a38397e6-637e-4cfa-a848-263738dfa62e,boats,el,word,1,σκάφη,2026-05-21T06:26:35.335Z
27,a38397e6-637e-4cfa-a848-263738dfa62e,designed,el,word,3,σχεδίασαν,2026-05-21T06:29:59.695Z
27,a38397e6-637e-4cfa-a848-263738dfa62e,winged,el,word,1,φτερωτή,2026-05-21T06:26:43.928Z
27,a38397e6-637e-4cfa-a848-263738dfa62e,tiger,el,word,1,τίγρης,2026-05-21T06:26:44.746Z
27,a38397e6-637e-4cfa-a848-263738dfa62e,victory,el,word,1,νίκη,2026-05-21T06:26:47.699Z
27,a38397e6-637e-4cfa-a848-263738dfa62e,Supplies,el,word,1,Προμήθειες,2026-05-21T06:26:48.307Z
27,a38397e6-637e-4cfa-a848-263738dfa62e,large,el,word,1,μεγάλο,2026-05-21T06:26:52.166Z
27,a38397e6-637e-4cfa-a848-263738dfa62e,photos,el,word,1,φωτογραφίες,2026-05-21T06:27:06.005Z
27,a38397e6-637e-4cfa-a848-263738dfa62e,charging,el,word,1,χρέωση,2026-05-21T06:27:23.735Z
27,a38397e6-637e-4cfa-a848-263738dfa62e,asked,el,word,8,ζήτησε,2026-05-21T06:29:38.433Z
27,a38397e6-637e-4cfa-a848-263738dfa62e,"""mosquito",el,word,1,«mosquito,2026-05-21T06:27:33.820Z
27,a38397e6-637e-4cfa-a848-263738dfa62e,"boats.""",el,word,8,«σκαφών».,2026-05-21T06:30:31.971Z
27,a38397e6-637e-4cfa-a848-263738dfa62e,"""Flying",el,word,3,«Flying,2026-05-21T06:29:41.689Z
27,a38397e6-637e-4cfa-a848-263738dfa62e,"Tigers.""",el,word,5,Τίγρεις».,2026-05-21T06:31:34.289Z
27,a38397e6-637e-4cfa-a848-263738dfa62e,adorned,el,word,4,στολίζονταν,2026-05-21T06:29:54.743Z
27,a38397e6-637e-4cfa-a848-263738dfa62e,newly,el,word,4,πρόσφατα,2026-05-21T06:29:59.256Z
27,a38397e6-637e-4cfa-a848-263738dfa62e,constructed,el,word,6,κατασκευασμένα,2026-05-21T06:30:34.497Z
27,a38397e6-637e-4cfa-a848-263738dfa62e,provided,el,word,6,παρείχε,2026-05-21T06:30:06.357Z
27,a38397e6-637e-4cfa-a848-263738dfa62e,well,el,word,1,καλά,2026-05-21T06:28:12.260Z
27,a38397e6-637e-4cfa-a848-263738dfa62e,emblem,el,word,2,έμβλημα,2026-05-21T06:28:26.755Z
27,a38397e6-637e-4cfa-a848-263738dfa62e,appropriate,el,word,5,κατάλληλο,2026-05-21T06:30:06.834Z
27,a38397e6-637e-4cfa-a848-263738dfa62e,"units,",el,word,3,"μονάδες,",2026-05-21T06:30:39.646Z
27,a38397e6-637e-4cfa-a848-263738dfa62e,"Navy,",el,word,4,"Ναυτικό,",2026-05-21T06:31:32.620Z
27,a38397e6-637e-4cfa-a848-263738dfa62e,presented,el,word,3,που παρουσιάζονται,2026-05-21T06:30:52.547Z
27,a38397e6-637e-4cfa-a848-263738dfa62e,article,el,word,2,άρθρο,2026-05-21T06:30:49.506Z
27,a38397e6-637e-4cfa-a848-263738dfa62e,"books,",el,word,1,"βιβλία,",2026-05-21T06:29:20.486Z
27,a38397e6-637e-4cfa-a848-263738dfa62e,Education,el,word,2,Εκπαίδευση,2026-05-21T06:31:18.909Z
27,a38397e6-637e-4cfa-a848-263738dfa62e,boats.,el,word,1,σκάφη.,2026-05-21T06:29:57.376Z
27,a38397e6-637e-4cfa-a848-263738dfa62e,"end,",el,word,1,"τέλος,",2026-05-21T06:30:14.381Z
27,a38397e6-637e-4cfa-a848-263738dfa62e,without,el,word,1,χωρίς,2026-05-21T06:30:17.906Z
27,a38397e6-637e-4cfa-a848-263738dfa62e,History,el,word,4,Ιστορία,2026-05-21T06:31:06.301Z
27,a38397e6-637e-4cfa-a848-263738dfa62e,artifacts,el,word,1,αντικειμένων,2026-05-21T06:30:23.668Z
27,a38397e6-637e-4cfa-a848-263738dfa62e,shown,el,word,1,που παρουσιάζονται,2026-05-21T06:30:24.336Z
27,a38397e6-637e-4cfa-a848-263738dfa62e,Institute,el,word,1,Ινστιτούτο,2026-05-21T06:30:55.809Z
27,a38397e6-637e-4cfa-a848-263738dfa62e,Military,el,word,1,Στρατιωτικά,2026-05-21T06:31:08.272Z
27,a38397e6-637e-4cfa-a848-263738dfa62e,often,el,word,1,συχνά,2026-05-21T06:31:24.293Z
27,e5517617-a2d2-404d-a24d-d0b3ca793fe7,settlement,el,word,1,αποίκιση,2026-05-21T06:32:14.774Z
27,e5517617-a2d2-404d-a24d-d0b3ca793fe7,European,el,word,12,Ευρωπαίοι,2026-05-21T06:35:38.482Z
27,e5517617-a2d2-404d-a24d-d0b3ca793fe7,"America,",el,word,1,"Αμερική,",2026-05-21T06:32:17.423Z
27,e5517617-a2d2-404d-a24d-d0b3ca793fe7,Native,el,word,22,Ιθαγενείς,2026-05-21T06:39:04.614Z
27,e5517617-a2d2-404d-a24d-d0b3ca793fe7,American,el,word,19,Αμερικανική,2026-05-21T06:39:23.205Z
27,e5517617-a2d2-404d-a24d-d0b3ca793fe7,wrapped,el,word,1,συνδεδεμένα,2026-05-21T06:32:18.579Z
27,e5517617-a2d2-404d-a24d-d0b3ca793fe7,populated,el,word,2,κατοικούσαν,2026-05-21T06:32:21.660Z
27,e5517617-a2d2-404d-a24d-d0b3ca793fe7,specific,el,word,2,συγκεκριμένες,2026-05-21T06:32:21.995Z
27,e5517617-a2d2-404d-a24d-d0b3ca793fe7,areas,el,word,1,περιοχές,2026-05-21T06:32:22.187Z
27,e5517617-a2d2-404d-a24d-d0b3ca793fe7,continent.,el,word,4,ηπειρωτική χώρα.,2026-05-21T06:33:13.516Z
27,e5517617-a2d2-404d-a24d-d0b3ca793fe7,"cultures,",el,word,2,"κουλτούρες,",2026-05-21T06:32:24.928Z
27,e5517617-a2d2-404d-a24d-d0b3ca793fe7,"traditions,",el,word,2,"παραδόσεις,",2026-05-21T06:32:55.257Z
27,e5517617-a2d2-404d-a24d-d0b3ca793fe7,used,el,word,2,χρησιμοποιούσαν,2026-05-21T06:32:29.088Z
27,e5517617-a2d2-404d-a24d-d0b3ca793fe7,beliefs,el,word,1,πεποιθήσεις,2026-05-21T06:32:24.428Z
27,e5517617-a2d2-404d-a24d-d0b3ca793fe7,Plains,el,word,1,Πεδιάδες,2026-05-21T06:32:26.942Z
27,e5517617-a2d2-404d-a24d-d0b3ca793fe7,"instance,",el,word,4,"για παράδειγμα,",2026-05-21T06:33:59.069Z
27,e5517617-a2d2-404d-a24d-d0b3ca793fe7,buffalo,el,word,1,βουβάλι,2026-05-21T06:32:28.312Z
27,e5517617-a2d2-404d-a24d-d0b3ca793fe7,Though,el,word,3,Αν και,2026-05-21T06:34:05.843Z
27,e5517617-a2d2-404d-a24d-d0b3ca793fe7,entire,el,word,1,ολόκληρο,2026-05-21T06:32:29.373Z
27,e5517617-a2d2-404d-a24d-d0b3ca793fe7,"clothing,",el,word,1,"ρούχα,",2026-05-21T06:32:30.889Z
27,e5517617-a2d2-404d-a24d-d0b3ca793fe7,kitchen,el,word,3,κουζίνα,2026-05-21T06:32:48.744Z
27,e5517617-a2d2-404d-a24d-d0b3ca793fe7,"Indians,",el,word,1,"Ινδιάνοι,",2026-05-21T06:32:32.186Z
27,e5517617-a2d2-404d-a24d-d0b3ca793fe7,"goods,",el,word,2,"είδη,",2026-05-21T06:32:38.655Z
27,e5517617-a2d2-404d-a24d-d0b3ca793fe7,important,el,word,2,σημαντικά,2026-05-21T06:32:49.699Z
27,e5517617-a2d2-404d-a24d-d0b3ca793fe7,believed,el,word,1,πιστεύεται,2026-05-21T06:32:34.968Z
27,e5517617-a2d2-404d-a24d-d0b3ca793fe7,Americans,el,word,13,Αμερικανοί,2026-05-21T06:35:32.302Z
27,e5517617-a2d2-404d-a24d-d0b3ca793fe7,engaged,el,word,1,εμπλέκονταν,2026-05-21T06:32:36.036Z
27,e5517617-a2d2-404d-a24d-d0b3ca793fe7,battles,el,word,3,μάχες,2026-05-21T06:32:48.819Z
27,e5517617-a2d2-404d-a24d-d0b3ca793fe7,tribes,el,word,5,φυλές,2026-05-21T06:35:11.878Z
27,e5517617-a2d2-404d-a24d-d0b3ca793fe7,"settlement,",el,word,1,"αποίκιση,",2026-05-21T06:32:40.540Z
27,e5517617-a2d2-404d-a24d-d0b3ca793fe7,presence,el,word,2,παρουσία,2026-05-21T06:32:52.948Z
27,e5517617-a2d2-404d-a24d-d0b3ca793fe7,Europeans,el,word,7,Ευρωπαίοι,2026-05-21T06:35:10.852Z
27,e5517617-a2d2-404d-a24d-d0b3ca793fe7,helped,el,word,1,βοήθησε,2026-05-21T06:32:42.622Z
27,e5517617-a2d2-404d-a24d-d0b3ca793fe7,circumstances,el,word,2,συνθήκες,2026-05-21T06:32:52.096Z
27,e5517617-a2d2-404d-a24d-d0b3ca793fe7,dramatically,el,word,1,δραματικά,2026-05-21T06:32:44.451Z
27,e5517617-a2d2-404d-a24d-d0b3ca793fe7,lives,el,word,1,ζωές,2026-05-21T06:32:45.151Z
27,e5517617-a2d2-404d-a24d-d0b3ca793fe7,prior,el,word,1,προηγούμενο,2026-05-21T06:32:49.392Z
27,e5517617-a2d2-404d-a24d-d0b3ca793fe7,conflicts,el,word,4,συγκρούσεις,2026-05-21T06:34:22.522Z
27,e5517617-a2d2-404d-a24d-d0b3ca793fe7,materials.,el,word,1,υλικά.,2026-05-21T06:32:55.294Z
27,e5517617-a2d2-404d-a24d-d0b3ca793fe7,sixteenth,el,word,1,16ος,2026-05-21T06:32:57.028Z
27,e5517617-a2d2-404d-a24d-d0b3ca793fe7,seventeenth,el,word,1,17ος,2026-05-21T06:32:57.595Z
27,e5517617-a2d2-404d-a24d-d0b3ca793fe7,resources.,el,word,2,πόρους.,2026-05-21T06:33:02.109Z
27,e5517617-a2d2-404d-a24d-d0b3ca793fe7,"centuries,",el,word,1,"αιώνες,",2026-05-21T06:32:58.159Z
27,e5517617-a2d2-404d-a24d-d0b3ca793fe7,North,el,word,2,Βόρεια,2026-05-21T06:34:34.291Z
27,e5517617-a2d2-404d-a24d-d0b3ca793fe7,America,el,word,1,Αμερική,2026-05-21T06:32:58.810Z
27,e5517617-a2d2-404d-a24d-d0b3ca793fe7,Atlantic,el,word,1,Ατλαντικός,2026-05-21T06:32:59.853Z
27,e5517617-a2d2-404d-a24d-d0b3ca793fe7,Ocean,el,word,2,Ωκεανός,2026-05-21T06:33:04.005Z
27,e5517617-a2d2-404d-a24d-d0b3ca793fe7,Throughout,el,word,1,Καθ' όλη τη διάρκεια,2026-05-21T06:33:00.623Z
27,e5517617-a2d2-404d-a24d-d0b3ca793fe7,settling,el,word,2,εγκατάσταση,2026-05-21T06:33:05.454Z
27,e5517617-a2d2-404d-a24d-d0b3ca793fe7,obtaining,el,word,1,απόκτηση,2026-05-21T06:33:01.591Z
27,e5517617-a2d2-404d-a24d-d0b3ca793fe7,though,el,word,2,αν και,2026-05-21T06:33:07.605Z
27,e5517617-a2d2-404d-a24d-d0b3ca793fe7,dream:,el,word,1,όνειρο:,2026-05-21T06:33:03.475Z
27,e5517617-a2d2-404d-a24d-d0b3ca793fe7,"forests,",el,word,2,"δάση,",2026-05-21T06:33:04.387Z
27,e5517617-a2d2-404d-a24d-d0b3ca793fe7,plenty,el,word,1,άφθονα,2026-05-21T06:33:05.020Z
27,e5517617-a2d2-404d-a24d-d0b3ca793fe7,freshwater,el,word,2,γλυκού νερού,2026-05-21T06:33:09.233Z
27,e5517617-a2d2-404d-a24d-d0b3ca793fe7,"lakes,",el,word,2,"λίμνες,",2026-05-21T06:33:09.695Z
27,e5517617-a2d2-404d-a24d-d0b3ca793fe7,promise,el,word,1,υπόσχεση,2026-05-21T06:33:06.591Z
27,e5517617-a2d2-404d-a24d-d0b3ca793fe7,gold,el,word,1,χρυσός,2026-05-21T06:33:06.926Z
27,e5517617-a2d2-404d-a24d-d0b3ca793fe7,new,el,word,1,νέα,2026-05-21T06:33:09.535Z
27,e5517617-a2d2-404d-a24d-d0b3ca793fe7,uncharted,el,word,2,αχαρτογράφητα,2026-05-21T06:33:15.393Z
27,e5517617-a2d2-404d-a24d-d0b3ca793fe7,lands,el,word,1,εδάφη,2026-05-21T06:33:10.189Z
27,e5517617-a2d2-404d-a24d-d0b3ca793fe7,lured,el,word,1,προσέλκυσαν,2026-05-21T06:33:11.543Z
27,e5517617-a2d2-404d-a24d-d0b3ca793fe7,explorers,el,word,1,εξερευνητές,2026-05-21T06:33:12.253Z
27,e5517617-a2d2-404d-a24d-d0b3ca793fe7,brought,el,word,1,έφεραν,2026-05-21T06:33:14.021Z
27,e5517617-a2d2-404d-a24d-d0b3ca793fe7,technology.,el,word,2,τεχνολογία.,2026-05-21T06:33:19.642Z
27,e5517617-a2d2-404d-a24d-d0b3ca793fe7,diseases,el,word,3,ασθένειες,2026-05-21T06:33:22.119Z
27,e5517617-a2d2-404d-a24d-d0b3ca793fe7,caused,el,word,2,προκάλεσαν,2026-05-21T06:33:22.765Z
27,e5517617-a2d2-404d-a24d-d0b3ca793fe7,Americans.,el,word,1,Αμερικανοί.,2026-05-21T06:33:19.202Z
27,e5517617-a2d2-404d-a24d-d0b3ca793fe7,settlers,el,word,2,άποικοι,2026-05-21T06:33:56.393Z
27,e5517617-a2d2-404d-a24d-d0b3ca793fe7,grown,el,word,1,είχαν αναπτύξει,2026-05-21T06:33:20.404Z
27,e5517617-a2d2-404d-a24d-d0b3ca793fe7,particular,el,word,1,συγκεκριμένες,2026-05-21T06:33:23.452Z
27,e5517617-a2d2-404d-a24d-d0b3ca793fe7,Eurasia,el,word,1,Ευρασία,2026-05-21T06:33:24.255Z
27,e5517617-a2d2-404d-a24d-d0b3ca793fe7,centuries.,el,word,1,αιώνες.,2026-05-21T06:33:25.276Z
27,e5517617-a2d2-404d-a24d-d0b3ca793fe7,ReadWorks’,el,word,1,ReadWorks’,2026-05-21T06:33:27.472Z
27,e5517617-a2d2-404d-a24d-d0b3ca793fe7,"infections,",el,word,1,"λοιμώξεις,",2026-05-21T06:33:29.123Z
27,e5517617-a2d2-404d-a24d-d0b3ca793fe7,including,el,word,1,συμπεριλαμβανομένων,2026-05-21T06:33:29.527Z
27,e5517617-a2d2-404d-a24d-d0b3ca793fe7,smallpox.,el,word,1,εφιάλτης.,2026-05-21T06:33:30.655Z
27,e5517617-a2d2-404d-a24d-d0b3ca793fe7,estimate,el,word,1,εκτιμούν,2026-05-21T06:33:31.015Z
27,e5517617-a2d2-404d-a24d-d0b3ca793fe7,epidemics,el,word,1,επιδημίες,2026-05-21T06:33:32.391Z
27,e5517617-a2d2-404d-a24d-d0b3ca793fe7,percent,el,word,1,ποσοστό,2026-05-21T06:33:33.965Z
27,e5517617-a2d2-404d-a24d-d0b3ca793fe7,populations.,el,word,1,πληθυσμών.,2026-05-21T06:33:36.001Z
27,e5517617-a2d2-404d-a24d-d0b3ca793fe7,instances,el,word,1,περιπτώσεις,2026-05-21T06:33:37.216Z
27,e5517617-a2d2-404d-a24d-d0b3ca793fe7,technology,el,word,2,τεχνολογία,2026-05-21T06:34:48.055Z
27,e5517617-a2d2-404d-a24d-d0b3ca793fe7,Europeans.,el,word,3,Ευρωπαίοι.,2026-05-21T06:33:54.171Z
27,e5517617-a2d2-404d-a24d-d0b3ca793fe7,"brought,",el,word,1,"έφεραν,",2026-05-21T06:33:45.865Z
27,e5517617-a2d2-404d-a24d-d0b3ca793fe7,metal,el,word,1,μέταλλο,2026-05-21T06:33:46.475Z
27,e5517617-a2d2-404d-a24d-d0b3ca793fe7,tools.,el,word,1,εργαλεία.,2026-05-21T06:33:46.753Z
27,e5517617-a2d2-404d-a24d-d0b3ca793fe7,hunting,el,word,3,κυνήγι,2026-05-21T06:35:07.754Z
27,e5517617-a2d2-404d-a24d-d0b3ca793fe7,lands.,el,word,1,περιοχές.,2026-05-21T06:33:49.435Z
27,e5517617-a2d2-404d-a24d-d0b3ca793fe7,would,el,word,1,θα,2026-05-21T06:33:50.226Z
27,e5517617-a2d2-404d-a24d-d0b3ca793fe7,exchanged,el,word,1,αντάλλασσαν,2026-05-21T06:33:52.607Z
27,e5517617-a2d2-404d-a24d-d0b3ca793fe7,"Jamestown,",el,word,3,"Τζέιμσταουν,",2026-05-21T06:34:05.032Z
27,e5517617-a2d2-404d-a24d-d0b3ca793fe7,"Virginia,",el,word,1,"Βιρτζίνια,",2026-05-21T06:33:58.709Z
27,e5517617-a2d2-404d-a24d-d0b3ca793fe7,conquered.,el,word,3,υποτάξιμοι.,2026-05-21T06:34:14.740Z
27,e5517617-a2d2-404d-a24d-d0b3ca793fe7,"food,",el,word,2,"τροφή,",2026-05-21T06:34:00.380Z
27,e5517617-a2d2-404d-a24d-d0b3ca793fe7,reinforcements,el,word,4,ενισχύσεις,2026-05-21T06:34:50.372Z
27,e5517617-a2d2-404d-a24d-d0b3ca793fe7,"settlers,",el,word,2,"οι έποικοι,",2026-05-21T06:34:08.505Z
27,e5517617-a2d2-404d-a24d-d0b3ca793fe7,founded,el,word,1,ίδρυσε,2026-05-21T06:34:02.034Z
27,e5517617-a2d2-404d-a24d-d0b3ca793fe7,Jamestown,el,word,1,Τζέιμσταουν,2026-05-21T06:34:03.150Z
27,e5517617-a2d2-404d-a24d-d0b3ca793fe7,"resources,",el,word,1,"πόρους,",2026-05-21T06:34:11.904Z
27,e5517617-a2d2-404d-a24d-d0b3ca793fe7,typically,el,word,3,συνήθως,2026-05-21T06:35:33.563Z
27,e5517617-a2d2-404d-a24d-d0b3ca793fe7,viewed,el,word,2,θεωρούσαν,2026-05-21T06:34:16.826Z
27,e5517617-a2d2-404d-a24d-d0b3ca793fe7,people,el,word,1,άνθρωποι,2026-05-21T06:34:13.877Z
27,e5517617-a2d2-404d-a24d-d0b3ca793fe7,pressured,el,word,2,πίεσαν,2026-05-21T06:34:19.283Z
27,e5517617-a2d2-404d-a24d-d0b3ca793fe7,many,el,word,1,πολλοί,2026-05-21T06:34:17.378Z
27,e5517617-a2d2-404d-a24d-d0b3ca793fe7,thousands,el,word,2,χιλιάδες,2026-05-21T06:34:29.396Z
27,e5517617-a2d2-404d-a24d-d0b3ca793fe7,aggressions,el,word,4,επιθέσεις,2026-05-21T06:34:28.673Z
27,e5517617-a2d2-404d-a24d-d0b3ca793fe7,collectively,el,word,2,συλλογικά,2026-05-21T06:34:24.942Z
27,e5517617-a2d2-404d-a24d-d0b3ca793fe7,called,el,word,1,που ονομάζονται,2026-05-21T06:34:24.081Z
27,e5517617-a2d2-404d-a24d-d0b3ca793fe7,Anglo-Powhatan,el,word,4,Αγγλο-Ποουχάταν,2026-05-21T06:35:42.007Z
27,e5517617-a2d2-404d-a24d-d0b3ca793fe7,giving,el,word,1,δίνοντας,2026-05-21T06:34:26.299Z
27,e5517617-a2d2-404d-a24d-d0b3ca793fe7,"Wars,",el,word,1,"Πόλεμοι,",2026-05-21T06:34:27.386Z
27,e5517617-a2d2-404d-a24d-d0b3ca793fe7,lasted,el,word,1,διήρκεσε,2026-05-21T06:34:28.156Z
27,e5517617-a2d2-404d-a24d-d0b3ca793fe7,several,el,word,1,αρκετές,2026-05-21T06:34:28.528Z
27,e5517617-a2d2-404d-a24d-d0b3ca793fe7,decades,el,word,1,δεκαετίες,2026-05-21T06:34:29.039Z
27,e5517617-a2d2-404d-a24d-d0b3ca793fe7,displaced.,el,word,1,εκτοπίστηκαν.,2026-05-21T06:34:31.596Z
27,e5517617-a2d2-404d-a24d-d0b3ca793fe7,arrival,el,word,1,άφιξη,2026-05-21T06:34:33.583Z
27,e5517617-a2d2-404d-a24d-d0b3ca793fe7,affected,el,word,1,επηρέασαν,2026-05-21T06:34:35.322Z
27,e5517617-a2d2-404d-a24d-d0b3ca793fe7,relationships,el,word,4,σχέσεις,2026-05-21T06:34:54.555Z
27,e5517617-a2d2-404d-a24d-d0b3ca793fe7,resources,el,word,2,πόρους,2026-05-21T06:34:44.830Z
27,e5517617-a2d2-404d-a24d-d0b3ca793fe7,whole,el,word,1,ολόκληρες,2026-05-21T06:34:41.042Z
27,e5517617-a2d2-404d-a24d-d0b3ca793fe7,groups,el,word,1,ομάδες,2026-05-21T06:34:41.446Z
27,e5517617-a2d2-404d-a24d-d0b3ca793fe7,powerful,el,word,1,ισχυρά,2026-05-21T06:34:42.972Z
27,e5517617-a2d2-404d-a24d-d0b3ca793fe7,suddenly,el,word,3,ξαφνικά,2026-05-21T06:35:41.610Z
27,e5517617-a2d2-404d-a24d-d0b3ca793fe7,"weapons,",el,word,1,"όπλα,",2026-05-21T06:34:43.713Z
27,e5517617-a2d2-404d-a24d-d0b3ca793fe7,scrambling,el,word,1,σπεύδουν,2026-05-21T06:34:43.773Z
27,e5517617-a2d2-404d-a24d-d0b3ca793fe7,build,el,word,1,κατασκευή,2026-05-21T06:34:44.656Z
27,e5517617-a2d2-404d-a24d-d0b3ca793fe7,"buildings,",el,word,1,"κτίρια,",2026-05-21T06:34:45.356Z
27,e5517617-a2d2-404d-a24d-d0b3ca793fe7,built,el,word,2,χτίστηκαν,2026-05-21T06:35:28.533Z
27,e5517617-a2d2-404d-a24d-d0b3ca793fe7,became,el,word,2,έγινε,2026-05-21T06:35:36.204Z
27,e5517617-a2d2-404d-a24d-d0b3ca793fe7,destroy,el,word,4,καταστρέφουν,2026-05-21T06:34:59.126Z
27,e5517617-a2d2-404d-a24d-d0b3ca793fe7,somewhere,el,word,2,κάπου,2026-05-21T06:35:28.787Z
27,e5517617-a2d2-404d-a24d-d0b3ca793fe7,miles,el,word,1,χιλιομέτρων,2026-05-21T06:34:52.528Z
27,e5517617-a2d2-404d-a24d-d0b3ca793fe7,mounting,el,word,3,αυξανόμενη,2026-05-21T06:35:05.453Z
27,e5517617-a2d2-404d-a24d-d0b3ca793fe7,pressure,el,word,2,πίεση,2026-05-21T06:35:01.536Z
27,e5517617-a2d2-404d-a24d-d0b3ca793fe7,coming,el,word,2,ερχόμενες,2026-05-21T06:35:02.243Z
27,e5517617-a2d2-404d-a24d-d0b3ca793fe7,ways,el,word,1,τρόποι,2026-05-21T06:34:56.859Z
27,e5517617-a2d2-404d-a24d-d0b3ca793fe7,tenuous,el,word,3,εύθραυστες,2026-05-21T06:35:36.834Z
27,e5517617-a2d2-404d-a24d-d0b3ca793fe7,threatened,el,word,1,απειλούσε,2026-05-21T06:34:58.343Z
27,e5517617-a2d2-404d-a24d-d0b3ca793fe7,sparked,el,word,6,προκάλεσε,2026-05-21T06:35:10.978Z
27,e5517617-a2d2-404d-a24d-d0b3ca793fe7,skirmishes,el,word,3,συμπλοκές,2026-05-21T06:35:06.161Z
27,e5517617-a2d2-404d-a24d-d0b3ca793fe7,becoming,el,word,2,γίνονται,2026-05-21T06:35:08.388Z
27,e5517617-a2d2-404d-a24d-d0b3ca793fe7,scarce,el,word,2,σπάνια,2026-05-21T06:35:15.087Z
27,e5517617-a2d2-404d-a24d-d0b3ca793fe7,"time,",el,word,1,"χρόνος,",2026-05-21T06:35:13.266Z
27,e5517617-a2d2-404d-a24d-d0b3ca793fe7,land,el,word,1,γη,2026-05-21T06:35:13.948Z
27,e5517617-a2d2-404d-a24d-d0b3ca793fe7,currency,el,word,2,νόμισμα,2026-05-21T06:35:19.932Z
27,e5517617-a2d2-404d-a24d-d0b3ca793fe7,livelihood.,el,word,2,μέσο διαβίωσης.,2026-05-21T06:35:20.470Z
27,e5517617-a2d2-404d-a24d-d0b3ca793fe7,forced,el,word,1,αναγκάζονταν,2026-05-21T06:35:17.056Z
27,e5517617-a2d2-404d-a24d-d0b3ca793fe7,continued,el,word,1,συνέχεια,2026-05-21T06:35:17.173Z
27,e5517617-a2d2-404d-a24d-d0b3ca793fe7,settle,el,word,1,εγκαθίστανται,2026-05-21T06:35:17.446Z
27,e5517617-a2d2-404d-a24d-d0b3ca793fe7,needed,el,word,2,χρειαζόταν,2026-05-21T06:35:22.137Z
27,e5517617-a2d2-404d-a24d-d0b3ca793fe7,either,el,word,1,είτε,2026-05-21T06:35:19.060Z
27,e5517617-a2d2-404d-a24d-d0b3ca793fe7,assumed,el,word,1,ανέλαβαν,2026-05-21T06:35:22.436Z
27,e5517617-a2d2-404d-a24d-d0b3ca793fe7,live,el,word,2,ζω,2026-05-21T06:35:24.060Z
27,e5517617-a2d2-404d-a24d-d0b3ca793fe7,time.,el,word,1,χρόνο.,2026-05-21T06:35:27.463Z
27,e5517617-a2d2-404d-a24d-d0b3ca793fe7,call,el,word,1,κλήση,2026-05-21T06:35:28.382Z
27,e5517617-a2d2-404d-a24d-d0b3ca793fe7,food.,el,word,1,φαγητό.,2026-05-21T06:35:33.998Z
27,e5517617-a2d2-404d-a24d-d0b3ca793fe7,break,el,word,1,διάλειμμα,2026-05-21T06:35:42.023Z
27,e5517617-a2d2-404d-a24d-d0b3ca793fe7,spawn,el,word,1,προκαλέσει,2026-05-21T06:35:42.414Z
27,e5517617-a2d2-404d-a24d-d0b3ca793fe7,ReadWorks,el,word,11,ReadWorks,2026-05-21T06:39:23.850Z
27,e5517617-a2d2-404d-a24d-d0b3ca793fe7,Conflicts,el,word,10,Συγκρούσεις,2026-05-21T06:39:16.159Z
25,7831bc9a-8246-4aff-a75f-25a3a660e471,front,el,word,2,μπροστά,2026-05-21T07:09:15.597Z
25,7831bc9a-8246-4aff-a75f-25a3a660e471,looked,el,word,1,κοίταξε,2026-05-21T07:09:12.927Z
25,7831bc9a-8246-4aff-a75f-25a3a660e471,"movements,",el,word,2,"κινήσεις,",2026-05-21T07:09:18.556Z
25,6b5fdc31-6cfe-4ab2-9bc4-2515b7409dd2,Science,el,word,1,Επιστήμη,2026-05-21T07:11:17.134Z
25,6b5fdc31-6cfe-4ab2-9bc4-2515b7409dd2,stream,el,word,1,ροή,2026-05-21T07:11:35.621Z
25,6b5fdc31-6cfe-4ab2-9bc4-2515b7409dd2,electromagnetic,el,word,2,ηλεκτρομαγνητικά,2026-05-21T07:13:35.943Z
25,6b5fdc31-6cfe-4ab2-9bc4-2515b7409dd2,slinky,el,word,1,σπείρα,2026-05-21T07:12:17.054Z
25,6b5fdc31-6cfe-4ab2-9bc4-2515b7409dd2,simply,el,word,1,απλά,2026-05-21T07:12:27.661Z
25,6b5fdc31-6cfe-4ab2-9bc4-2515b7409dd2,access,el,word,1,πρόσβαση,2026-05-21T07:13:37.913Z
25,e7bf17ae-7754-401b-b520-b43d7dca91db,Halloween,el,word,1,Χάλοουιν,2026-05-21T07:18:19.650Z
25,e7bf17ae-7754-401b-b520-b43d7dca91db,"indulge,",el,word,1,"αφεθείτε,",2026-05-21T07:18:23.402Z
25,e7bf17ae-7754-401b-b520-b43d7dca91db,roots,el,word,1,ρίζες,2026-05-21T07:18:24.624Z
25,e7bf17ae-7754-401b-b520-b43d7dca91db,middlemen-a,el,word,1,μεσάζοντες-ένας,2026-05-21T07:19:29.653Z
25,e7bf17ae-7754-401b-b520-b43d7dca91db,chocolate,el,word,1,σοκολάτα,2026-05-21T07:19:32.603Z
25,e7bf17ae-7754-401b-b520-b43d7dca91db,marketers,el,word,1,εμπόροι,2026-05-21T07:19:32.989Z
25,e7bf17ae-7754-401b-b520-b43d7dca91db,economies.,el,word,1,οικονομίες.,2026-05-21T07:20:00.282Z
25,e7bf17ae-7754-401b-b520-b43d7dca91db,earth-friendly.,el,word,1,φιλικές προς το περιβάλλον.,2026-05-21T07:20:22.623Z
14,a7b34be5-4bcc-4dfd-8503-3ca4343a39be,Lisa,el,word,1,Λίζα,2026-05-21T07:45:12.525Z
14,a7b34be5-4bcc-4dfd-8503-3ca4343a39be,"Olsen,",el,word,1,"Όλσεν,",2026-05-21T07:45:17.667Z
14,a7b34be5-4bcc-4dfd-8503-3ca4343a39be,Ruptured,el,word,1,Ruptured,2026-05-21T07:45:23.938Z
14,a7b34be5-4bcc-4dfd-8503-3ca4343a39be,Museum,el,word,1,Μουσείο,2026-05-21T07:45:24.502Z
14,a7b34be5-4bcc-4dfd-8503-3ca4343a39be,Aviation,el,word,1,Αεροπορία,2026-05-21T07:45:28.255Z
14,a7b34be5-4bcc-4dfd-8503-3ca4343a39be,branch,el,word,1,κλάδο,2026-05-21T07:45:36.434Z
14,a7b34be5-4bcc-4dfd-8503-3ca4343a39be,request,el,word,1,αίτημα,2026-05-21T07:45:36.499Z
14,a7b34be5-4bcc-4dfd-8503-3ca4343a39be,federal,el,word,1,ομοσπονδιακός,2026-05-21T07:45:36.528Z
9,e887bbb7-f415-41c2-8d96-e109b720dc7b,begins.,el,word,1,ξεκινά.,2026-05-21T07:59:49.333Z
9,e887bbb7-f415-41c2-8d96-e109b720dc7b,Age,el,word,1,Εποχή,2026-05-21T08:01:17.602Z
9,e887bbb7-f415-41c2-8d96-e109b720dc7b,ReadWorks,el,word,1,ReadWorks,2026-05-21T08:01:20.120Z
9,e887bbb7-f415-41c2-8d96-e109b720dc7b,governments,el,word,2,κυβερνήσεις,2026-05-21T08:01:29.544Z
9,e887bbb7-f415-41c2-8d96-e109b720dc7b,thousands,el,word,3,χιλιάδες,2026-05-21T08:01:32.097Z
9,e887bbb7-f415-41c2-8d96-e109b720dc7b,cultures.,el,word,3,πολιτισμούς.,2026-05-21T08:01:33.484Z
9,e887bbb7-f415-41c2-8d96-e109b720dc7b,(like,el,word,1,(όπως,2026-05-21T08:01:50.703Z
9,e887bbb7-f415-41c2-8d96-e109b720dc7b,"however,",el,word,1,"ωστόσο,",2026-05-21T08:01:50.747Z
9,e887bbb7-f415-41c2-8d96-e109b720dc7b,economic,el,word,1,οικονομική,2026-05-21T08:01:50.789Z
9,e887bbb7-f415-41c2-8d96-e109b720dc7b,"reckoning,""",el,word,1,"υπολογισμός»,",2026-05-21T08:01:56.354Z
9,e887bbb7-f415-41c2-8d96-e109b720dc7b,Europe),el,word,1,Ευρώπη),2026-05-21T08:01:57.450Z
9,e887bbb7-f415-41c2-8d96-e109b720dc7b,science.,el,word,2,επιστήμη.,2026-05-21T08:02:04.826Z
9,e887bbb7-f415-41c2-8d96-e109b720dc7b,estimated,el,word,1,εκτιμώμενη,2026-05-21T08:02:04.564Z
9,e887bbb7-f415-41c2-8d96-e109b720dc7b,technologies,el,word,2,τεχνολογίες,2026-05-21T08:02:25.104Z
9,e887bbb7-f415-41c2-8d96-e109b720dc7b,fan-shaped,el,word,1,σε σχήμα βεντάλιας,2026-05-21T08:02:23.655Z
9,e887bbb7-f415-41c2-8d96-e109b720dc7b,Time-keeping,el,word,1,Χρονομέτρηση,2026-05-21T08:02:50.329Z
9,e887bbb7-f415-41c2-8d96-e109b720dc7b,Governments,el,word,1,Κυβερνήσεις,2026-05-21T08:03:01.044Z
9,e887bbb7-f415-41c2-8d96-e109b720dc7b,helpedexplorers,el,word,5,βοηθούσε τους εξερευνητές,2026-05-21T08:06:19.911Z
9,e887bbb7-f415-41c2-8d96-e109b720dc7b,navigational,el,word,2,ναυτιλιακά,2026-05-21T08:06:33.826Z
9,e887bbb7-f415-41c2-8d96-e109b720dc7b,navigator,el,word,2,πλοηγός,2026-05-21T08:03:47.496Z
9,e887bbb7-f415-41c2-8d96-e109b720dc7b,Central,el,word,2,Κεντρική,2026-05-21T08:03:48.166Z
9,e887bbb7-f415-41c2-8d96-e109b720dc7b,imprecise,el,word,1,ανακριβής,2026-05-21T08:03:48.300Z
9,e887bbb7-f415-41c2-8d96-e109b720dc7b,difficulties,el,word,3,δυσκολίες,2026-05-21T08:03:48.795Z
9,e887bbb7-f415-41c2-8d96-e109b720dc7b,Columbus's,el,word,1,Ο Κολόμβος,2026-05-21T08:03:48.774Z
9,e887bbb7-f415-41c2-8d96-e109b720dc7b,"hand,",el,word,1,"από την άλλη,",2026-05-21T08:03:49.120Z
9,e887bbb7-f415-41c2-8d96-e109b720dc7b,explorers,el,word,3,εξερευνητές,2026-05-21T08:06:42.683Z
9,e887bbb7-f415-41c2-8d96-e109b720dc7b,exploration,el,word,2,η εξερεύνηση,2026-05-21T08:04:36.972Z
9,e887bbb7-f415-41c2-8d96-e109b720dc7b,countries,el,word,1,χώρες,2026-05-21T08:03:59.997Z
9,e887bbb7-f415-41c2-8d96-e109b720dc7b,sextant,el,word,1,εξάντα,2026-05-21T08:04:06.435Z
9,e887bbb7-f415-41c2-8d96-e109b720dc7b,"involved,",el,word,1,"που συνεπάγονται,",2026-05-21T08:04:33.414Z
9,e887bbb7-f415-41c2-8d96-e109b720dc7b,limited,el,word,1,περιορισμένη,2026-05-21T08:04:36.320Z
9,e887bbb7-f415-41c2-8d96-e109b720dc7b,available,el,word,6,διαθέσιμα,2026-05-21T08:06:30.716Z
9,e887bbb7-f415-41c2-8d96-e109b720dc7b,instruments,el,word,1,όργανα,2026-05-21T08:04:52.694Z
9,e887bbb7-f415-41c2-8d96-e109b720dc7b,incomplete,el,word,6,ατελής,2026-05-21T08:06:11.097Z
9,e887bbb7-f415-41c2-8d96-e109b720dc7b,maps.,el,word,2,χάρτες.,2026-05-21T08:06:32.766Z
9,e887bbb7-f415-41c2-8d96-e109b720dc7b,including,el,word,1,συμπεριλαμβανομένου,2026-05-21T08:05:05.820Z
9,e887bbb7-f415-41c2-8d96-e109b720dc7b,America,el,word,6,Αμερική,2026-05-21T08:06:05.092Z
9,e887bbb7-f415-41c2-8d96-e109b720dc7b,America.,el,word,4,Αμερική.,2026-05-21T08:06:25.600Z
9,e887bbb7-f415-41c2-8d96-e109b720dc7b,find,el,word,9,βρίσκω,2026-05-21T08:06:11.964Z
9,e887bbb7-f415-41c2-8d96-e109b720dc7b,efficient,el,word,2,αποτελεσματική,2026-05-21T08:05:54.949Z
9,e887bbb7-f415-41c2-8d96-e109b720dc7b,route,el,word,2,διαδρομή,2026-05-21T08:05:50.139Z
9,e887bbb7-f415-41c2-8d96-e109b720dc7b,South,el,word,1,Νότια,2026-05-21T08:06:24.414Z
9,e887bbb7-f415-41c2-8d96-e109b720dc7b,experience.,el,word,1,εμπειρία.,2026-05-21T08:06:42.066Z
9,e887bbb7-f415-41c2-8d96-e109b720dc7b,America's,el,word,3,Η Αμερική,2026-05-21T08:07:40.326Z
9,e887bbb7-f415-41c2-8d96-e109b720dc7b,Contributing,el,word,1,Συνεισφέροντας,2026-05-21T08:07:46.567Z
9,e887bbb7-f415-41c2-8d96-e109b720dc7b,support,el,word,2,υποστήριξη,2026-05-21T08:08:31.601Z
9,e887bbb7-f415-41c2-8d96-e109b720dc7b,morale-boosting,el,word,2,που ενίσχυαν το ηθικό,2026-05-21T08:08:01.765Z
9,e887bbb7-f415-41c2-8d96-e109b720dc7b,Disney-designed,el,word,2,σχεδιασμένα από τη Disney,2026-05-21T08:08:02.413Z
9,e887bbb7-f415-41c2-8d96-e109b720dc7b,military,el,word,1,στρατιωτικός,2026-05-21T08:07:59.277Z
9,e887bbb7-f415-41c2-8d96-e109b720dc7b,appeared,el,word,1,εμφανίστηκαν,2026-05-21T08:08:04.325Z
9,e887bbb7-f415-41c2-8d96-e109b720dc7b,Spirit,el,word,1,Spirit,2026-05-21T08:08:23.005Z
9,e887bbb7-f415-41c2-8d96-e109b720dc7b,Duck,el,word,1,Ντακ,2026-05-21T08:08:26.965Z
9,e887bbb7-f415-41c2-8d96-e109b720dc7b,Studios,el,word,1,Studios,2026-05-21T08:09:31.462Z
9,e887bbb7-f415-41c2-8d96-e109b720dc7b,"""Fifinella,""",el,word,1,"«Fifinella»,",2026-05-21T08:09:35.394Z
9,e887bbb7-f415-41c2-8d96-e109b720dc7b,vehicles,el,word,1,οχήματα,2026-05-21T08:09:44.132Z
9,e887bbb7-f415-41c2-8d96-e109b720dc7b,drawings,el,word,4,σχέδια,2026-05-21T08:10:03.779Z
9,e887bbb7-f415-41c2-8d96-e109b720dc7b,Disney,el,word,5,Disney,2026-05-21T08:12:45.641Z
9,e887bbb7-f415-41c2-8d96-e109b720dc7b,appreciate,el,word,1,εκτιμώ,2026-05-21T08:09:53.977Z
9,e887bbb7-f415-41c2-8d96-e109b720dc7b,humorous,el,word,1,χιουμοριστικό,2026-05-21T08:09:56.106Z
9,e887bbb7-f415-41c2-8d96-e109b720dc7b,unit,el,word,2,μονάδα,2026-05-21T08:10:03.100Z
9,e887bbb7-f415-41c2-8d96-e109b720dc7b,came,el,word,2,ήρθε,2026-05-21T08:10:06.237Z
9,e887bbb7-f415-41c2-8d96-e109b720dc7b,"surprising,",el,word,1,"εκπληκτικό,",2026-05-21T08:10:06.219Z
9,e887bbb7-f415-41c2-8d96-e109b720dc7b,artists,el,word,1,καλλιτέχνες,2026-05-21T08:10:09.876Z
9,e887bbb7-f415-41c2-8d96-e109b720dc7b,used,el,word,1,χρησιμοποίησαν,2026-05-21T08:10:11.866Z
9,e887bbb7-f415-41c2-8d96-e109b720dc7b,winged,el,word,1,φτερωτή,2026-05-21T08:10:42.180Z
9,e887bbb7-f415-41c2-8d96-e109b720dc7b,large,el,word,1,μεγάλο,2026-05-21T08:10:44.534Z
9,e887bbb7-f415-41c2-8d96-e109b720dc7b,"""Flying",el,word,1,«Flying,2026-05-21T08:11:10.234Z
9,e887bbb7-f415-41c2-8d96-e109b720dc7b,"Navy,",el,word,7,"Ναυτικό,",2026-05-21T08:13:58.219Z
9,e887bbb7-f415-41c2-8d96-e109b720dc7b,presented,el,word,1,που παρουσιάζονται,2026-05-21T08:11:17.518Z
9,e887bbb7-f415-41c2-8d96-e109b720dc7b,"Tigers.""",el,word,4,Τίγρεις.»,2026-05-21T08:12:48.491Z
9,e887bbb7-f415-41c2-8d96-e109b720dc7b,"boats.""",el,word,3,«σκαφών».,2026-05-21T08:12:37.874Z
9,e887bbb7-f415-41c2-8d96-e109b720dc7b,provided,el,word,1,παρείχε,2026-05-21T08:11:40.383Z
9,e887bbb7-f415-41c2-8d96-e109b720dc7b,constructed,el,word,3,κατασκευασμένα,2026-05-21T08:12:41.775Z
9,e887bbb7-f415-41c2-8d96-e109b720dc7b,"response,",el,word,2,"απάντηση,",2026-05-21T08:12:38.961Z
9,e887bbb7-f415-41c2-8d96-e109b720dc7b,war's,el,word,1,του πολέμου,2026-05-21T08:12:16.870Z
9,e887bbb7-f415-41c2-8d96-e109b720dc7b,Allied,el,word,1,Συμμαχικές,2026-05-21T08:12:22.635Z
9,e887bbb7-f415-41c2-8d96-e109b720dc7b,also,el,word,1,επίσης,2026-05-21T08:12:49.686Z
9,e887bbb7-f415-41c2-8d96-e109b720dc7b,well,el,word,1,καλά,2026-05-21T08:12:55.827Z
9,e887bbb7-f415-41c2-8d96-e109b720dc7b,History,el,word,1,Ιστορία,2026-05-21T08:13:17.714Z
9,e887bbb7-f415-41c2-8d96-e109b720dc7b,"units,",el,word,1,"μονάδες,",2026-05-21T08:13:56.098Z
9,e887bbb7-f415-41c2-8d96-e109b720dc7b,among,el,word,1,μεταξύ,2026-05-21T08:14:11.712Z
9,e887bbb7-f415-41c2-8d96-e109b720dc7b,please,el,word,1,παρακαλώ,2026-05-21T08:14:36.728Z
5,75cec1ad-74b6-4061-b074-04d2e6124387,ecosystem,el,word,2,οικοσύστημα,2026-05-21T08:34:17.774Z
5,75cec1ad-74b6-4061-b074-04d2e6124387,Hemisphere,el,word,1,Ημισφαίριο,2026-05-21T08:34:34.796Z
5,75cec1ad-74b6-4061-b074-04d2e6124387,precipitation.,el,word,1,βροχοπτώσεις.,2026-05-21T08:34:45.982Z
5,75cec1ad-74b6-4061-b074-04d2e6124387,endangered,el,word,1,απειλούμενα,2026-05-21T08:35:25.315Z
5,75cec1ad-74b6-4061-b074-04d2e6124387,harm.,el,word,1,βλάβη.,2026-05-21T08:35:55.347Z
5,75cec1ad-74b6-4061-b074-04d2e6124387,powerful,el,word,1,ισχυρά,2026-05-21T08:36:13.651Z
5,75cec1ad-74b6-4061-b074-04d2e6124387,becoming,el,word,1,μετατρέπονται,2026-05-21T08:36:35.982Z
5,75cec1ad-74b6-4061-b074-04d2e6124387,biodiversity,el,word,1,βιοποικιλότητα,2026-05-21T08:36:40.570Z
5,75cec1ad-74b6-4061-b074-04d2e6124387,likely,el,word,4,πιθανό,2026-05-21T08:37:52.057Z
5,75cec1ad-74b6-4061-b074-04d2e6124387,"planet,",el,word,2,"πλανήτη,",2026-05-21T08:37:42.450Z
5,75cec1ad-74b6-4061-b074-04d2e6124387,cannot,el,word,1,δεν μπορούν,2026-05-21T08:37:36.753Z
5,75cec1ad-74b6-4061-b074-04d2e6124387,especially,el,word,3,ειδικά,2026-05-21T08:38:10.952Z
5,75cec1ad-74b6-4061-b074-04d2e6124387,mining,el,word,1,ορυχεία,2026-05-21T08:39:03.862Z
5,75cec1ad-74b6-4061-b074-04d2e6124387,ecosystems,el,word,1,οικοσυστήματα,2026-05-21T08:39:12.458Z
5,75cec1ad-74b6-4061-b074-04d2e6124387,jaguars,el,word,1,ιαγουάροι,2026-05-21T08:39:14.488Z
5,40ae8d52-bfc7-405d-a5ea-54d86cd4bcf2,vehicle-ice,el,word,1,όχημα-παγωτό,2026-05-21T08:40:05.009Z
5,40ae8d52-bfc7-405d-a5ea-54d86cd4bcf2,candy,el,word,1,γλυκό,2026-05-21T08:40:07.331Z
5,cb26b48d-9da2-4c92-b291-097109165679,readily,el,word,1,εύκολα,2026-05-21T08:40:30.927Z
5,cb26b48d-9da2-4c92-b291-097109165679,goes,el,word,1,πάει,2026-05-21T08:40:38.512Z
5,cb26b48d-9da2-4c92-b291-097109165679,company,el,word,1,εταιρεία,2026-05-21T08:40:38.768Z
5,cb26b48d-9da2-4c92-b291-097109165679,manufactured,el,word,1,κατασκευάστηκε,2026-05-21T08:40:46.595Z
5,cb26b48d-9da2-4c92-b291-097109165679,"indulge,",el,word,1,"αφεθείτε,",2026-05-21T08:40:48.425Z
5,cb26b48d-9da2-4c92-b291-097109165679,corner-store,el,word,2,γωνιακό μαγαζί,2026-05-21T08:40:57.706Z
5,cb26b48d-9da2-4c92-b291-097109165679,middlemen-a,el,word,1,μεσάζοντες-ένας,2026-05-21T08:41:46.169Z
5,cb26b48d-9da2-4c92-b291-097109165679,regulations,el,word,1,κανονισμοί,2026-05-21T08:41:56.759Z
5,cb26b48d-9da2-4c92-b291-097109165679,communities,el,word,1,κοινότητες,2026-05-21T08:42:14.523Z
5,cb26b48d-9da2-4c92-b291-097109165679,operations,el,word,1,δραστηριότητες,2026-05-21T08:42:46.789Z
5,cb26b48d-9da2-4c92-b291-097109165679,trade,el,word,2,εμπόριο,2026-05-21T08:43:12.229Z
5,cb26b48d-9da2-4c92-b291-097109165679,consumers,el,word,1,καταναλωτές,2026-05-21T08:43:05.358Z
6,b4ed17d5-65a7-43f4-9bd7-8c07824e59a2,morning,el,word,2,πρωί,2026-05-21T08:57:02.714Z
6,b4ed17d5-65a7-43f4-9bd7-8c07824e59a2,comfortable,el,word,2,άνετο,2026-05-21T08:57:09.444Z
6,b4ed17d5-65a7-43f4-9bd7-8c07824e59a2,"chair,",el,word,1,"καρέκλα,",2026-05-21T08:57:08.936Z
6,b4ed17d5-65a7-43f4-9bd7-8c07824e59a2,followed,el,word,1,ακολουθούσε,2026-05-21T08:57:16.317Z
6,b4ed17d5-65a7-43f4-9bd7-8c07824e59a2,whether,el,word,1,αν,2026-05-21T08:57:18.627Z
6,b4ed17d5-65a7-43f4-9bd7-8c07824e59a2,sat,el,word,1,καθόταν,2026-05-21T08:57:19.323Z
6,b4ed17d5-65a7-43f4-9bd7-8c07824e59a2,tracking,el,word,1,απόσταση μεταξύ γραμμάτων,2026-05-21T08:57:21.745Z
6,b4ed17d5-65a7-43f4-9bd7-8c07824e59a2,graph,el,word,1,graph,2026-05-21T08:57:22.793Z
6,b4ed17d5-65a7-43f4-9bd7-8c07824e59a2,validation,el,word,1,επικύρωση,2026-05-21T08:57:25.406Z
6,b4ed17d5-65a7-43f4-9bd7-8c07824e59a2,slightly,el,word,1,ελαφρώς,2026-05-21T08:57:28.759Z
6,b4ed17d5-65a7-43f4-9bd7-8c07824e59a2,adjust,el,word,1,προσαρμόζω,2026-05-21T08:57:29.447Z
6,b4ed17d5-65a7-43f4-9bd7-8c07824e59a2,ReadWorks,el,word,1,ReadWorks,2026-05-21T08:58:11.495Z
6,b4ed17d5-65a7-43f4-9bd7-8c07824e59a2,overthrew,el,word,3,ανατρέψαν,2026-05-21T08:58:21.072Z
6,b4ed17d5-65a7-43f4-9bd7-8c07824e59a2,States,el,word,1,Πολιτείες,2026-05-21T08:58:18.370Z
6,b4ed17d5-65a7-43f4-9bd7-8c07824e59a2,"Originally,",el,word,1,"Αρχικά,",2026-05-21T08:58:28.687Z
6,b4ed17d5-65a7-43f4-9bd7-8c07824e59a2,wondered,el,word,2,αναρωτηθήκατε,2026-05-21T08:58:31.763Z
6,b4ed17d5-65a7-43f4-9bd7-8c07824e59a2,colonies,el,word,1,αποικίες,2026-05-21T08:58:31.483Z
6,b4ed17d5-65a7-43f4-9bd7-8c07824e59a2,colonial,el,word,2,αποικιακός,2026-05-21T08:58:37.082Z
6,b4ed17d5-65a7-43f4-9bd7-8c07824e59a2,America.,el,word,1,Αμερική.,2026-05-21T08:58:36.959Z
6,b4ed17d5-65a7-43f4-9bd7-8c07824e59a2,men,el,word,1,άνδρες,2026-05-21T08:58:45.449Z
6,b4ed17d5-65a7-43f4-9bd7-8c07824e59a2,Independence,el,word,4,Ανεξαρτησία,2026-05-21T09:05:00.184Z
6,b4ed17d5-65a7-43f4-9bd7-8c07824e59a2,drafting,el,word,1,σύνταξη,2026-05-21T08:58:51.110Z
6,b4ed17d5-65a7-43f4-9bd7-8c07824e59a2,Constitution,el,word,2,Σύνταγμα,2026-05-21T08:59:01.440Z
6,b4ed17d5-65a7-43f4-9bd7-8c07824e59a2,"revolution,",el,word,1,"επανάσταση,",2026-05-21T08:58:53.361Z
6,b4ed17d5-65a7-43f4-9bd7-8c07824e59a2,Benjamin,el,word,4,Μπέντζαμιν,2026-05-21T08:59:19.466Z
6,b4ed17d5-65a7-43f4-9bd7-8c07824e59a2,"Independence,",el,word,2,"Ανεξαρτησίας,",2026-05-21T08:58:58.133Z
6,b4ed17d5-65a7-43f4-9bd7-8c07824e59a2,"Franklin,",el,word,2,"Φράνκλιν,",2026-05-21T08:58:58.332Z
6,b4ed17d5-65a7-43f4-9bd7-8c07824e59a2,contributed,el,word,1,συνέβαλαν,2026-05-21T08:59:00.255Z
6,b4ed17d5-65a7-43f4-9bd7-8c07824e59a2,"""Committee",el,word,1,«Επιτροπή,2026-05-21T08:59:02.861Z
6,b4ed17d5-65a7-43f4-9bd7-8c07824e59a2,maker,el,word,1,κατασκευαστής,2026-05-21T08:59:19.328Z
6,b4ed17d5-65a7-43f4-9bd7-8c07824e59a2,father,el,word,1,πατέρας,2026-05-21T08:59:23.872Z
6,b4ed17d5-65a7-43f4-9bd7-8c07824e59a2,"children,",el,word,1,"παιδιά,",2026-05-21T08:59:31.262Z
6,b4ed17d5-65a7-43f4-9bd7-8c07824e59a2,printing,el,word,1,τυπογραφία,2026-05-21T08:59:36.293Z
6,b4ed17d5-65a7-43f4-9bd7-8c07824e59a2,afford,el,word,1,να αντέξει οικονομικά,2026-05-21T08:59:37.637Z
6,b4ed17d5-65a7-43f4-9bd7-8c07824e59a2,worked,el,word,1,εργάστηκε,2026-05-21T08:59:39.000Z
6,b4ed17d5-65a7-43f4-9bd7-8c07824e59a2,Pennsylvania,el,word,4,Πενσυλβανία,2026-05-21T09:01:43.838Z
6,b4ed17d5-65a7-43f4-9bd7-8c07824e59a2,Gazette,el,word,2,Gazette,2026-05-21T08:59:47.020Z
6,b4ed17d5-65a7-43f4-9bd7-8c07824e59a2,brother's,el,word,3,του αδελφού του,2026-05-21T08:59:48.506Z
6,b4ed17d5-65a7-43f4-9bd7-8c07824e59a2,publication,el,word,1,έκδοση,2026-05-21T08:59:50.622Z
6,b4ed17d5-65a7-43f4-9bd7-8c07824e59a2,"addition,",el,word,1,"επιπλέον,",2026-05-21T09:00:01.410Z
6,b4ed17d5-65a7-43f4-9bd7-8c07824e59a2,"ReadWorks®,",el,word,1,"ReadWorks®,",2026-05-21T09:00:02.675Z
6,b4ed17d5-65a7-43f4-9bd7-8c07824e59a2,printer,el,word,1,εκτυπωτής,2026-05-21T09:00:30.141Z
6,b4ed17d5-65a7-43f4-9bd7-8c07824e59a2,"Americancolonies,",el,word,1,"αμερικανικές αποικίες,",2026-05-21T09:00:45.189Z
6,b4ed17d5-65a7-43f4-9bd7-8c07824e59a2,American,el,word,4,Αμερικανική,2026-05-21T09:03:04.767Z
6,b4ed17d5-65a7-43f4-9bd7-8c07824e59a2,representative,el,word,3,εκπρόσωπος,2026-05-21T09:00:57.967Z
6,b4ed17d5-65a7-43f4-9bd7-8c07824e59a2,independence,el,word,1,ανεξαρτησία,2026-05-21T09:00:49.673Z
6,b4ed17d5-65a7-43f4-9bd7-8c07824e59a2,became,el,word,1,έγινε,2026-05-21T09:00:55.982Z
6,b4ed17d5-65a7-43f4-9bd7-8c07824e59a2,member,el,word,1,μέλος,2026-05-21T09:00:57.678Z
6,b4ed17d5-65a7-43f4-9bd7-8c07824e59a2,Honest,el,word,1,Ειλικρινής,2026-05-21T09:01:00.382Z
6,b4ed17d5-65a7-43f4-9bd7-8c07824e59a2,assisting,el,word,1,υποστήριξη,2026-05-21T09:01:02.196Z
6,b4ed17d5-65a7-43f4-9bd7-8c07824e59a2,interacting,el,word,1,αλληλεπιδρώντας,2026-05-21T09:01:04.444Z
6,b4ed17d5-65a7-43f4-9bd7-8c07824e59a2,political,el,word,1,πολιτική,2026-05-21T09:01:06.964Z
6,b4ed17d5-65a7-43f4-9bd7-8c07824e59a2,thinkers,el,word,1,στοχαστές,2026-05-21T09:01:07.434Z
6,b4ed17d5-65a7-43f4-9bd7-8c07824e59a2,Speaker,el,word,5,Πρόεδρος,2026-05-21T09:04:49.796Z
6,b4ed17d5-65a7-43f4-9bd7-8c07824e59a2,opposed,el,word,1,αντιτάχθηκε,2026-05-21T09:01:26.990Z
6,b4ed17d5-65a7-43f4-9bd7-8c07824e59a2,"colony,",el,word,1,"αποικία,",2026-05-21T09:01:29.482Z
6,b4ed17d5-65a7-43f4-9bd7-8c07824e59a2,direct,el,word,6,άμεσος,2026-05-21T09:04:29.257Z
6,b4ed17d5-65a7-43f4-9bd7-8c07824e59a2,tax,el,word,1,φόρος,2026-05-21T09:01:31.983Z
6,b4ed17d5-65a7-43f4-9bd7-8c07824e59a2,campaign,el,word,1,εκστρατεία,2026-05-21T09:01:37.111Z
6,b4ed17d5-65a7-43f4-9bd7-8c07824e59a2,injustices,el,word,5,αδικίες,2026-05-21T09:04:59.062Z
6,b4ed17d5-65a7-43f4-9bd7-8c07824e59a2,Independence.,el,word,2,Ανεξαρτησία.,2026-05-21T09:01:43.887Z
6,b4ed17d5-65a7-43f4-9bd7-8c07824e59a2,delegate,el,word,1,εκπρόσωπος,2026-05-21T09:01:50.138Z
6,b4ed17d5-65a7-43f4-9bd7-8c07824e59a2,interests,el,word,3,συμφέροντα,2026-05-21T09:05:03.964Z
6,b4ed17d5-65a7-43f4-9bd7-8c07824e59a2,"Congress,""",el,word,1,"Κογκρέσο»,",2026-05-21T09:02:01.721Z
6,b4ed17d5-65a7-43f4-9bd7-8c07824e59a2,everyone,el,word,2,όλοι,2026-05-21T09:02:04.632Z
6,b4ed17d5-65a7-43f4-9bd7-8c07824e59a2,Declaration,el,word,1,Διακήρυξη,2026-05-21T09:02:04.590Z
6,b4ed17d5-65a7-43f4-9bd7-8c07824e59a2,Pennsylvania.,el,word,2,Πενσυλβανία.,2026-05-21T09:02:31.786Z
6,b4ed17d5-65a7-43f4-9bd7-8c07824e59a2,"established,",el,word,1,"ιδρύθηκαν,",2026-05-21T09:02:09.987Z
6,b4ed17d5-65a7-43f4-9bd7-8c07824e59a2,Ambassador,el,word,2,Πρέσβης,2026-05-21T09:02:18.858Z
6,b4ed17d5-65a7-43f4-9bd7-8c07824e59a2,several,el,word,1,αρκετές,2026-05-21T09:02:12.669Z
6,b4ed17d5-65a7-43f4-9bd7-8c07824e59a2,United,el,word,1,Ηνωμένες,2026-05-21T09:02:16.136Z
6,b4ed17d5-65a7-43f4-9bd7-8c07824e59a2,"sayings,",el,word,1,"αποφθέγματα,",2026-05-21T09:02:19.372Z
6,b4ed17d5-65a7-43f4-9bd7-8c07824e59a2,President,el,word,1,Πρόεδρος,2026-05-21T09:02:21.987Z
6,b4ed17d5-65a7-43f4-9bd7-8c07824e59a2,ounce,el,word,3,ουγγιά,2026-05-21T09:02:45.434Z
6,b4ed17d5-65a7-43f4-9bd7-8c07824e59a2,also,el,word,3,επίσης,2026-05-21T09:02:42.226Z
6,b4ed17d5-65a7-43f4-9bd7-8c07824e59a2,prevention,el,word,1,πρόληψη,2026-05-21T09:02:35.876Z
6,b4ed17d5-65a7-43f4-9bd7-8c07824e59a2,"cure.""",el,word,1,θεραπεία».,2026-05-21T09:02:54.026Z
6,b4ed17d5-65a7-43f4-9bd7-8c07824e59a2,including,el,word,1,συμπεριλαμβανομένων,2026-05-21T09:02:54.245Z
6,b4ed17d5-65a7-43f4-9bd7-8c07824e59a2,Continental,el,word,1,Ηπειρωτική,2026-05-21T09:02:54.283Z
6,b4ed17d5-65a7-43f4-9bd7-8c07824e59a2,"Pennsylvania,",el,word,1,"Πενσυλβανία,",2026-05-21T09:03:07.006Z
6,b4ed17d5-65a7-43f4-9bd7-8c07824e59a2,elected,el,word,2,εκλέχθηκε,2026-05-21T09:03:32.433Z
6,b4ed17d5-65a7-43f4-9bd7-8c07824e59a2,British,el,word,8,Βρετανική,2026-05-21T09:04:57.750Z
6,b4ed17d5-65a7-43f4-9bd7-8c07824e59a2,began,el,word,1,ξεκίνησε,2026-05-21T09:03:19.628Z
6,b4ed17d5-65a7-43f4-9bd7-8c07824e59a2,struggle,el,word,2,αγώνα,2026-05-21T09:04:31.427Z
6,b4ed17d5-65a7-43f4-9bd7-8c07824e59a2,Franklin.,el,word,2,Τον Φράνκλιν.,2026-05-21T09:05:10.943Z
6,b4ed17d5-65a7-43f4-9bd7-8c07824e59a2,one,el,word,1,ένα,2026-05-21T09:05:08.897Z
6,e4aa9b21-7b53-4759-aebe-faf91844f4c6,ecosystem,el,word,1,οικοσύστημα,2026-05-21T09:06:50.594Z
6,e4aa9b21-7b53-4759-aebe-faf91844f4c6,geography.,el,word,1,γεωγραφία.,2026-05-21T09:07:03.836Z
6,e4aa9b21-7b53-4759-aebe-faf91844f4c6,"""hemisphere""",el,word,1,«ημισφαίριο»,2026-05-21T09:07:06.062Z
6,e4aa9b21-7b53-4759-aebe-faf91844f4c6,northern,el,word,1,βόρειο,2026-05-21T09:07:09.896Z
6,e4aa9b21-7b53-4759-aebe-faf91844f4c6,divided,el,word,1,χωρίζονται,2026-05-21T09:07:14.494Z
6,e4aa9b21-7b53-4759-aebe-faf91844f4c6,equator.,el,word,1,ισημερινός.,2026-05-21T09:07:17.092Z
6,e4aa9b21-7b53-4759-aebe-faf91844f4c6,two,el,word,1,δύο,2026-05-21T09:07:25.913Z
6,e4aa9b21-7b53-4759-aebe-faf91844f4c6,temperate,el,word,2,εύκρατο,2026-05-21T09:07:38.999Z
6,e4aa9b21-7b53-4759-aebe-faf91844f4c6,precipitation.,el,word,1,βροχοπτώσεις.,2026-05-21T09:07:36.278Z
6,e4aa9b21-7b53-4759-aebe-faf91844f4c6,tropical,el,word,2,τροπικό,2026-05-21T09:12:52.906Z
6,e4aa9b21-7b53-4759-aebe-faf91844f4c6,around,el,word,1,περίπου,2026-05-21T09:08:27.903Z
6,e4aa9b21-7b53-4759-aebe-faf91844f4c6,oldest,el,word,1,παλαιότερα,2026-05-21T09:08:29.236Z
6,e4aa9b21-7b53-4759-aebe-faf91844f4c6,since,el,word,1,από τότε,2026-05-21T09:08:34.005Z
6,e4aa9b21-7b53-4759-aebe-faf91844f4c6,roamed,el,word,1,περιπλανιόνταν,2026-05-21T09:08:35.981Z
6,e4aa9b21-7b53-4759-aebe-faf91844f4c6,home.,el,word,1,σπίτι.,2026-05-21T09:08:43.754Z
6,e4aa9b21-7b53-4759-aebe-faf91844f4c6,"Jaguars,",el,word,1,"Τζάγκουαρς,",2026-05-21T09:08:50.321Z
6,e4aa9b21-7b53-4759-aebe-faf91844f4c6,tarantulas,el,word,1,ταραντούλες,2026-05-21T09:08:53.827Z
6,e4aa9b21-7b53-4759-aebe-faf91844f4c6,call,el,word,1,καλούν,2026-05-21T09:08:54.973Z
6,e4aa9b21-7b53-4759-aebe-faf91844f4c6,animals,el,word,1,ζώα,2026-05-21T09:08:56.941Z
6,e4aa9b21-7b53-4759-aebe-faf91844f4c6,small,el,word,1,μικρό,2026-05-21T09:08:59.134Z
6,e4aa9b21-7b53-4759-aebe-faf91844f4c6,okapi.,el,word,1,οκάπι.,2026-05-21T09:09:06.968Z
6,e4aa9b21-7b53-4759-aebe-faf91844f4c6,creature,el,word,1,πλάσμα,2026-05-21T09:09:09.847Z
6,e4aa9b21-7b53-4759-aebe-faf91844f4c6,hindquarters,el,word,1,οπίσθια άκρα,2026-05-21T09:09:11.461Z
6,e4aa9b21-7b53-4759-aebe-faf91844f4c6,front,el,word,1,μπροστά,2026-05-21T09:09:13.371Z
6,e4aa9b21-7b53-4759-aebe-faf91844f4c6,Okapis,el,word,1,Οκάπι,2026-05-21T09:09:15.401Z
6,e4aa9b21-7b53-4759-aebe-faf91844f4c6,perky,el,word,1,περήφανα,2026-05-21T09:09:17.751Z
6,e4aa9b21-7b53-4759-aebe-faf91844f4c6,Ituri,el,word,2,Ιτούρι,2026-05-21T09:09:39.885Z
6,e4aa9b21-7b53-4759-aebe-faf91844f4c6,haven't,el,word,1,δεν έχουμε,2026-05-21T09:09:35.065Z
6,e4aa9b21-7b53-4759-aebe-faf91844f4c6,One,el,word,1,Ένα,2026-05-21T09:09:47.866Z
6,e4aa9b21-7b53-4759-aebe-faf91844f4c6,Rainforests,el,word,1,Τα τροπικά δάση,2026-05-21T09:09:59.773Z
6,e4aa9b21-7b53-4759-aebe-faf91844f4c6,flying,el,word,1,ιπτάμενα,2026-05-21T09:10:05.438Z
6,e4aa9b21-7b53-4759-aebe-faf91844f4c6,misnomer,el,word,1,ακατάλληλη ονομασία,2026-05-21T09:10:09.769Z
6,e4aa9b21-7b53-4759-aebe-faf91844f4c6,glide,el,word,1,πλανάται,2026-05-21T09:10:13.744Z
6,e4aa9b21-7b53-4759-aebe-faf91844f4c6,gain,el,word,1,αύξηση,2026-05-21T09:10:15.091Z
6,e4aa9b21-7b53-4759-aebe-faf91844f4c6,produce,el,word,1,παράγουν,2026-05-21T09:10:24.234Z
6,e4aa9b21-7b53-4759-aebe-faf91844f4c6,protects,el,word,1,προστατεύει,2026-05-21T09:10:26.581Z
6,e4aa9b21-7b53-4759-aebe-faf91844f4c6,endemic,el,word,1,ενδημικά,2026-05-21T09:10:34.866Z
6,e4aa9b21-7b53-4759-aebe-faf91844f4c6,meaning,el,word,1,που σημαίνει,2026-05-21T09:10:38.684Z
6,e4aa9b21-7b53-4759-aebe-faf91844f4c6,species,el,word,2,είδη,2026-05-21T09:10:45.781Z
6,e4aa9b21-7b53-4759-aebe-faf91844f4c6,predators.,el,word,3,αρπακτικά.,2026-05-21T09:10:46.098Z
6,e4aa9b21-7b53-4759-aebe-faf91844f4c6,toucans,el,word,1,τουκάν,2026-05-21T09:10:52.685Z
6,e4aa9b21-7b53-4759-aebe-faf91844f4c6,beaks.,el,word,1,ράμφη.,2026-05-21T09:10:56.234Z
6,e4aa9b21-7b53-4759-aebe-faf91844f4c6,open,el,word,1,ανοίξτε,2026-05-21T09:11:01.463Z
6,e4aa9b21-7b53-4759-aebe-faf91844f4c6,tough,el,word,1,σκληρό,2026-05-21T09:11:03.458Z
6,e4aa9b21-7b53-4759-aebe-faf91844f4c6,Birds,el,word,1,Πουλιά,2026-05-21T09:11:08.352Z
6,e4aa9b21-7b53-4759-aebe-faf91844f4c6,"beaks,",el,word,1,"ράμφη,",2026-05-21T09:11:10.725Z
6,e4aa9b21-7b53-4759-aebe-faf91844f4c6,robins,el,word,1,κοτσύφια,2026-05-21T09:11:11.727Z
6,e4aa9b21-7b53-4759-aebe-faf91844f4c6,living,el,word,1,που ζουν,2026-05-21T09:11:13.589Z
6,e4aa9b21-7b53-4759-aebe-faf91844f4c6,"""walking",el,word,2,«περπατώντας,2026-05-21T09:11:34.545Z
6,e4aa9b21-7b53-4759-aebe-faf91844f4c6,insect,el,word,2,έντομο,2026-05-21T09:11:39.033Z
6,e4aa9b21-7b53-4759-aebe-faf91844f4c6,moves.,el,word,1,κινείται.,2026-05-21T09:11:35.787Z
6,e4aa9b21-7b53-4759-aebe-faf91844f4c6,blends,el,word,1,δένει,2026-05-21T09:11:41.717Z
6,e4aa9b21-7b53-4759-aebe-faf91844f4c6,unnoticeable,el,word,1,αόρατο,2026-05-21T09:11:45.292Z
6,e4aa9b21-7b53-4759-aebe-faf91844f4c6,Despite,el,word,1,Παρά,2026-05-21T09:11:56.254Z
6,e4aa9b21-7b53-4759-aebe-faf91844f4c6,biodiversity,el,word,1,βιοποικιλότητα,2026-05-21T09:11:57.297Z
6,e4aa9b21-7b53-4759-aebe-faf91844f4c6,becoming,el,word,1,μετατρέπονται,2026-05-21T09:12:02.693Z
6,e4aa9b21-7b53-4759-aebe-faf91844f4c6,jaguars,el,word,1,ιαγουάροι,2026-05-21T09:12:16.731Z
6,e4aa9b21-7b53-4759-aebe-faf91844f4c6,highly-valued,el,word,1,πολύτιμα,2026-05-21T09:12:18.868Z
6,e4aa9b21-7b53-4759-aebe-faf91844f4c6,Pollution,el,word,1,Ρύπανση,2026-05-21T09:12:20.216Z
6,e4aa9b21-7b53-4759-aebe-faf91844f4c6,mining,el,word,1,ορυχεία,2026-05-21T09:12:22.588Z
6,e4aa9b21-7b53-4759-aebe-faf91844f4c6,destroyed.,el,word,2,καταστραφούν.,2026-05-21T09:12:27.597Z
6,e4aa9b21-7b53-4759-aebe-faf91844f4c6,"Hemisphere,",el,word,1,"Ημισφαίριο,",2026-05-21T09:12:32.952Z
6,e4aa9b21-7b53-4759-aebe-faf91844f4c6,"planet,",el,word,1,"πλανήτη,",2026-05-21T09:12:37.216Z
6,e4aa9b21-7b53-4759-aebe-faf91844f4c6,crucial,el,word,1,ζωτικής σημασίας,2026-05-21T09:12:42.642Z
6,e4aa9b21-7b53-4759-aebe-faf91844f4c6,take,el,word,1,να,2026-05-21T09:12:52.768Z
26,3ff87ec6-1b0b-4818-9c93-ba39a6293173,system,el,word,1,σύστημα,2026-05-21T09:32:45.516Z
26,3ff87ec6-1b0b-4818-9c93-ba39a6293173,fixations,el,word,1,σταθεροποιήσεις,2026-05-21T09:32:47.184Z
26,3ff87ec6-1b0b-4818-9c93-ba39a6293173,appears,el,word,1,φαίνεται,2026-05-21T09:32:50.302Z
26,3ff87ec6-1b0b-4818-9c93-ba39a6293173,settings,el,word,1,ρυθμίσεις,2026-05-21T09:32:50.938Z
26,3ff87ec6-1b0b-4818-9c93-ba39a6293173,checked,el,word,1,ελέγχθηκε,2026-05-21T09:32:52.313Z
26,3ff87ec6-1b0b-4818-9c93-ba39a6293173,experiment,el,word,4,πείραμα,2026-05-21T09:33:34.243Z
26,3ff87ec6-1b0b-4818-9c93-ba39a6293173,real,el,word,2,πραγματικό,2026-05-21T09:33:09.587Z
26,3ff87ec6-1b0b-4818-9c93-ba39a6293173,accurately,el,word,1,με ακρίβεια,2026-05-21T09:33:05.549Z
26,3ff87ec6-1b0b-4818-9c93-ba39a6293173,larger,el,word,1,μεγαλύτερη,2026-05-21T09:33:12.676Z
26,3ff87ec6-1b0b-4818-9c93-ba39a6293173,comfortable,el,word,2,άνετο,2026-05-21T09:33:58.729Z
26,3ff87ec6-1b0b-4818-9c93-ba39a6293173,smaller.,el,word,2,μικρότερο.,2026-05-21T09:33:33.985Z
26,3ff87ec6-1b0b-4818-9c93-ba39a6293173,begins.,el,word,1,ξεκινά.,2026-05-21T09:33:36.212Z
26,3ff87ec6-1b0b-4818-9c93-ba39a6293173,avoid,el,word,1,αποφύγετε,2026-05-21T09:33:43.626Z
26,3ff87ec6-1b0b-4818-9c93-ba39a6293173,words,el,word,1,λέξεις,2026-05-21T09:33:43.635Z
26,3ff87ec6-1b0b-4818-9c93-ba39a6293173,makes,el,word,2,κάνει,2026-05-21T09:33:43.731Z
26,3ff87ec6-1b0b-4818-9c93-ba39a6293173,adjusted,el,word,3,ρύθμισε,2026-05-21T09:34:13.579Z
26,3ff87ec6-1b0b-4818-9c93-ba39a6293173,began,el,word,1,ξεκίνησε,2026-05-21T09:33:45.419Z
26,3ff87ec6-1b0b-4818-9c93-ba39a6293173,morning,el,word,4,πρωί,2026-05-21T09:34:09.409Z
26,3ff87ec6-1b0b-4818-9c93-ba39a6293173,quiet,el,word,1,ήσυχο,2026-05-21T09:33:48.537Z
26,3ff87ec6-1b0b-4818-9c93-ba39a6293173,layout.,el,word,1,Διάταξη.,2026-05-21T09:33:51.301Z
26,3ff87ec6-1b0b-4818-9c93-ba39a6293173,continue,el,word,2,συνέχεια,2026-05-21T09:34:07.749Z
26,3ff87ec6-1b0b-4818-9c93-ba39a6293173,points,el,word,1,σημεία,2026-05-21T09:34:00.550Z
26,3ff87ec6-1b0b-4818-9c93-ba39a6293173,simple:,el,word,1,απλό:,2026-05-21T09:34:07.799Z
26,3ff87ec6-1b0b-4818-9c93-ba39a6293173,"screen,",el,word,1,"οθόνη,",2026-05-21T09:34:12.082Z
26,3ff87ec6-1b0b-4818-9c93-ba39a6293173,line,el,word,1,γραμμή,2026-05-21T09:34:19.699Z
26,3ff87ec6-1b0b-4818-9c93-ba39a6293173,"naturally,",el,word,1,"φυσικά,",2026-05-21T09:34:22.970Z
26,3ff87ec6-1b0b-4818-9c93-ba39a6293173,circus.,el,word,1,τσίρκο.,2026-05-21T09:35:00.933Z
26,3ff87ec6-1b0b-4818-9c93-ba39a6293173,ecosystem,el,word,1,οικοσύστημα,2026-05-21T09:35:08.171Z
26,3ff87ec6-1b0b-4818-9c93-ba39a6293173,rainforests,el,word,2,τροπικά δάση,2026-05-21T09:39:34.675Z
26,3ff87ec6-1b0b-4818-9c93-ba39a6293173,Hemisphere.,el,word,2,Ημισφαίριο.,2026-05-21T09:35:14.604Z
26,3ff87ec6-1b0b-4818-9c93-ba39a6293173,"""hemisphere""",el,word,1,«ημισφαίριο»,2026-05-21T09:35:20.234Z
26,3ff87ec6-1b0b-4818-9c93-ba39a6293173,Hemisphere,el,word,1,Ημισφαίριο,2026-05-21T09:35:34.417Z
26,3ff87ec6-1b0b-4818-9c93-ba39a6293173,"Hemisphere,",el,word,3,"Ημισφαίριο,",2026-05-21T09:39:36.785Z
26,3ff87ec6-1b0b-4818-9c93-ba39a6293173,temperate,el,word,2,εύκρατο,2026-05-21T09:35:47.718Z
26,3ff87ec6-1b0b-4818-9c93-ba39a6293173,long.,el,word,1,όλο το χρόνο.,2026-05-21T09:35:41.104Z
26,3ff87ec6-1b0b-4818-9c93-ba39a6293173,precipitation.,el,word,1,βροχοπτώσεις.,2026-05-21T09:35:44.527Z
26,3ff87ec6-1b0b-4818-9c93-ba39a6293173,difference,el,word,1,διαφορά,2026-05-21T09:35:46.614Z
26,3ff87ec6-1b0b-4818-9c93-ba39a6293173,conditions,el,word,1,συνθήκες,2026-05-21T09:36:02.158Z
26,3ff87ec6-1b0b-4818-9c93-ba39a6293173,animals,el,word,3,ζώα,2026-05-21T09:38:16.752Z
26,3ff87ec6-1b0b-4818-9c93-ba39a6293173,rainforest,el,word,2,τροπικό δάσος,2026-05-21T09:37:31.956Z
26,3ff87ec6-1b0b-4818-9c93-ba39a6293173,"parrots,",el,word,1,"παπαγάλοι,",2026-05-21T09:36:39.339Z
26,3ff87ec6-1b0b-4818-9c93-ba39a6293173,endangered,el,word,2,απειλούμενα,2026-05-21T09:36:55.299Z
26,3ff87ec6-1b0b-4818-9c93-ba39a6293173,okapi.,el,word,1,οκάπι.,2026-05-21T09:36:52.346Z
26,3ff87ec6-1b0b-4818-9c93-ba39a6293173,hindquarters,el,word,2,οπίσθια άκρα,2026-05-21T09:36:57.828Z
26,3ff87ec6-1b0b-4818-9c93-ba39a6293173,mostly,el,word,1,κυρίως,2026-05-21T09:36:56.945Z
26,3ff87ec6-1b0b-4818-9c93-ba39a6293173,perky,el,word,1,περήφανα,2026-05-21T09:37:03.348Z
26,3ff87ec6-1b0b-4818-9c93-ba39a6293173,misnomer,el,word,1,ακατάλληλη ονομασία,2026-05-21T09:37:22.660Z
26,3ff87ec6-1b0b-4818-9c93-ba39a6293173,altitude),el,word,1,ύψος),2026-05-21T09:37:27.167Z
26,3ff87ec6-1b0b-4818-9c93-ba39a6293173,spiders,el,word,1,αράχνες,2026-05-21T09:37:29.472Z
26,3ff87ec6-1b0b-4818-9c93-ba39a6293173,eat,el,word,1,τρώω,2026-05-21T09:37:30.171Z
26,3ff87ec6-1b0b-4818-9c93-ba39a6293173,coral,el,word,1,κοράλλι,2026-05-21T09:37:33.956Z
26,3ff87ec6-1b0b-4818-9c93-ba39a6293173,produce,el,word,1,παράγουν,2026-05-21T09:37:37.419Z
26,3ff87ec6-1b0b-4818-9c93-ba39a6293173,poison,el,word,1,δηλητήριο,2026-05-21T09:37:39.086Z
26,3ff87ec6-1b0b-4818-9c93-ba39a6293173,endemic,el,word,1,ενδημικά,2026-05-21T09:37:46.034Z
26,3ff87ec6-1b0b-4818-9c93-ba39a6293173,tropical,el,word,1,τροπικά,2026-05-21T09:37:47.261Z
26,3ff87ec6-1b0b-4818-9c93-ba39a6293173,adapt,el,word,1,προσαρμόζονται,2026-05-21T09:37:53.643Z
26,3ff87ec6-1b0b-4818-9c93-ba39a6293173,parrots,el,word,1,παπαγάλοι,2026-05-21T09:37:59.068Z
26,3ff87ec6-1b0b-4818-9c93-ba39a6293173,open,el,word,1,ανοίξτε,2026-05-21T09:38:01.567Z
26,3ff87ec6-1b0b-4818-9c93-ba39a6293173,robins,el,word,2,κοτσύφια,2026-05-21T09:38:01.691Z
26,3ff87ec6-1b0b-4818-9c93-ba39a6293173,beaks.,el,word,2,ράμφη.,2026-05-21T09:38:32.025Z
26,3ff87ec6-1b0b-4818-9c93-ba39a6293173,practically,el,word,4,σχεδόν,2026-05-21T09:38:56.602Z
26,3ff87ec6-1b0b-4818-9c93-ba39a6293173,biodiversity,el,word,3,βιοποικιλότητα,2026-05-21T09:39:12.852Z
26,3ff87ec6-1b0b-4818-9c93-ba39a6293173,species,el,word,1,είδη,2026-05-21T09:39:22.406Z
26,0aebc011-e6c8-4c8b-adf2-8ad9527a0c8f,light,el,word,1,φως,2026-05-21T09:43:43.229Z
26,0aebc011-e6c8-4c8b-adf2-8ad9527a0c8f,visible,el,word,1,ορατός,2026-05-21T09:43:43.392Z
26,0aebc011-e6c8-4c8b-adf2-8ad9527a0c8f,world.,el,word,1,κόσμο.,2026-05-21T09:43:44.045Z
26,0aebc011-e6c8-4c8b-adf2-8ad9527a0c8f,bulbs,el,word,1,λαμπτήρες,2026-05-21T09:43:55.249Z
26,0aebc011-e6c8-4c8b-adf2-8ad9527a0c8f,electromagnetic,el,word,6,ηλεκτρομαγνητικά,2026-05-21T09:46:25.536Z
26,0aebc011-e6c8-4c8b-adf2-8ad9527a0c8f,spectrum,el,word,1,φάσμα,2026-05-21T09:44:05.636Z
26,0aebc011-e6c8-4c8b-adf2-8ad9527a0c8f,spectrum.,el,word,1,φάσμα.,2026-05-21T09:44:21.965Z
26,0aebc011-e6c8-4c8b-adf2-8ad9527a0c8f,organized,el,word,1,οργανωμένο,2026-05-21T09:44:29.937Z
26,0aebc011-e6c8-4c8b-adf2-8ad9527a0c8f,wavelength.,el,word,1,μήκος κύματος.,2026-05-21T09:44:32.253Z
26,0aebc011-e6c8-4c8b-adf2-8ad9527a0c8f,intensities,el,word,2,εντάσεις,2026-05-21T09:44:34.781Z
26,0aebc011-e6c8-4c8b-adf2-8ad9527a0c8f,different,el,word,1,διαφορετικά,2026-05-21T09:44:34.742Z
26,0aebc011-e6c8-4c8b-adf2-8ad9527a0c8f,length,el,word,1,μήκος,2026-05-21T09:44:37.612Z
26,0aebc011-e6c8-4c8b-adf2-8ad9527a0c8f,scrunched,el,word,3,συμπιεσμένα,2026-05-21T09:45:42.309Z
26,0aebc011-e6c8-4c8b-adf2-8ad9527a0c8f,slinky.,el,word,2,σπείρα.,2026-05-21T09:45:10.259Z
26,0aebc011-e6c8-4c8b-adf2-8ad9527a0c8f,room.,el,word,1,δωμάτιο.,2026-05-21T09:45:07.981Z
26,0aebc011-e6c8-4c8b-adf2-8ad9527a0c8f,dab,el,word,1,ακριβώς,2026-05-21T09:45:40.977Z
26,0aebc011-e6c8-4c8b-adf2-8ad9527a0c8f,waves-gamma,el,word,2,κύματα γάμμα,2026-05-21T09:45:49.421Z
26,0aebc011-e6c8-4c8b-adf2-8ad9527a0c8f,eyes,el,word,1,μάτια,2026-05-21T09:45:49.415Z
26,0aebc011-e6c8-4c8b-adf2-8ad9527a0c8f,commonplace,el,word,1,συνηθισμένη,2026-05-21T09:45:53.926Z
26,0aebc011-e6c8-4c8b-adf2-8ad9527a0c8f,"distances,",el,word,2,"αποστάσεις,",2026-05-21T09:46:21.267Z
26,0aebc011-e6c8-4c8b-adf2-8ad9527a0c8f,look,el,word,2,κοιτάζω,2026-05-21T09:46:21.610Z
26,0aebc011-e6c8-4c8b-adf2-8ad9527a0c8f,studying,el,word,1,μελετώντας,2026-05-21T09:46:24.565Z
26,0aebc011-e6c8-4c8b-adf2-8ad9527a0c8f,outer,el,word,1,εξωτερικό,2026-05-21T09:46:30.060Z
26,0aebc011-e6c8-4c8b-adf2-8ad9527a0c8f,humankind,el,word,1,η ανθρωπότητα,2026-05-21T09:46:38.734Z
26,0aebc011-e6c8-4c8b-adf2-8ad9527a0c8f,information,el,word,1,πληροφορίες,2026-05-21T09:46:55.966Z
26,0aebc011-e6c8-4c8b-adf2-8ad9527a0c8f,night-vision,el,word,1,νυχτερινή όραση,2026-05-21T09:47:04.532Z
26,0aebc011-e6c8-4c8b-adf2-8ad9527a0c8f,comprehensible,el,word,1,κατανοητές,2026-05-21T09:47:31.055Z
23,b52e66a4-f4e4-4862-b082-7f38b6c71a81,comfortable,el,word,1,άνετο,2026-05-21T10:32:35.504Z
23,b52e66a4-f4e4-4862-b082-7f38b6c71a81,smaller.,el,word,3,μικρότερο.,2026-05-21T10:34:52.832Z
23,b52e66a4-f4e4-4862-b082-7f38b6c71a81,distance,el,word,1,απόσταση,2026-05-21T10:32:40.782Z
23,b52e66a4-f4e4-4862-b082-7f38b6c71a81,becomes,el,word,2,γίνεται,2026-05-21T10:34:23.271Z
23,b52e66a4-f4e4-4862-b082-7f38b6c71a81,followed,el,word,1,ακολουθούσε,2026-05-21T10:32:54.416Z
23,b52e66a4-f4e4-4862-b082-7f38b6c71a81,simple:,el,word,5,απλό:,2026-05-21T10:33:00.677Z
23,b52e66a4-f4e4-4862-b082-7f38b6c71a81,adjusted,el,word,1,ρύθμισε,2026-05-21T10:32:58.469Z
23,b52e66a4-f4e4-4862-b082-7f38b6c71a81,features,el,word,2,χαρακτηριστικά,2026-05-21T10:33:02.580Z
23,b52e66a4-f4e4-4862-b082-7f38b6c71a81,visual,el,word,1,οπτικά,2026-05-21T10:33:04.221Z
23,b52e66a4-f4e4-4862-b082-7f38b6c71a81,detects,el,word,4,ανιχνεύει,2026-05-21T10:36:21.900Z
23,b52e66a4-f4e4-4862-b082-7f38b6c71a81,goal,el,word,1,στόχος,2026-05-21T10:33:08.371Z
23,b52e66a4-f4e4-4862-b082-7f38b6c71a81,morning,el,word,2,πρωί,2026-05-21T10:33:08.468Z
23,b52e66a4-f4e4-4862-b082-7f38b6c71a81,system,el,word,6,σύστημα,2026-05-21T10:34:40.886Z
23,b52e66a4-f4e4-4862-b082-7f38b6c71a81,reduced.,el,word,6,μειωθεί.,2026-05-21T10:34:40.455Z
23,b52e66a4-f4e4-4862-b082-7f38b6c71a81,show,el,word,1,δείξει,2026-05-21T10:33:14.947Z
23,b52e66a4-f4e4-4862-b082-7f38b6c71a81,validation,el,word,4,επικύρωση,2026-05-21T10:33:19.522Z
23,b52e66a4-f4e4-4862-b082-7f38b6c71a81,whether,el,word,3,αν,2026-05-21T10:33:19.403Z
23,b52e66a4-f4e4-4862-b082-7f38b6c71a81,font.,el,word,3,γραμματοσειρά.,2026-05-21T10:33:19.413Z
23,b52e66a4-f4e4-4862-b082-7f38b6c71a81,beside,el,word,1,δίπλα,2026-05-21T10:33:29.563Z
23,b52e66a4-f4e4-4862-b082-7f38b6c71a81,reveal,el,word,1,αποκαλύπτουν,2026-05-21T10:33:52.494Z
23,b52e66a4-f4e4-4862-b082-7f38b6c71a81,larger,el,word,1,μεγαλύτερη,2026-05-21T10:34:07.766Z
23,b52e66a4-f4e4-4862-b082-7f38b6c71a81,adjust,el,word,5,προσαρμόζω,2026-05-21T10:34:40.496Z
23,b52e66a4-f4e4-4862-b082-7f38b6c71a81,Paragraph,el,word,3,Παράγραφος,2026-05-21T10:35:41.682Z
23,b52e66a4-f4e4-4862-b082-7f38b6c71a81,checked,el,word,2,ελέγχθηκε,2026-05-21T10:34:16.479Z
23,b52e66a4-f4e4-4862-b082-7f38b6c71a81,accurately,el,word,5,με ακρίβεια,2026-05-21T10:36:17.143Z
23,b52e66a4-f4e4-4862-b082-7f38b6c71a81,easier,el,word,1,ευκολότερο,2026-05-21T10:34:23.926Z
23,b52e66a4-f4e4-4862-b082-7f38b6c71a81,researcher,el,word,3,ερευνητής,2026-05-21T10:36:02.047Z
23,b52e66a4-f4e4-4862-b082-7f38b6c71a81,neighboring,el,word,5,γειτονικά,2026-05-21T10:35:11.485Z
23,b52e66a4-f4e4-4862-b082-7f38b6c71a81,see,el,word,1,βλέπε,2026-05-21T10:34:51.136Z
23,b52e66a4-f4e4-4862-b082-7f38b6c71a81,makes,el,word,1,κάνει,2026-05-21T10:35:05.429Z
23,b52e66a4-f4e4-4862-b082-7f38b6c71a81,letters,el,word,2,γράμματα,2026-05-21T10:36:07.050Z
23,b52e66a4-f4e4-4862-b082-7f38b6c71a81,begins.,el,word,1,ξεκινά.,2026-05-21T10:35:20.622Z
23,b52e66a4-f4e4-4862-b082-7f38b6c71a81,still,el,word,1,ακόμα,2026-05-21T10:35:51.771Z
23,b52e66a4-f4e4-4862-b082-7f38b6c71a81,gaze,el,word,3,βλέμμα,2026-05-21T10:36:21.835Z
23,b52e66a4-f4e4-4862-b082-7f38b6c71a81,appears,el,word,1,φαίνεται,2026-05-21T10:35:57.618Z
23,b52e66a4-f4e4-4862-b082-7f38b6c71a81,size,el,word,3,μέγεθος,2026-05-21T10:36:16.661Z
23,b52e66a4-f4e4-4862-b082-7f38b6c71a81,text,el,word,2,κείμενο,2026-05-21T10:36:16.980Z
23,b52e66a4-f4e4-4862-b082-7f38b6c71a81,slightly,el,word,1,ελαφρώς,2026-05-21T10:36:17.161Z
23,b52e66a4-f4e4-4862-b082-7f38b6c71a81,"section,",el,word,2,"ενότητα,",2026-05-21T10:36:21.965Z
23,9e9b185c-73e3-43ac-ab25-21b4a9a234f2,ReadWorks’,el,word,1,ReadWorks,2026-05-21T10:37:15.360Z
23,9e9b185c-73e3-43ac-ab25-21b4a9a234f2,Electromagnetic,el,word,2,Ηλεκτρομαγνητική,2026-05-21T10:37:25.006Z
23,9e9b185c-73e3-43ac-ab25-21b4a9a234f2,ReadWorks,el,word,3,ReadWorks,2026-05-21T10:37:28.102Z
23,9e9b185c-73e3-43ac-ab25-21b4a9a234f2,information,el,word,3,πληροφορίες,2026-05-21T10:41:07.501Z
23,9e9b185c-73e3-43ac-ab25-21b4a9a234f2,"colors,",el,word,2,"χρώματα,",2026-05-21T10:37:39.542Z
23,9e9b185c-73e3-43ac-ab25-21b4a9a234f2,objects?,el,word,1,αντικείμενα;,2026-05-21T10:37:52.426Z
23,9e9b185c-73e3-43ac-ab25-21b4a9a234f2,collection,el,word,1,συλλογή,2026-05-21T10:37:56.244Z
23,9e9b185c-73e3-43ac-ab25-21b4a9a234f2,shapes.,el,word,1,σχήματα.,2026-05-21T10:38:01.212Z
23,9e9b185c-73e3-43ac-ab25-21b4a9a234f2,think,el,word,1,σκέψου,2026-05-21T10:38:09.182Z
23,9e9b185c-73e3-43ac-ab25-21b4a9a234f2,visible,el,word,1,ορατός,2026-05-21T10:38:16.546Z
23,9e9b185c-73e3-43ac-ab25-21b4a9a234f2,schools.,el,word,1,σχολεία.,2026-05-21T10:38:22.154Z
23,9e9b185c-73e3-43ac-ab25-21b4a9a234f2,electromagnetic,el,word,5,ηλεκτρομαγνητικά,2026-05-21T10:40:48.036Z
23,9e9b185c-73e3-43ac-ab25-21b4a9a234f2,spectrum,el,word,1,φάσμα,2026-05-21T10:38:39.791Z
23,9e9b185c-73e3-43ac-ab25-21b4a9a234f2,wave-like,el,word,1,κυματοειδής,2026-05-21T10:38:40.100Z
23,9e9b185c-73e3-43ac-ab25-21b4a9a234f2,"radiation,",el,word,1,"ακτινοβολίας,",2026-05-21T10:38:48.051Z
23,9e9b185c-73e3-43ac-ab25-21b4a9a234f2,ultraviolet,el,word,1,υπεριώδες,2026-05-21T10:38:51.242Z
23,9e9b185c-73e3-43ac-ab25-21b4a9a234f2,"X-rays,",el,word,1,"ακτίνες Χ,",2026-05-21T10:38:53.746Z
23,9e9b185c-73e3-43ac-ab25-21b4a9a234f2,eyes,el,word,1,μάτια,2026-05-21T10:38:55.936Z
23,9e9b185c-73e3-43ac-ab25-21b4a9a234f2,intensities,el,word,2,εντάσεις,2026-05-21T10:39:11.124Z
23,9e9b185c-73e3-43ac-ab25-21b4a9a234f2,different,el,word,1,διαφορετικά,2026-05-21T10:39:11.065Z
23,9e9b185c-73e3-43ac-ab25-21b4a9a234f2,wavelength.,el,word,1,μήκος κύματος.,2026-05-21T10:39:15.061Z
23,9e9b185c-73e3-43ac-ab25-21b4a9a234f2,stretched,el,word,1,απλωμένα,2026-05-21T10:39:20.586Z
23,9e9b185c-73e3-43ac-ab25-21b4a9a234f2,waves-different,el,word,1,κύματα - διαφορετικά,2026-05-21T10:40:22.539Z
23,9e9b185c-73e3-43ac-ab25-21b4a9a234f2,energy-bouncing,el,word,1,ενέργεια που ανακλάται,2026-05-21T10:40:24.364Z
23,9e9b185c-73e3-43ac-ab25-21b4a9a234f2,known,el,word,1,γνωστό,2026-05-21T10:40:28.980Z
23,9e9b185c-73e3-43ac-ab25-21b4a9a234f2,make,el,word,1,κάνουν,2026-05-21T10:40:29.531Z
23,9e9b185c-73e3-43ac-ab25-21b4a9a234f2,objects,el,word,1,αντικείμενα,2026-05-21T10:40:39.827Z
23,9e9b185c-73e3-43ac-ab25-21b4a9a234f2,tools,el,word,1,εργαλεία,2026-05-21T10:40:44.106Z
23,9e9b185c-73e3-43ac-ab25-21b4a9a234f2,technology,el,word,2,τεχνολογία,2026-05-21T10:41:07.617Z
23,9e9b185c-73e3-43ac-ab25-21b4a9a234f2,school,el,word,1,σχολείο,2026-05-21T10:41:12.456Z
23,9e9b185c-73e3-43ac-ab25-21b4a9a234f2,night-vision,el,word,1,νυχτερινή όραση,2026-05-21T10:41:15.660Z
23,9e9b185c-73e3-43ac-ab25-21b4a9a234f2,without,el,word,2,χωρίς,2026-05-21T10:41:30.301Z
23,9e9b185c-73e3-43ac-ab25-21b4a9a234f2,see,el,word,2,βλέπω,2026-05-21T10:41:30.357Z
23,9e9b185c-73e3-43ac-ab25-21b4a9a234f2,storm;,el,word,1,καταιγίδας;,2026-05-21T10:41:34.295Z
23,9e9b185c-73e3-43ac-ab25-21b4a9a234f2,bouncing,el,word,1,που αναπηδά,2026-05-21T10:41:38.800Z
23,3e322d39-b746-4342-ae16-93d14ba174ff,signed,el,word,3,υπέγραψε,2026-05-21T10:45:50.628Z
23,3e322d39-b746-4342-ae16-93d14ba174ff,colonies,el,word,1,αποικίες,2026-05-21T10:45:54.671Z
23,3e322d39-b746-4342-ae16-93d14ba174ff,overthrew,el,word,1,ανατρέψαν,2026-05-21T10:46:01.932Z
23,3e322d39-b746-4342-ae16-93d14ba174ff,Independence,el,word,1,Ανεξαρτησία,2026-05-21T10:46:06.745Z
23,3e322d39-b746-4342-ae16-93d14ba174ff,Declaration,el,word,2,Διακήρυξη,2026-05-21T10:46:18.446Z
23,3e322d39-b746-4342-ae16-93d14ba174ff,Benjamin,el,word,2,Μπέντζαμιν,2026-05-21T10:46:43.223Z
23,3e322d39-b746-4342-ae16-93d14ba174ff,Constitution,el,word,1,Σύνταγμα,2026-05-21T10:46:21.411Z
23,3e322d39-b746-4342-ae16-93d14ba174ff,"""founding",el,word,1,«ιδρυτές,2026-05-21T10:46:23.731Z
23,3e322d39-b746-4342-ae16-93d14ba174ff,"""Committee",el,word,1,«Επιτροπή,2026-05-21T10:46:29.366Z
23,3e322d39-b746-4342-ae16-93d14ba174ff,appointed,el,word,1,διορίστηκε,2026-05-21T10:46:31.579Z
23,3e322d39-b746-4342-ae16-93d14ba174ff,Franklin.,el,word,1,Φράνκλιν.,2026-05-21T10:46:45.186Z
23,3e322d39-b746-4342-ae16-93d14ba174ff,father,el,word,1,πατέρας,2026-05-21T10:46:46.650Z
23,3e322d39-b746-4342-ae16-93d14ba174ff,schooling,el,word,1,εκπαίδευση,2026-05-21T10:46:48.761Z
23,3e322d39-b746-4342-ae16-93d14ba174ff,worked,el,word,1,εργάστηκε,2026-05-21T10:46:54.604Z
23,3e322d39-b746-4342-ae16-93d14ba174ff,made,el,word,1,δημιούργησε,2026-05-21T10:47:02.236Z
23,3e322d39-b746-4342-ae16-93d14ba174ff,street,el,word,1,δρόμου,2026-05-21T10:47:10.442Z
23,3e322d39-b746-4342-ae16-93d14ba174ff,success.,el,word,1,επιτυχία.,2026-05-21T10:47:26.392Z
23,3e322d39-b746-4342-ae16-93d14ba174ff,"""kite",el,word,1,«χαρταετό,2026-05-21T10:47:27.433Z
23,3e322d39-b746-4342-ae16-93d14ba174ff,scientist,el,word,1,επιστήμονας,2026-05-21T10:47:41.102Z
23,3e322d39-b746-4342-ae16-93d14ba174ff,representative,el,word,1,εκπρόσωπος,2026-05-21T10:47:54.824Z
23,3e322d39-b746-4342-ae16-93d14ba174ff,assisting,el,word,1,υποστήριξη,2026-05-21T10:48:02.182Z
23,3e322d39-b746-4342-ae16-93d14ba174ff,"Whigs""",el,word,1,«Whigs»,2026-05-21T10:48:07.166Z
23,3e322d39-b746-4342-ae16-93d14ba174ff,wigs!),el,word,1,περούκες!),2026-05-21T10:48:11.872Z
23,3e322d39-b746-4342-ae16-93d14ba174ff,interacting,el,word,1,αλληλεπιδρώντας,2026-05-21T10:48:14.899Z
23,3e322d39-b746-4342-ae16-93d14ba174ff,important,el,word,1,σημαντικός,2026-05-21T10:48:15.718Z
23,3e322d39-b746-4342-ae16-93d14ba174ff,Pennsylvania,el,word,1,Πενσυλβανία,2026-05-21T10:48:18.059Z
23,3e322d39-b746-4342-ae16-93d14ba174ff,people,el,word,2,άτομα,2026-05-21T10:48:18.567Z
23,3e322d39-b746-4342-ae16-93d14ba174ff,Continental,el,word,1,Ηπειρωτική,2026-05-21T10:48:18.584Z
23,3e322d39-b746-4342-ae16-93d14ba174ff,struggle,el,word,1,αγώνα,2026-05-21T10:48:23.140Z
23,3e322d39-b746-4342-ae16-93d14ba174ff,Stamp,el,word,1,Σφραγίδα,2026-05-21T10:48:36.577Z
23,3e322d39-b746-4342-ae16-93d14ba174ff,"colony,",el,word,1,"αποικία,",2026-05-21T10:48:37.816Z
23,3e322d39-b746-4342-ae16-93d14ba174ff,injustices,el,word,1,αδικίες,2026-05-21T10:48:45.662Z
23,3e322d39-b746-4342-ae16-93d14ba174ff,America.,el,word,1,Αμερική.,2026-05-21T10:48:46.027Z
23,3e322d39-b746-4342-ae16-93d14ba174ff,Independence.,el,word,2,Ανεξαρτησία.,2026-05-21T10:48:47.627Z
23,3e322d39-b746-4342-ae16-93d14ba174ff,every,el,word,1,κάθε,2026-05-21T10:48:52.166Z
23,3e322d39-b746-4342-ae16-93d14ba174ff,delegate,el,word,1,εκπρόσωπος,2026-05-21T10:48:54.626Z
23,3e322d39-b746-4342-ae16-93d14ba174ff,Pennsylvania.,el,word,1,Πενσυλβανία.,2026-05-21T10:49:04.120Z
23,3e322d39-b746-4342-ae16-93d14ba174ff,Postmaster,el,word,1,Γενικός Διευθυντής Ταχυδρομείων,2026-05-21T10:49:11.644Z
23,3e322d39-b746-4342-ae16-93d14ba174ff,France,el,word,1,Γαλλία,2026-05-21T10:49:13.253Z
23,3e322d39-b746-4342-ae16-93d14ba174ff,ounce,el,word,1,ουγγιά,2026-05-21T10:49:21.477Z
23,3e322d39-b746-4342-ae16-93d14ba174ff,prevention,el,word,1,πρόληψη,2026-05-21T10:49:24.179Z
12,793b1695-b0b1-47ab-9746-60f77539a66f,quiet,el,word,1,ήσυχο,2026-05-21T10:55:59.847Z
12,793b1695-b0b1-47ab-9746-60f77539a66f,participant,el,word,1,συμμετέχων,2026-05-21T10:56:02.748Z
12,793b1695-b0b1-47ab-9746-60f77539a66f,sat,el,word,1,καθόταν,2026-05-21T10:56:03.797Z
12,793b1695-b0b1-47ab-9746-60f77539a66f,continue,el,word,1,συνέχεια,2026-05-21T10:56:06.221Z
12,793b1695-b0b1-47ab-9746-60f77539a66f,points,el,word,1,σημεία,2026-05-21T10:56:06.260Z
12,793b1695-b0b1-47ab-9746-60f77539a66f,whether,el,word,1,αν,2026-05-21T10:56:09.865Z
12,793b1695-b0b1-47ab-9746-60f77539a66f,larger,el,word,8,μεγαλύτερη,2026-05-21T10:56:31.081Z
12,793b1695-b0b1-47ab-9746-60f77539a66f,begins.,el,word,9,ξεκινά.,2026-05-21T10:56:59.286Z
12,793b1695-b0b1-47ab-9746-60f77539a66f,help,el,word,4,βοήθεια,2026-05-21T10:56:28.316Z
12,793b1695-b0b1-47ab-9746-60f77539a66f,beside,el,word,1,δίπλα,2026-05-21T10:56:23.969Z
12,793b1695-b0b1-47ab-9746-60f77539a66f,distance,el,word,2,απόσταση,2026-05-21T10:56:31.116Z
12,793b1695-b0b1-47ab-9746-60f77539a66f,words,el,word,1,λέξεις,2026-05-21T10:56:24.128Z
12,793b1695-b0b1-47ab-9746-60f77539a66f,fonts.,el,word,3,γραμματοσειρές.,2026-05-21T10:56:30.023Z
12,793b1695-b0b1-47ab-9746-60f77539a66f,makes,el,word,1,κάνει,2026-05-21T10:56:31.169Z
12,793b1695-b0b1-47ab-9746-60f77539a66f,researcher,el,word,1,ερευνητής,2026-05-21T10:56:43.199Z
12,793b1695-b0b1-47ab-9746-60f77539a66f,left,el,word,1,αριστερά,2026-05-21T10:56:44.253Z
12,793b1695-b0b1-47ab-9746-60f77539a66f,checked,el,word,1,ελέγχθηκε,2026-05-21T10:56:49.683Z
12,793b1695-b0b1-47ab-9746-60f77539a66f,right.,el,word,1,δεξιά.,2026-05-21T10:56:53.798Z
12,793b1695-b0b1-47ab-9746-60f77539a66f,adjust,el,word,2,προσαρμόζω,2026-05-21T10:57:01.493Z
12,793b1695-b0b1-47ab-9746-60f77539a66f,experiment,el,word,1,πείραμα,2026-05-21T10:56:58.019Z
12,793b1695-b0b1-47ab-9746-60f77539a66f,fixations,el,word,1,σταθεροποιήσεις,2026-05-21T10:57:05.429Z
12,793b1695-b0b1-47ab-9746-60f77539a66f,system,el,word,1,σύστημα,2026-05-21T10:57:07.367Z
12,793b1695-b0b1-47ab-9746-60f77539a66f,detects,el,word,1,ανιχνεύει,2026-05-21T10:57:10.615Z
12,793b1695-b0b1-47ab-9746-60f77539a66f,neighboring,el,word,1,γειτονικά,2026-05-21T10:57:13.114Z
12,793b1695-b0b1-47ab-9746-60f77539a66f,letters,el,word,1,γράμματα,2026-05-21T10:57:13.574Z
12,793b1695-b0b1-47ab-9746-60f77539a66f,slightly,el,word,1,ελαφρώς,2026-05-21T10:57:17.303Z
12,793b1695-b0b1-47ab-9746-60f77539a66f,uses,el,word,1,χρησιμοποιεί,2026-05-21T10:57:29.835Z
12,e307da39-6232-4792-8990-7262fa0c9c28,"traditions,",el,word,1,"παραδόσεις,",2026-05-21T10:59:17.333Z
12,e307da39-6232-4792-8990-7262fa0c9c28,materials.,el,word,1,υλικά.,2026-05-21T10:59:25.596Z
12,e307da39-6232-4792-8990-7262fa0c9c28,circumstances,el,word,1,συνθήκες,2026-05-21T10:59:28.457Z
12,e307da39-6232-4792-8990-7262fa0c9c28,obtaining,el,word,1,απόκτηση,2026-05-21T10:59:38.977Z
12,e307da39-6232-4792-8990-7262fa0c9c28,fatalities,el,word,2,θανάτοι,2026-05-21T11:00:15.102Z
12,e307da39-6232-4792-8990-7262fa0c9c28,including,el,word,1,συμπεριλαμβανομένου,2026-05-21T11:00:14.972Z
12,e307da39-6232-4792-8990-7262fa0c9c28,American,el,word,1,Αμερικανική,2026-05-21T11:00:22.855Z
12,e307da39-6232-4792-8990-7262fa0c9c28,technology,el,word,1,τεχνολογία,2026-05-21T11:00:28.066Z
12,e307da39-6232-4792-8990-7262fa0c9c28,break,el,word,2,διάλειμμα,2026-05-21T11:00:40.562Z
12,e307da39-6232-4792-8990-7262fa0c9c28,would,el,word,1,θα,2026-05-21T11:00:40.421Z
12,e307da39-6232-4792-8990-7262fa0c9c28,Americans,el,word,1,Αμερικανοί,2026-05-21T11:00:43.060Z
12,e307da39-6232-4792-8990-7262fa0c9c28,"Jamestown,",el,word,1,"Τζέιμσταουν,",2026-05-21T11:00:46.465Z
12,e307da39-6232-4792-8990-7262fa0c9c28,European,el,word,1,Ευρωπαίοι,2026-05-21T11:00:48.577Z
12,e307da39-6232-4792-8990-7262fa0c9c28,Though,el,word,1,Αν και,2026-05-21T11:00:54.836Z
12,e307da39-6232-4792-8990-7262fa0c9c28,depend,el,word,1,εξαρτώνται,2026-05-21T11:00:59.353Z
12,e307da39-6232-4792-8990-7262fa0c9c28,conquered.,el,word,1,υποτάξιμοι.,2026-05-21T11:01:05.294Z
12,e307da39-6232-4792-8990-7262fa0c9c28,hard,el,word,2,δύσκολες,2026-05-21T11:01:07.294Z
12,e307da39-6232-4792-8990-7262fa0c9c28,pressured,el,word,1,πίεσαν,2026-05-21T11:01:07.315Z
12,e307da39-6232-4792-8990-7262fa0c9c28,either,el,word,3,είτε,2026-05-21T11:01:07.518Z
12,e307da39-6232-4792-8990-7262fa0c9c28,called,el,word,1,που ονομάζονται,2026-05-21T11:01:07.403Z
12,e307da39-6232-4792-8990-7262fa0c9c28,slew,el,word,1,σειρά,2026-05-21T11:01:18.567Z
12,e307da39-6232-4792-8990-7262fa0c9c28,aggressions,el,word,1,επιθέσεις,2026-05-21T11:01:20.256Z
12,e307da39-6232-4792-8990-7262fa0c9c28,conflicts,el,word,1,συγκρούσεις,2026-05-21T11:01:21.831Z
12,e307da39-6232-4792-8990-7262fa0c9c28,Anglo-Powhatan,el,word,1,Αγγλο-Ποουχάταν,2026-05-21T11:01:23.862Z
12,e307da39-6232-4792-8990-7262fa0c9c28,lasted,el,word,1,διήρκεσε,2026-05-21T11:01:28.415Z
12,e307da39-6232-4792-8990-7262fa0c9c28,relationships,el,word,3,σχέσεις,2026-05-21T11:02:01.966Z
12,e307da39-6232-4792-8990-7262fa0c9c28,people,el,word,1,άνθρωποι,2026-05-21T11:01:38.809Z
12,e307da39-6232-4792-8990-7262fa0c9c28,powerful,el,word,1,ισχυρά,2026-05-21T11:01:40.792Z
12,e307da39-6232-4792-8990-7262fa0c9c28,suddenly,el,word,1,ξαφνικά,2026-05-21T11:01:41.354Z
12,e307da39-6232-4792-8990-7262fa0c9c28,"weapons,",el,word,1,"όπλα,",2026-05-21T11:01:41.553Z
12,e307da39-6232-4792-8990-7262fa0c9c28,scrambling,el,word,1,σπεύδουν,2026-05-21T11:01:42.216Z
12,e307da39-6232-4792-8990-7262fa0c9c28,whole,el,word,1,ολόκληρες,2026-05-21T11:01:45.068Z
12,e307da39-6232-4792-8990-7262fa0c9c28,reinforcements,el,word,1,ενισχύσεις,2026-05-21T11:01:50.823Z
12,e307da39-6232-4792-8990-7262fa0c9c28,sturdy,el,word,1,ανθεκτικά,2026-05-21T11:01:56.388Z
12,e307da39-6232-4792-8990-7262fa0c9c28,tenuous,el,word,1,εύθραυστες,2026-05-21T11:01:59.134Z
12,e307da39-6232-4792-8990-7262fa0c9c28,threatened,el,word,1,απειλούσε,2026-05-21T11:02:03.266Z
12,e307da39-6232-4792-8990-7262fa0c9c28,sparked,el,word,1,προκάλεσε,2026-05-21T11:02:07.038Z
12,e307da39-6232-4792-8990-7262fa0c9c28,skirmishes,el,word,2,συμπλοκές,2026-05-21T11:02:09.745Z
12,e307da39-6232-4792-8990-7262fa0c9c28,pressure,el,word,1,πίεση,2026-05-21T11:02:08.873Z
12,e307da39-6232-4792-8990-7262fa0c9c28,scarce,el,word,1,σπάνια,2026-05-21T11:02:13.238Z
12,e307da39-6232-4792-8990-7262fa0c9c28,forced,el,word,1,αναγκάζονταν,2026-05-21T11:02:20.672Z
12,e307da39-6232-4792-8990-7262fa0c9c28,needed,el,word,1,χρειαζόταν,2026-05-21T11:02:22.295Z
12,e307da39-6232-4792-8990-7262fa0c9c28,assumed,el,word,1,ανέλαβαν,2026-05-21T11:02:22.944Z
12,e307da39-6232-4792-8990-7262fa0c9c28,"power,",el,word,1,"εξουσία,",2026-05-21T11:02:23.753Z
12,e307da39-6232-4792-8990-7262fa0c9c28,proved,el,word,2,αποδείχθηκε,2026-05-21T11:02:32.245Z
12,e307da39-6232-4792-8990-7262fa0c9c28,learn,el,word,1,μάθε,2026-05-21T11:02:26.262Z
12,e307da39-6232-4792-8990-7262fa0c9c28,somewhere,el,word,1,κάπου,2026-05-21T11:02:31.800Z
12,31d1d8ce-96a7-4ba0-a6be-a07e9ab109ad,unwavering,el,word,2,ακλόνητη,2026-05-21T11:06:45.649Z
12,31d1d8ce-96a7-4ba0-a6be-a07e9ab109ad,ensuring,el,word,1,εξασφαλίζοντας,2026-05-21T11:06:39.343Z
12,31d1d8ce-96a7-4ba0-a6be-a07e9ab109ad,victory,el,word,1,νίκη,2026-05-21T11:06:42.186Z
12,31d1d8ce-96a7-4ba0-a6be-a07e9ab109ad,Home,el,word,1,Αρχική,2026-05-21T11:06:47.172Z
12,31d1d8ce-96a7-4ba0-a6be-a07e9ab109ad,Contributing,el,word,2,Συνεισφέροντας,2026-05-21T11:06:54.860Z
12,31d1d8ce-96a7-4ba0-a6be-a07e9ab109ad,morale-boosting,el,word,2,που ενίσχυαν το ηθικό,2026-05-21T11:07:06.137Z
12,31d1d8ce-96a7-4ba0-a6be-a07e9ab109ad,Disney-designed,el,word,1,σχεδιασμένα από τη Disney,2026-05-21T11:06:56.140Z
12,31d1d8ce-96a7-4ba0-a6be-a07e9ab109ad,maintaining,el,word,3,διατήρηση,2026-05-21T11:07:01.994Z
12,31d1d8ce-96a7-4ba0-a6be-a07e9ab109ad,insignia,el,word,3,διακριτικά,2026-05-21T11:08:47.619Z
12,31d1d8ce-96a7-4ba0-a6be-a07e9ab109ad,request,el,word,1,αίτημα,2026-05-21T11:07:16.705Z
12,31d1d8ce-96a7-4ba0-a6be-a07e9ab109ad,Secretary,el,word,1,Υπουργός,2026-05-21T11:07:17.515Z
12,31d1d8ce-96a7-4ba0-a6be-a07e9ab109ad,pointing,el,word,3,επισημαίνοντας,2026-05-21T11:07:26.439Z
12,31d1d8ce-96a7-4ba0-a6be-a07e9ab109ad,"Treasury,",el,word,1,"Υπουργείο Οικονομικών,",2026-05-21T11:07:19.049Z
12,31d1d8ce-96a7-4ba0-a6be-a07e9ab109ad,"Morgenthau,",el,word,1,"Μόργκενταου,",2026-05-21T11:07:20.092Z
12,31d1d8ce-96a7-4ba0-a6be-a07e9ab109ad,depicted,el,word,1,απεικονίζει,2026-05-21T11:07:22.045Z
12,31d1d8ce-96a7-4ba0-a6be-a07e9ab109ad,paying,el,word,1,πληρωμή,2026-05-21T11:07:28.512Z
12,31d1d8ce-96a7-4ba0-a6be-a07e9ab109ad,employees,el,word,1,υπάλληλοι,2026-05-21T11:07:53.981Z
12,31d1d8ce-96a7-4ba0-a6be-a07e9ab109ad,produced,el,word,1,παραγωγές,2026-05-21T11:07:54.008Z
12,31d1d8ce-96a7-4ba0-a6be-a07e9ab109ad,animated,el,word,1,κινούμενων σχεδίων,2026-05-21T11:07:54.107Z
12,31d1d8ce-96a7-4ba0-a6be-a07e9ab109ad,continuous,el,word,1,συνεχής,2026-05-21T11:08:08.008Z
12,31d1d8ce-96a7-4ba0-a6be-a07e9ab109ad,Fuehrer's,el,word,1,Fuehrer's,2026-05-21T11:08:12.638Z
12,31d1d8ce-96a7-4ba0-a6be-a07e9ab109ad,troops,el,word,1,στρατιώτες,2026-05-21T11:08:25.205Z
12,31d1d8ce-96a7-4ba0-a6be-a07e9ab109ad,vehicles,el,word,2,οχήματα,2026-05-21T11:08:34.925Z
12,31d1d8ce-96a7-4ba0-a6be-a07e9ab109ad,came,el,word,1,ήρθε,2026-05-21T11:08:44.212Z
12,31d1d8ce-96a7-4ba0-a6be-a07e9ab109ad,humorous,el,word,1,χιουμοριστικό,2026-05-21T11:08:46.653Z
12,31d1d8ce-96a7-4ba0-a6be-a07e9ab109ad,esprit-de-corps.,el,word,1,το ομαδικό πνεύμα.,2026-05-21T11:08:50.992Z
12,31d1d8ce-96a7-4ba0-a6be-a07e9ab109ad,emblem,el,word,1,έμβλημα,2026-05-21T11:09:04.655Z
12,31d1d8ce-96a7-4ba0-a6be-a07e9ab109ad,torpedo,el,word,1,τορπιλικό,2026-05-21T11:09:08.803Z
12,31d1d8ce-96a7-4ba0-a6be-a07e9ab109ad,"example,",el,word,1,"παράδειγμα,",2026-05-21T11:09:10.826Z
12,31d1d8ce-96a7-4ba0-a6be-a07e9ab109ad,"response,",el,word,1,"απάντηση,",2026-05-21T11:09:13.288Z
12,31d1d8ce-96a7-4ba0-a6be-a07e9ab109ad,world-famous,el,word,1,παγκοσμίου φήμης,2026-05-21T11:09:28.168Z
7,81ef1e12-b0bd-42b8-94ba-ac9adf27e623,paragraph,el,word,2,παράγραφος,2026-05-21T11:32:21.927Z
7,81ef1e12-b0bd-42b8-94ba-ac9adf27e623,current,el,word,1,ρεύμα,2026-05-21T11:32:22.425Z
7,81ef1e12-b0bd-42b8-94ba-ac9adf27e623,smooth,el,word,1,ομαλή,2026-05-21T11:32:24.130Z
7,81ef1e12-b0bd-42b8-94ba-ac9adf27e623,good,el,word,1,καλή,2026-05-21T11:32:25.171Z
7,81ef1e12-b0bd-42b8-94ba-ac9adf27e623,continent.,el,word,1,ηπειρωτική ήπειρο.,2026-05-21T11:33:20.586Z
7,81ef1e12-b0bd-42b8-94ba-ac9adf27e623,"clothing,",el,word,1,"ρούχα,",2026-05-21T11:33:25.203Z
7,81ef1e12-b0bd-42b8-94ba-ac9adf27e623,"Indians,",el,word,1,"Ινδιάνοι,",2026-05-21T11:33:26.887Z
7,81ef1e12-b0bd-42b8-94ba-ac9adf27e623,used,el,word,2,χρησιμοποιούσαν,2026-05-21T11:33:28.719Z
7,81ef1e12-b0bd-42b8-94ba-ac9adf27e623,Though,el,word,1,Αν και,2026-05-21T11:33:28.630Z
7,81ef1e12-b0bd-42b8-94ba-ac9adf27e623,prior,el,word,1,προηγούμενο,2026-05-21T11:33:34.260Z
7,81ef1e12-b0bd-42b8-94ba-ac9adf27e623,circumstances,el,word,2,συνθήκες,2026-05-21T11:33:41.968Z
7,81ef1e12-b0bd-42b8-94ba-ac9adf27e623,presence,el,word,3,παρουσία,2026-05-21T11:33:37.287Z
7,81ef1e12-b0bd-42b8-94ba-ac9adf27e623,believed,el,word,1,πιστεύεται,2026-05-21T11:33:37.076Z
7,81ef1e12-b0bd-42b8-94ba-ac9adf27e623,sixteenth,el,word,2,16ος,2026-05-21T11:33:57.272Z
7,81ef1e12-b0bd-42b8-94ba-ac9adf27e623,freshwater,el,word,1,γλυκό νερό,2026-05-21T11:33:54.289Z
7,81ef1e12-b0bd-42b8-94ba-ac9adf27e623,"found),",el,word,1,"βρεθεί),",2026-05-21T11:33:54.296Z
7,81ef1e12-b0bd-42b8-94ba-ac9adf27e623,land,el,word,1,γη,2026-05-21T11:33:56.352Z
7,81ef1e12-b0bd-42b8-94ba-ac9adf27e623,promise,el,word,1,υπόσχεση,2026-05-21T11:34:10.762Z
7,81ef1e12-b0bd-42b8-94ba-ac9adf27e623,would,el,word,1,θα,2026-05-21T11:34:13.514Z
7,81ef1e12-b0bd-42b8-94ba-ac9adf27e623,America,el,word,1,Αμερική,2026-05-21T11:34:15.235Z
7,81ef1e12-b0bd-42b8-94ba-ac9adf27e623,brought,el,word,3,έφεραν,2026-05-21T11:34:36.579Z
7,81ef1e12-b0bd-42b8-94ba-ac9adf27e623,gold,el,word,2,χρυσός,2026-05-21T11:34:36.408Z
7,81ef1e12-b0bd-42b8-94ba-ac9adf27e623,Europeans,el,word,1,Ευρωπαίοι,2026-05-21T11:35:11.990Z
7,81ef1e12-b0bd-42b8-94ba-ac9adf27e623,exchanged,el,word,1,αντάλλασσαν,2026-05-21T11:35:18.664Z
7,81ef1e12-b0bd-42b8-94ba-ac9adf27e623,make,el,word,1,κάνουν,2026-05-21T11:35:28.684Z
7,81ef1e12-b0bd-42b8-94ba-ac9adf27e623,Native,el,word,1,Αμερικανοί,2026-05-21T11:35:35.769Z
7,81ef1e12-b0bd-42b8-94ba-ac9adf27e623,collectively,el,word,1,συλλογικά,2026-05-21T11:35:56.023Z
7,81ef1e12-b0bd-42b8-94ba-ac9adf27e623,pressured,el,word,1,πίεσαν,2026-05-21T11:35:56.290Z
7,81ef1e12-b0bd-42b8-94ba-ac9adf27e623,mounting,el,word,1,αυξανόμενη,2026-05-21T11:36:34.426Z
7,81ef1e12-b0bd-42b8-94ba-ac9adf27e623,tenuous,el,word,1,εύθραυστες,2026-05-21T11:36:35.260Z
7,81ef1e12-b0bd-42b8-94ba-ac9adf27e623,sparked,el,word,1,προκάλεσε,2026-05-21T11:36:54.023Z
7,81ef1e12-b0bd-42b8-94ba-ac9adf27e623,skirmishes,el,word,1,συμπλοκές,2026-05-21T11:36:56.065Z
7,81ef1e12-b0bd-42b8-94ba-ac9adf27e623,becoming,el,word,1,γίνονται,2026-05-21T11:37:06.969Z
7,81ef1e12-b0bd-42b8-94ba-ac9adf27e623,forced,el,word,1,αναγκάζονταν,2026-05-21T11:40:51.772Z
7,da1f519a-68f9-4a1c-9e52-af3be8b746ef,commemorate,el,word,3,επισημάνει,2026-05-21T11:41:51.931Z
7,da1f519a-68f9-4a1c-9e52-af3be8b746ef,aircraft's,el,word,1,αεροσκάφους,2026-05-21T11:41:42.755Z
7,da1f519a-68f9-4a1c-9e52-af3be8b746ef,Museum,el,word,1,Μουσείο,2026-05-21T11:41:43.355Z
7,da1f519a-68f9-4a1c-9e52-af3be8b746ef,professional,el,word,4,επαγγελματίας,2026-05-21T11:41:48.455Z
7,da1f519a-68f9-4a1c-9e52-af3be8b746ef,aviation,el,word,2,αεροπορία,2026-05-21T11:41:54.281Z
7,da1f519a-68f9-4a1c-9e52-af3be8b746ef,America's,el,word,1,Η Αμερική,2026-05-21T11:41:47.406Z
7,da1f519a-68f9-4a1c-9e52-af3be8b746ef,World,el,word,2,Κόσμος,2026-05-21T11:41:52.906Z
7,da1f519a-68f9-4a1c-9e52-af3be8b746ef,ensuring,el,word,3,εξασφαλίζοντας,2026-05-21T11:42:07.390Z
7,da1f519a-68f9-4a1c-9e52-af3be8b746ef,unwavering,el,word,2,ακλόνητη,2026-05-21T11:42:07.084Z
7,da1f519a-68f9-4a1c-9e52-af3be8b746ef,Contributing,el,word,1,Συνεισφέροντας,2026-05-21T11:42:09.555Z
7,da1f519a-68f9-4a1c-9e52-af3be8b746ef,morale-boosting,el,word,1,που ενίσχυαν το ηθικό,2026-05-21T11:42:16.552Z
7,da1f519a-68f9-4a1c-9e52-af3be8b746ef,Disney-designed,el,word,1,σχεδιασμένα από τη Disney,2026-05-21T11:42:17.526Z
7,da1f519a-68f9-4a1c-9e52-af3be8b746ef,maintaining,el,word,5,διατήρηση,2026-05-21T11:42:19.834Z
7,da1f519a-68f9-4a1c-9e52-af3be8b746ef,insignia,el,word,4,διακριτικά,2026-05-21T11:45:11.001Z
7,da1f519a-68f9-4a1c-9e52-af3be8b746ef,"jackets,",el,word,1,"τζάκετ,",2026-05-21T11:42:29.767Z
7,da1f519a-68f9-4a1c-9e52-af3be8b746ef,every,el,word,1,κάθε,2026-05-21T11:42:38.433Z
7,da1f519a-68f9-4a1c-9e52-af3be8b746ef,government.,el,word,1,κυβέρνηση.,2026-05-21T11:42:41.783Z
7,da1f519a-68f9-4a1c-9e52-af3be8b746ef,"Treasury,",el,word,2,"Υπουργείο Οικονομικών,",2026-05-21T11:42:51.780Z
7,da1f519a-68f9-4a1c-9e52-af3be8b746ef,pointing,el,word,1,επισημαίνοντας,2026-05-21T11:42:50.558Z
7,da1f519a-68f9-4a1c-9e52-af3be8b746ef,depicted,el,word,1,απεικονίζει,2026-05-21T11:42:55.413Z
7,da1f519a-68f9-4a1c-9e52-af3be8b746ef,American,el,word,1,Αμερικανική,2026-05-21T11:43:28.483Z
7,da1f519a-68f9-4a1c-9e52-af3be8b746ef,devoted,el,word,1,αφιερωμένοι,2026-05-21T11:43:38.657Z
7,da1f519a-68f9-4a1c-9e52-af3be8b746ef,importance,el,word,1,σημασία,2026-05-21T11:44:06.907Z
7,da1f519a-68f9-4a1c-9e52-af3be8b746ef,troops,el,word,2,στρατεύματα,2026-05-21T11:44:09.286Z
7,da1f519a-68f9-4a1c-9e52-af3be8b746ef,deployed,el,word,2,ανέπτυξε,2026-05-21T11:44:09.395Z
7,da1f519a-68f9-4a1c-9e52-af3be8b746ef,Auxiliary,el,word,1,Βοηθητική,2026-05-21T11:44:23.286Z
7,da1f519a-68f9-4a1c-9e52-af3be8b746ef,depicts,el,word,2,απεικονίζει,2026-05-21T11:44:25.419Z
7,da1f519a-68f9-4a1c-9e52-af3be8b746ef,"""Fifinella,""",el,word,1,"«Fifinella»,",2026-05-21T11:44:35.397Z
7,da1f519a-68f9-4a1c-9e52-af3be8b746ef,embellished,el,word,1,διακόσμησε,2026-05-21T11:44:43.044Z
7,da1f519a-68f9-4a1c-9e52-af3be8b746ef,humorous,el,word,1,χιουμοριστικό,2026-05-21T11:44:53.583Z
7,da1f519a-68f9-4a1c-9e52-af3be8b746ef,morale,el,word,1,ηθικό,2026-05-21T11:44:55.333Z
7,da1f519a-68f9-4a1c-9e52-af3be8b746ef,esprit-de-corps.,el,word,1,το ομαδικό πνεύμα.,2026-05-21T11:44:57.200Z
7,da1f519a-68f9-4a1c-9e52-af3be8b746ef,"example,",el,word,2,"παράδειγμα,",2026-05-21T11:45:22.057Z
7,da1f519a-68f9-4a1c-9e52-af3be8b746ef,appropriate,el,word,1,κατάλληλο,2026-05-21T11:45:17.676Z
7,da1f519a-68f9-4a1c-9e52-af3be8b746ef,known,el,word,1,γνωστά,2026-05-21T11:45:29.012Z
7,da1f519a-68f9-4a1c-9e52-af3be8b746ef,adorned,el,word,1,στολίζονταν,2026-05-21T11:45:30.844Z
7,da1f519a-68f9-4a1c-9e52-af3be8b746ef,Disney,el,word,3,Disney,2026-05-21T11:52:25.227Z
7,da1f519a-68f9-4a1c-9e52-af3be8b746ef,"""Flying",el,word,1,«Flying,2026-05-21T11:46:32.650Z
7,da1f519a-68f9-4a1c-9e52-af3be8b746ef,"Navy,",el,word,7,"Ναυτικό,",2026-05-21T11:50:39.421Z
7,da1f519a-68f9-4a1c-9e52-af3be8b746ef,History,el,word,6,Ιστορία,2026-05-21T11:51:16.295Z
7,da1f519a-68f9-4a1c-9e52-af3be8b746ef,Institute,el,word,4,Ινστιτούτο,2026-05-21T11:51:05.309Z
7,da1f519a-68f9-4a1c-9e52-af3be8b746ef,"Tigers.""",el,word,2,Τίγρεις.»,2026-05-21T11:50:39.305Z
7,da1f519a-68f9-4a1c-9e52-af3be8b746ef,well,el,word,1,καλά,2026-05-21T11:47:24.040Z
7,da1f519a-68f9-4a1c-9e52-af3be8b746ef,presented,el,word,2,που παρουσιάζονται,2026-05-21T11:48:59.434Z
7,da1f519a-68f9-4a1c-9e52-af3be8b746ef,artifacts,el,word,1,αντικειμένων,2026-05-21T11:47:38.896Z
7,da1f519a-68f9-4a1c-9e52-af3be8b746ef,part,el,word,1,μέρος,2026-05-21T11:48:29.344Z
7,da1f519a-68f9-4a1c-9e52-af3be8b746ef,Allied,el,word,2,Συμμαχικές,2026-05-21T11:49:55.183Z
7,da1f519a-68f9-4a1c-9e52-af3be8b746ef,"units,",el,word,1,"μονάδες,",2026-05-21T11:48:46.063Z
7,da1f519a-68f9-4a1c-9e52-af3be8b746ef,Heritage,el,word,1,Κληρονομιά,2026-05-21T11:49:11.560Z
7,da1f519a-68f9-4a1c-9e52-af3be8b746ef,Education,el,word,2,Εκπαίδευση,2026-05-21T11:51:32.372Z
7,da1f519a-68f9-4a1c-9e52-af3be8b746ef,"Center,",el,word,1,"Κέντρο,",2026-05-21T11:49:40.149Z
7,da1f519a-68f9-4a1c-9e52-af3be8b746ef,war's,el,word,2,του πολέμου,2026-05-21T11:50:22.054Z
7,da1f519a-68f9-4a1c-9e52-af3be8b746ef,among,el,word,1,μεταξύ,2026-05-21T11:50:44.705Z
7,da1f519a-68f9-4a1c-9e52-af3be8b746ef,"boats.""",el,word,2,«σκαφών».,2026-05-21T11:52:29.928Z
11,1a669bd6-6ddb-42cd-91f3-1960f3dd82ff,front,el,word,2,μπροστά,2026-05-21T13:07:44.529Z
11,1a669bd6-6ddb-42cd-91f3-1960f3dd82ff,quiet,el,word,1,ήσυχο,2026-05-21T13:07:44.407Z
11,1a669bd6-6ddb-42cd-91f3-1960f3dd82ff,del,el,word,1,del,2026-05-21T13:08:26.323Z
11,1a669bd6-6ddb-42cd-91f3-1960f3dd82ff,Animals,el,word,1,Ζώα,2026-05-21T13:08:27.785Z
11,1a669bd6-6ddb-42cd-91f3-1960f3dd82ff,hindquarters,el,word,1,οπίσθια άκρα,2026-05-21T13:10:18.987Z
11,1a669bd6-6ddb-42cd-91f3-1960f3dd82ff,misnomer,el,word,1,ακατάλληλη ονομασία,2026-05-21T13:10:39.671Z
11,1a669bd6-6ddb-42cd-91f3-1960f3dd82ff,toucans,el,word,1,τουκάν,2026-05-21T13:11:01.020Z
11,70f5cf57-95b4-44bc-b420-9b60ea9ec749,readily,el,word,1,εύκολα,2026-05-21T13:15:18.283Z
11,70f5cf57-95b4-44bc-b420-9b60ea9ec749,"Okay,",el,word,2,"Εντάξει,",2026-05-21T13:15:23.904Z
11,70f5cf57-95b4-44bc-b420-9b60ea9ec749,"cream,",el,word,1,"κρέμα,",2026-05-21T13:15:23.446Z
11,70f5cf57-95b4-44bc-b420-9b60ea9ec749,chocolate,el,word,1,η σοκολάτα,2026-05-21T13:15:40.357Z
11,70f5cf57-95b4-44bc-b420-9b60ea9ec749,scheduled,el,word,1,προγραμματισμένα,2026-05-21T13:16:19.659Z
11,70f5cf57-95b4-44bc-b420-9b60ea9ec749,people,el,word,1,οι άνθρωποι,2026-05-21T13:17:01.645Z
11,70f5cf57-95b4-44bc-b420-9b60ea9ec749,labor,el,word,1,εργασία,2026-05-21T13:17:12.998Z
11,70f5cf57-95b4-44bc-b420-9b60ea9ec749,regulations,el,word,1,κανονισμοί,2026-05-21T13:17:15.689Z
11,70f5cf57-95b4-44bc-b420-9b60ea9ec749,communities,el,word,1,κοινότητες,2026-05-21T13:17:23.029Z
11,70f5cf57-95b4-44bc-b420-9b60ea9ec749,earth-friendly.,el,word,1,φιλικές προς το περιβάλλον.,2026-05-21T13:17:41.029Z
11,70f5cf57-95b4-44bc-b420-9b60ea9ec749,Sustainability,el,word,1,Βιωσιμότητα,2026-05-21T13:17:42.459Z
13,c91dcdcd-effa-4e35-a60c-5d97210a7153,Sticky,el,word,4,Sticky,2026-05-21T13:35:16.700Z
13,c91dcdcd-effa-4e35-a60c-5d97210a7153,"Fingers,",el,word,1,"Δάχτυλα,",2026-05-21T13:35:18.708Z
13,c91dcdcd-effa-4e35-a60c-5d97210a7153,vehicle-ice,el,word,1,όχημα-παγωτό,2026-05-21T13:35:39.058Z
13,c91dcdcd-effa-4e35-a60c-5d97210a7153,"beverage,",el,word,1,"ποτό,",2026-05-21T13:35:44.205Z
13,c91dcdcd-effa-4e35-a60c-5d97210a7153,bar-chocolate,el,word,1,σοκολάτα σε μπάρα,2026-05-21T13:35:46.701Z
13,c91dcdcd-effa-4e35-a60c-5d97210a7153,chocolaty?,el,word,1,σοκολατένιο;,2026-05-21T13:36:10.338Z
13,c91dcdcd-effa-4e35-a60c-5d97210a7153,countries,el,word,1,χώρες,2026-05-21T13:36:16.170Z
13,c91dcdcd-effa-4e35-a60c-5d97210a7153,eight-hour,el,word,1,οκτάωρη,2026-05-21T13:36:46.888Z
13,c91dcdcd-effa-4e35-a60c-5d97210a7153,dangerous,el,word,1,επικίνδυνο,2026-05-21T13:36:59.778Z
13,c91dcdcd-effa-4e35-a60c-5d97210a7153,salespeople,el,word,1,πωλητές,2026-05-21T13:37:11.331Z
13,c91dcdcd-effa-4e35-a60c-5d97210a7153,developing,el,word,1,αναπτυσσόμενες,2026-05-21T13:37:40.313Z
13,c91dcdcd-effa-4e35-a60c-5d97210a7153,adhere,el,word,1,να τηρεί,2026-05-21T13:37:50.059Z
13,c91dcdcd-effa-4e35-a60c-5d97210a7153,certified,el,word,1,πιστοποιημένο,2026-05-21T13:37:53.165Z
13,c91dcdcd-effa-4e35-a60c-5d97210a7153,earth-friendly.,el,word,1,φιλικές προς το περιβάλλον.,2026-05-21T13:37:54.745Z
13,c91dcdcd-effa-4e35-a60c-5d97210a7153,organizations,el,word,1,οργανώσεις,2026-05-21T13:38:04.921Z
13,c91dcdcd-effa-4e35-a60c-5d97210a7153,back,el,word,1,πίσω,2026-05-21T13:38:10.652Z
13,c91dcdcd-effa-4e35-a60c-5d97210a7153,certification,el,word,1,πιστοποίηση,2026-05-21T13:38:28.046Z
13,75727c66-b20f-4440-a12b-055eea026436,ReadWorks,el,word,1,ReadWorks,2026-05-21T13:42:15.858Z
13,75727c66-b20f-4440-a12b-055eea026436,"textures,",el,word,1,"υφές,",2026-05-21T13:42:25.854Z
13,75727c66-b20f-4440-a12b-055eea026436,intensities,el,word,1,εντάσεις,2026-05-21T13:43:07.725Z
13,75727c66-b20f-4440-a12b-055eea026436,electromagnetic,el,word,4,ηλεκτρομαγνητική,2026-05-21T13:44:42.152Z
13,75727c66-b20f-4440-a12b-055eea026436,smack,el,word,2,ακριβώς,2026-05-21T13:43:30.851Z
13,75727c66-b20f-4440-a12b-055eea026436,light-is,el,word,1,φως-είναι,2026-05-21T13:43:30.790Z
13,75727c66-b20f-4440-a12b-055eea026436,communicate,el,word,1,επικοινωνούμε,2026-05-21T13:44:09.670Z
13,75727c66-b20f-4440-a12b-055eea026436,waves,el,word,1,κύματα,2026-05-21T13:44:12.046Z
29,feec1f94-f27f-417b-87da-46503f9a92a5,sudden,el,word,2,ξαφνικές,2026-05-21T14:11:14.957Z
29,feec1f94-f27f-417b-87da-46503f9a92a5,goal,el,word,2,στόχος,2026-05-21T14:09:55.827Z
29,feec1f94-f27f-417b-87da-46503f9a92a5,comfortable,el,word,2,άνετο,2026-05-21T14:11:24.604Z
29,feec1f94-f27f-417b-87da-46503f9a92a5,reduced.,el,word,3,μειωθεί.,2026-05-21T14:10:16.439Z
29,feec1f94-f27f-417b-87da-46503f9a92a5,checked,el,word,10,ελέγχθηκε,2026-05-21T14:10:21.992Z
29,feec1f94-f27f-417b-87da-46503f9a92a5,Paragraph,el,word,7,Παράγραφος,2026-05-21T14:10:37.442Z
29,feec1f94-f27f-417b-87da-46503f9a92a5,Helvetica,el,word,2,Helvetica,2026-05-21T14:10:39.483Z
29,feec1f94-f27f-417b-87da-46503f9a92a5,"section,",el,word,2,"ενότητα,",2026-05-21T14:09:21.691Z
29,feec1f94-f27f-417b-87da-46503f9a92a5,whether,el,word,2,αν,2026-05-21T14:10:41.882Z
29,feec1f94-f27f-417b-87da-46503f9a92a5,system,el,word,2,σύστημα,2026-05-21T14:10:17.604Z
29,feec1f94-f27f-417b-87da-46503f9a92a5,beside,el,word,2,δίπλα,2026-05-21T14:10:53.053Z
29,feec1f94-f27f-417b-87da-46503f9a92a5,adjust,el,word,1,προσαρμόζω,2026-05-21T14:09:28.395Z
29,feec1f94-f27f-417b-87da-46503f9a92a5,appears,el,word,1,φαίνεται,2026-05-21T14:09:28.935Z
29,feec1f94-f27f-417b-87da-46503f9a92a5,experiment,el,word,2,πείραμα,2026-05-21T14:10:51.156Z
29,feec1f94-f27f-417b-87da-46503f9a92a5,"movements,",el,word,6,"κινήσεις,",2026-05-21T14:10:22.319Z
29,feec1f94-f27f-417b-87da-46503f9a92a5,front,el,word,2,μπροστά,2026-05-21T14:09:33.002Z
29,feec1f94-f27f-417b-87da-46503f9a92a5,quiet,el,word,1,ήσυχο,2026-05-21T14:09:32.409Z
29,feec1f94-f27f-417b-87da-46503f9a92a5,right.,el,word,1,δεξιά.,2026-05-21T14:09:35.837Z
29,feec1f94-f27f-417b-87da-46503f9a92a5,accurately,el,word,4,με ακρίβεια,2026-05-21T14:10:44.046Z
29,feec1f94-f27f-417b-87da-46503f9a92a5,"chair,",el,word,4,"καρέκλα,",2026-05-21T14:11:12.356Z
29,feec1f94-f27f-417b-87da-46503f9a92a5,becomes,el,word,4,γίνεται,2026-05-21T14:10:40.167Z
29,feec1f94-f27f-417b-87da-46503f9a92a5,followed,el,word,2,ακολουθούσε,2026-05-21T14:11:22.302Z
29,feec1f94-f27f-417b-87da-46503f9a92a5,larger,el,word,1,μεγαλύτερη,2026-05-21T14:09:46.508Z
29,feec1f94-f27f-417b-87da-46503f9a92a5,makes,el,word,2,κάνει,2026-05-21T14:10:41.041Z
29,feec1f94-f27f-417b-87da-46503f9a92a5,distance,el,word,1,απόσταση,2026-05-21T14:09:54.496Z
29,feec1f94-f27f-417b-87da-46503f9a92a5,"naturally,",el,word,1,"φυσικά,",2026-05-21T14:09:57.347Z
29,feec1f94-f27f-417b-87da-46503f9a92a5,slightly,el,word,1,ελαφρώς,2026-05-21T14:10:00.400Z
29,feec1f94-f27f-417b-87da-46503f9a92a5,points,el,word,3,σημεία,2026-05-21T14:10:01.475Z
29,feec1f94-f27f-417b-87da-46503f9a92a5,continue,el,word,2,συνέχεια,2026-05-21T14:10:01.773Z
29,feec1f94-f27f-417b-87da-46503f9a92a5,adjusted,el,word,1,ρύθμισε,2026-05-21T14:10:01.778Z
29,feec1f94-f27f-417b-87da-46503f9a92a5,simple:,el,word,1,απλό:,2026-05-21T14:10:01.760Z
29,feec1f94-f27f-417b-87da-46503f9a92a5,reading,el,word,1,ανάγνωση,2026-05-21T14:10:14.105Z
29,feec1f94-f27f-417b-87da-46503f9a92a5,size,el,word,1,μέγεθος,2026-05-21T14:10:14.383Z
29,feec1f94-f27f-417b-87da-46503f9a92a5,researcher,el,word,2,ερευνητής,2026-05-21T14:10:14.984Z
29,feec1f94-f27f-417b-87da-46503f9a92a5,.,el,word,1,.,2026-05-21T14:10:15.276Z
29,feec1f94-f27f-417b-87da-46503f9a92a5,begins.,el,word,2,ξεκινά.,2026-05-21T14:10:51.902Z
29,feec1f94-f27f-417b-87da-46503f9a92a5,smaller.,el,word,1,μικρότερο.,2026-05-21T14:10:40.552Z
29,feec1f94-f27f-417b-87da-46503f9a92a5,next,el,word,1,επόμενο,2026-05-21T14:10:43.030Z
29,feec1f94-f27f-417b-87da-46503f9a92a5,detects,el,word,1,ανιχνεύει,2026-05-21T14:10:43.520Z
29,feec1f94-f27f-417b-87da-46503f9a92a5,fixations,el,word,1,σταθεροποιήσεις,2026-05-21T14:10:43.683Z
29,feec1f94-f27f-417b-87da-46503f9a92a5,neighboring,el,word,1,γειτονικά,2026-05-21T14:10:48.750Z
29,feec1f94-f27f-417b-87da-46503f9a92a5,laboratory.,el,word,1,εργαστήριο.,2026-05-21T14:11:08.440Z
29,feec1f94-f27f-417b-87da-46503f9a92a5,university,el,word,1,πανεπιστήμιο,2026-05-21T14:11:11.150Z
29,53da28ca-1b2e-4a95-9f95-33c060a85ba9,genuine,el,word,1,αληθινός,2026-05-21T14:14:26.201Z
29,14f605e4-8639-41bf-9536-7ce2f87f8c8f,Humans,el,word,1,Άνθρωποι,2026-05-21T14:20:16.581Z
29,14f605e4-8639-41bf-9536-7ce2f87f8c8f,Protected,el,word,1,Προστατευόμενες,2026-05-21T14:20:26.509Z
29,14f605e4-8639-41bf-9536-7ce2f87f8c8f,Robert,el,word,1,Robert,2026-05-21T14:20:36.105Z
29,14f605e4-8639-41bf-9536-7ce2f87f8c8f,"""pervasive""",el,word,1,«διαδεδομένοι»,2026-05-21T14:20:54.747Z
29,14f605e4-8639-41bf-9536-7ce2f87f8c8f,"recreation,",el,word,1,"αναψυχή,",2026-05-21T14:20:59.328Z
29,14f605e4-8639-41bf-9536-7ce2f87f8c8f,respite,el,word,1,ανάπαυλα,2026-05-21T14:21:02.859Z
29,14f605e4-8639-41bf-9536-7ce2f87f8c8f,Colorado,el,word,1,Κολοράντο,2026-05-21T14:21:16.686Z
29,14f605e4-8639-41bf-9536-7ce2f87f8c8f,"federal,",el,word,1,"ομοσπονδιακά,",2026-05-21T14:21:20.282Z
29,14f605e4-8639-41bf-9536-7ce2f87f8c8f,clatter,el,word,2,θόρυβος,2026-05-21T14:21:52.713Z
29,14f605e4-8639-41bf-9536-7ce2f87f8c8f,adverse,el,word,1,αρνητικές,2026-05-21T14:22:15.062Z
29,14f605e4-8639-41bf-9536-7ce2f87f8c8f,tranquil,el,word,1,ήσυχη,2026-05-21T14:22:22.232Z
29,14f605e4-8639-41bf-9536-7ce2f87f8c8f,excess,el,word,3,υπερβολικός,2026-05-21T14:22:48.415Z
29,14f605e4-8639-41bf-9536-7ce2f87f8c8f,researchers,el,word,1,ερευνητές,2026-05-21T14:22:46.909Z
29,14f605e4-8639-41bf-9536-7ce2f87f8c8f,national,el,word,1,εθνικό,2026-05-21T14:22:46.954Z
29,14f605e4-8639-41bf-9536-7ce2f87f8c8f,computer,el,word,1,υπολογιστής,2026-05-21T14:22:47.064Z
29,14f605e4-8639-41bf-9536-7ce2f87f8c8f,noise,el,word,2,θόρυβος,2026-05-21T14:22:47.218Z
29,14f605e4-8639-41bf-9536-7ce2f87f8c8f,Road,el,word,2,Οδική,2026-05-21T14:23:42.796Z
29,14f605e4-8639-41bf-9536-7ce2f87f8c8f,babbling,el,word,1,κυλά,2026-05-21T14:23:42.912Z
29,14f605e4-8639-41bf-9536-7ce2f87f8c8f,overflights,el,word,1,πτήσεις,2026-05-21T14:24:09.613Z
29,14f605e4-8639-41bf-9536-7ce2f87f8c8f,"""Nature",el,word,1,«Η φύση,2026-05-21T14:25:47.754Z
30,5dfa1ddc-2b7c-4e2d-b1da-9d4d6a23f3e9,experiment,el,word,5,πείραμα,2026-05-21T14:40:45.917Z
30,5dfa1ddc-2b7c-4e2d-b1da-9d4d6a23f3e9,"line,",el,word,4,"γραμμή,",2026-05-21T14:39:15.597Z
30,5dfa1ddc-2b7c-4e2d-b1da-9d4d6a23f3e9,across,el,word,1,σε όλες,2026-05-21T14:39:15.577Z
30,5dfa1ddc-2b7c-4e2d-b1da-9d4d6a23f3e9,detects,el,word,1,ανιχνεύει,2026-05-21T14:39:15.873Z
30,5dfa1ddc-2b7c-4e2d-b1da-9d4d6a23f3e9,fixations,el,word,1,σταθεροποιήσεις,2026-05-21T14:39:16.367Z
30,5dfa1ddc-2b7c-4e2d-b1da-9d4d6a23f3e9,system,el,word,1,σύστημα,2026-05-21T14:39:16.944Z
30,5dfa1ddc-2b7c-4e2d-b1da-9d4d6a23f3e9,"words,",el,word,1,"λέξεις,",2026-05-21T14:39:18.875Z
30,5dfa1ddc-2b7c-4e2d-b1da-9d4d6a23f3e9,begins.,el,word,4,ξεκινά.,2026-05-21T14:40:37.506Z
30,5dfa1ddc-2b7c-4e2d-b1da-9d4d6a23f3e9,comfortable,el,word,2,άνετο,2026-05-21T14:39:45.624Z
30,5dfa1ddc-2b7c-4e2d-b1da-9d4d6a23f3e9,distance,el,word,3,απόσταση,2026-05-21T14:40:31.783Z
30,5dfa1ddc-2b7c-4e2d-b1da-9d4d6a23f3e9,larger,el,word,2,μεγαλύτερη,2026-05-21T14:40:39.100Z
30,5dfa1ddc-2b7c-4e2d-b1da-9d4d6a23f3e9,help,el,word,1,βοήθεια,2026-05-21T14:39:45.904Z
30,5dfa1ddc-2b7c-4e2d-b1da-9d4d6a23f3e9,accurately,el,word,2,με ακρίβεια,2026-05-21T14:40:36.747Z
30,5dfa1ddc-2b7c-4e2d-b1da-9d4d6a23f3e9,"chair,",el,word,1,"καρέκλα,",2026-05-21T14:40:29.327Z
30,5dfa1ddc-2b7c-4e2d-b1da-9d4d6a23f3e9,good,el,word,1,καλή,2026-05-21T14:40:39.700Z
30,5dfa1ddc-2b7c-4e2d-b1da-9d4d6a23f3e9,.,el,word,1,.,2026-05-21T14:40:40.750Z
30,5dfa1ddc-2b7c-4e2d-b1da-9d4d6a23f3e9,beside,el,word,1,δίπλα,2026-05-21T14:40:44.671Z
30,5dfa1ddc-2b7c-4e2d-b1da-9d4d6a23f3e9,researcher,el,word,1,ερευνητής,2026-05-21T14:40:49.264Z
30,5dfa1ddc-2b7c-4e2d-b1da-9d4d6a23f3e9,relevant,el,word,1,σχετικές,2026-05-21T14:40:51.417Z
30,5dfa1ddc-2b7c-4e2d-b1da-9d4d6a23f3e9,morning,el,word,2,πρωί,2026-05-21T14:40:59.705Z
30,36061f30-752f-4ab6-a808-3ddd89255df3,ReadWorks,el,word,3,ReadWorks,2026-05-21T14:41:38.584Z
30,36061f30-752f-4ab6-a808-3ddd89255df3,Southern,el,word,2,Νότιο,2026-05-21T14:42:39.663Z
30,36061f30-752f-4ab6-a808-3ddd89255df3,Antarctica.,el,word,1,Ανταρκτική.,2026-05-21T14:42:39.735Z
30,36061f30-752f-4ab6-a808-3ddd89255df3,two,el,word,2,δύο,2026-05-21T14:42:39.847Z
30,36061f30-752f-4ab6-a808-3ddd89255df3,mostly,el,word,1,κυρίως,2026-05-21T14:44:05.981Z
30,36061f30-752f-4ab6-a808-3ddd89255df3,rainforest,el,word,2,τροπικό δάσος,2026-05-21T14:45:01.122Z
30,36061f30-752f-4ab6-a808-3ddd89255df3,Earth.,el,word,1,Γη.,2026-05-21T14:44:46.642Z
30,36061f30-752f-4ab6-a808-3ddd89255df3,endemic,el,word,1,ενδημικά,2026-05-21T14:44:46.958Z
30,36061f30-752f-4ab6-a808-3ddd89255df3,unique,el,word,1,μοναδικό,2026-05-21T14:46:00.077Z
30,36061f30-752f-4ab6-a808-3ddd89255df3,elsewhere,el,word,1,αλλού,2026-05-21T14:46:03.611Z
30,36061f30-752f-4ab6-a808-3ddd89255df3,"Hemisphere,",el,word,1,"Ημισφαίριο,",2026-05-21T14:46:04.816Z
30,36061f30-752f-4ab6-a808-3ddd89255df3,ecosystems,el,word,1,οικοσυστήματα,2026-05-21T14:46:08.497Z
30,d822699f-42ed-4cd2-bb0b-c926b459da8a,electromagnetic,el,word,2,ηλεκτρομαγνητικά,2026-05-21T14:52:40.786Z
30,d822699f-42ed-4cd2-bb0b-c926b459da8a,gain,el,word,1,κερδίζουμε,2026-05-21T14:52:14.714Z
30,d822699f-42ed-4cd2-bb0b-c926b459da8a,access,el,word,1,πρόσβαση,2026-05-21T14:52:15.429Z
30,d822699f-42ed-4cd2-bb0b-c926b459da8a,objects,el,word,1,αντικείμενα,2026-05-21T14:52:28.076Z
30,d822699f-42ed-4cd2-bb0b-c926b459da8a,information,el,word,1,πληροφορίες,2026-05-21T14:52:48.876Z
17,7382cc52-f270-47a9-8683-bfd9a0428240,vehicle-ice,el,word,1,όχημα-παγωτό,2026-05-21T15:02:39.252Z
17,7382cc52-f270-47a9-8683-bfd9a0428240,"beverage,",el,word,1,"ποτό,",2026-05-21T15:02:47.568Z
17,7382cc52-f270-47a9-8683-bfd9a0428240,candy,el,word,1,γλυκό,2026-05-21T15:02:50.392Z
17,7382cc52-f270-47a9-8683-bfd9a0428240,Americans.,el,word,1,Αμερικανοί.,2026-05-21T15:02:57.399Z
17,7382cc52-f270-47a9-8683-bfd9a0428240,manufactured,el,word,1,κατασκευασμένα,2026-05-21T15:03:22.903Z
17,7382cc52-f270-47a9-8683-bfd9a0428240,important,el,word,2,σημαντικά,2026-05-21T15:03:28.974Z
17,7382cc52-f270-47a9-8683-bfd9a0428240,cacao,el,word,1,κακάο,2026-05-21T15:03:35.127Z
17,7382cc52-f270-47a9-8683-bfd9a0428240,Nigeria,el,word,1,Νιγηρία,2026-05-21T15:03:42.271Z
17,7382cc52-f270-47a9-8683-bfd9a0428240,harvested,el,word,1,συγκομίζεται,2026-05-21T15:03:44.510Z
17,7382cc52-f270-47a9-8683-bfd9a0428240,ReadWorks,el,word,2,ReadWorks,2026-05-21T15:03:56.135Z
17,7382cc52-f270-47a9-8683-bfd9a0428240,throughout,el,word,1,σε όλο τον κόσμο,2026-05-21T15:04:02.463Z
17,7382cc52-f270-47a9-8683-bfd9a0428240,eight-hour,el,word,1,οκτάωρη,2026-05-21T15:04:22.238Z
17,7382cc52-f270-47a9-8683-bfd9a0428240,slave,el,word,1,δουλεία,2026-05-21T15:04:30.603Z
17,7382cc52-f270-47a9-8683-bfd9a0428240,sometimes,el,word,1,μερικές φορές,2026-05-21T15:04:31.323Z
17,7382cc52-f270-47a9-8683-bfd9a0428240,population,el,word,1,πληθυσμός,2026-05-21T15:04:42.272Z
17,7382cc52-f270-47a9-8683-bfd9a0428240,emerged,el,word,2,εμφανίστηκαν,2026-05-21T15:04:46.994Z
17,7382cc52-f270-47a9-8683-bfd9a0428240,countries,el,word,1,χώρες,2026-05-21T15:05:06.027Z
17,7382cc52-f270-47a9-8683-bfd9a0428240,economies.,el,word,1,οικονομίες.,2026-05-21T15:05:08.139Z
17,7382cc52-f270-47a9-8683-bfd9a0428240,earth-friendly.,el,word,1,φιλικές προς το περιβάλλον.,2026-05-21T15:05:18.702Z
17,7382cc52-f270-47a9-8683-bfd9a0428240,traded,el,word,1,εμπορεύονται,2026-05-21T15:05:42.456Z
17,7382cc52-f270-47a9-8683-bfd9a0428240,producers-the,el,word,1,"οι παραγωγοί, οι",2026-05-21T15:05:46.173Z
17,7382cc52-f270-47a9-8683-bfd9a0428240,farmers-are,el,word,1,καλλιεργητές—λαμβάνουν,2026-05-21T15:05:48.914Z
17,7382cc52-f270-47a9-8683-bfd9a0428240,expensive.,el,word,1,ακριβό.,2026-05-21T15:05:59.683Z
17,7382cc52-f270-47a9-8683-bfd9a0428240,something,el,word,1,κάτι,2026-05-21T15:06:14.287Z
17,bd8f2d4f-a4c7-47e6-bf5e-34b8cdbb3698,hindquarters,el,word,1,οπίσθια άκρα,2026-05-21T15:10:43.804Z
17,bd8f2d4f-a4c7-47e6-bf5e-34b8cdbb3698,front,el,word,1,μπροστά,2026-05-21T15:10:45.632Z
17,bd8f2d4f-a4c7-47e6-bf5e-34b8cdbb3698,okapi.,el,word,1,οκάπι.,2026-05-21T15:10:48.244Z
17,bd8f2d4f-a4c7-47e6-bf5e-34b8cdbb3698,home,el,word,1,σπίτι,2026-05-21T15:11:04.551Z
17,bd8f2d4f-a4c7-47e6-bf5e-34b8cdbb3698,flying,el,word,1,ιπτάμενα,2026-05-21T15:11:08.014Z
17,bd8f2d4f-a4c7-47e6-bf5e-34b8cdbb3698,spiders,el,word,1,αράχνες,2026-05-21T15:11:17.587Z
17,bd8f2d4f-a4c7-47e6-bf5e-34b8cdbb3698,birds.,el,word,1,πουλιά.,2026-05-21T15:11:19.464Z
17,bd8f2d4f-a4c7-47e6-bf5e-34b8cdbb3698,coral,el,word,1,κοράλλι,2026-05-21T15:11:21.724Z
17,bd8f2d4f-a4c7-47e6-bf5e-34b8cdbb3698,produce,el,word,1,παράγουν,2026-05-21T15:11:24.667Z
17,bd8f2d4f-a4c7-47e6-bf5e-34b8cdbb3698,endemic,el,word,1,ενδημικά,2026-05-21T15:11:30.031Z
17,bd8f2d4f-a4c7-47e6-bf5e-34b8cdbb3698,powerful,el,word,1,ισχυρά,2026-05-21T15:11:43.342Z
17,bd8f2d4f-a4c7-47e6-bf5e-34b8cdbb3698,"beaks,",el,word,2,"ράμφη,",2026-05-21T15:11:50.884Z
17,bd8f2d4f-a4c7-47e6-bf5e-34b8cdbb3698,crack,el,word,1,σπάζω,2026-05-21T15:11:50.753Z
17,bd8f2d4f-a4c7-47e6-bf5e-34b8cdbb3698,"leaves,",el,word,1,"φύλλα,",2026-05-21T15:12:07.131Z
17,bd8f2d4f-a4c7-47e6-bf5e-34b8cdbb3698,species,el,word,2,είδη,2026-05-21T15:12:26.406Z
17,bd8f2d4f-a4c7-47e6-bf5e-34b8cdbb3698,jaguars,el,word,1,ιαγουάροι,2026-05-21T15:12:26.423Z
17,bd8f2d4f-a4c7-47e6-bf5e-34b8cdbb3698,fish,el,word,1,ψάρια,2026-05-21T15:12:40.628Z
17,bd8f2d4f-a4c7-47e6-bf5e-34b8cdbb3698,care,el,word,1,φροντίδα,2026-05-21T15:13:27.358Z
31,51b38baa-585a-4203-8788-aa11ef7590f0,"chair,",el,word,1,"καρέκλα,",2026-05-25T06:10:04.807Z
31,51b38baa-585a-4203-8788-aa11ef7590f0,comfortable,el,word,2,άνετο,2026-05-25T06:10:14.033Z
31,51b38baa-585a-4203-8788-aa11ef7590f0,laboratory.,el,word,1,εργαστήριο.,2026-05-25T06:10:12.221Z
31,51b38baa-585a-4203-8788-aa11ef7590f0,sudden,el,word,1,ξαφνικές,2026-05-25T06:10:12.864Z
31,51b38baa-585a-4203-8788-aa11ef7590f0,avoid,el,word,1,αποφύγετε,2026-05-25T06:10:13.231Z
31,51b38baa-585a-4203-8788-aa11ef7590f0,pace.,el,word,2,ρυθμό.,2026-05-25T06:10:32.822Z
31,51b38baa-585a-4203-8788-aa11ef7590f0,front,el,word,2,μπροστά,2026-05-25T06:10:26.203Z
31,51b38baa-585a-4203-8788-aa11ef7590f0,goal,el,word,1,στόχος,2026-05-25T06:10:22.864Z
31,51b38baa-585a-4203-8788-aa11ef7590f0,morning,el,word,1,πρωί,2026-05-25T06:10:26.722Z
31,51b38baa-585a-4203-8788-aa11ef7590f0,"screen,",el,word,1,"οθόνη,",2026-05-25T06:10:30.729Z
31,51b38baa-585a-4203-8788-aa11ef7590f0,researcher,el,word,1,ερευνητής,2026-05-25T06:10:33.481Z
31,51b38baa-585a-4203-8788-aa11ef7590f0,right.,el,word,1,δεξιά.,2026-05-25T06:10:33.957Z
31,51b38baa-585a-4203-8788-aa11ef7590f0,easier,el,word,3,ευκολότερο,2026-05-25T06:10:44.822Z
31,51b38baa-585a-4203-8788-aa11ef7590f0,neighboring,el,word,2,γειτονικά,2026-05-25T06:10:43.170Z
31,51b38baa-585a-4203-8788-aa11ef7590f0,see,el,word,1,βλέπε,2026-05-25T06:10:42.324Z
31,51b38baa-585a-4203-8788-aa11ef7590f0,continue,el,word,1,συνέχεια,2026-05-25T06:10:45.727Z
31,51b38baa-585a-4203-8788-aa11ef7590f0,features,el,word,4,χαρακτηριστικά,2026-05-25T06:10:50.483Z
31,51b38baa-585a-4203-8788-aa11ef7590f0,across,el,word,4,σε όλες,2026-05-25T06:11:12.470Z
31,51b38baa-585a-4203-8788-aa11ef7590f0,current,el,word,7,ρεύμα,2026-05-25T06:11:28.889Z
31,51b38baa-585a-4203-8788-aa11ef7590f0,drift,el,word,3,μετατόπιση,2026-05-25T06:11:34.671Z
31,51b38baa-585a-4203-8788-aa11ef7590f0,consistently,el,word,4,με συνέπεια,2026-05-25T06:11:22.690Z
31,51b38baa-585a-4203-8788-aa11ef7590f0,validation,el,word,3,επικύρωση,2026-05-25T06:11:25.241Z
31,51b38baa-585a-4203-8788-aa11ef7590f0,show,el,word,1,δείξει,2026-05-25T06:10:57.991Z
31,51b38baa-585a-4203-8788-aa11ef7590f0,fixations,el,word,2,σταθεροποιήσεις,2026-05-25T06:11:26.693Z
31,51b38baa-585a-4203-8788-aa11ef7590f0,movement,el,word,2,κίνηση,2026-05-25T06:11:30.357Z
31,51b38baa-585a-4203-8788-aa11ef7590f0,wider,el,word,1,ευρύτερο,2026-05-25T06:11:04.766Z
31,51b38baa-585a-4203-8788-aa11ef7590f0,fonts.,el,word,5,γραμματοσειρές.,2026-05-25T06:11:20.380Z
31,51b38baa-585a-4203-8788-aa11ef7590f0,stable,el,word,1,σταθερές,2026-05-25T06:11:11.405Z
31,51b38baa-585a-4203-8788-aa11ef7590f0,help,el,word,1,βοήθεια,2026-05-25T06:11:13.108Z
31,51b38baa-585a-4203-8788-aa11ef7590f0,tracking,el,word,2,απόσταση μεταξύ γραμμάτων,2026-05-25T06:11:22.114Z
31,51b38baa-585a-4203-8788-aa11ef7590f0,behaves,el,word,1,συμπεριφέρεται,2026-05-25T06:11:18.122Z
31,51b38baa-585a-4203-8788-aa11ef7590f0,good,el,word,2,καλή,2026-05-25T06:11:24.524Z
31,51b38baa-585a-4203-8788-aa11ef7590f0,"line,",el,word,1,"γραμμή,",2026-05-25T06:11:29.562Z
31,51b38baa-585a-4203-8788-aa11ef7590f0,smooth,el,word,1,ομαλή,2026-05-25T06:11:29.890Z
31,51b38baa-585a-4203-8788-aa11ef7590f0,systematic,el,word,1,συστηματική,2026-05-25T06:11:32.840Z
31,51b38baa-585a-4203-8788-aa11ef7590f0,toward,el,word,1,προς,2026-05-25T06:11:34.972Z
31,51b38baa-585a-4203-8788-aa11ef7590f0,top,el,word,1,πάνω,2026-05-25T06:11:36.124Z
31,51b38baa-585a-4203-8788-aa11ef7590f0,bottom,el,word,1,κάτω,2026-05-25T06:11:36.692Z
31,d19f64cd-bb4d-4bdd-a59b-31cfc906e642,Declaration,el,word,3,Διακήρυξη,2026-05-25T06:13:45.543Z
31,d19f64cd-bb4d-4bdd-a59b-31cfc906e642,Independence,el,word,2,Ανεξαρτησία,2026-05-25T06:16:01.568Z
31,d19f64cd-bb4d-4bdd-a59b-31cfc906e642,"Independence,",el,word,1,"Ανεξαρτησίας,",2026-05-25T06:13:31.635Z
31,d19f64cd-bb4d-4bdd-a59b-31cfc906e642,contributed,el,word,1,συνέβαλαν,2026-05-25T06:13:33.522Z
31,d19f64cd-bb4d-4bdd-a59b-31cfc906e642,drafting,el,word,1,σύνταξη,2026-05-25T06:13:34.173Z
31,d19f64cd-bb4d-4bdd-a59b-31cfc906e642,"""founding",el,word,1,«ιδρυτές,2026-05-25T06:13:36.475Z
31,d19f64cd-bb4d-4bdd-a59b-31cfc906e642,newspaper.,el,word,1,εφημερίδα.,2026-05-25T06:13:51.573Z
31,d19f64cd-bb4d-4bdd-a59b-31cfc906e642,printing,el,word,1,τυπογραφία,2026-05-25T06:14:05.224Z
31,d19f64cd-bb4d-4bdd-a59b-31cfc906e642,business.,el,word,1,επιχείρηση.,2026-05-25T06:14:05.938Z
31,d19f64cd-bb4d-4bdd-a59b-31cfc906e642,many,el,word,1,πολλά,2026-05-25T06:14:08.180Z
31,d19f64cd-bb4d-4bdd-a59b-31cfc906e642,Pennsylvania,el,word,2,Πενσυλβανία,2026-05-25T06:15:51.517Z
31,d19f64cd-bb4d-4bdd-a59b-31cfc906e642,Philadelphia:,el,word,2,Φιλαδέλφεια:,2026-05-25T06:14:21.380Z
31,d19f64cd-bb4d-4bdd-a59b-31cfc906e642,"addition,",el,word,1,"επιπλέον,",2026-05-25T06:14:17.932Z
31,d19f64cd-bb4d-4bdd-a59b-31cfc906e642,efficiency,el,word,2,αποδοτικότητα,2026-05-25T06:14:35.159Z
31,d19f64cd-bb4d-4bdd-a59b-31cfc906e642,libraries.,el,word,1,βιβλιοθήκες.,2026-05-25T06:14:29.859Z
31,d19f64cd-bb4d-4bdd-a59b-31cfc906e642,retired,el,word,1,αποσύρθηκε,2026-05-25T06:14:33.984Z
31,d19f64cd-bb4d-4bdd-a59b-31cfc906e642,science,el,word,1,επιστήμη,2026-05-25T06:14:37.496Z
31,d19f64cd-bb4d-4bdd-a59b-31cfc906e642,"""kite",el,word,1,«χαρταετό,2026-05-25T06:14:44.401Z
31,d19f64cd-bb4d-4bdd-a59b-31cfc906e642,"experiment""",el,word,1,πείραμα»,2026-05-25T06:14:46.307Z
31,d19f64cd-bb4d-4bdd-a59b-31cfc906e642,confirmed,el,word,1,επιβεβαίωσε,2026-05-25T06:14:47.189Z
31,d19f64cd-bb4d-4bdd-a59b-31cfc906e642,interacting,el,word,1,αλληλεπιδρώντας,2026-05-25T06:14:49.060Z
31,d19f64cd-bb4d-4bdd-a59b-31cfc906e642,colonies.,el,word,1,αποικίες.,2026-05-25T06:14:52.584Z
31,d19f64cd-bb4d-4bdd-a59b-31cfc906e642,wondering,el,word,4,αναρωτιέστε,2026-05-25T06:14:58.888Z
31,d19f64cd-bb4d-4bdd-a59b-31cfc906e642,"American""",el,word,1,«Αμερικανός»,2026-05-25T06:14:58.550Z
31,d19f64cd-bb4d-4bdd-a59b-31cfc906e642,Franklin,el,word,1,Φράνκλιν,2026-05-25T06:14:58.958Z
31,d19f64cd-bb4d-4bdd-a59b-31cfc906e642,made,el,word,1,έκανε,2026-05-25T06:14:59.027Z
31,d19f64cd-bb4d-4bdd-a59b-31cfc906e642,printer,el,word,1,εκτυπωτής,2026-05-25T06:15:02.005Z
31,d19f64cd-bb4d-4bdd-a59b-31cfc906e642,scientist,el,word,1,επιστήμονας,2026-05-25T06:15:02.594Z
31,d19f64cd-bb4d-4bdd-a59b-31cfc906e642,"Americancolonies,",el,word,2,"αμερικανικές αποικίες,",2026-05-25T06:15:16.882Z
31,d19f64cd-bb4d-4bdd-a59b-31cfc906e642,campaign,el,word,1,εκστρατεία,2026-05-25T06:15:12.450Z
31,d19f64cd-bb4d-4bdd-a59b-31cfc906e642,independence,el,word,2,ανεξαρτησία,2026-05-25T06:15:20.615Z
31,d19f64cd-bb4d-4bdd-a59b-31cfc906e642,representative,el,word,1,εκπρόσωπος,2026-05-25T06:15:19.356Z
31,d19f64cd-bb4d-4bdd-a59b-31cfc906e642,struggle,el,word,1,αγώνα,2026-05-25T06:15:35.431Z
31,d19f64cd-bb4d-4bdd-a59b-31cfc906e642,"colony,",el,word,1,"αποικία,",2026-05-25T06:15:46.174Z
31,d19f64cd-bb4d-4bdd-a59b-31cfc906e642,Speaker,el,word,2,Πρόεδρος,2026-05-25T06:16:02.292Z
31,d19f64cd-bb4d-4bdd-a59b-31cfc906e642,Parliament,el,word,1,Κοινοβούλιο,2026-05-25T06:15:51.964Z
31,d19f64cd-bb4d-4bdd-a59b-31cfc906e642,injustices,el,word,3,αδικίες,2026-05-25T06:15:57.777Z
31,d19f64cd-bb4d-4bdd-a59b-31cfc906e642,"""Second",el,word,2,«Δεύτερη,2026-05-25T06:15:56.801Z
31,d19f64cd-bb4d-4bdd-a59b-31cfc906e642,colony,el,word,1,αποικία,2026-05-25T06:16:06.167Z
31,d19f64cd-bb4d-4bdd-a59b-31cfc906e642,required,el,word,1,απαιτούσε,2026-05-25T06:16:08.142Z
31,d19f64cd-bb4d-4bdd-a59b-31cfc906e642,represent,el,word,1,εκπροσωπώ,2026-05-25T06:16:11.442Z
31,d19f64cd-bb4d-4bdd-a59b-31cfc906e642,"established,",el,word,4,"ιδρύθηκαν,",2026-05-25T06:16:25.328Z
31,d19f64cd-bb4d-4bdd-a59b-31cfc906e642,"General,",el,word,1,"Στρατηγός,",2026-05-25T06:16:23.398Z
31,d19f64cd-bb4d-4bdd-a59b-31cfc906e642,worth,el,word,2,αξία,2026-05-25T06:16:23.497Z
31,d19f64cd-bb4d-4bdd-a59b-31cfc906e642,Ambassador,el,word,2,Πρέσβης,2026-05-25T06:16:38.334Z
31,d19f64cd-bb4d-4bdd-a59b-31cfc906e642,Pennsylvania.,el,word,1,Πενσυλβανία.,2026-05-25T06:16:30.197Z
31,d19f64cd-bb4d-4bdd-a59b-31cfc906e642,President,el,word,1,Πρόεδρος,2026-05-25T06:16:33.521Z
31,d19f64cd-bb4d-4bdd-a59b-31cfc906e642,wise,el,word,1,σοφές,2026-05-25T06:16:36.848Z
31,d19f64cd-bb4d-4bdd-a59b-31cfc906e642,including,el,word,1,συμπεριλαμβανομένων,2026-05-25T06:16:39.010Z
31,d19f64cd-bb4d-4bdd-a59b-31cfc906e642,prevention,el,word,1,πρόληψη,2026-05-25T06:16:44.367Z
31,604a8afe-cbad-461c-b0db-78a2c9ed750a,looking,el,word,2,κοιτάζοντας,2026-05-25T06:20:28.978Z
31,604a8afe-cbad-461c-b0db-78a2c9ed750a,collection,el,word,1,συλλογή,2026-05-25T06:20:30.790Z
31,604a8afe-cbad-461c-b0db-78a2c9ed750a,"textures,",el,word,1,"υφές,",2026-05-25T06:20:32.566Z
31,604a8afe-cbad-461c-b0db-78a2c9ed750a,shapes.,el,word,1,σχήματα.,2026-05-25T06:20:33.821Z
31,604a8afe-cbad-461c-b0db-78a2c9ed750a,many,el,word,1,πολλοί,2026-05-25T06:20:35.350Z
31,604a8afe-cbad-461c-b0db-78a2c9ed750a,eyes,el,word,2,μάτια,2026-05-25T06:28:44.630Z
31,604a8afe-cbad-461c-b0db-78a2c9ed750a,perceive,el,word,1,αντιλαμβανόμαστε,2026-05-25T06:20:42.492Z
31,604a8afe-cbad-461c-b0db-78a2c9ed750a,Without,el,word,1,Χωρίς,2026-05-25T06:20:44.535Z
31,604a8afe-cbad-461c-b0db-78a2c9ed750a,wouldn't,el,word,1,δεν θα,2026-05-25T06:20:46.373Z
31,604a8afe-cbad-461c-b0db-78a2c9ed750a,bulbs,el,word,2,λαμπτήρες,2026-05-25T06:21:12.468Z
31,604a8afe-cbad-461c-b0db-78a2c9ed750a,schools.,el,word,1,σχολεία.,2026-05-25T06:21:02.480Z
31,604a8afe-cbad-461c-b0db-78a2c9ed750a,electromagnetic,el,word,10,ηλεκτρομαγνητικά,2026-05-25T06:27:08.755Z
31,604a8afe-cbad-461c-b0db-78a2c9ed750a,spectrum,el,word,4,φάσμα,2026-05-25T06:21:58.503Z
31,604a8afe-cbad-461c-b0db-78a2c9ed750a,wave-like,el,word,1,κυματοειδής,2026-05-25T06:21:45.520Z
31,604a8afe-cbad-461c-b0db-78a2c9ed750a,types,el,word,1,τύποι,2026-05-25T06:21:48.529Z
31,604a8afe-cbad-461c-b0db-78a2c9ed750a,ultraviolet,el,word,2,υπεριώδες,2026-05-25T06:21:55.541Z
31,604a8afe-cbad-461c-b0db-78a2c9ed750a,homes,el,word,1,σπίτια,2026-05-25T06:22:03.151Z
31,604a8afe-cbad-461c-b0db-78a2c9ed750a,plenty,el,word,1,πολλά,2026-05-25T06:22:06.943Z
31,604a8afe-cbad-461c-b0db-78a2c9ed750a,organized,el,word,1,οργανωμένο,2026-05-25T06:22:17.880Z
31,604a8afe-cbad-461c-b0db-78a2c9ed750a,order,el,word,2,σειρά,2026-05-25T06:22:25.858Z
31,604a8afe-cbad-461c-b0db-78a2c9ed750a,different,el,word,3,διαφορετικά,2026-05-25T06:23:22.890Z
31,604a8afe-cbad-461c-b0db-78a2c9ed750a,intensities,el,word,1,εντάσεις,2026-05-25T06:22:22.830Z
31,604a8afe-cbad-461c-b0db-78a2c9ed750a,wavelength.,el,word,1,μήκος κύματος.,2026-05-25T06:22:27.008Z
31,604a8afe-cbad-461c-b0db-78a2c9ed750a,scrunched,el,word,5,συμπιεσμένα,2026-05-25T06:24:31.137Z
31,604a8afe-cbad-461c-b0db-78a2c9ed750a,length,el,word,1,μήκος,2026-05-25T06:22:33.827Z
31,604a8afe-cbad-461c-b0db-78a2c9ed750a,stretched,el,word,5,τεντωμένα,2026-05-25T06:24:47.727Z
31,604a8afe-cbad-461c-b0db-78a2c9ed750a,speed,el,word,1,ταχύτητα,2026-05-25T06:23:48.294Z
31,604a8afe-cbad-461c-b0db-78a2c9ed750a,slinky.,el,word,2,σπείρα.,2026-05-25T06:24:13.585Z
31,604a8afe-cbad-461c-b0db-78a2c9ed750a,closed,el,word,1,κλειστό,2026-05-25T06:24:12.582Z
31,604a8afe-cbad-461c-b0db-78a2c9ed750a,waves-gamma,el,word,2,κύματα γάμμα,2026-05-25T06:24:34.090Z
31,604a8afe-cbad-461c-b0db-78a2c9ed750a,microwaves.,el,word,1,μικροκύματα.,2026-05-25T06:24:22.434Z
31,604a8afe-cbad-461c-b0db-78a2c9ed750a,"spectrum,",el,word,2,"φάσματος,",2026-05-25T06:27:09.960Z
31,604a8afe-cbad-461c-b0db-78a2c9ed750a,middle,el,word,1,μέση,2026-05-25T06:24:24.334Z
31,604a8afe-cbad-461c-b0db-78a2c9ed750a,X-rays-and,el,word,2,ακτίνες Χ-και,2026-05-25T06:24:46.968Z
31,604a8afe-cbad-461c-b0db-78a2c9ed750a,radio,el,word,1,ραδιόφωνο,2026-05-25T06:24:42.779Z
31,604a8afe-cbad-461c-b0db-78a2c9ed750a,capable,el,word,2,ικανά,2026-05-25T06:24:53.611Z
31,604a8afe-cbad-461c-b0db-78a2c9ed750a,commonplace,el,word,2,συνηθισμένη,2026-05-25T06:25:09.252Z
31,604a8afe-cbad-461c-b0db-78a2c9ed750a,sight,el,word,1,θέα,2026-05-25T06:24:52.700Z
31,604a8afe-cbad-461c-b0db-78a2c9ed750a,school,el,word,1,σχολείο,2026-05-25T06:25:12.696Z
31,604a8afe-cbad-461c-b0db-78a2c9ed750a,collecting,el,word,2,συλλογή,2026-05-25T06:27:07.678Z
31,604a8afe-cbad-461c-b0db-78a2c9ed750a,superhuman,el,word,1,υπεράνθρωπος,2026-05-25T06:25:17.914Z
31,604a8afe-cbad-461c-b0db-78a2c9ed750a,waves.,el,word,1,κύματα.,2026-05-25T06:25:25.135Z
31,604a8afe-cbad-461c-b0db-78a2c9ed750a,dark,el,word,1,σκοτεινά,2026-05-25T06:25:37.611Z
31,604a8afe-cbad-461c-b0db-78a2c9ed750a,emitted,el,word,1,εκπέμπονται,2026-05-25T06:25:40.588Z
31,604a8afe-cbad-461c-b0db-78a2c9ed750a,ReadWorks’,el,word,2,ReadWorks,2026-05-25T06:26:46.493Z
31,604a8afe-cbad-461c-b0db-78a2c9ed750a,look,el,word,1,κοιτάζω,2026-05-25T06:25:55.162Z
31,604a8afe-cbad-461c-b0db-78a2c9ed750a,beneath,el,word,1,κάτω από,2026-05-25T06:26:00.120Z
31,604a8afe-cbad-461c-b0db-78a2c9ed750a,outer,el,word,1,εξωτερικό,2026-05-25T06:26:06.130Z
31,604a8afe-cbad-461c-b0db-78a2c9ed750a,space.,el,word,1,διάστημα.,2026-05-25T06:26:06.475Z
31,604a8afe-cbad-461c-b0db-78a2c9ed750a,studying,el,word,1,μελετώντας,2026-05-25T06:26:07.233Z
31,604a8afe-cbad-461c-b0db-78a2c9ed750a,portion,el,word,2,τμήμα,2026-05-25T06:26:16.651Z
31,604a8afe-cbad-461c-b0db-78a2c9ed750a,wider,el,word,1,ευρύτερο,2026-05-25T06:26:13.913Z
31,604a8afe-cbad-461c-b0db-78a2c9ed750a,humankind,el,word,1,η ανθρωπότητα,2026-05-25T06:27:02.458Z
31,604a8afe-cbad-461c-b0db-78a2c9ed750a,creating,el,word,1,δημιουργώντας,2026-05-25T06:27:03.888Z
31,604a8afe-cbad-461c-b0db-78a2c9ed750a,unique,el,word,2,μοναδικές,2026-05-25T06:27:12.872Z
31,604a8afe-cbad-461c-b0db-78a2c9ed750a,ongoing,el,word,3,συνεχές,2026-05-25T06:27:21.751Z
31,604a8afe-cbad-461c-b0db-78a2c9ed750a,powers,el,word,2,δυνάμεις,2026-05-25T06:27:14.916Z
31,604a8afe-cbad-461c-b0db-78a2c9ed750a,information,el,word,1,πληροφορίες,2026-05-25T06:27:16.561Z
31,604a8afe-cbad-461c-b0db-78a2c9ed750a,world.,el,word,1,κόσμο.,2026-05-25T06:27:18.397Z
31,604a8afe-cbad-461c-b0db-78a2c9ed750a,spectrum.,el,word,3,φάσματος.,2026-05-25T06:27:50.416Z
31,604a8afe-cbad-461c-b0db-78a2c9ed750a,radiation,el,word,1,ακτινοβολία,2026-05-25T06:27:33.337Z
31,604a8afe-cbad-461c-b0db-78a2c9ed750a,present,el,word,1,παρόντα,2026-05-25T06:27:34.333Z
31,604a8afe-cbad-461c-b0db-78a2c9ed750a,televisions,el,word,1,τηλεοράσεις,2026-05-25T06:27:38.665Z
31,604a8afe-cbad-461c-b0db-78a2c9ed750a,night-vision,el,word,1,νυχτερινή όραση,2026-05-25T06:27:45.878Z
31,604a8afe-cbad-461c-b0db-78a2c9ed750a,goggles,el,word,1,γυαλιά,2026-05-25T06:27:47.420Z
31,604a8afe-cbad-461c-b0db-78a2c9ed750a,toward,el,word,1,προς,2026-05-25T06:27:48.826Z
31,604a8afe-cbad-461c-b0db-78a2c9ed750a,frequencies,el,word,1,συχνότητες,2026-05-25T06:27:53.346Z
31,604a8afe-cbad-461c-b0db-78a2c9ed750a,without,el,word,1,χωρίς,2026-05-25T06:27:58.581Z
31,604a8afe-cbad-461c-b0db-78a2c9ed750a,basketball;,el,word,1,μπάλα του μπάσκετ·,2026-05-25T06:28:02.024Z
31,604a8afe-cbad-461c-b0db-78a2c9ed750a,weren't,el,word,1,δεν,2026-05-25T06:28:06.736Z
31,604a8afe-cbad-461c-b0db-78a2c9ed750a,way,el,word,1,πολύ,2026-05-25T06:28:08.478Z
31,604a8afe-cbad-461c-b0db-78a2c9ed750a,comprehensible,el,word,1,κατανοητές,2026-05-25T06:28:11.624Z
31,604a8afe-cbad-461c-b0db-78a2c9ed750a,messages,el,word,1,μηνύματα,2026-05-25T06:28:16.800Z
31,604a8afe-cbad-461c-b0db-78a2c9ed750a,Electromagnetic,el,word,1,Ηλεκτρομαγνητική,2026-05-25T06:29:03.383Z
31,604a8afe-cbad-461c-b0db-78a2c9ed750a,ReadWorks,el,word,1,ReadWorks,2026-05-25T06:34:57.599Z
33,2b367df3-19b7-4725-b0d7-e67e7328bd61,participant,el,word,2,συμμετέχων,2026-05-25T08:23:00.648Z
33,2b367df3-19b7-4725-b0d7-e67e7328bd61,head,el,word,2,κεφάλι,2026-05-25T08:22:57.264Z
33,2b367df3-19b7-4725-b0d7-e67e7328bd61,front,el,word,2,μπροστά,2026-05-25T08:22:59.368Z
33,2b367df3-19b7-4725-b0d7-e67e7328bd61,"naturally,",el,word,2,"φυσικά,",2026-05-25T08:23:03.151Z
33,2b367df3-19b7-4725-b0d7-e67e7328bd61,line,el,word,2,γραμμή,2026-05-25T08:23:00.662Z
33,2b367df3-19b7-4725-b0d7-e67e7328bd61,read,el,word,1,να διαβάζεις,2026-05-25T08:23:02.805Z
33,2b367df3-19b7-4725-b0d7-e67e7328bd61,sudden,el,word,2,ξαφνικές,2026-05-25T08:23:06.412Z
33,2b367df3-19b7-4725-b0d7-e67e7328bd61,text.,el,word,1,κείμενο.,2026-05-25T08:23:04.622Z
33,2b367df3-19b7-4725-b0d7-e67e7328bd61,comfortable,el,word,1,άνετο,2026-05-25T08:23:05.584Z
33,2b367df3-19b7-4725-b0d7-e67e7328bd61,"movements,",el,word,1,"κινήσεις,",2026-05-25T08:23:07.214Z
33,2b367df3-19b7-4725-b0d7-e67e7328bd61,followed,el,word,2,ακολουθούσε,2026-05-25T08:23:11.148Z
33,2b367df3-19b7-4725-b0d7-e67e7328bd61,words,el,word,2,λέξεις,2026-05-25T08:23:14.648Z
33,2b367df3-19b7-4725-b0d7-e67e7328bd61,pace.,el,word,1,ρυθμό.,2026-05-25T08:23:08.885Z
33,2b367df3-19b7-4725-b0d7-e67e7328bd61,researcher,el,word,1,ερευνητής,2026-05-25T08:23:09.126Z
33,2b367df3-19b7-4725-b0d7-e67e7328bd61,checked,el,word,1,ελέγχθηκε,2026-05-25T08:23:10.009Z
33,2b367df3-19b7-4725-b0d7-e67e7328bd61,makes,el,word,1,κάνει,2026-05-25T08:23:14.995Z
33,2b367df3-19b7-4725-b0d7-e67e7328bd61,distance,el,word,5,απόσταση,2026-05-25T08:23:25.005Z
33,2b367df3-19b7-4725-b0d7-e67e7328bd61,left,el,word,1,αριστερά,2026-05-25T08:23:15.653Z
33,2b367df3-19b7-4725-b0d7-e67e7328bd61,becomes,el,word,1,γίνεται,2026-05-25T08:23:17.995Z
33,2b367df3-19b7-4725-b0d7-e67e7328bd61,accurately,el,word,1,με ακρίβεια,2026-05-25T08:23:23.877Z
33,2b367df3-19b7-4725-b0d7-e67e7328bd61,neighboring,el,word,1,γειτονικά,2026-05-25T08:23:25.864Z
33,6d723996-6fd4-4571-8e8d-c69a26c2f1b2,detects,el,word,1,ανιχνεύει,2026-05-25T08:23:40.799Z
33,6d723996-6fd4-4571-8e8d-c69a26c2f1b2,fixations,el,word,1,σταθεροποιήσεις,2026-05-25T08:23:41.420Z
33,6d723996-6fd4-4571-8e8d-c69a26c2f1b2,accurately,el,word,1,με ακρίβεια,2026-05-25T08:23:41.671Z
33,6113d7c4-ead3-4e80-8a02-1fe6d88b4db9,accurately,el,word,1,με ακρίβεια,2026-05-25T08:24:18.904Z
33,6113d7c4-ead3-4e80-8a02-1fe6d88b4db9,gaze,el,word,2,βλέμμα,2026-05-25T08:24:36.250Z
33,6113d7c4-ead3-4e80-8a02-1fe6d88b4db9,experiment,el,word,2,πείραμα,2026-05-25T08:25:04.970Z
33,6113d7c4-ead3-4e80-8a02-1fe6d88b4db9,begins.,el,word,3,ξεκινά.,2026-05-25T08:24:54.001Z
33,6113d7c4-ead3-4e80-8a02-1fe6d88b4db9,researcher,el,word,1,ερευνητής,2026-05-25T08:24:23.097Z
33,6113d7c4-ead3-4e80-8a02-1fe6d88b4db9,larger,el,word,1,μεγαλύτερη,2026-05-25T08:24:27.648Z
33,6113d7c4-ead3-4e80-8a02-1fe6d88b4db9,.,el,word,1,.,2026-05-25T08:24:27.999Z
33,6113d7c4-ead3-4e80-8a02-1fe6d88b4db9,font.,el,word,1,γραμματοσειρά.,2026-05-25T08:24:28.473Z
33,6113d7c4-ead3-4e80-8a02-1fe6d88b4db9,detects,el,word,3,ανιχνεύει,2026-05-25T08:24:35.130Z
33,6113d7c4-ead3-4e80-8a02-1fe6d88b4db9,normal,el,word,1,κανονική,2026-05-25T08:24:32.665Z
33,6113d7c4-ead3-4e80-8a02-1fe6d88b4db9,"section,",el,word,1,"ενότητα,",2026-05-25T08:24:34.854Z
33,6113d7c4-ead3-4e80-8a02-1fe6d88b4db9,next,el,word,1,επόμενο,2026-05-25T08:24:35.074Z
33,6113d7c4-ead3-4e80-8a02-1fe6d88b4db9,beside,el,word,2,δίπλα,2026-05-25T08:24:54.999Z
33,6113d7c4-ead3-4e80-8a02-1fe6d88b4db9,continue,el,word,2,συνέχεια,2026-05-25T08:24:50.374Z
33,6113d7c4-ead3-4e80-8a02-1fe6d88b4db9,simple:,el,word,1,απλό:,2026-05-25T08:24:49.904Z
33,6113d7c4-ead3-4e80-8a02-1fe6d88b4db9,points,el,word,1,σημεία,2026-05-25T08:24:50.900Z
33,6113d7c4-ead3-4e80-8a02-1fe6d88b4db9,"words,",el,word,1,"λέξεις,",2026-05-25T08:24:52.912Z
33,6113d7c4-ead3-4e80-8a02-1fe6d88b4db9,smaller.,el,word,1,μικρότερο.,2026-05-25T08:25:02.943Z
33,6113d7c4-ead3-4e80-8a02-1fe6d88b4db9,f-,el,word,1,στ-,2026-05-25T08:25:06.707Z
33,6113d7c4-ead3-4e80-8a02-1fe6d88b4db9,Times,el,word,1,Times,2026-05-25T08:25:07.388Z
33,6113d7c4-ead3-4e80-8a02-1fe6d88b4db9,still,el,word,2,ακόμα,2026-05-25T08:25:15.864Z
33,6113d7c4-ead3-4e80-8a02-1fe6d88b4db9,"naturally,",el,word,1,"φυσικά,",2026-05-25T08:25:32.250Z
33,6113d7c4-ead3-4e80-8a02-1fe6d88b4db9,followed,el,word,1,ακολουθούσε,2026-05-25T08:25:34.665Z
33,6113d7c4-ead3-4e80-8a02-1fe6d88b4db9,words,el,word,1,λέξεις,2026-05-25T08:25:37.888Z
33,5c082414-5369-4b35-a292-4affe608335a,British,el,word,1,Βρετανική,2026-05-25T08:28:59.747Z
33,b7613186-3756-445b-aba2-c3839f33c4bf,Sustainability,el,word,3,Βιωσιμότητα,2026-05-25T08:37:56.237Z
33,b7613186-3756-445b-aba2-c3839f33c4bf,seriously.,el,word,4,Σοβαρά.,2026-05-25T08:38:01.138Z
33,b7613186-3756-445b-aba2-c3839f33c4bf,definitely,el,word,1,σίγουρα,2026-05-25T08:37:56.321Z
33,b7613186-3756-445b-aba2-c3839f33c4bf,communities,el,word,2,κοινότητες,2026-05-25T08:37:56.793Z
33,b7613186-3756-445b-aba2-c3839f33c4bf,adhere,el,word,1,να τηρεί,2026-05-25T08:37:59.074Z
33,b7613186-3756-445b-aba2-c3839f33c4bf,designated,el,word,1,καθορίζεται,2026-05-25T08:38:36.104Z
34,28bbfafc-15c6-41cc-85ed-2fe14e01cb09,"section,",el,word,4,"ενότητα,",2026-05-25T08:50:18.953Z
34,28bbfafc-15c6-41cc-85ed-2fe14e01cb09,accurately,el,word,4,με ακρίβεια,2026-05-25T08:50:23.626Z
34,28bbfafc-15c6-41cc-85ed-2fe14e01cb09,letters,el,word,1,γράμματα,2026-05-25T08:49:53.009Z
34,28bbfafc-15c6-41cc-85ed-2fe14e01cb09,fixations,el,word,4,σταθεροποιήσεις,2026-05-25T08:50:45.119Z
34,28bbfafc-15c6-41cc-85ed-2fe14e01cb09,detects,el,word,2,ανιχνεύει,2026-05-25T08:50:01.003Z
34,28bbfafc-15c6-41cc-85ed-2fe14e01cb09,neighboring,el,word,1,γειτονικά,2026-05-25T08:49:55.675Z
34,28bbfafc-15c6-41cc-85ed-2fe14e01cb09,beside,el,word,2,δίπλα,2026-05-25T08:50:27.084Z
34,28bbfafc-15c6-41cc-85ed-2fe14e01cb09,researcher,el,word,2,ερευνητής,2026-05-25T08:50:29.426Z
34,28bbfafc-15c6-41cc-85ed-2fe14e01cb09,final,el,word,2,τελική,2026-05-25T08:49:59.503Z
34,28bbfafc-15c6-41cc-85ed-2fe14e01cb09,relevant,el,word,3,σχετικές,2026-05-25T08:50:00.935Z
34,28bbfafc-15c6-41cc-85ed-2fe14e01cb09,reduced.,el,word,1,μειωθεί.,2026-05-25T08:50:02.045Z
34,28bbfafc-15c6-41cc-85ed-2fe14e01cb09,still,el,word,1,ακόμα,2026-05-25T08:50:02.269Z
34,28bbfafc-15c6-41cc-85ed-2fe14e01cb09,system,el,word,4,σύστημα,2026-05-25T08:50:05.228Z
34,28bbfafc-15c6-41cc-85ed-2fe14e01cb09,adjust,el,word,3,προσαρμόζω,2026-05-25T08:50:03.882Z
34,28bbfafc-15c6-41cc-85ed-2fe14e01cb09,next,el,word,1,επόμενο,2026-05-25T08:50:20.115Z
34,28bbfafc-15c6-41cc-85ed-2fe14e01cb09,whether,el,word,2,αν,2026-05-25T08:50:40.333Z
34,28bbfafc-15c6-41cc-85ed-2fe14e01cb09,distance,el,word,1,απόσταση,2026-05-25T08:50:24.060Z
34,28bbfafc-15c6-41cc-85ed-2fe14e01cb09,appears,el,word,2,φαίνεται,2026-05-25T08:50:30.706Z
34,28bbfafc-15c6-41cc-85ed-2fe14e01cb09,slightly,el,word,1,ελαφρώς,2026-05-25T08:50:26.297Z
34,28bbfafc-15c6-41cc-85ed-2fe14e01cb09,settings,el,word,2,ρυθμίσεις,2026-05-25T08:50:30.776Z
34,28bbfafc-15c6-41cc-85ed-2fe14e01cb09,larger,el,word,1,μεγαλύτερη,2026-05-25T08:50:32.654Z
34,28bbfafc-15c6-41cc-85ed-2fe14e01cb09,continuous,el,word,2,συνεχής,2026-05-25T08:50:36.110Z
34,28bbfafc-15c6-41cc-85ed-2fe14e01cb09,consistently,el,word,1,με συνέπεια,2026-05-25T08:50:34.364Z
34,28bbfafc-15c6-41cc-85ed-2fe14e01cb09,systematic,el,word,1,συστηματική,2026-05-25T08:50:34.410Z
34,28bbfafc-15c6-41cc-85ed-2fe14e01cb09,graph,el,word,2,graph,2026-05-25T08:50:35.120Z
34,28bbfafc-15c6-41cc-85ed-2fe14e01cb09,.,el,word,1,.,2026-05-25T08:50:37.907Z
34,28bbfafc-15c6-41cc-85ed-2fe14e01cb09,shapes,el,word,1,σχήματα,2026-05-25T08:50:38.526Z
34,28bbfafc-15c6-41cc-85ed-2fe14e01cb09,reveal,el,word,1,αποκαλύπτουν,2026-05-25T08:50:39.809Z
34,28bbfafc-15c6-41cc-85ed-2fe14e01cb09,tracking,el,word,1,απόσταση μεταξύ γραμμάτων,2026-05-25T08:50:41.007Z
34,28bbfafc-15c6-41cc-85ed-2fe14e01cb09,validation,el,word,1,επικύρωση,2026-05-25T08:50:42.224Z
34,28bbfafc-15c6-41cc-85ed-2fe14e01cb09,stable,el,word,1,σταθερές,2026-05-25T08:50:42.944Z
34,28bbfafc-15c6-41cc-85ed-2fe14e01cb09,current,el,word,1,ρεύμα,2026-05-25T08:50:43.579Z
34,28bbfafc-15c6-41cc-85ed-2fe14e01cb09,"line,",el,word,1,"γραμμή,",2026-05-25T08:50:46.707Z
34,28bbfafc-15c6-41cc-85ed-2fe14e01cb09,adjusted,el,word,1,ρύθμισε,2026-05-25T08:50:57.459Z
34,6058b09a-34a7-4acd-beff-0c3c8e2185cd,consequences,el,word,1,συνέπειες,2026-05-25T08:52:52.193Z
34,6058b09a-34a7-4acd-beff-0c3c8e2185cd,Colorado,el,word,1,Κολοράντο,2026-05-25T08:53:09.459Z
34,6058b09a-34a7-4acd-beff-0c3c8e2185cd,soundscape,el,word,4,ηχοτοπίο,2026-05-25T08:53:09.868Z
34,6058b09a-34a7-4acd-beff-0c3c8e2185cd,quantify,el,word,1,ποσοτικοποίηση,2026-05-25T08:53:12.395Z
34,6058b09a-34a7-4acd-beff-0c3c8e2185cd,park-land,el,word,1,πάρκα,2026-05-25T08:53:12.563Z
34,6058b09a-34a7-4acd-beff-0c3c8e2185cd,ReadWorks’,el,word,1,ReadWorks’,2026-05-25T08:53:50.145Z
34,6058b09a-34a7-4acd-beff-0c3c8e2185cd,cognitive,el,word,1,γνωστικές,2026-05-25T08:54:58.120Z
34,6058b09a-34a7-4acd-beff-0c3c8e2185cd,background,el,word,3,φόντο,2026-05-25T08:55:01.578Z
34,cc71a174-8c7e-452e-b8ab-81c5bb50fe02,self-executing.,el,word,1,αυτοεκτελέσιμο.,2026-05-25T09:00:45.842Z
34,cc71a174-8c7e-452e-b8ab-81c5bb50fe02,taken,el,word,1,χρειάστηκαν,2026-05-25T09:00:53.406Z
34,cc71a174-8c7e-452e-b8ab-81c5bb50fe02,Independence,el,word,4,Ανεξαρτησία,2026-05-25T09:01:53.522Z
34,cc71a174-8c7e-452e-b8ab-81c5bb50fe02,hereunto,el,word,7,στο παρόν,2026-05-25T09:01:51.297Z
34,cc71a174-8c7e-452e-b8ab-81c5bb50fe02,"service,",el,word,2,"λειτουργία,",2026-05-25T09:01:45.487Z
34,cc71a174-8c7e-452e-b8ab-81c5bb50fe02,Anniversary,el,word,2,Επέτειος,2026-05-25T09:01:45.449Z
34,cc71a174-8c7e-452e-b8ab-81c5bb50fe02,Constitution,el,word,2,Σύνταγμα,2026-05-25T09:01:45.433Z
35,809491b1-34bf-4007-ba9a-abdc95ad8f83,text.,el,word,3,κείμενο.,2026-05-25T09:16:33.200Z
35,809491b1-34bf-4007-ba9a-abdc95ad8f83,"movements,",el,word,4,"κινήσεις,",2026-05-25T09:16:33.664Z
35,809491b1-34bf-4007-ba9a-abdc95ad8f83,checked,el,word,5,ελέγχθηκε,2026-05-25T09:16:27.248Z
35,809491b1-34bf-4007-ba9a-abdc95ad8f83,final,el,word,3,τελική,2026-05-25T09:18:04.494Z
35,809491b1-34bf-4007-ba9a-abdc95ad8f83,system,el,word,8,σύστημα,2026-05-25T09:17:29.486Z
35,809491b1-34bf-4007-ba9a-abdc95ad8f83,front,el,word,1,μπροστά,2026-05-25T09:15:32.412Z
35,809491b1-34bf-4007-ba9a-abdc95ad8f83,detects,el,word,4,ανιχνεύει,2026-05-25T09:17:33.456Z
35,809491b1-34bf-4007-ba9a-abdc95ad8f83,gaze,el,word,4,βλέμμα,2026-05-25T09:17:08.928Z
35,809491b1-34bf-4007-ba9a-abdc95ad8f83,still,el,word,4,ακόμα,2026-05-25T09:17:33.216Z
35,809491b1-34bf-4007-ba9a-abdc95ad8f83,fixations,el,word,6,σταθεροποιήσεις,2026-05-25T09:17:03.074Z
35,809491b1-34bf-4007-ba9a-abdc95ad8f83,accurately,el,word,4,με ακρίβεια,2026-05-25T09:17:47.465Z
35,809491b1-34bf-4007-ba9a-abdc95ad8f83,neighboring,el,word,2,γειτονικά,2026-05-25T09:17:06.412Z
35,809491b1-34bf-4007-ba9a-abdc95ad8f83,reduced.,el,word,6,μειωθεί.,2026-05-25T09:17:35.580Z
35,809491b1-34bf-4007-ba9a-abdc95ad8f83,researcher,el,word,2,ερευνητής,2026-05-25T09:17:38.102Z
35,809491b1-34bf-4007-ba9a-abdc95ad8f83,begins.,el,word,12,ξεκινά.,2026-05-25T09:18:02.156Z
35,809491b1-34bf-4007-ba9a-abdc95ad8f83,.,el,word,2,.,2026-05-25T09:16:50.510Z
35,809491b1-34bf-4007-ba9a-abdc95ad8f83,paragraph,el,word,1,παράγραφος,2026-05-25T09:16:03.320Z
35,809491b1-34bf-4007-ba9a-abdc95ad8f83,experiment,el,word,3,πείραμα,2026-05-25T09:16:40.760Z
35,809491b1-34bf-4007-ba9a-abdc95ad8f83,adjust,el,word,2,προσαρμόζω,2026-05-25T09:16:51.390Z
35,809491b1-34bf-4007-ba9a-abdc95ad8f83,whether,el,word,2,αν,2026-05-25T09:16:20.972Z
35,809491b1-34bf-4007-ba9a-abdc95ad8f83,good,el,word,1,καλή,2026-05-25T09:16:19.491Z
35,809491b1-34bf-4007-ba9a-abdc95ad8f83,slightly,el,word,5,ελαφρώς,2026-05-25T09:18:04.285Z
35,809491b1-34bf-4007-ba9a-abdc95ad8f83,features,el,word,2,χαρακτηριστικά,2026-05-25T09:16:29.675Z
35,809491b1-34bf-4007-ba9a-abdc95ad8f83,help,el,word,2,βοήθεια,2026-05-25T09:16:40.442Z
35,809491b1-34bf-4007-ba9a-abdc95ad8f83,university,el,word,1,πανεπιστήμιο,2026-05-25T09:16:36.093Z
35,809491b1-34bf-4007-ba9a-abdc95ad8f83,beside,el,word,6,δίπλα,2026-05-25T09:17:58.274Z
35,809491b1-34bf-4007-ba9a-abdc95ad8f83,larger,el,word,6,μεγαλύτερη,2026-05-25T09:18:03.765Z
35,809491b1-34bf-4007-ba9a-abdc95ad8f83,"words,",el,word,2,"λέξεις,",2026-05-25T09:16:46.225Z
35,809491b1-34bf-4007-ba9a-abdc95ad8f83,tracking,el,word,1,απόσταση μεταξύ γραμμάτων,2026-05-25T09:16:49.090Z
35,809491b1-34bf-4007-ba9a-abdc95ad8f83,graph,el,word,2,graph,2026-05-25T09:16:51.298Z
35,809491b1-34bf-4007-ba9a-abdc95ad8f83,Paragraph,el,word,4,Παράγραφος,2026-05-25T09:18:26.490Z
35,809491b1-34bf-4007-ba9a-abdc95ad8f83,next,el,word,3,επόμενο,2026-05-25T09:17:49.983Z
35,809491b1-34bf-4007-ba9a-abdc95ad8f83,"section,",el,word,3,"ενότητα,",2026-05-25T09:17:53.096Z
35,809491b1-34bf-4007-ba9a-abdc95ad8f83,smaller.,el,word,2,μικρότερο.,2026-05-25T09:17:31.317Z
35,809491b1-34bf-4007-ba9a-abdc95ad8f83,distance,el,word,3,απόσταση,2026-05-25T09:17:13.933Z
35,809491b1-34bf-4007-ba9a-abdc95ad8f83,appears,el,word,1,φαίνεται,2026-05-25T09:17:08.602Z
35,809491b1-34bf-4007-ba9a-abdc95ad8f83,comfortable,el,word,1,άνετο,2026-05-25T09:17:28.725Z
35,809491b1-34bf-4007-ba9a-abdc95ad8f83,relevant,el,word,1,σχετικές,2026-05-25T09:17:39.021Z
35,809491b1-34bf-4007-ba9a-abdc95ad8f83,real,el,word,1,πραγματικό,2026-05-25T09:17:39.961Z
35,809491b1-34bf-4007-ba9a-abdc95ad8f83,Helvetica,el,word,1,Helvetica,2026-05-25T09:17:49.786Z
35,809491b1-34bf-4007-ba9a-abdc95ad8f83,reading,el,word,1,ανάγνωση,2026-05-25T09:17:51.697Z
35,809491b1-34bf-4007-ba9a-abdc95ad8f83,makes,el,word,1,κάνει,2026-05-25T09:18:32.636Z
35,809491b1-34bf-4007-ba9a-abdc95ad8f83,easier,el,word,1,ευκολότερο,2026-05-25T09:18:36.111Z
35,809491b1-34bf-4007-ba9a-abdc95ad8f83,Worldwide,el,word,2,Παγκόσμια,2026-05-25T09:19:14.137Z
35,809491b1-34bf-4007-ba9a-abdc95ad8f83,survive.,el,word,2,επιβιώσει.,2026-05-25T09:21:20.976Z
35,809491b1-34bf-4007-ba9a-abdc95ad8f83,particular,el,word,1,συγκεκριμένα,2026-05-25T09:21:20.835Z
35,aa9c8699-2f04-46ee-9ca8-973cadee65c7,ReadWorks,el,word,1,ReadWorks,2026-05-25T09:24:48.544Z
35,aa9c8699-2f04-46ee-9ca8-973cadee65c7,conquered.,el,word,1,υποτάξιμοι.,2026-05-25T09:25:59.466Z
35,aa9c8699-2f04-46ee-9ca8-973cadee65c7,skirmishes,el,word,1,συμπλοκές,2026-05-25T09:26:32.889Z
24,7576453f-97d9-4642-8052-b6f23472821d,pollution,el,word,2,ρύπανση,2026-05-25T09:37:09.461Z
24,7576453f-97d9-4642-8052-b6f23472821d,Nature,el,word,1,Φύση,2026-05-25T09:35:22.672Z
24,7576453f-97d9-4642-8052-b6f23472821d,Drown,el,word,1,Πνίγουν,2026-05-25T09:35:28.602Z
24,7576453f-97d9-4642-8052-b6f23472821d,Sounds,el,word,1,Ήχοι,2026-05-25T09:35:30.809Z
24,7576453f-97d9-4642-8052-b6f23472821d,Humans,el,word,1,Άνθρωποι,2026-05-25T09:35:38.855Z
24,7576453f-97d9-4642-8052-b6f23472821d,Areas,el,word,3,Περιοχές,2026-05-25T09:36:02.999Z
24,7576453f-97d9-4642-8052-b6f23472821d,commercial,el,word,3,εμπορική,2026-05-25T09:37:06.165Z
24,7576453f-97d9-4642-8052-b6f23472821d,Protected,el,word,2,Προστατευόμενες,2026-05-25T09:36:05.237Z
24,7576453f-97d9-4642-8052-b6f23472821d,natural,el,word,1,φυσική,2026-05-25T09:36:18.761Z
24,7576453f-97d9-4642-8052-b6f23472821d,"""pervasive""",el,word,2,«διαδεδομένοι»,2026-05-25T09:36:44.641Z
24,7576453f-97d9-4642-8052-b6f23472821d,traffic,el,word,3,κυκλοφορία,2026-05-25T09:37:13.881Z
24,7576453f-97d9-4642-8052-b6f23472821d,development,el,word,3,ανάπτυξη,2026-05-25T09:36:59.726Z
24,7576453f-97d9-4642-8052-b6f23472821d,analysis,el,word,1,ανάλυση,2026-05-25T09:36:32.906Z
24,7576453f-97d9-4642-8052-b6f23472821d,respite,el,word,1,ανάπαυλα,2026-05-25T09:36:42.252Z
24,7576453f-97d9-4642-8052-b6f23472821d,work,el,word,2,εργασία,2026-05-25T09:36:55.262Z
24,7576453f-97d9-4642-8052-b6f23472821d,din,el,word,1,θόρυβος,2026-05-25T09:36:55.547Z
24,7576453f-97d9-4642-8052-b6f23472821d,drowning,el,word,2,καταστρέφοντας,2026-05-25T09:37:08.893Z
24,7576453f-97d9-4642-8052-b6f23472821d,noise,el,word,1,θόρυβος,2026-05-25T09:37:11.186Z
24,7576453f-97d9-4642-8052-b6f23472821d,people,el,word,1,ανθρώπων,2026-05-25T09:37:23.564Z
24,7576453f-97d9-4642-8052-b6f23472821d,consequences,el,word,1,συνέπειες,2026-05-25T09:37:33.079Z
24,7576453f-97d9-4642-8052-b6f23472821d,adverse,el,word,1,αρνητικές,2026-05-25T09:37:37.741Z
24,7576453f-97d9-4642-8052-b6f23472821d,"areas,",el,word,3,"περιοχές,",2026-05-25T09:37:46.949Z
24,7576453f-97d9-4642-8052-b6f23472821d,hush,el,word,2,ησυχία,2026-05-25T09:37:41.487Z
24,7576453f-97d9-4642-8052-b6f23472821d,two-thirds,el,word,1,τα δύο τρίτα,2026-05-25T09:37:45.162Z
24,7576453f-97d9-4642-8052-b6f23472821d,effects,el,word,1,επιπτώσεις,2026-05-25T09:37:58.856Z
24,7576453f-97d9-4642-8052-b6f23472821d,quantify,el,word,1,ποσοτικοποίηση,2026-05-25T09:38:05.688Z
24,7576453f-97d9-4642-8052-b6f23472821d,human,el,word,1,ανθρώπινη,2026-05-25T09:38:06.295Z
24,7576453f-97d9-4642-8052-b6f23472821d,conservation,el,word,2,διατήρηση,2026-05-25T09:40:01.723Z
24,7576453f-97d9-4642-8052-b6f23472821d,biologist,el,word,1,βιολόγος,2026-05-25T09:38:12.012Z
24,7576453f-97d9-4642-8052-b6f23472821d,soundscape,el,word,1,ηχοτοπίο,2026-05-25T09:38:14.909Z
24,7576453f-97d9-4642-8052-b6f23472821d,summer,el,word,1,καλοκαίρι,2026-05-25T09:38:37.229Z
24,7576453f-97d9-4642-8052-b6f23472821d,acoustic,el,word,1,ακουστική,2026-05-25T09:38:37.885Z
24,7576453f-97d9-4642-8052-b6f23472821d,decibels,el,word,1,ντεσιμπέλ,2026-05-25T09:38:51.633Z
24,7576453f-97d9-4642-8052-b6f23472821d,babbling,el,word,2,κυλά,2026-05-25T09:39:11.403Z
24,7576453f-97d9-4642-8052-b6f23472821d,brook.,el,word,1,ρυάκι.,2026-05-25T09:39:08.880Z
24,7576453f-97d9-4642-8052-b6f23472821d,quietest,el,word,1,πιο ήσυχα,2026-05-25T09:39:14.599Z
24,7576453f-97d9-4642-8052-b6f23472821d,background,el,word,1,φόντο,2026-05-25T09:39:21.761Z
24,7576453f-97d9-4642-8052-b6f23472821d,overflights,el,word,1,πτήσεις,2026-05-25T09:39:54.502Z
24,7576453f-97d9-4642-8052-b6f23472821d,reached,el,word,1,έφτασαν,2026-05-25T09:39:57.029Z
24,7576453f-97d9-4642-8052-b6f23472821d,mating,el,word,1,ζευγάρωμα,2026-05-25T09:40:01.038Z
24,7576453f-97d9-4642-8052-b6f23472821d,Noise,el,word,1,Θόρυβος,2026-05-25T09:40:04.004Z
24,7576453f-97d9-4642-8052-b6f23472821d,hindering,el,word,1,εμποδίζοντας,2026-05-25T09:40:04.193Z
24,7576453f-97d9-4642-8052-b6f23472821d,deafen,el,word,1,να τα κάνει κουφά,2026-05-25T09:40:05.609Z
24,7576453f-97d9-4642-8052-b6f23472821d,louder,el,word,1,πιο δυνατά,2026-05-25T09:40:20.282Z
24,7576453f-97d9-4642-8052-b6f23472821d,benefits,el,word,1,οφέλη,2026-05-25T09:40:26.861Z
24,7576453f-97d9-4642-8052-b6f23472821d,"Braasch,",el,word,2,"Braasch,",2026-05-25T09:40:39.820Z
24,7576453f-97d9-4642-8052-b6f23472821d,reported,el,word,1,ανέφεραν,2026-05-25T09:40:39.891Z
24,7576453f-97d9-4642-8052-b6f23472821d,office,el,word,1,γραφείο,2026-05-25T09:40:39.897Z
24,7576453f-97d9-4642-8052-b6f23472821d,study,el,word,3,μελέτη,2026-05-25T09:40:40.115Z
24,7576453f-97d9-4642-8052-b6f23472821d,performed,el,word,1,απόδοση,2026-05-25T09:40:43.911Z
24,7576453f-97d9-4642-8052-b6f23472821d,"better,",el,word,1,"καλύτερα,",2026-05-25T09:40:44.155Z
24,7576453f-97d9-4642-8052-b6f23472821d,workers,el,word,1,εργαζόμενοι,2026-05-25T09:40:45.886Z
24,7576453f-97d9-4642-8052-b6f23472821d,"surroundings,",el,word,1,"περιβάλλον,",2026-05-25T09:40:48.870Z
24,7576453f-97d9-4642-8052-b6f23472821d,compared,el,word,1,σε σύγκριση,2026-05-25T09:40:50.629Z
24,7576453f-97d9-4642-8052-b6f23472821d,cognitive,el,word,1,γνωστικές,2026-05-25T09:41:04.191Z
24,7576453f-97d9-4642-8052-b6f23472821d,Pennsylvania,el,word,2,Πενσυλβάνια,2026-05-25T09:41:13.674Z
24,7576453f-97d9-4642-8052-b6f23472821d,surgery.,el,word,1,χειρουργική επέμβαση.,2026-05-25T09:41:12.726Z
24,4e0b9023-94c1-4f57-b7a6-2370b8e8cb51,Birthday,el,word,1,Γενέθλια,2026-05-25T09:44:28.456Z
24,4e0b9023-94c1-4f57-b7a6-2370b8e8cb51,December,el,word,6,Δεκέμβριος,2026-05-25T09:44:58.351Z
24,4e0b9023-94c1-4f57-b7a6-2370b8e8cb51,"Montgomery,",el,word,8,"Μοντγκόμερι,",2026-05-25T09:44:58.397Z
24,4e0b9023-94c1-4f57-b7a6-2370b8e8cb51,African-American,el,word,1,Αφροαμερικανίδα,2026-05-25T09:44:42.215Z
24,4e0b9023-94c1-4f57-b7a6-2370b8e8cb51,seamstress,el,word,1,ραπτική,2026-05-25T09:44:42.426Z
24,4e0b9023-94c1-4f57-b7a6-2370b8e8cb51,defiance,el,word,4,ανυπακοή,2026-05-25T09:44:59.818Z
24,4e0b9023-94c1-4f57-b7a6-2370b8e8cb51,home,el,word,1,σπίτι,2026-05-25T09:44:54.897Z
24,4e0b9023-94c1-4f57-b7a6-2370b8e8cb51,Though,el,word,3,Αν και,2026-05-25T09:45:06.907Z
24,4e0b9023-94c1-4f57-b7a6-2370b8e8cb51,spurred,el,word,1,ώθησε,2026-05-25T09:45:01.976Z
24,4e0b9023-94c1-4f57-b7a6-2370b8e8cb51,disobedience,el,word,2,ανυπακοή,2026-05-25T09:45:29.301Z
24,4e0b9023-94c1-4f57-b7a6-2370b8e8cb51,segregation,el,word,1,φυλετικός διαχωρισμός,2026-05-25T09:45:15.876Z
24,4e0b9023-94c1-4f57-b7a6-2370b8e8cb51,peaceful,el,word,1,ειρηνικοί,2026-05-25T09:45:16.489Z
24,4e0b9023-94c1-4f57-b7a6-2370b8e8cb51,"women,",el,word,2,"γυναίκες,",2026-05-25T09:45:29.213Z
24,4e0b9023-94c1-4f57-b7a6-2370b8e8cb51,Parks,el,word,1,Παρκς,2026-05-25T09:45:29.324Z
24,4e0b9023-94c1-4f57-b7a6-2370b8e8cb51,movement,el,word,1,κίνημα,2026-05-25T09:45:29.427Z
24,4e0b9023-94c1-4f57-b7a6-2370b8e8cb51,Rather,el,word,3,Μάλλον,2026-05-25T09:46:36.592Z
24,4e0b9023-94c1-4f57-b7a6-2370b8e8cb51,public,el,word,1,δημόσια,2026-05-25T09:45:29.961Z
24,4e0b9023-94c1-4f57-b7a6-2370b8e8cb51,carpools.,el,word,2,ομάδες μεταφοράς με αυτοκίνητο.,2026-05-25T09:46:43.252Z
24,4e0b9023-94c1-4f57-b7a6-2370b8e8cb51,refused,el,word,2,αρνήθηκε,2026-05-25T09:46:29.479Z
24,4e0b9023-94c1-4f57-b7a6-2370b8e8cb51,"work,",el,word,1,"δουλειά,",2026-05-25T09:46:29.546Z
24,4e0b9023-94c1-4f57-b7a6-2370b8e8cb51,children,el,word,4,παιδιά,2026-05-25T09:46:57.783Z
24,4e0b9023-94c1-4f57-b7a6-2370b8e8cb51,first,el,word,1,πρώτη,2026-05-25T09:46:30.906Z
24,4e0b9023-94c1-4f57-b7a6-2370b8e8cb51,Montgomery,el,word,1,Μοντγκόμερι,2026-05-25T09:46:31.873Z
24,4e0b9023-94c1-4f57-b7a6-2370b8e8cb51,extraordinary,el,word,1,εξαιρετικό,2026-05-25T09:46:34.160Z
24,4e0b9023-94c1-4f57-b7a6-2370b8e8cb51,ride,el,word,1,ταξιδέψτε,2026-05-25T09:46:46.681Z
24,4e0b9023-94c1-4f57-b7a6-2370b8e8cb51,transportation,el,word,1,μεταφορές,2026-05-25T09:47:00.111Z
24,4e0b9023-94c1-4f57-b7a6-2370b8e8cb51,violence,el,word,3,βία,2026-05-25T09:47:03.593Z
24,4e0b9023-94c1-4f57-b7a6-2370b8e8cb51,conscience,el,word,3,συνείδηση,2026-05-25T09:47:03.992Z
24,4e0b9023-94c1-4f57-b7a6-2370b8e8cb51,stirred,el,word,2,συγκίνησαν,2026-05-25T09:47:08.763Z
24,4e0b9023-94c1-4f57-b7a6-2370b8e8cb51,fierce,el,word,3,άγρια,2026-05-25T09:47:08.724Z
24,4e0b9023-94c1-4f57-b7a6-2370b8e8cb51,across,el,word,2,σε όλη,2026-05-25T09:47:08.622Z
24,4e0b9023-94c1-4f57-b7a6-2370b8e8cb51,"buses,",el,word,1,"λεωφορεία,",2026-05-25T09:47:09.675Z
24,4e0b9023-94c1-4f57-b7a6-2370b8e8cb51,desegregation,el,word,1,κατάργηση των φυλετικών διακρίσεων,2026-05-25T09:47:15.433Z
24,4e0b9023-94c1-4f57-b7a6-2370b8e8cb51,marginalized,el,word,1,περιθωριοποιημένους,2026-05-25T09:47:25.508Z
24,4e0b9023-94c1-4f57-b7a6-2370b8e8cb51,inspired.,el,word,1,ενέπνευσε.,2026-05-25T09:47:26.711Z
24,4e0b9023-94c1-4f57-b7a6-2370b8e8cb51,genuine,el,word,1,αληθινός,2026-05-25T09:47:33.245Z
24,4e0b9023-94c1-4f57-b7a6-2370b8e8cb51,courage,el,word,3,θάρρος,2026-05-25T09:47:48.765Z
24,4e0b9023-94c1-4f57-b7a6-2370b8e8cb51,acts,el,word,1,πράξεις,2026-05-25T09:47:44.590Z
24,4e0b9023-94c1-4f57-b7a6-2370b8e8cb51,heirs,el,word,2,κληρονόμοι,2026-05-25T09:47:47.532Z
24,4e0b9023-94c1-4f57-b7a6-2370b8e8cb51,Americans,el,word,1,Αμερικανοί,2026-05-25T09:47:51.480Z
24,4e0b9023-94c1-4f57-b7a6-2370b8e8cb51,pledge,el,word,5,υπόσχεση,2026-05-25T09:47:58.332Z
24,4e0b9023-94c1-4f57-b7a6-2370b8e8cb51,vested,el,word,2,που μου έχουν ανατεθεί,2026-05-25T09:47:53.900Z
24,4e0b9023-94c1-4f57-b7a6-2370b8e8cb51,make,el,word,2,κάνουν,2026-05-25T09:47:57.390Z
24,4e0b9023-94c1-4f57-b7a6-2370b8e8cb51,self-executing.,el,word,3,αυτοεκτελέσιμο.,2026-05-25T09:47:57.398Z
24,4e0b9023-94c1-4f57-b7a6-2370b8e8cb51,virtue,el,word,1,δυνάμει,2026-05-25T09:48:05.923Z
24,4e0b9023-94c1-4f57-b7a6-2370b8e8cb51,Constitution,el,word,1,Σύνταγμα,2026-05-25T09:48:12.325Z
24,4e0b9023-94c1-4f57-b7a6-2370b8e8cb51,hereby,el,word,1,με την παρούσα,2026-05-25T09:48:18.720Z
24,4e0b9023-94c1-4f57-b7a6-2370b8e8cb51,appropriate,el,word,1,κατάλληλη,2026-05-25T09:48:20.762Z
24,4e0b9023-94c1-4f57-b7a6-2370b8e8cb51,enduring,el,word,4,διαχρονική,2026-05-25T09:48:27.419Z
24,4e0b9023-94c1-4f57-b7a6-2370b8e8cb51,observe,el,word,1,τηρεί,2026-05-25T09:48:25.960Z
24,4e0b9023-94c1-4f57-b7a6-2370b8e8cb51,two,el,word,2,δύο,2026-05-25T09:48:26.252Z
24,4e0b9023-94c1-4f57-b7a6-2370b8e8cb51,hereunto,el,word,1,στο παρόν,2026-05-25T09:48:30.390Z
24,4e0b9023-94c1-4f57-b7a6-2370b8e8cb51,Independence,el,word,1,Ανεξαρτησία,2026-05-25T09:48:39.108Z
24,4e0b9023-94c1-4f57-b7a6-2370b8e8cb51,February,el,word,1,Φεβρουάριο,2026-05-25T09:48:55.609Z
30,87965079-fac5-4635-85ed-b869f50bbebe,seamstress,el,word,1,ραπτική,2026-05-25T09:54:59.086Z
30,87965079-fac5-4635-85ed-b869f50bbebe,December,el,word,1,Δεκέμβριος,2026-05-25T09:55:10.211Z
30,87965079-fac5-4635-85ed-b869f50bbebe,spurred,el,word,1,ώθησε,2026-05-25T09:55:15.148Z
30,87965079-fac5-4635-85ed-b869f50bbebe,Montgomery,el,word,3,Μοντγκόμερι,2026-05-25T09:55:39.337Z
30,87965079-fac5-4635-85ed-b869f50bbebe,advanced,el,word,2,προώθησε,2026-05-25T09:55:39.462Z
30,87965079-fac5-4635-85ed-b869f50bbebe,Neighborhoods,el,word,1,Γειτονιές,2026-05-25T09:55:56.135Z
30,87965079-fac5-4635-85ed-b869f50bbebe,conscience,el,word,1,συνείδηση,2026-05-25T09:56:06.944Z
30,87965079-fac5-4635-85ed-b869f50bbebe,"self-evident,",el,word,1,"αυτονόητη,",2026-05-25T09:56:47.029Z
30,87965079-fac5-4635-85ed-b869f50bbebe,generations,el,word,1,γενιές,2026-05-25T09:56:55.839Z
30,87965079-fac5-4635-85ed-b869f50bbebe,self-executing.,el,word,1,αυτοεκτελέσιμο.,2026-05-25T09:56:59.527Z
30,87965079-fac5-4635-85ed-b869f50bbebe,perfecting,el,word,1,τελειοποίηση,2026-05-25T09:57:14.008Z
30,87965079-fac5-4635-85ed-b869f50bbebe,education,el,word,1,εκπαίδευση,2026-05-25T09:57:32.734Z
30,87965079-fac5-4635-85ed-b869f50bbebe,Independence,el,word,1,Ανεξαρτησία,2026-05-25T09:57:44.588Z
30,87965079-fac5-4635-85ed-b869f50bbebe,thirty-seventh.,el,word,1,τριακοστή έβδομη.,2026-05-25T09:57:55.127Z
30,e3b58f69-a4e8-4092-84d7-d481637b40c8,"""pervasive""",el,word,1,«διαδεδομένοι»,2026-05-25T10:00:48.257Z
30,e3b58f69-a4e8-4092-84d7-d481637b40c8,"recreation,",el,word,1,"αναψυχή,",2026-05-25T10:00:52.171Z
30,e3b58f69-a4e8-4092-84d7-d481637b40c8,move,el,word,1,κίνηση,2026-05-25T10:00:56.026Z
30,e3b58f69-a4e8-4092-84d7-d481637b40c8,appreciation,el,word,1,αντίληψη,2026-05-25T10:01:44.403Z
30,e3b58f69-a4e8-4092-84d7-d481637b40c8,average,el,word,1,μέσος όρος,2026-05-25T10:01:58.493Z
30,e3b58f69-a4e8-4092-84d7-d481637b40c8,analyzed,el,word,1,ανέλυσαν,2026-05-25T10:02:01.989Z
30,e3b58f69-a4e8-4092-84d7-d481637b40c8,biggest,el,word,1,μεγαλύτερες,2026-05-25T10:02:39.570Z
30,e3b58f69-a4e8-4092-84d7-d481637b40c8,sources,el,word,1,πηγές,2026-05-25T10:02:39.986Z
30,e3b58f69-a4e8-4092-84d7-d481637b40c8,overflights,el,word,1,πτήσεις,2026-05-25T10:02:53.714Z
30,e3b58f69-a4e8-4092-84d7-d481637b40c8,National,el,word,1,Εθνικό,2026-05-25T10:02:55.533Z
30,e3b58f69-a4e8-4092-84d7-d481637b40c8,Psychologists,el,word,1,Ψυχολόγοι,2026-05-25T10:03:31.571Z
30,e3b58f69-a4e8-4092-84d7-d481637b40c8,abilities,el,word,1,ικανότητες,2026-05-25T10:03:38.690Z
30,e3b58f69-a4e8-4092-84d7-d481637b40c8,healing.,el,word,2,την επούλωση.,2026-05-25T10:03:41.402Z
30,e3b58f69-a4e8-4092-84d7-d481637b40c8,benefits,el,word,1,οφέλη,2026-05-25T10:03:41.167Z
30,e3b58f69-a4e8-4092-84d7-d481637b40c8,"Braasch,",el,word,1,"Braasch,",2026-05-25T10:03:48.629Z
30,e3b58f69-a4e8-4092-84d7-d481637b40c8,reported,el,word,3,ανέφεραν,2026-05-25T10:03:48.774Z
30,e3b58f69-a4e8-4092-84d7-d481637b40c8,mountain,el,word,1,βουνό,2026-05-25T10:03:51.248Z
30,e3b58f69-a4e8-4092-84d7-d481637b40c8,stream,el,word,1,ρυάκι,2026-05-25T10:03:51.650Z
30,e3b58f69-a4e8-4092-84d7-d481637b40c8,"surroundings,",el,word,1,"περιβάλλον,",2026-05-25T10:03:53.465Z
30,e3b58f69-a4e8-4092-84d7-d481637b40c8,"errors,""",el,word,1,"λάθη»,",2026-05-25T10:04:14.433Z
30,e3b58f69-a4e8-4092-84d7-d481637b40c8,nature,el,word,1,φύση,2026-05-25T10:04:21.153Z
30,e3b58f69-a4e8-4092-84d7-d481637b40c8,Pennsylvania,el,word,1,Πενσυλβάνια,2026-05-25T10:04:32.910Z
36,b7f83066-2c96-4c23-b9d9-27aae3332736,goal,el,word,6,στόχος,2026-05-25T10:36:12.392Z
36,b7f83066-2c96-4c23-b9d9-27aae3332736,quiet,el,word,1,ήσυχο,2026-05-25T10:34:19.449Z
36,b7f83066-2c96-4c23-b9d9-27aae3332736,front,el,word,6,μπροστά,2026-05-25T10:34:54.008Z
36,b7f83066-2c96-4c23-b9d9-27aae3332736,"movements,",el,word,11,"κινήσεις,",2026-05-25T10:36:12.405Z
36,b7f83066-2c96-4c23-b9d9-27aae3332736,gaze,el,word,3,βλέμμα,2026-05-25T10:38:42.790Z
36,b7f83066-2c96-4c23-b9d9-27aae3332736,points,el,word,3,σημεία,2026-05-25T10:38:43.018Z
36,b7f83066-2c96-4c23-b9d9-27aae3332736,followed,el,word,1,ακολουθούσε,2026-05-25T10:34:28.509Z
36,b7f83066-2c96-4c23-b9d9-27aae3332736,words,el,word,4,λέξεις,2026-05-25T10:38:13.725Z
36,b7f83066-2c96-4c23-b9d9-27aae3332736,text.,el,word,1,κείμενο.,2026-05-25T10:34:41.863Z
36,b7f83066-2c96-4c23-b9d9-27aae3332736,checked,el,word,5,ελέγχθηκε,2026-05-25T10:38:51.745Z
36,b7f83066-2c96-4c23-b9d9-27aae3332736,"screen,",el,word,2,"οθόνη,",2026-05-25T10:34:58.783Z
36,b7f83066-2c96-4c23-b9d9-27aae3332736,first,el,word,2,πρώτη,2026-05-25T10:35:34.773Z
36,b7f83066-2c96-4c23-b9d9-27aae3332736,researcher,el,word,6,ερευνητής,2026-05-25T10:38:59.133Z
36,b7f83066-2c96-4c23-b9d9-27aae3332736,text,el,word,2,κείμενο,2026-05-25T10:39:08.757Z
36,b7f83066-2c96-4c23-b9d9-27aae3332736,becomes,el,word,4,γίνεται,2026-05-25T10:38:22.499Z
36,b7f83066-2c96-4c23-b9d9-27aae3332736,whether,el,word,8,αν,2026-05-25T10:38:33.562Z
36,b7f83066-2c96-4c23-b9d9-27aae3332736,"section,",el,word,3,"ενότητα,",2026-05-25T10:39:04.724Z
36,b7f83066-2c96-4c23-b9d9-27aae3332736,see,el,word,2,βλέπε,2026-05-25T10:35:33.712Z
36,b7f83066-2c96-4c23-b9d9-27aae3332736,easier,el,word,1,ευκολότερο,2026-05-25T10:35:33.194Z
36,b7f83066-2c96-4c23-b9d9-27aae3332736,head,el,word,3,κεφάλι,2026-05-25T10:35:39.212Z
36,b7f83066-2c96-4c23-b9d9-27aae3332736,continue,el,word,1,συνέχεια,2026-05-25T10:35:46.133Z
36,b7f83066-2c96-4c23-b9d9-27aae3332736,fixations,el,word,3,σταθεροποιήσεις,2026-05-25T10:39:10.814Z
36,b7f83066-2c96-4c23-b9d9-27aae3332736,neighboring,el,word,4,γειτονικά,2026-05-25T10:38:28.186Z
36,b7f83066-2c96-4c23-b9d9-27aae3332736,letters,el,word,6,γράμματα,2026-05-25T10:38:31.372Z
36,b7f83066-2c96-4c23-b9d9-27aae3332736,normal,el,word,2,κανονική,2026-05-25T10:37:46.472Z
36,b7f83066-2c96-4c23-b9d9-27aae3332736,detects,el,word,2,ανιχνεύει,2026-05-25T10:36:45.860Z
36,b7f83066-2c96-4c23-b9d9-27aae3332736,larges,el,word,2,μεγάλα,2026-05-25T10:36:13.979Z
36,b7f83066-2c96-4c23-b9d9-27aae3332736,serif,el,word,1,serif,2026-05-25T10:36:13.757Z
36,b7f83066-2c96-4c23-b9d9-27aae3332736,slightly,el,word,2,ελαφρώς,2026-05-25T10:36:52.083Z
36,b7f83066-2c96-4c23-b9d9-27aae3332736,appears,el,word,5,φαίνεται,2026-05-25T10:38:22.966Z
36,b7f83066-2c96-4c23-b9d9-27aae3332736,settings,el,word,3,ρυθμίσεις,2026-05-25T10:36:19.467Z
36,b7f83066-2c96-4c23-b9d9-27aae3332736,paragraph,el,word,3,παράγραφος,2026-05-25T10:38:39.849Z
36,b7f83066-2c96-4c23-b9d9-27aae3332736,.,el,word,3,.,2026-05-25T10:38:14.013Z
36,b7f83066-2c96-4c23-b9d9-27aae3332736,visual,el,word,2,οπτικά,2026-05-25T10:38:38.083Z
36,b7f83066-2c96-4c23-b9d9-27aae3332736,validation,el,word,1,επικύρωση,2026-05-25T10:36:39.949Z
36,b7f83066-2c96-4c23-b9d9-27aae3332736,real,el,word,2,πραγματικό,2026-05-25T10:36:52.419Z
36,b7f83066-2c96-4c23-b9d9-27aae3332736,experiment,el,word,5,πείραμα,2026-05-25T10:38:56.999Z
36,b7f83066-2c96-4c23-b9d9-27aae3332736,distance,el,word,2,απόσταση,2026-05-25T10:39:08.512Z
36,b7f83066-2c96-4c23-b9d9-27aae3332736,"words,",el,word,1,"λέξεις,",2026-05-25T10:38:02.290Z
36,b7f83066-2c96-4c23-b9d9-27aae3332736,avoid,el,word,1,αποφύγετε,2026-05-25T10:38:13.534Z
36,b7f83066-2c96-4c23-b9d9-27aae3332736,pace.,el,word,1,ρυθμό.,2026-05-25T10:38:13.562Z
36,b7f83066-2c96-4c23-b9d9-27aae3332736,accurately,el,word,5,με ακρίβεια,2026-05-25T10:39:08.692Z
36,b7f83066-2c96-4c23-b9d9-27aae3332736,relevant,el,word,2,σχετικές,2026-05-25T10:39:18.210Z
36,b7f83066-2c96-4c23-b9d9-27aae3332736,begins.,el,word,3,ξεκινά.,2026-05-25T10:39:08.397Z
36,b7f83066-2c96-4c23-b9d9-27aae3332736,still,el,word,1,ακόμα,2026-05-25T10:39:04.328Z
36,b7f83066-2c96-4c23-b9d9-27aae3332736,reduced.,el,word,2,μειωθεί.,2026-05-25T10:39:17.598Z
36,b7f83066-2c96-4c23-b9d9-27aae3332736,beside,el,word,4,δίπλα,2026-05-25T10:39:08.446Z
36,b7f83066-2c96-4c23-b9d9-27aae3332736,larger,el,word,4,μεγαλύτερη,2026-05-25T10:39:08.343Z
36,b7f83066-2c96-4c23-b9d9-27aae3332736,Paragraph,el,word,1,Παράγραφος,2026-05-25T10:39:09.684Z
36,b7f83066-2c96-4c23-b9d9-27aae3332736,f-,el,word,2,στ-,2026-05-25T10:39:11.592Z
36,b7f83066-2c96-4c23-b9d9-27aae3332736,shapes,el,word,1,σχήματα,2026-05-25T10:39:12.165Z
36,b7f83066-2c96-4c23-b9d9-27aae3332736,behaves,el,word,1,συμπεριφέρεται,2026-05-25T10:39:14.610Z
36,b7f83066-2c96-4c23-b9d9-27aae3332736,adjust,el,word,1,προσαρμόζω,2026-05-25T10:39:18.665Z
36,b9feb6d8-a85f-44b0-a6f9-b49a30597b24,Heritage,el,word,1,Κληρονομιά,2026-05-25T10:39:56.926Z
36,b9feb6d8-a85f-44b0-a6f9-b49a30597b24,Army,el,word,1,Στρατός,2026-05-25T10:39:57.163Z
36,b9feb6d8-a85f-44b0-a6f9-b49a30597b24,Education,el,word,1,Εκπαίδευση,2026-05-25T10:41:17.483Z
36,b9feb6d8-a85f-44b0-a6f9-b49a30597b24,professional,el,word,2,επαγγελματίας,2026-05-25T10:41:21.500Z
36,b9feb6d8-a85f-44b0-a6f9-b49a30597b24,"Duck""",el,word,1,"Duck""",2026-05-25T10:41:25.113Z
36,b9feb6d8-a85f-44b0-a6f9-b49a30597b24,support,el,word,1,υποστήριξη,2026-05-25T10:41:37.793Z
36,b9feb6d8-a85f-44b0-a6f9-b49a30597b24,Allied,el,word,2,Συμμαχικές,2026-05-25T10:41:37.917Z
36,b9feb6d8-a85f-44b0-a6f9-b49a30597b24,"planes,",el,word,1,"αεροπλάνα,",2026-05-25T10:41:38.067Z
36,b9feb6d8-a85f-44b0-a6f9-b49a30597b24,ensuring,el,word,2,εξασφαλίζοντας,2026-05-25T10:43:54.447Z
36,b9feb6d8-a85f-44b0-a6f9-b49a30597b24,Contributing,el,word,1,Συνεισφέροντας,2026-05-25T10:41:47.303Z
36,b9feb6d8-a85f-44b0-a6f9-b49a30597b24,Axis,el,word,1,Άξονας,2026-05-25T10:41:48.114Z
36,b9feb6d8-a85f-44b0-a6f9-b49a30597b24,overwhelming,el,word,2,συντριπτική,2026-05-25T10:43:58.258Z
36,b9feb6d8-a85f-44b0-a6f9-b49a30597b24,Home,el,word,1,Αρχική,2026-05-25T10:41:53.059Z
36,b9feb6d8-a85f-44b0-a6f9-b49a30597b24,Front.,el,word,1,Μέτωπο.,2026-05-25T10:41:53.880Z
36,b9feb6d8-a85f-44b0-a6f9-b49a30597b24,Pacific,el,word,2,Ειρηνικό,2026-05-25T10:43:28.074Z
36,b9feb6d8-a85f-44b0-a6f9-b49a30597b24,historical,el,word,1,ιστορικό,2026-05-25T10:43:27.534Z
36,b9feb6d8-a85f-44b0-a6f9-b49a30597b24,paints,el,word,3,ζωγραφίζει,2026-05-25T10:43:29.309Z
36,b9feb6d8-a85f-44b0-a6f9-b49a30597b24,commemorate,el,word,1,επισημάνει,2026-05-25T10:43:35.000Z
36,b9feb6d8-a85f-44b0-a6f9-b49a30597b24,naval,el,word,1,ναυτική,2026-05-25T10:43:39.257Z
36,b9feb6d8-a85f-44b0-a6f9-b49a30597b24,unwavering,el,word,1,ακλόνητη,2026-05-25T10:43:51.687Z
36,b9feb6d8-a85f-44b0-a6f9-b49a30597b24,morale-boosting,el,word,1,που ενίσχυαν το ηθικό,2026-05-25T10:44:00.481Z
36,b9feb6d8-a85f-44b0-a6f9-b49a30597b24,maintaining,el,word,3,διατήρηση,2026-05-25T10:44:05.055Z
36,b9feb6d8-a85f-44b0-a6f9-b49a30597b24,insignia,el,word,3,διακριτικά,2026-05-25T10:48:40.419Z
36,b9feb6d8-a85f-44b0-a6f9-b49a30597b24,income,el,word,1,εισόδημα,2026-05-25T10:44:22.533Z
36,b9feb6d8-a85f-44b0-a6f9-b49a30597b24,"produced,",el,word,1,"παρήγαγαν,",2026-05-25T10:44:29.212Z
36,b9feb6d8-a85f-44b0-a6f9-b49a30597b24,consider,el,word,2,εξετάζω,2026-05-25T10:44:45.100Z
36,b9feb6d8-a85f-44b0-a6f9-b49a30597b24,Disney,el,word,2,Disney,2026-05-25T10:52:34.131Z
36,b9feb6d8-a85f-44b0-a6f9-b49a30597b24,representing,el,word,1,που αντιστοιχούν σε,2026-05-25T10:45:01.691Z
36,b9feb6d8-a85f-44b0-a6f9-b49a30597b24,"therefore,",el,word,1,"επομένως,",2026-05-25T10:45:50.701Z
36,b9feb6d8-a85f-44b0-a6f9-b49a30597b24,appreciate,el,word,1,εκτιμώ,2026-05-25T10:45:52.253Z
36,b9feb6d8-a85f-44b0-a6f9-b49a30597b24,emblems.,el,word,1,εμβλήματα.,2026-05-25T10:45:54.163Z
36,b9feb6d8-a85f-44b0-a6f9-b49a30597b24,"""mosquito",el,word,1,«mosquito,2026-05-25T10:46:04.989Z
36,b9feb6d8-a85f-44b0-a6f9-b49a30597b24,Navy,el,word,1,Ναυτικό,2026-05-25T10:46:06.911Z
36,b9feb6d8-a85f-44b0-a6f9-b49a30597b24,boats,el,word,2,σκάφη,2026-05-25T10:46:18.634Z
36,b9feb6d8-a85f-44b0-a6f9-b49a30597b24,"torpedo,",el,word,3,"τορπίλη,",2026-05-25T10:48:49.248Z
36,b9feb6d8-a85f-44b0-a6f9-b49a30597b24,known,el,word,1,γνωστά,2026-05-25T10:46:17.307Z
36,b9feb6d8-a85f-44b0-a6f9-b49a30597b24,provided,el,word,1,παρείχε,2026-05-25T10:46:21.195Z
36,b9feb6d8-a85f-44b0-a6f9-b49a30597b24,vehicles,el,word,1,οχήματα,2026-05-25T10:46:59.405Z
36,b9feb6d8-a85f-44b0-a6f9-b49a30597b24,serving,el,word,1,υπηρετώντας,2026-05-25T10:47:03.550Z
36,b9feb6d8-a85f-44b0-a6f9-b49a30597b24,factor,el,word,1,παράγοντας,2026-05-25T10:47:06.452Z
36,b9feb6d8-a85f-44b0-a6f9-b49a30597b24,"surprising,",el,word,1,"εκπληκτικό,",2026-05-25T10:48:35.599Z
36,b9feb6d8-a85f-44b0-a6f9-b49a30597b24,charging,el,word,1,χρέωση,2026-05-25T10:48:40.546Z
36,2c2c3aad-9857-4fee-8f3a-bdfd2063f1aa,North,el,word,2,Βόρεια,2026-05-25T10:53:36.515Z
36,2c2c3aad-9857-4fee-8f3a-bdfd2063f1aa,settlement,el,word,1,αποίκιση,2026-05-25T10:53:40.025Z
36,2c2c3aad-9857-4fee-8f3a-bdfd2063f1aa,"settlement,",el,word,1,"αποίκιση,",2026-05-25T10:53:56.956Z
36,2c2c3aad-9857-4fee-8f3a-bdfd2063f1aa,conflicts,el,word,1,συγκρούσεις,2026-05-25T10:54:03.401Z
36,2c2c3aad-9857-4fee-8f3a-bdfd2063f1aa,European,el,word,2,Ευρωπαίοι,2026-05-25T10:54:09.295Z
36,2c2c3aad-9857-4fee-8f3a-bdfd2063f1aa,"forests,",el,word,1,"δάση,",2026-05-25T10:54:14.914Z
36,2c2c3aad-9857-4fee-8f3a-bdfd2063f1aa,lush,el,word,1,πλούσια,2026-05-25T10:54:15.226Z
36,2c2c3aad-9857-4fee-8f3a-bdfd2063f1aa,freshwater,el,word,1,γλυκού νερού,2026-05-25T10:54:16.568Z
36,2c2c3aad-9857-4fee-8f3a-bdfd2063f1aa,uncharted,el,word,1,αχαρτογράφητα,2026-05-25T10:54:21.924Z
36,2c2c3aad-9857-4fee-8f3a-bdfd2063f1aa,diseases,el,word,1,ασθένειες,2026-05-25T10:54:32.182Z
36,2c2c3aad-9857-4fee-8f3a-bdfd2063f1aa,arriving,el,word,1,φτάνοντας,2026-05-25T10:54:36.022Z
36,2c2c3aad-9857-4fee-8f3a-bdfd2063f1aa,built,el,word,3,χτίστηκαν,2026-05-25T10:57:27.542Z
36,2c2c3aad-9857-4fee-8f3a-bdfd2063f1aa,deaths,el,word,1,θάνατοι,2026-05-25T10:54:39.986Z
36,2c2c3aad-9857-4fee-8f3a-bdfd2063f1aa,brought,el,word,2,έφεραν,2026-05-25T10:54:40.096Z
36,2c2c3aad-9857-4fee-8f3a-bdfd2063f1aa,smallpox.,el,word,1,εφιάλτης.,2026-05-25T10:54:55.654Z
36,2c2c3aad-9857-4fee-8f3a-bdfd2063f1aa,epidemics,el,word,1,επιδημίες,2026-05-25T10:55:15.503Z
36,2c2c3aad-9857-4fee-8f3a-bdfd2063f1aa,exchanged,el,word,1,αντάλλασσαν,2026-05-25T10:55:30.665Z
36,2c2c3aad-9857-4fee-8f3a-bdfd2063f1aa,Jamestown,el,word,1,Τζέιμσταουν,2026-05-25T10:55:46.173Z
36,2c2c3aad-9857-4fee-8f3a-bdfd2063f1aa,conquered.,el,word,1,υποτάξιμοι.,2026-05-25T10:55:51.529Z
36,2c2c3aad-9857-4fee-8f3a-bdfd2063f1aa,thousands,el,word,2,χιλιάδες,2026-05-25T10:56:21.969Z
36,2c2c3aad-9857-4fee-8f3a-bdfd2063f1aa,Anglo-Powhatan,el,word,1,Αγγλο-Ποουχάταν,2026-05-25T10:56:04.721Z
36,2c2c3aad-9857-4fee-8f3a-bdfd2063f1aa,aggressions,el,word,1,επιθέσεις,2026-05-25T10:56:20.386Z
36,2c2c3aad-9857-4fee-8f3a-bdfd2063f1aa,tenuous,el,word,2,εύθραυστες,2026-05-25T10:57:22.962Z
36,2c2c3aad-9857-4fee-8f3a-bdfd2063f1aa,destroy,el,word,1,καταστρέφουν,2026-05-25T10:56:50.883Z
36,2c2c3aad-9857-4fee-8f3a-bdfd2063f1aa,relationships,el,word,1,σχέσεις,2026-05-25T10:56:55.112Z
36,2c2c3aad-9857-4fee-8f3a-bdfd2063f1aa,somewhere,el,word,1,κάπου,2026-05-25T10:57:05.328Z
36,2c2c3aad-9857-4fee-8f3a-bdfd2063f1aa,resources,el,word,1,πόρους,2026-05-25T10:57:25.452Z
36,2c2c3aad-9857-4fee-8f3a-bdfd2063f1aa,"buildings,",el,word,1,"κτίρια,",2026-05-25T10:57:26.404Z
36,2c2c3aad-9857-4fee-8f3a-bdfd2063f1aa,American,el,word,1,Αμερικανική,2026-05-25T11:01:23.282Z
37,c1423ce4-1960-4064-a87a-82820ec927a1,Full-width,el,word,2,Πλήρες πλάτος,2026-05-25T11:11:24.774Z
37,c1423ce4-1960-4064-a87a-82820ec927a1,quiet,el,word,2,ήσυχο,2026-05-25T11:11:27.859Z
37,c1423ce4-1960-4064-a87a-82820ec927a1,morning,el,word,2,πρωί,2026-05-25T11:11:28.590Z
37,c1423ce4-1960-4064-a87a-82820ec927a1,began,el,word,1,ξεκίνησε,2026-05-25T11:11:23.647Z
37,c1423ce4-1960-4064-a87a-82820ec927a1,university,el,word,1,πανεπιστήμιο,2026-05-25T11:11:24.290Z
37,c1423ce4-1960-4064-a87a-82820ec927a1,Paragraphs,el,word,1,Παράγραφοι,2026-05-25T11:11:25.209Z
37,c1423ce4-1960-4064-a87a-82820ec927a1,front,el,word,3,μπροστά,2026-05-25T11:12:30.427Z
37,c1423ce4-1960-4064-a87a-82820ec927a1,adjusted,el,word,1,ρύθμισε,2026-05-25T11:11:31.839Z
37,c1423ce4-1960-4064-a87a-82820ec927a1,sudden,el,word,3,ξαφνικές,2026-05-25T11:14:01.900Z
37,c1423ce4-1960-4064-a87a-82820ec927a1,researcher,el,word,4,ερευνητής,2026-05-25T11:13:05.874Z
37,c1423ce4-1960-4064-a87a-82820ec927a1,system,el,word,8,σύστημα,2026-05-25T11:13:01.379Z
37,c1423ce4-1960-4064-a87a-82820ec927a1,fixations,el,word,5,σταθεροποιήσεις,2026-05-25T11:13:02.010Z
37,c1423ce4-1960-4064-a87a-82820ec927a1,normal,el,word,1,κανονικό,2026-05-25T11:11:36.059Z
37,c1423ce4-1960-4064-a87a-82820ec927a1,gaze,el,word,3,βλέμμα,2026-05-25T11:12:19.411Z
37,c1423ce4-1960-4064-a87a-82820ec927a1,detects,el,word,4,ανιχνεύει,2026-05-25T11:13:01.671Z
37,c1423ce4-1960-4064-a87a-82820ec927a1,"section,",el,word,2,"ενότητα,",2026-05-25T11:11:56.113Z
37,c1423ce4-1960-4064-a87a-82820ec927a1,becomes,el,word,4,γίνεται,2026-05-25T11:12:59.719Z
37,c1423ce4-1960-4064-a87a-82820ec927a1,neighboring,el,word,2,γειτονικά,2026-05-25T11:12:08.940Z
37,c1423ce4-1960-4064-a87a-82820ec927a1,appears,el,word,2,φαίνεται,2026-05-25T11:11:58.893Z
37,c1423ce4-1960-4064-a87a-82820ec927a1,relevant,el,word,1,σχετικές,2026-05-25T11:11:53.336Z
37,c1423ce4-1960-4064-a87a-82820ec927a1,settings,el,word,3,ρυθμίσεις,2026-05-25T11:13:07.229Z
37,c1423ce4-1960-4064-a87a-82820ec927a1,real,el,word,1,πραγματικό,2026-05-25T11:11:54.070Z
37,c1423ce4-1960-4064-a87a-82820ec927a1,experiment,el,word,2,πείραμα,2026-05-25T11:13:08.087Z
37,c1423ce4-1960-4064-a87a-82820ec927a1,begins.,el,word,2,ξεκινά.,2026-05-25T11:13:08.448Z
37,c1423ce4-1960-4064-a87a-82820ec927a1,graph,el,word,1,graph,2026-05-25T11:12:01.515Z
37,c1423ce4-1960-4064-a87a-82820ec927a1,continuous,el,word,4,συνεχής,2026-05-25T11:13:13.247Z
37,c1423ce4-1960-4064-a87a-82820ec927a1,larges,el,word,2,μεγάλα,2026-05-25T11:13:12.886Z
37,c1423ce4-1960-4064-a87a-82820ec927a1,distance,el,word,3,απόσταση,2026-05-25T11:13:58.767Z
37,c1423ce4-1960-4064-a87a-82820ec927a1,checked,el,word,3,ελέγχθηκε,2026-05-25T11:12:23.693Z
37,c1423ce4-1960-4064-a87a-82820ec927a1,points,el,word,5,σημεία,2026-05-25T11:12:29.029Z
37,c1423ce4-1960-4064-a87a-82820ec927a1,"screen,",el,word,2,"οθόνη,",2026-05-25T11:12:24.330Z
37,c1423ce4-1960-4064-a87a-82820ec927a1,text.,el,word,1,κείμενο.,2026-05-25T11:12:25.302Z
37,c1423ce4-1960-4064-a87a-82820ec927a1,adjust,el,word,3,προσαρμόζω,2026-05-25T11:12:57.603Z
37,c1423ce4-1960-4064-a87a-82820ec927a1,tracking,el,word,1,απόσταση μεταξύ γραμμάτων,2026-05-25T11:12:26.043Z
37,c1423ce4-1960-4064-a87a-82820ec927a1,next,el,word,1,επόμενο,2026-05-25T11:12:26.081Z
37,c1423ce4-1960-4064-a87a-82820ec927a1,paragraph,el,word,2,παράγραφος,2026-05-25T11:13:13.488Z
37,c1423ce4-1960-4064-a87a-82820ec927a1,systematic,el,word,1,συστηματική,2026-05-25T11:12:27.079Z
37,c1423ce4-1960-4064-a87a-82820ec927a1,consistently,el,word,1,με συνέπεια,2026-05-25T11:12:27.338Z
37,c1423ce4-1960-4064-a87a-82820ec927a1,slightly,el,word,1,ελαφρώς,2026-05-25T11:12:27.419Z
37,c1423ce4-1960-4064-a87a-82820ec927a1,text,el,word,1,κείμενο,2026-05-25T11:12:27.443Z
37,c1423ce4-1960-4064-a87a-82820ec927a1,read,el,word,1,να διαβάζεις,2026-05-25T11:12:29.316Z
37,c1423ce4-1960-4064-a87a-82820ec927a1,comfortable,el,word,3,άνετο,2026-05-25T11:13:33.703Z
37,c1423ce4-1960-4064-a87a-82820ec927a1,followed,el,word,1,ακολουθούσε,2026-05-25T11:12:36.899Z
37,c1423ce4-1960-4064-a87a-82820ec927a1,reduced.,el,word,1,μειωθεί.,2026-05-25T11:12:57.632Z
37,c1423ce4-1960-4064-a87a-82820ec927a1,whether,el,word,1,αν,2026-05-25T11:13:00.669Z
37,c1423ce4-1960-4064-a87a-82820ec927a1,Paragraph,el,word,1,Παράγραφος,2026-05-25T11:13:10.752Z
37,c1423ce4-1960-4064-a87a-82820ec927a1,final,el,word,1,τελική,2026-05-25T11:13:12.246Z
37,c1423ce4-1960-4064-a87a-82820ec927a1,beside,el,word,1,δίπλα,2026-05-25T11:13:15.370Z
37,c1423ce4-1960-4064-a87a-82820ec927a1,accurately,el,word,1,με ακρίβεια,2026-05-25T11:13:54.753Z
37,c1423ce4-1960-4064-a87a-82820ec927a1,laboratory.,el,word,2,εργαστήριο.,2026-05-25T11:14:01.261Z
37,c1423ce4-1960-4064-a87a-82820ec927a1,"""pervasive""",el,word,1,«διαδεδομένοι»,2026-05-25T11:15:07.516Z
37,c1423ce4-1960-4064-a87a-82820ec927a1,conservation,el,word,2,διατήρηση,2026-05-25T11:17:24.896Z
37,c1423ce4-1960-4064-a87a-82820ec927a1,"federal,",el,word,2,"ομοσπονδιακά,",2026-05-25T11:15:21.385Z
37,c1423ce4-1960-4064-a87a-82820ec927a1,Colorado,el,word,1,Κολοράντο,2026-05-25T11:15:21.206Z
37,c1423ce4-1960-4064-a87a-82820ec927a1,racket,el,word,1,θόρυβος,2026-05-25T11:15:27.878Z
37,c1423ce4-1960-4064-a87a-82820ec927a1,din,el,word,1,θόρυβος,2026-05-25T11:15:46.729Z
37,c1423ce4-1960-4064-a87a-82820ec927a1,computerized,el,word,3,υπολογιστικό,2026-05-25T11:16:18.344Z
37,c1423ce4-1960-4064-a87a-82820ec927a1,quantify,el,word,1,ποσοτικοποίηση,2026-05-25T11:16:08.114Z
37,c1423ce4-1960-4064-a87a-82820ec927a1,contribution,el,word,1,συμβολή,2026-05-25T11:16:12.745Z
37,c1423ce4-1960-4064-a87a-82820ec927a1,helicopters,el,word,1,ελικόπτερα,2026-05-25T11:16:51.920Z
37,c1423ce4-1960-4064-a87a-82820ec927a1,"decibels,",el,word,3,"ντεσιμπέλ,",2026-05-25T11:16:52.302Z
37,c1423ce4-1960-4064-a87a-82820ec927a1,babbling,el,word,1,κυλά,2026-05-25T11:16:52.795Z
37,c1423ce4-1960-4064-a87a-82820ec927a1,deafen,el,word,1,να τα κάνει κουφά,2026-05-25T11:17:21.326Z
37,c1423ce4-1960-4064-a87a-82820ec927a1,pollution,el,word,1,ρύπανση,2026-05-25T11:17:26.955Z
37,c1423ce4-1960-4064-a87a-82820ec927a1,hindering,el,word,2,εμποδίζοντας,2026-05-25T11:17:30.744Z
37,c1423ce4-1960-4064-a87a-82820ec927a1,Christopher,el,word,2,Christopher,2026-05-25T11:17:29.455Z
37,c1423ce4-1960-4064-a87a-82820ec927a1,rustling,el,word,1,συριγμός,2026-05-25T11:17:50.369Z
37,c1423ce4-1960-4064-a87a-82820ec927a1,musicologist,el,word,1,μουσικολόγος,2026-05-25T11:18:00.233Z
37,c1423ce4-1960-4064-a87a-82820ec927a1,Pennsylvania,el,word,1,Πενσυλβάνια,2026-05-25T11:18:30.815Z
37,a7197804-4958-4fcf-8e68-72a0b5185b18,seamstress,el,word,1,ραπτική,2026-05-25T11:22:00.115Z
37,a7197804-4958-4fcf-8e68-72a0b5185b18,segregation,el,word,1,φυλετικός διαχωρισμός,2026-05-25T11:22:18.681Z
37,a7197804-4958-4fcf-8e68-72a0b5185b18,carpools.,el,word,3,ομάδες μεταφοράς με αυτοκίνητο.,2026-05-25T11:22:48.936Z
37,a7197804-4958-4fcf-8e68-72a0b5185b18,resilience,el,word,3,ανθεκτικότητα,2026-05-25T11:22:51.850Z
37,a7197804-4958-4fcf-8e68-72a0b5185b18,hereunto,el,word,1,στο παρόν,2026-05-25T11:24:12.598Z
38,ac64e4fe-f6c8-4679-82bd-af365da4529c,"naturally,",el,word,1,"φυσικά,",2026-05-25T11:46:13.110Z
38,ac64e4fe-f6c8-4679-82bd-af365da4529c,comfortable,el,word,1,άνετο,2026-05-25T11:46:18.574Z
38,ac64e4fe-f6c8-4679-82bd-af365da4529c,features,el,word,3,χαρακτηριστικά,2026-05-25T11:46:19.335Z
38,ac64e4fe-f6c8-4679-82bd-af365da4529c,Paragraph,el,word,23,Παράγραφος,2026-05-25T11:50:14.603Z
38,ac64e4fe-f6c8-4679-82bd-af365da4529c,next,el,word,8,επόμενο,2026-05-25T11:50:17.897Z
38,ac64e4fe-f6c8-4679-82bd-af365da4529c,"section,",el,word,12,"ενότητα,",2026-05-25T11:50:31.957Z
38,ac64e4fe-f6c8-4679-82bd-af365da4529c,normal,el,word,4,κανονικό,2026-05-25T11:50:33.405Z
38,ac64e4fe-f6c8-4679-82bd-af365da4529c,becomes,el,word,8,γίνεται,2026-05-25T11:50:18.300Z
38,ac64e4fe-f6c8-4679-82bd-af365da4529c,smaller.,el,word,9,μικρότερο.,2026-05-25T11:49:48.014Z
38,ac64e4fe-f6c8-4679-82bd-af365da4529c,easier,el,word,4,ευκολότερο,2026-05-25T11:49:48.731Z
38,ac64e4fe-f6c8-4679-82bd-af365da4529c,system,el,word,12,σύστημα,2026-05-25T11:50:04.584Z
38,ac64e4fe-f6c8-4679-82bd-af365da4529c,detects,el,word,11,ανιχνεύει,2026-05-25T11:49:53.961Z
38,ac64e4fe-f6c8-4679-82bd-af365da4529c,fixations,el,word,6,σταθεροποιήσεις,2026-05-25T11:50:46.930Z
38,ac64e4fe-f6c8-4679-82bd-af365da4529c,accurately,el,word,8,με ακρίβεια,2026-05-25T11:49:51.123Z
38,ac64e4fe-f6c8-4679-82bd-af365da4529c,neighboring,el,word,8,γειτονικά,2026-05-25T11:49:55.801Z
38,ac64e4fe-f6c8-4679-82bd-af365da4529c,letters,el,word,2,γράμματα,2026-05-25T11:47:41.486Z
38,ac64e4fe-f6c8-4679-82bd-af365da4529c,reduced.,el,word,7,μειωθεί.,2026-05-25T11:49:56.663Z
38,ac64e4fe-f6c8-4679-82bd-af365da4529c,appears,el,word,4,φαίνεται,2026-05-25T11:49:57.336Z
38,ac64e4fe-f6c8-4679-82bd-af365da4529c,slightly,el,word,2,ελαφρώς,2026-05-25T11:48:50.238Z
38,ac64e4fe-f6c8-4679-82bd-af365da4529c,beside,el,word,7,δίπλα,2026-05-25T11:49:59.611Z
38,ac64e4fe-f6c8-4679-82bd-af365da4529c,"words,",el,word,5,"λέξεις,",2026-05-25T11:49:02.127Z
38,ac64e4fe-f6c8-4679-82bd-af365da4529c,researcher,el,word,4,ερευνητής,2026-05-25T11:49:56.047Z
38,ac64e4fe-f6c8-4679-82bd-af365da4529c,adjust,el,word,3,προσαρμόζω,2026-05-25T11:47:24.738Z
38,ac64e4fe-f6c8-4679-82bd-af365da4529c,relevant,el,word,4,σχετικές,2026-05-25T11:48:49.679Z
38,ac64e4fe-f6c8-4679-82bd-af365da4529c,gaze,el,word,4,βλέμμα,2026-05-25T11:48:08.084Z
38,ac64e4fe-f6c8-4679-82bd-af365da4529c,settings,el,word,3,ρυθμίσεις,2026-05-25T11:49:57.130Z
38,ac64e4fe-f6c8-4679-82bd-af365da4529c,begins.,el,word,6,ξεκινά.,2026-05-25T11:49:58.552Z
38,ac64e4fe-f6c8-4679-82bd-af365da4529c,left,el,word,1,αριστερά,2026-05-25T11:46:45.391Z
38,ac64e4fe-f6c8-4679-82bd-af365da4529c,words,el,word,1,λέξεις,2026-05-25T11:46:45.903Z
38,ac64e4fe-f6c8-4679-82bd-af365da4529c,final,el,word,3,τελική,2026-05-25T11:47:37.207Z
38,ac64e4fe-f6c8-4679-82bd-af365da4529c,Times,el,word,1,Times,2026-05-25T11:46:50.556Z
38,ac64e4fe-f6c8-4679-82bd-af365da4529c,continuous,el,word,3,συνεχής,2026-05-25T11:47:36.719Z
38,ac64e4fe-f6c8-4679-82bd-af365da4529c,paragraph,el,word,1,παράγραφος,2026-05-25T11:46:51.402Z
38,ac64e4fe-f6c8-4679-82bd-af365da4529c,larger,el,word,2,μεγαλύτερη,2026-05-25T11:49:43.249Z
38,ac64e4fe-f6c8-4679-82bd-af365da4529c,.,el,word,2,.,2026-05-25T11:46:53.100Z
38,ac64e4fe-f6c8-4679-82bd-af365da4529c,font.,el,word,1,γραμματοσειρά.,2026-05-25T11:46:52.787Z
38,ac64e4fe-f6c8-4679-82bd-af365da4529c,head,el,word,1,κεφάλι,2026-05-25T11:46:54.168Z
38,ac64e4fe-f6c8-4679-82bd-af365da4529c,first,el,word,1,πρώτη,2026-05-25T11:46:58.417Z
38,ac64e4fe-f6c8-4679-82bd-af365da4529c,front,el,word,1,μπροστά,2026-05-25T11:47:00.668Z
38,ac64e4fe-f6c8-4679-82bd-af365da4529c,text,el,word,4,κείμενο,2026-05-25T11:48:25.470Z
38,ac64e4fe-f6c8-4679-82bd-af365da4529c,see,el,word,2,βλέπε,2026-05-25T11:49:49.150Z
38,ac64e4fe-f6c8-4679-82bd-af365da4529c,whether,el,word,5,αν,2026-05-25T11:50:10.376Z
38,ac64e4fe-f6c8-4679-82bd-af365da4529c,consistently,el,word,1,με συνέπεια,2026-05-25T11:47:11.040Z
38,ac64e4fe-f6c8-4679-82bd-af365da4529c,wider,el,word,1,ευρύτερο,2026-05-25T11:47:11.171Z
38,ac64e4fe-f6c8-4679-82bd-af365da4529c,goal,el,word,1,στόχος,2026-05-25T11:47:12.439Z
38,ac64e4fe-f6c8-4679-82bd-af365da4529c,Helvetica,el,word,7,Helvetica,2026-05-25T11:50:11.990Z
38,ac64e4fe-f6c8-4679-82bd-af365da4529c,distance,el,word,6,απόσταση,2026-05-25T11:49:52.075Z
38,ac64e4fe-f6c8-4679-82bd-af365da4529c,experiment,el,word,3,πείραμα,2026-05-25T11:47:57.361Z
38,ac64e4fe-f6c8-4679-82bd-af365da4529c,simple:,el,word,3,απλό:,2026-05-25T11:48:08.391Z
38,ac64e4fe-f6c8-4679-82bd-af365da4529c,continue,el,word,1,συνέχεια,2026-05-25T11:48:08.071Z
38,ac64e4fe-f6c8-4679-82bd-af365da4529c,"movements,",el,word,10,"κινήσεις,",2026-05-25T11:50:16.899Z
38,ac64e4fe-f6c8-4679-82bd-af365da4529c,checked,el,word,17,ελέγχθηκε,2026-05-25T11:50:17.160Z
38,ac64e4fe-f6c8-4679-82bd-af365da4529c,reading,el,word,1,ανάγνωση,2026-05-25T11:48:12.773Z
38,ac64e4fe-f6c8-4679-82bd-af365da4529c,makes,el,word,3,κάνει,2026-05-25T11:50:09.169Z
38,ac64e4fe-f6c8-4679-82bd-af365da4529c,still,el,word,1,ακόμα,2026-05-25T11:48:56.308Z
38,ac64e4fe-f6c8-4679-82bd-af365da4529c,reveal,el,word,3,αποκαλύπτουν,2026-05-25T11:49:43.249Z
38,ac64e4fe-f6c8-4679-82bd-af365da4529c,smooth,el,word,1,ομαλή,2026-05-25T11:49:42.577Z
38,ac64e4fe-f6c8-4679-82bd-af365da4529c,university,el,word,2,πανεπιστήμιο,2026-05-25T11:50:28.787Z
38,ac64e4fe-f6c8-4679-82bd-af365da4529c,followed,el,word,2,ακολουθούσε,2026-05-25T11:50:29.036Z
38,6e1a5fca-8752-4452-abc0-f9d56e69ab99,vehicle-ice,el,word,2,όχημα-παγωτό,2026-05-25T11:52:15.799Z
38,6e1a5fca-8752-4452-abc0-f9d56e69ab99,enjoyed,el,word,1,απολαμβάνεται,2026-05-25T11:52:09.169Z
38,6e1a5fca-8752-4452-abc0-f9d56e69ab99,maybe,el,word,1,ίσως,2026-05-25T11:52:11.390Z
38,6e1a5fca-8752-4452-abc0-f9d56e69ab99,readily,el,word,1,εύκολα,2026-05-25T11:52:22.085Z
38,6e1a5fca-8752-4452-abc0-f9d56e69ab99,goes,el,word,3,πάει,2026-05-25T11:52:34.002Z
38,6e1a5fca-8752-4452-abc0-f9d56e69ab99,grocery,el,word,1,παντοπωλείο,2026-05-25T11:52:32.172Z
38,6e1a5fca-8752-4452-abc0-f9d56e69ab99,wrapper.,el,word,1,περιτύλιγμα.,2026-05-25T11:52:32.287Z
38,6e1a5fca-8752-4452-abc0-f9d56e69ab99,"chocolate...well,",el,word,3,"σοκολάτα... λοιπόν,",2026-05-25T11:52:32.638Z
38,6e1a5fca-8752-4452-abc0-f9d56e69ab99,company,el,word,3,εταιρεία,2026-05-25T11:52:33.124Z
38,6e1a5fca-8752-4452-abc0-f9d56e69ab99,"store,",el,word,1,"κατάστημα,",2026-05-25T11:52:33.620Z
38,6e1a5fca-8752-4452-abc0-f9d56e69ab99,chocolate,el,word,1,η σοκολάτα,2026-05-25T11:52:44.810Z
38,6e1a5fca-8752-4452-abc0-f9d56e69ab99,"indulge,",el,word,1,"αφεθείτε,",2026-05-25T11:52:45.721Z
38,6e1a5fca-8752-4452-abc0-f9d56e69ab99,candy,el,word,1,καραμέλα,2026-05-25T11:52:47.596Z
38,6e1a5fca-8752-4452-abc0-f9d56e69ab99,South,el,word,2,Νότια,2026-05-25T11:53:38.735Z
38,6e1a5fca-8752-4452-abc0-f9d56e69ab99,Ghana,el,word,1,Γκάνα,2026-05-25T11:53:20.299Z
38,6e1a5fca-8752-4452-abc0-f9d56e69ab99,"America,",el,word,1,"Αμερική,",2026-05-25T11:53:39.131Z
38,6e1a5fca-8752-4452-abc0-f9d56e69ab99,eight-hour,el,word,1,οκτάωρη,2026-05-25T11:54:09.179Z
38,6e1a5fca-8752-4452-abc0-f9d56e69ab99,working,el,word,1,δουλεύουν,2026-05-25T11:54:15.291Z
38,6e1a5fca-8752-4452-abc0-f9d56e69ab99,pods,el,word,1,λοβοί,2026-05-25T11:54:23.994Z
38,6e1a5fca-8752-4452-abc0-f9d56e69ab99,little,el,word,1,λίγο,2026-05-25T11:54:24.018Z
38,6e1a5fca-8752-4452-abc0-f9d56e69ab99,"money,",el,word,1,"χρήματα,",2026-05-25T11:54:24.538Z
38,6e1a5fca-8752-4452-abc0-f9d56e69ab99,global,el,word,2,παγκόσμια,2026-05-25T11:54:24.698Z
38,6e1a5fca-8752-4452-abc0-f9d56e69ab99,marketers,el,word,1,εμπόροι,2026-05-25T11:54:54.345Z
38,6e1a5fca-8752-4452-abc0-f9d56e69ab99,instead,el,word,2,αντί,2026-05-25T11:55:10.958Z
38,6e1a5fca-8752-4452-abc0-f9d56e69ab99,trade,el,word,1,εμπόριο,2026-05-25T11:55:48.433Z
38,6e1a5fca-8752-4452-abc0-f9d56e69ab99,practices,el,word,1,πρακτικές,2026-05-25T11:55:55.976Z
38,6e1a5fca-8752-4452-abc0-f9d56e69ab99,earth-friendly.,el,word,1,φιλικές προς το περιβάλλον.,2026-05-25T11:55:58.602Z
38,6e1a5fca-8752-4452-abc0-f9d56e69ab99,labor,el,word,1,εργασία,2026-05-25T11:56:18.217Z
38,6e1a5fca-8752-4452-abc0-f9d56e69ab99,producers-the,el,word,1,"οι παραγωγοί, οι",2026-05-25T11:56:28.809Z
38,6e1a5fca-8752-4452-abc0-f9d56e69ab99,country's,el,word,1,της χώρας,2026-05-25T11:56:34.056Z
38,6e1a5fca-8752-4452-abc0-f9d56e69ab99,minimum,el,word,1,ελάχιστος,2026-05-25T11:56:34.394Z
38,6e1a5fca-8752-4452-abc0-f9d56e69ab99,"certified,",el,word,1,"πιστοποιηθεί,",2026-05-25T11:56:42.100Z
38,6e1a5fca-8752-4452-abc0-f9d56e69ab99,reads,el,word,1,αναγράφεται,2026-05-25T11:56:55.699Z
38,6e1a5fca-8752-4452-abc0-f9d56e69ab99,sweet.,el,word,1,γλυκό.,2026-05-25T11:57:07.776Z
38,eebb979f-c317-4c95-b08c-d782d755fd98,allows,el,word,1,επιτρέπει,2026-05-25T12:00:29.019Z
38,eebb979f-c317-4c95-b08c-d782d755fd98,electromagnetic,el,word,17,ηλεκτρομαγνητική,2026-05-25T12:05:26.821Z
38,eebb979f-c317-4c95-b08c-d782d755fd98,travels,el,word,1,ταξιδεύει,2026-05-25T12:00:49.931Z
38,eebb979f-c317-4c95-b08c-d782d755fd98,different,el,word,6,διαφορετικό,2026-05-25T12:02:56.591Z
38,eebb979f-c317-4c95-b08c-d782d755fd98,wavelength.,el,word,1,μήκος κύματος.,2026-05-25T12:01:23.423Z
38,eebb979f-c317-4c95-b08c-d782d755fd98,scrunched,el,word,1,συμπιεσμένα,2026-05-25T12:01:31.626Z
38,eebb979f-c317-4c95-b08c-d782d755fd98,"light,",el,word,1,"φως,",2026-05-25T12:01:35.180Z
38,eebb979f-c317-4c95-b08c-d782d755fd98,stretched,el,word,1,απλωμένα,2026-05-25T12:01:45.642Z
38,eebb979f-c317-4c95-b08c-d782d755fd98,slinky.,el,word,5,σπείρα.,2026-05-25T12:02:48.854Z
38,eebb979f-c317-4c95-b08c-d782d755fd98,expressed,el,word,2,εκφράζονται,2026-05-25T12:02:08.257Z
38,eebb979f-c317-4c95-b08c-d782d755fd98,seeing,el,word,1,όραση,2026-05-25T12:02:09.926Z
38,eebb979f-c317-4c95-b08c-d782d755fd98,visible,el,word,2,ορατό,2026-05-25T12:02:10.057Z
38,eebb979f-c317-4c95-b08c-d782d755fd98,including,el,word,1,συμπεριλαμβανομένου,2026-05-25T12:02:10.013Z
38,eebb979f-c317-4c95-b08c-d782d755fd98,light.,el,word,2,φως.,2026-05-25T12:02:10.279Z
38,eebb979f-c317-4c95-b08c-d782d755fd98,form,el,word,1,μορφή,2026-05-25T12:02:10.322Z
38,eebb979f-c317-4c95-b08c-d782d755fd98,room.,el,word,3,δωμάτιο.,2026-05-25T12:03:01.348Z
38,eebb979f-c317-4c95-b08c-d782d755fd98,portion,el,word,1,τμήμα,2026-05-25T12:03:01.373Z
38,eebb979f-c317-4c95-b08c-d782d755fd98,"distances,",el,word,1,"αποστάσεις,",2026-05-25T12:03:49.073Z
38,eebb979f-c317-4c95-b08c-d782d755fd98,humankind,el,word,1,η ανθρωπότητα,2026-05-25T12:04:02.987Z
38,eebb979f-c317-4c95-b08c-d782d755fd98,message,el,word,1,μήνυμα,2026-05-25T12:04:12.039Z
38,eebb979f-c317-4c95-b08c-d782d755fd98,kind,el,word,1,είδος,2026-05-25T12:04:21.993Z
38,eebb979f-c317-4c95-b08c-d782d755fd98,collecting,el,word,1,συλλογή,2026-05-25T12:04:36.925Z
38,eebb979f-c317-4c95-b08c-d782d755fd98,makes,el,word,1,κάνει,2026-05-25T12:05:05.761Z
38,eebb979f-c317-4c95-b08c-d782d755fd98,storm;,el,word,1,καταιγίδας;,2026-05-25T12:05:06.872Z
38,eebb979f-c317-4c95-b08c-d782d755fd98,create,el,word,1,δημιουργούν,2026-05-25T12:05:06.893Z
38,eebb979f-c317-4c95-b08c-d782d755fd98,families.,el,word,1,οικογένειες.,2026-05-25T12:05:15.043Z
38,eebb979f-c317-4c95-b08c-d782d755fd98,images,el,word,3,εικόνες,2026-05-25T12:05:26.381Z
38,eebb979f-c317-4c95-b08c-d782d755fd98,emitted,el,word,1,εκπέμπονται,2026-05-25T12:05:24.747Z
38,eebb979f-c317-4c95-b08c-d782d755fd98,friends,el,word,1,φίλοι,2026-05-25T12:05:26.438Z
8,31fe7381-b517-4fd0-b80b-77cc482d6eb6,Protected,el,word,1,Προστατευόμενες,2026-05-25T12:16:19.166Z
8,31fe7381-b517-4fd0-b80b-77cc482d6eb6,Sounds,el,word,1,Ήχοι,2026-05-25T12:16:22.850Z
8,eca7bbc9-253e-4b15-be62-ff90c6d7e906,"aircraft,",el,word,1,"αεροσκάφη,",2026-05-25T12:16:34.478Z
8,eca7bbc9-253e-4b15-be62-ff90c6d7e906,parks,el,word,1,πάρκα,2026-05-25T12:16:36.594Z
8,eca7bbc9-253e-4b15-be62-ff90c6d7e906,pollution,el,word,1,ρύπανση,2026-05-25T12:16:37.468Z
8,eca7bbc9-253e-4b15-be62-ff90c6d7e906,public,el,word,1,δημόσιες,2026-05-25T12:16:56.272Z
8,eca7bbc9-253e-4b15-be62-ff90c6d7e906,respite,el,word,1,ανάπαυλα,2026-05-25T12:16:59.286Z
8,eca7bbc9-253e-4b15-be62-ff90c6d7e906,"""pervasive""",el,word,1,«διαδεδομένοι»,2026-05-25T12:17:00.772Z
8,eca7bbc9-253e-4b15-be62-ff90c6d7e906,researchers,el,word,1,ερευνητές,2026-05-25T12:18:10.093Z
8,eca7bbc9-253e-4b15-be62-ff90c6d7e906,ReadWorks.org,el,word,1,ReadWorks.org,2026-05-25T12:19:15.720Z
8,c42141f1-9bd9-4578-91ab-f45d7fb9cd0a,defiance,el,word,1,ανυπακοή,2026-05-25T12:21:53.999Z
8,c42141f1-9bd9-4578-91ab-f45d7fb9cd0a,heirs,el,word,1,κληρονόμοι,2026-05-25T12:22:46.927Z
8,c42141f1-9bd9-4578-91ab-f45d7fb9cd0a,thirty-seventh.,el,word,1,τριακοστή έβδομη.,2026-05-25T12:23:04.829Z
8,c42141f1-9bd9-4578-91ab-f45d7fb9cd0a,hereunto,el,word,1,στο παρόν,2026-05-25T12:23:06.824Z
39,2b5c0846-a850-48b5-8467-b6e736bc5a6a,pace.,el,word,1,ρυθμό.,2026-05-25T12:38:05.341Z
39,2b5c0846-a850-48b5-8467-b6e736bc5a6a,avoid,el,word,1,αποφύγετε,2026-05-25T12:38:05.344Z
39,2b5c0846-a850-48b5-8467-b6e736bc5a6a,f-,el,word,4,στ-,2026-05-25T12:38:41.326Z
39,2b5c0846-a850-48b5-8467-b6e736bc5a6a,continue,el,word,1,συνέχεια,2026-05-25T12:38:10.123Z
39,2b5c0846-a850-48b5-8467-b6e736bc5a6a,normal,el,word,3,κανονικό,2026-05-25T12:52:22.265Z
39,2b5c0846-a850-48b5-8467-b6e736bc5a6a,"movements,",el,word,1,"κινήσεις,",2026-05-25T12:38:11.896Z
39,2b5c0846-a850-48b5-8467-b6e736bc5a6a,checked,el,word,1,ελέγχθηκε,2026-05-25T12:38:13.042Z
39,2b5c0846-a850-48b5-8467-b6e736bc5a6a,Paragraph,el,word,3,Παράγραφος,2026-05-25T12:38:18.668Z
39,2b5c0846-a850-48b5-8467-b6e736bc5a6a,system,el,word,5,σύστημα,2026-05-25T12:38:39.655Z
39,2b5c0846-a850-48b5-8467-b6e736bc5a6a,reduced.,el,word,7,μειωθεί.,2026-05-25T12:38:40.818Z
39,2b5c0846-a850-48b5-8467-b6e736bc5a6a,adjust,el,word,3,προσαρμόζω,2026-05-25T12:38:40.752Z
39,2b5c0846-a850-48b5-8467-b6e736bc5a6a,Times,el,word,2,Times,2026-05-25T12:38:40.922Z
39,2b5c0846-a850-48b5-8467-b6e736bc5a6a,larges,el,word,1,μεγάλα,2026-05-25T12:38:23.569Z
39,2b5c0846-a850-48b5-8467-b6e736bc5a6a,paragraph,el,word,1,παράγραφος,2026-05-25T12:38:24.102Z
39,2b5c0846-a850-48b5-8467-b6e736bc5a6a,.,el,word,1,.,2026-05-25T12:38:25.105Z
39,2b5c0846-a850-48b5-8467-b6e736bc5a6a,font.,el,word,1,γραμματοσειρά.,2026-05-25T12:38:25.399Z
39,2b5c0846-a850-48b5-8467-b6e736bc5a6a,letter,el,word,1,γράμμα,2026-05-25T12:38:26.572Z
39,2b5c0846-a850-48b5-8467-b6e736bc5a6a,shapes,el,word,2,σχήματα,2026-05-25T12:38:45.406Z
39,2b5c0846-a850-48b5-8467-b6e736bc5a6a,wider,el,word,1,ευρύτερο,2026-05-25T12:38:31.235Z
39,2b5c0846-a850-48b5-8467-b6e736bc5a6a,features,el,word,1,χαρακτηριστικά,2026-05-25T12:38:32.075Z
39,2b5c0846-a850-48b5-8467-b6e736bc5a6a,tracking,el,word,1,απόσταση μεταξύ γραμμάτων,2026-05-25T12:38:33.623Z
39,2b5c0846-a850-48b5-8467-b6e736bc5a6a,behaves,el,word,1,συμπεριφέρεται,2026-05-25T12:38:33.864Z
39,2b5c0846-a850-48b5-8467-b6e736bc5a6a,fonts.,el,word,1,γραμματοσειρές.,2026-05-25T12:38:38.033Z
39,2b5c0846-a850-48b5-8467-b6e736bc5a6a,Barack,el,word,1,Μπαράκ,2026-05-25T12:39:13.584Z
39,2b5c0846-a850-48b5-8467-b6e736bc5a6a,give,el,word,2,δώσει,2026-05-25T12:39:32.666Z
39,2b5c0846-a850-48b5-8467-b6e736bc5a6a,Rosa,el,word,5,Ρόζα,2026-05-25T12:43:03.249Z
39,2b5c0846-a850-48b5-8467-b6e736bc5a6a,sent,el,word,2,έστειλαν,2026-05-25T12:39:32.992Z
39,2b5c0846-a850-48b5-8467-b6e736bc5a6a,Montgomery,el,word,2,Μοντγκόμερι,2026-05-25T12:40:27.060Z
39,2b5c0846-a850-48b5-8467-b6e736bc5a6a,confront,el,word,3,αντιμετωπίζει,2026-05-25T12:40:20.301Z
39,2b5c0846-a850-48b5-8467-b6e736bc5a6a,advanced,el,word,3,προώθησε,2026-05-25T12:40:08.766Z
39,2b5c0846-a850-48b5-8467-b6e736bc5a6a,forever,el,word,1,για πάντα,2026-05-25T12:39:35.582Z
39,2b5c0846-a850-48b5-8467-b6e736bc5a6a,"Montgomery,",el,word,3,"Μοντγκόμερι,",2026-05-25T12:39:56.967Z
39,2b5c0846-a850-48b5-8467-b6e736bc5a6a,home,el,word,2,σπίτι,2026-05-25T12:40:01.581Z
39,2b5c0846-a850-48b5-8467-b6e736bc5a6a,December,el,word,1,Δεκέμβριος,2026-05-25T12:39:51.713Z
39,2b5c0846-a850-48b5-8467-b6e736bc5a6a,"Alabama,",el,word,2,"Αλαμπάμα,",2026-05-25T12:39:57.459Z
39,2b5c0846-a850-48b5-8467-b6e736bc5a6a,refused,el,word,1,αρνήθηκε,2026-05-25T12:39:52.559Z
39,2b5c0846-a850-48b5-8467-b6e736bc5a6a,Nation,el,word,1,Έθνος,2026-05-25T12:39:52.727Z
39,2b5c0846-a850-48b5-8467-b6e736bc5a6a,African-American,el,word,1,Αφροαμερικανίδα,2026-05-25T12:39:54.057Z
39,2b5c0846-a850-48b5-8467-b6e736bc5a6a,seamstress,el,word,1,ραπτική,2026-05-25T12:39:54.642Z
39,2b5c0846-a850-48b5-8467-b6e736bc5a6a,toward,el,word,1,προς,2026-05-25T12:40:04.251Z
39,2b5c0846-a850-48b5-8467-b6e736bc5a6a,passenger.,el,word,1,επιβάτη.,2026-05-25T12:40:04.936Z
39,2b5c0846-a850-48b5-8467-b6e736bc5a6a,defiance,el,word,1,ανυπακοή,2026-05-25T12:40:06.003Z
39,2b5c0846-a850-48b5-8467-b6e736bc5a6a,spurred,el,word,1,ώθησε,2026-05-25T12:40:07.412Z
39,2b5c0846-a850-48b5-8467-b6e736bc5a6a,movement,el,word,1,κίνημα,2026-05-25T12:40:08.016Z
39,2b5c0846-a850-48b5-8467-b6e736bc5a6a,journey,el,word,1,πορεία,2026-05-25T12:40:09.179Z
39,2b5c0846-a850-48b5-8467-b6e736bc5a6a,equality,el,word,3,ισότητα,2026-05-25T12:41:14.890Z
39,2b5c0846-a850-48b5-8467-b6e736bc5a6a,make,el,word,2,κάνουν,2026-05-25T12:41:27.276Z
39,2b5c0846-a850-48b5-8467-b6e736bc5a6a,Though,el,word,1,Αν και,2026-05-25T12:40:11.043Z
39,2b5c0846-a850-48b5-8467-b6e736bc5a6a,injustice,el,word,2,αδικία,2026-05-25T12:40:20.892Z
39,2b5c0846-a850-48b5-8467-b6e736bc5a6a,segregation,el,word,4,φυλετικός διαχωρισμός,2026-05-25T12:40:28.891Z
39,2b5c0846-a850-48b5-8467-b6e736bc5a6a,"laws,",el,word,3,"νόμοι,",2026-05-25T12:40:23.286Z
39,2b5c0846-a850-48b5-8467-b6e736bc5a6a,courageous,el,word,2,θαρραλέοι,2026-05-25T12:40:24.037Z
39,2b5c0846-a850-48b5-8467-b6e736bc5a6a,act,el,word,1,ενέργεια,2026-05-25T12:40:17.923Z
39,2b5c0846-a850-48b5-8467-b6e736bc5a6a,civil,el,word,1,πολιτικοί,2026-05-25T12:40:18.351Z
39,2b5c0846-a850-48b5-8467-b6e736bc5a6a,disobedience,el,word,2,ανυπακοή,2026-05-25T12:40:26.166Z
39,2b5c0846-a850-48b5-8467-b6e736bc5a6a,Boycott,el,word,1,Μποϊκοτάζ,2026-05-25T12:40:21.517Z
39,2b5c0846-a850-48b5-8467-b6e736bc5a6a,protest,el,word,1,διαμαρτυρία,2026-05-25T12:40:23.954Z
39,2b5c0846-a850-48b5-8467-b6e736bc5a6a,ordinary,el,word,1,συνηθισμένοι,2026-05-25T12:40:25.512Z
39,2b5c0846-a850-48b5-8467-b6e736bc5a6a,"men,",el,word,1,"άνδρες,",2026-05-25T12:40:25.765Z
39,2b5c0846-a850-48b5-8467-b6e736bc5a6a,sparked,el,word,1,πυροδότησε,2026-05-25T12:40:26.631Z
39,2b5c0846-a850-48b5-8467-b6e736bc5a6a,Bus,el,word,1,Λεωφορείο,2026-05-25T12:40:28.292Z
39,2b5c0846-a850-48b5-8467-b6e736bc5a6a,peaceful,el,word,1,ειρηνικοί,2026-05-25T12:40:29.135Z
39,2b5c0846-a850-48b5-8467-b6e736bc5a6a,unacceptable.,el,word,1,απαράδεκτο.,2026-05-25T12:40:30.627Z
39,2b5c0846-a850-48b5-8467-b6e736bc5a6a,"women,",el,word,1,"γυναίκες,",2026-05-25T12:40:31.112Z
39,2b5c0846-a850-48b5-8467-b6e736bc5a6a,Rather,el,word,1,Μάλλον,2026-05-25T12:40:31.393Z
39,2b5c0846-a850-48b5-8467-b6e736bc5a6a,formed,el,word,1,σχηματίστηκαν,2026-05-25T12:40:31.835Z
39,2b5c0846-a850-48b5-8467-b6e736bc5a6a,actions,el,word,2,ενέργειες,2026-05-25T12:40:39.560Z
39,2b5c0846-a850-48b5-8467-b6e736bc5a6a,stirred,el,word,1,συγκίνησαν,2026-05-25T12:40:34.216Z
39,2b5c0846-a850-48b5-8467-b6e736bc5a6a,"buses,",el,word,1,"λεωφορεία,",2026-05-25T12:40:34.526Z
39,2b5c0846-a850-48b5-8467-b6e736bc5a6a,conscience,el,word,2,συνείδηση,2026-05-25T12:40:41.324Z
39,2b5c0846-a850-48b5-8467-b6e736bc5a6a,friends,el,word,1,φίλοι,2026-05-25T12:40:35.786Z
39,2b5c0846-a850-48b5-8467-b6e736bc5a6a,Americans,el,word,6,Αμερικανοί,2026-05-25T12:43:04.682Z
39,2b5c0846-a850-48b5-8467-b6e736bc5a6a,walked.,el,word,1,περπατούσαν.,2026-05-25T12:40:36.312Z
39,2b5c0846-a850-48b5-8467-b6e736bc5a6a,Neighborhoods,el,word,1,Γειτονιές,2026-05-25T12:40:36.826Z
39,2b5c0846-a850-48b5-8467-b6e736bc5a6a,"background,",el,word,2,"προέλευσης,",2026-05-25T12:40:43.176Z
39,2b5c0846-a850-48b5-8467-b6e736bc5a6a,churches,el,word,1,εκκλησίες,2026-05-25T12:40:38.140Z
39,2b5c0846-a850-48b5-8467-b6e736bc5a6a,carpools.,el,word,1,ομάδες μεταφοράς με αυτοκίνητο.,2026-05-25T12:40:38.798Z
39,2b5c0846-a850-48b5-8467-b6e736bc5a6a,fierce,el,word,2,άγρια,2026-05-25T12:40:45.890Z
39,2b5c0846-a850-48b5-8467-b6e736bc5a6a,violence,el,word,3,βία,2026-05-25T12:40:46.344Z
39,2b5c0846-a850-48b5-8467-b6e736bc5a6a,every,el,word,1,κάθε,2026-05-25T12:40:42.333Z
39,2b5c0846-a850-48b5-8467-b6e736bc5a6a,desegregation,el,word,3,κατάργηση των φυλετικών διακρίσεων,2026-05-25T12:40:49.194Z
39,2b5c0846-a850-48b5-8467-b6e736bc5a6a,resilience,el,word,2,ανθεκτικότητα,2026-05-25T12:40:50.700Z
39,2b5c0846-a850-48b5-8467-b6e736bc5a6a,intimidation,el,word,3,εκφοβισμός,2026-05-25T12:40:52.596Z
39,2b5c0846-a850-48b5-8467-b6e736bc5a6a,ultimately,el,word,1,τελικά,2026-05-25T12:40:47.884Z
39,2b5c0846-a850-48b5-8467-b6e736bc5a6a,public,el,word,2,δημόσια,2026-05-25T12:46:53.332Z
39,2b5c0846-a850-48b5-8467-b6e736bc5a6a,transportation,el,word,2,μεταφορές,2026-05-25T12:40:54.394Z
39,2b5c0846-a850-48b5-8467-b6e736bc5a6a,country.,el,word,1,χώρα.,2026-05-25T12:40:51.806Z
39,2b5c0846-a850-48b5-8467-b6e736bc5a6a,Parks's,el,word,1,Η Παρκς,2026-05-25T12:40:53.238Z
39,2b5c0846-a850-48b5-8467-b6e736bc5a6a,inspired.,el,word,2,ενέπνευσε.,2026-05-25T12:41:04.999Z
39,2b5c0846-a850-48b5-8467-b6e736bc5a6a,boycott,el,word,2,μποϊκοτάζ,2026-05-25T12:41:02.576Z
39,2b5c0846-a850-48b5-8467-b6e736bc5a6a,systems,el,word,4,συστήματα,2026-05-25T12:42:36.960Z
39,2b5c0846-a850-48b5-8467-b6e736bc5a6a,continued,el,word,2,συνέχεια,2026-05-25T12:41:08.052Z
39,2b5c0846-a850-48b5-8467-b6e736bc5a6a,end,el,word,1,τέλος,2026-05-25T12:41:01.945Z
39,2b5c0846-a850-48b5-8467-b6e736bc5a6a,marginalized,el,word,1,περιθωριοποιημένους,2026-05-25T12:41:03.581Z
39,2b5c0846-a850-48b5-8467-b6e736bc5a6a,lifelong,el,word,1,δια βίου,2026-05-25T12:41:05.622Z
39,2b5c0846-a850-48b5-8467-b6e736bc5a6a,champion,el,word,1,υπερασπιστής,2026-05-25T12:41:06.386Z
39,2b5c0846-a850-48b5-8467-b6e736bc5a6a,reserved.,el,word,2,διατηρούνται.,2026-05-25T12:41:10.161Z
39,2b5c0846-a850-48b5-8467-b6e736bc5a6a,never,el,word,1,Ποτέ,2026-05-25T12:41:11.117Z
39,2b5c0846-a850-48b5-8467-b6e736bc5a6a,generations,el,word,2,γενιές,2026-05-25T12:41:22.902Z
39,2b5c0846-a850-48b5-8467-b6e736bc5a6a,fearless,el,word,1,ατρόμητοι,2026-05-25T12:41:17.552Z
39,2b5c0846-a850-48b5-8467-b6e736bc5a6a,country,el,word,1,χώρα,2026-05-25T12:41:20.519Z
39,2b5c0846-a850-48b5-8467-b6e736bc5a6a,heirs,el,word,1,κληρονόμοι,2026-05-25T12:41:21.616Z
39,2b5c0846-a850-48b5-8467-b6e736bc5a6a,progress,el,word,2,πρόοδος,2026-05-25T12:41:29.440Z
39,2b5c0846-a850-48b5-8467-b6e736bc5a6a,take,el,word,3,να αναλάβουν,2026-05-25T12:42:22.004Z
39,2b5c0846-a850-48b5-8467-b6e736bc5a6a,came,el,word,1,ήρθαμε,2026-05-25T12:41:25.694Z
39,2b5c0846-a850-48b5-8467-b6e736bc5a6a,pledge,el,word,3,υπόσχεση,2026-05-25T12:42:39.638Z
39,2b5c0846-a850-48b5-8467-b6e736bc5a6a,honor,el,word,2,να τιμήσουμε,2026-05-25T12:42:43.647Z
39,2b5c0846-a850-48b5-8467-b6e736bc5a6a,"legacy,",el,word,8,"κληρονομιά,",2026-05-25T12:42:42.571Z
39,2b5c0846-a850-48b5-8467-b6e736bc5a6a,cause,el,word,3,υπόθεση,2026-05-25T12:42:44.768Z
39,2b5c0846-a850-48b5-8467-b6e736bc5a6a,perfecting,el,word,4,τελειοποίηση,2026-05-25T12:42:44.852Z
39,2b5c0846-a850-48b5-8467-b6e736bc5a6a,also,el,word,4,επίσης,2026-05-25T12:42:43.552Z
39,2b5c0846-a850-48b5-8467-b6e736bc5a6a,President,el,word,5,Πρόεδρος,2026-05-25T12:42:52.764Z
39,2b5c0846-a850-48b5-8467-b6e736bc5a6a,Union.,el,word,2,Ένωσης.,2026-05-25T12:42:45.861Z
39,2b5c0846-a850-48b5-8467-b6e736bc5a6a,Anniversary,el,word,4,Επέτειος,2026-05-25T12:43:01.819Z
39,2b5c0846-a850-48b5-8467-b6e736bc5a6a,"thirteen,",el,word,5,"το 2013,",2026-05-25T12:45:57.898Z
39,2b5c0846-a850-48b5-8467-b6e736bc5a6a,ReadWorks’,el,word,1,ReadWorks’,2026-05-25T12:42:38.654Z
39,2b5c0846-a850-48b5-8467-b6e736bc5a6a,mark,el,word,1,σημειώνουμε,2026-05-25T12:42:38.699Z
39,2b5c0846-a850-48b5-8467-b6e736bc5a6a,virtue,el,word,1,δυνάμει,2026-05-25T12:42:49.452Z
39,2b5c0846-a850-48b5-8467-b6e736bc5a6a,vested,el,word,2,που μου έχουν ανατεθεί,2026-05-25T12:42:55.351Z
39,2b5c0846-a850-48b5-8467-b6e736bc5a6a,authority,el,word,3,εξουσία,2026-05-25T12:45:59.902Z
39,2b5c0846-a850-48b5-8467-b6e736bc5a6a,Constitution,el,word,2,Σύνταγμα,2026-05-25T12:42:57.235Z
39,2b5c0846-a850-48b5-8467-b6e736bc5a6a,United,el,word,4,Ηνωμένες,2026-05-25T12:43:19.721Z
39,2b5c0846-a850-48b5-8467-b6e736bc5a6a,"America,",el,word,1,"Αμερική,",2026-05-25T12:42:54.287Z
39,2b5c0846-a850-48b5-8467-b6e736bc5a6a,"States,",el,word,2,"κράτη,",2026-05-25T12:43:03.764Z
39,2b5c0846-a850-48b5-8467-b6e736bc5a6a,hereby,el,word,2,με την παρούσα,2026-05-25T12:43:04.345Z
39,2b5c0846-a850-48b5-8467-b6e736bc5a6a,proclaim,el,word,1,ανακηρύσσω,2026-05-25T12:42:59.125Z
39,2b5c0846-a850-48b5-8467-b6e736bc5a6a,observe,el,word,1,να τιμήσουν,2026-05-25T12:42:59.721Z
39,2b5c0846-a850-48b5-8467-b6e736bc5a6a,day,el,word,3,ημέρα,2026-05-25T12:43:07.117Z
39,2b5c0846-a850-48b5-8467-b6e736bc5a6a,enduring,el,word,1,διαχρονική,2026-05-25T12:43:05.769Z
39,2b5c0846-a850-48b5-8467-b6e736bc5a6a,legacy.,el,word,2,κληρονομιά.,2026-05-25T12:43:06.688Z
39,2b5c0846-a850-48b5-8467-b6e736bc5a6a,thirty-seventh.,el,word,5,τριακοστή έβδομη.,2026-05-25T12:43:49.893Z
39,2b5c0846-a850-48b5-8467-b6e736bc5a6a,thousand,el,word,1,χιλιάδες,2026-05-25T12:43:06.698Z
39,2b5c0846-a850-48b5-8467-b6e736bc5a6a,Independence,el,word,2,Ανεξαρτησία,2026-05-25T12:45:49.078Z
39,2b5c0846-a850-48b5-8467-b6e736bc5a6a,States,el,word,1,Πολιτείες,2026-05-25T12:43:20.052Z
39,2b5c0846-a850-48b5-8467-b6e736bc5a6a,"community,",el,word,1,"κοινότητα,",2026-05-25T12:43:55.835Z
39,2b5c0846-a850-48b5-8467-b6e736bc5a6a,hereunto,el,word,1,στο παρόν,2026-05-25T12:45:42.977Z
39,2b5c0846-a850-48b5-8467-b6e736bc5a6a,Protected,el,word,1,Προστατευόμενες,2026-05-25T12:46:32.315Z
39,2b5c0846-a850-48b5-8467-b6e736bc5a6a,parks,el,word,2,πάρκα,2026-05-25T12:46:34.072Z
39,2b5c0846-a850-48b5-8467-b6e736bc5a6a,areas,el,word,2,περιοχές,2026-05-25T12:46:41.980Z
39,2b5c0846-a850-48b5-8467-b6e736bc5a6a,Robert,el,word,1,Robert,2026-05-25T12:46:38.041Z
39,2b5c0846-a850-48b5-8467-b6e736bc5a6a,wilderness,el,word,2,άγρια φύση,2026-05-25T12:46:47.842Z
39,2b5c0846-a850-48b5-8467-b6e736bc5a6a,"parks,",el,word,1,"πάρκα,",2026-05-25T12:46:42.469Z
39,2b5c0846-a850-48b5-8467-b6e736bc5a6a,according,el,word,2,σύμφωνα με,2026-05-25T12:52:02.701Z
39,2b5c0846-a850-48b5-8467-b6e736bc5a6a,commercial,el,word,1,εμπορική,2026-05-25T12:46:43.089Z
39,2b5c0846-a850-48b5-8467-b6e736bc5a6a,new,el,word,1,νέο,2026-05-25T12:46:43.293Z
39,2b5c0846-a850-48b5-8467-b6e736bc5a6a,analysis,el,word,1,ανάλυση,2026-05-25T12:46:43.715Z
39,2b5c0846-a850-48b5-8467-b6e736bc5a6a,noise,el,word,6,θόρυβος,2026-05-25T12:49:32.736Z
39,2b5c0846-a850-48b5-8467-b6e736bc5a6a,pollution,el,word,2,ρύπανση,2026-05-25T12:46:51.172Z
39,2b5c0846-a850-48b5-8467-b6e736bc5a6a,protected,el,word,4,προστατευόμενες,2026-05-25T12:47:42.374Z
39,2b5c0846-a850-48b5-8467-b6e736bc5a6a,Science,el,word,2,Science,2026-05-25T12:46:53.773Z
39,2b5c0846-a850-48b5-8467-b6e736bc5a6a,lands,el,word,2,περιοχές,2026-05-25T12:47:52.263Z
39,2b5c0846-a850-48b5-8467-b6e736bc5a6a,made,el,word,2,δημοσιεύθηκαν,2026-05-25T12:46:53.593Z
39,2b5c0846-a850-48b5-8467-b6e736bc5a6a,Thursday.,el,word,1,Πέμπτη.,2026-05-25T12:46:55.199Z
39,2b5c0846-a850-48b5-8467-b6e736bc5a6a,sounds,el,word,6,ήχους,2026-05-25T12:52:06.431Z
39,2b5c0846-a850-48b5-8467-b6e736bc5a6a,resource,el,word,2,πόρος,2026-05-25T12:46:56.030Z
39,2b5c0846-a850-48b5-8467-b6e736bc5a6a,University,el,word,7,Πανεπιστήμιο,2026-05-25T12:54:24.905Z
39,2b5c0846-a850-48b5-8467-b6e736bc5a6a,background,el,word,4,φόντο,2026-05-25T12:51:49.354Z
39,2b5c0846-a850-48b5-8467-b6e736bc5a6a,National,el,word,4,Εθνικό,2026-05-25T12:50:08.285Z
39,2b5c0846-a850-48b5-8467-b6e736bc5a6a,Service,el,word,2,Υπηρεσία,2026-05-25T12:48:26.444Z
39,2b5c0846-a850-48b5-8467-b6e736bc5a6a,daily,el,word,1,καθημερινά,2026-05-25T12:46:59.576Z
39,2b5c0846-a850-48b5-8467-b6e736bc5a6a,analyzed,el,word,6,ανέλυσαν,2026-05-25T12:49:02.541Z
39,2b5c0846-a850-48b5-8467-b6e736bc5a6a,"federal,",el,word,3,"ομοσπονδιακά,",2026-05-25T12:47:13.896Z
39,2b5c0846-a850-48b5-8467-b6e736bc5a6a,state,el,word,1,κρατικά,2026-05-25T12:47:04.296Z
39,2b5c0846-a850-48b5-8467-b6e736bc5a6a,parks.,el,word,3,πάρκα.,2026-05-25T12:47:08.321Z
39,2b5c0846-a850-48b5-8467-b6e736bc5a6a,local,el,word,3,τοπικά,2026-05-25T12:47:14.774Z
39,2b5c0846-a850-48b5-8467-b6e736bc5a6a,levels,el,word,3,επίπεδα,2026-05-25T12:49:33.070Z
39,2b5c0846-a850-48b5-8467-b6e736bc5a6a,calculated,el,word,3,υπολόγισαν,2026-05-25T12:48:22.547Z
39,2b5c0846-a850-48b5-8467-b6e736bc5a6a,"traffic,",el,word,2,"κυκλοφορίας,",2026-05-25T12:47:33.179Z
39,2b5c0846-a850-48b5-8467-b6e736bc5a6a,clatter,el,word,2,θόρυβος,2026-05-25T12:47:34.196Z
39,2b5c0846-a850-48b5-8467-b6e736bc5a6a,drilling,el,word,2,γεωτρήσεων,2026-05-25T12:47:35.249Z
39,2b5c0846-a850-48b5-8467-b6e736bc5a6a,"mining,",el,word,1,"εξόρυξης,",2026-05-25T12:47:27.367Z
39,2b5c0846-a850-48b5-8467-b6e736bc5a6a,raised,el,word,1,αυξήθηκαν,2026-05-25T12:47:29.186Z
39,2b5c0846-a850-48b5-8467-b6e736bc5a6a,phones,el,word,1,τηλέφωνα,2026-05-25T12:47:30.142Z
39,2b5c0846-a850-48b5-8467-b6e736bc5a6a,natural,el,word,5,φυσικοί,2026-05-25T12:52:10.889Z
39,2b5c0846-a850-48b5-8467-b6e736bc5a6a,rumble,el,word,1,βουητό,2026-05-25T12:47:32.473Z
39,2b5c0846-a850-48b5-8467-b6e736bc5a6a,two-thirds,el,word,2,τα δύο τρίτα,2026-05-25T12:47:40.487Z
39,2b5c0846-a850-48b5-8467-b6e736bc5a6a,logging,el,word,1,υλοτομίας,2026-05-25T12:47:36.048Z
39,2b5c0846-a850-48b5-8467-b6e736bc5a6a,"areas,",el,word,2,"περιοχές,",2026-05-25T12:47:44.142Z
39,2b5c0846-a850-48b5-8467-b6e736bc5a6a,adverse,el,word,2,αρνητικές,2026-05-25T12:47:43.833Z
39,2b5c0846-a850-48b5-8467-b6e736bc5a6a,consequences,el,word,3,συνέπειες,2026-05-25T12:47:52.792Z
39,2b5c0846-a850-48b5-8467-b6e736bc5a6a,million,el,word,1,εκατομμύρια,2026-05-25T12:47:39.860Z
39,2b5c0846-a850-48b5-8467-b6e736bc5a6a,tranquil,el,word,3,ήσυχη,2026-05-25T12:47:52.837Z
39,2b5c0846-a850-48b5-8467-b6e736bc5a6a,wildlife,el,word,2,άγρια φύση,2026-05-25T12:48:36.796Z
39,2b5c0846-a850-48b5-8467-b6e736bc5a6a,seek,el,word,1,αναζητούν,2026-05-25T12:47:48.976Z
39,2b5c0846-a850-48b5-8467-b6e736bc5a6a,people,el,word,5,άνθρωποι,2026-05-25T12:54:22.375Z
39,2b5c0846-a850-48b5-8467-b6e736bc5a6a,hush,el,word,1,ησυχία,2026-05-25T12:47:50.189Z
39,2b5c0846-a850-48b5-8467-b6e736bc5a6a,park,el,word,2,πάρκο,2026-05-25T12:48:09.766Z
39,2b5c0846-a850-48b5-8467-b6e736bc5a6a,din,el,word,2,θόρυβος,2026-05-25T12:47:55.152Z
39,2b5c0846-a850-48b5-8467-b6e736bc5a6a,joined,el,word,4,συμμετείχαν,2026-05-25T12:49:20.669Z
39,2b5c0846-a850-48b5-8467-b6e736bc5a6a,study,el,word,4,μελέτη,2026-05-25T12:50:03.610Z
39,2b5c0846-a850-48b5-8467-b6e736bc5a6a,Natural,el,word,1,Φυσικών,2026-05-25T12:47:54.153Z
39,2b5c0846-a850-48b5-8467-b6e736bc5a6a,Sounds,el,word,3,Sounds,2026-05-25T12:47:59.657Z
39,2b5c0846-a850-48b5-8467-b6e736bc5a6a,arises,el,word,2,προκύπτει,2026-05-25T12:48:35.927Z
39,2b5c0846-a850-48b5-8467-b6e736bc5a6a,behavior.,el,word,4,συμπεριφορά.,2026-05-25T12:48:42.350Z
39,2b5c0846-a850-48b5-8467-b6e736bc5a6a,project.,el,word,5,έργο.,2026-05-25T12:48:28.919Z
39,2b5c0846-a850-48b5-8467-b6e736bc5a6a,Night,el,word,1,Night,2026-05-25T12:47:55.422Z
39,2b5c0846-a850-48b5-8467-b6e736bc5a6a,Skies,el,word,1,Skies,2026-05-25T12:47:56.246Z
39,2b5c0846-a850-48b5-8467-b6e736bc5a6a,Division,el,word,1,Τμήμα,2026-05-25T12:47:57.727Z
39,2b5c0846-a850-48b5-8467-b6e736bc5a6a,biologist,el,word,4,βιολόγος,2026-05-25T12:48:43.894Z
39,2b5c0846-a850-48b5-8467-b6e736bc5a6a,researchers,el,word,2,ερευνητές,2026-05-25T12:48:18.943Z
39,2b5c0846-a850-48b5-8467-b6e736bc5a6a,computerized,el,word,4,υπολογιστικό,2026-05-25T12:48:21.270Z
39,2b5c0846-a850-48b5-8467-b6e736bc5a6a,contribution,el,word,1,συμβολή,2026-05-25T12:48:14.570Z
39,2b5c0846-a850-48b5-8467-b6e736bc5a6a,Park,el,word,1,Πάρκο,2026-05-25T12:48:25.637Z
39,2b5c0846-a850-48b5-8467-b6e736bc5a6a,Fort,el,word,1,Φορτ,2026-05-25T12:48:27.393Z
39,2b5c0846-a850-48b5-8467-b6e736bc5a6a,"Collins,",el,word,1,"Κόλινς,",2026-05-25T12:48:27.757Z
39,2b5c0846-a850-48b5-8467-b6e736bc5a6a,appreciation,el,word,1,αντίληψη,2026-05-25T12:48:38.686Z
39,2b5c0846-a850-48b5-8467-b6e736bc5a6a,human,el,word,2,ανθρώπινη,2026-05-25T12:49:27.816Z
39,2b5c0846-a850-48b5-8467-b6e736bc5a6a,health,el,word,1,υγεία,2026-05-25T12:48:41.306Z
39,2b5c0846-a850-48b5-8467-b6e736bc5a6a,quantify,el,word,1,ποσοτικοποίηση,2026-05-25T12:48:42.647Z
39,2b5c0846-a850-48b5-8467-b6e736bc5a6a,conservation,el,word,1,διατήρηση,2026-05-25T12:48:42.670Z
39,2b5c0846-a850-48b5-8467-b6e736bc5a6a,dozens,el,word,5,δεκάδες,2026-05-25T12:49:21.598Z
39,2b5c0846-a850-48b5-8467-b6e736bc5a6a,average,el,word,1,μέσος όρος,2026-05-25T12:48:44.536Z
39,2b5c0846-a850-48b5-8467-b6e736bc5a6a,summer,el,word,1,καλοκαίρι,2026-05-25T12:48:45.076Z
39,2b5c0846-a850-48b5-8467-b6e736bc5a6a,collated,el,word,1,συγκέντρωσαν,2026-05-25T12:48:47.582Z
39,2b5c0846-a850-48b5-8467-b6e736bc5a6a,millions,el,word,3,εκατομμύρια,2026-05-25T12:48:57.816Z
39,2b5c0846-a850-48b5-8467-b6e736bc5a6a,hours,el,word,2,ώρες,2026-05-25T12:48:58.834Z
39,2b5c0846-a850-48b5-8467-b6e736bc5a6a,approximated,el,word,1,προσεγγίζει,2026-05-25T12:48:49.497Z
39,2b5c0846-a850-48b5-8467-b6e736bc5a6a,park-land,el,word,3,πάρκα,2026-05-25T12:48:59.416Z
39,2b5c0846-a850-48b5-8467-b6e736bc5a6a,level,el,word,3,επίπεδο,2026-05-25T12:49:44.099Z
39,2b5c0846-a850-48b5-8467-b6e736bc5a6a,recordings.,el,word,2,ηχογραφήσεις.,2026-05-25T12:49:00.737Z
39,2b5c0846-a850-48b5-8467-b6e736bc5a6a,fed,el,word,1,εισήγαγαν,2026-05-25T12:48:52.939Z
39,2b5c0846-a850-48b5-8467-b6e736bc5a6a,acoustic,el,word,2,ακουστική,2026-05-25T12:48:54.420Z
39,2b5c0846-a850-48b5-8467-b6e736bc5a6a,data,el,word,2,δεδομένα,2026-05-25T12:48:54.744Z
39,2b5c0846-a850-48b5-8467-b6e736bc5a6a,algorithm,el,word,6,αλγόριθμος,2026-05-25T12:49:12.620Z
39,2b5c0846-a850-48b5-8467-b6e736bc5a6a,combined,el,word,3,συνδυασμένα,2026-05-25T12:49:13.174Z
39,2b5c0846-a850-48b5-8467-b6e736bc5a6a,sound,el,word,1,ήχος,2026-05-25T12:48:59.905Z
39,2b5c0846-a850-48b5-8467-b6e736bc5a6a,landscape,el,word,2,τοπίο,2026-05-25T12:49:14.647Z
39,2b5c0846-a850-48b5-8467-b6e736bc5a6a,variables,el,word,1,μεταβλητές,2026-05-25T12:49:01.110Z
39,2b5c0846-a850-48b5-8467-b6e736bc5a6a,calculate,el,word,2,υπολογίζουν,2026-05-25T12:49:22.349Z
39,2b5c0846-a850-48b5-8467-b6e736bc5a6a,"comparison,",el,word,5,"σύγκριση,",2026-05-25T12:49:40.379Z
39,2b5c0846-a850-48b5-8467-b6e736bc5a6a,decibels,el,word,6,ντεσιμπέλ,2026-05-25T12:49:43.686Z
39,2b5c0846-a850-48b5-8467-b6e736bc5a6a,much,el,word,4,πολύ,2026-05-25T12:49:23.213Z
39,2b5c0846-a850-48b5-8467-b6e736bc5a6a,extra,el,word,3,επιπλέον,2026-05-25T12:49:23.589Z
39,2b5c0846-a850-48b5-8467-b6e736bc5a6a,computer,el,word,1,υπολογιστής,2026-05-25T12:49:11.900Z
39,2b5c0846-a850-48b5-8467-b6e736bc5a6a,found,el,word,1,διαπίστωσαν,2026-05-25T12:49:26.107Z
39,2b5c0846-a850-48b5-8467-b6e736bc5a6a,depending,el,word,1,ανάλογα,2026-05-25T12:49:26.716Z
39,2b5c0846-a850-48b5-8467-b6e736bc5a6a,boosted,el,word,2,αύξησε,2026-05-25T12:49:32.332Z
39,2b5c0846-a850-48b5-8467-b6e736bc5a6a,activity,el,word,1,δραστηριότητα,2026-05-25T12:49:31.931Z
39,2b5c0846-a850-48b5-8467-b6e736bc5a6a,cities,el,word,2,πόλεις,2026-05-25T12:49:41.890Z
39,2b5c0846-a850-48b5-8467-b6e736bc5a6a,exceed,el,word,4,υπερβαίνουν,2026-05-25T12:49:43.113Z
39,2b5c0846-a850-48b5-8467-b6e736bc5a6a,running,el,word,1,λειτουργία,2026-05-25T12:49:38.832Z
39,2b5c0846-a850-48b5-8467-b6e736bc5a6a,air,el,word,2,αέρας,2026-05-25T12:50:11.800Z
39,2b5c0846-a850-48b5-8467-b6e736bc5a6a,conditioner.,el,word,1,κλιματιστικό.,2026-05-25T12:49:40.196Z
39,2b5c0846-a850-48b5-8467-b6e736bc5a6a,"settings,",el,word,1,"περιβάλλοντα,",2026-05-25T12:49:41.669Z
39,2b5c0846-a850-48b5-8467-b6e736bc5a6a,rarely,el,word,1,σπάνια,2026-05-25T12:49:42.542Z
39,2b5c0846-a850-48b5-8467-b6e736bc5a6a,ReadWorks.org,el,word,1,ReadWorks.org,2026-05-25T12:49:45.029Z
39,2b5c0846-a850-48b5-8467-b6e736bc5a6a,Used,el,word,1,Χρησιμοποιείται,2026-05-25T12:49:45.093Z
39,2b5c0846-a850-48b5-8467-b6e736bc5a6a,"animals,",el,word,1,"ζώα,",2026-05-25T12:49:45.650Z
39,2b5c0846-a850-48b5-8467-b6e736bc5a6a,traffic,el,word,2,κυκλοφορία,2026-05-25T12:50:04.168Z
39,2b5c0846-a850-48b5-8467-b6e736bc5a6a,Road,el,word,2,Οδική,2026-05-25T12:49:51.118Z
39,2b5c0846-a850-48b5-8467-b6e736bc5a6a,aircraft,el,word,2,αεροσκάφη,2026-05-25T12:49:59.438Z
39,2b5c0846-a850-48b5-8467-b6e736bc5a6a,biologists.,el,word,1,βιολόγους.,2026-05-25T12:49:56.147Z
39,2b5c0846-a850-48b5-8467-b6e736bc5a6a,sources,el,word,1,πηγές,2026-05-25T12:50:00.592Z
39,2b5c0846-a850-48b5-8467-b6e736bc5a6a,"noise,",el,word,1,"θόρυβος,",2026-05-25T12:50:01.255Z
39,2b5c0846-a850-48b5-8467-b6e736bc5a6a,Buxton,el,word,1,Μπάξτον,2026-05-25T12:50:01.815Z
39,2b5c0846-a850-48b5-8467-b6e736bc5a6a,independent,el,word,3,ανεξάρτητη,2026-05-25T12:50:49.950Z
39,2b5c0846-a850-48b5-8467-b6e736bc5a6a,overflights,el,word,3,πτήσεις,2026-05-25T12:50:11.346Z
39,2b5c0846-a850-48b5-8467-b6e736bc5a6a,Canyon,el,word,1,Canyon,2026-05-25T12:50:07.333Z
39,2b5c0846-a850-48b5-8467-b6e736bc5a6a,"year,",el,word,2,"έτος,",2026-05-25T12:50:14.760Z
39,2b5c0846-a850-48b5-8467-b6e736bc5a6a,helicopters,el,word,2,ελικόπτερα,2026-05-25T12:50:16.134Z
39,2b5c0846-a850-48b5-8467-b6e736bc5a6a,Grand,el,word,1,Γκραντ,2026-05-25T12:50:11.994Z
39,2b5c0846-a850-48b5-8467-b6e736bc5a6a,busiest,el,word,2,πιο πολυσύχναστες,2026-05-25T12:50:18.097Z
39,2b5c0846-a850-48b5-8467-b6e736bc5a6a,grown,el,word,1,αυξήθηκαν,2026-05-25T12:50:13.433Z
39,2b5c0846-a850-48b5-8467-b6e736bc5a6a,Sound,el,word,2,Ήχος,2026-05-25T12:50:18.807Z
39,2b5c0846-a850-48b5-8467-b6e736bc5a6a,spots,el,word,2,σημεία,2026-05-25T12:50:19.500Z
39,2b5c0846-a850-48b5-8467-b6e736bc5a6a,reached,el,word,2,έφτασαν,2026-05-25T12:50:19.945Z
39,2b5c0846-a850-48b5-8467-b6e736bc5a6a,canyon,el,word,1,φαράγγι,2026-05-25T12:50:17.467Z
39,2b5c0846-a850-48b5-8467-b6e736bc5a6a,"decibels,",el,word,1,"ντεσιμπέλ,",2026-05-25T12:50:21.727Z
39,2b5c0846-a850-48b5-8467-b6e736bc5a6a,predators.,el,word,2,αρπακτικά.,2026-05-25T12:50:31.636Z
39,2b5c0846-a850-48b5-8467-b6e736bc5a6a,calls,el,word,1,καλέσματα,2026-05-25T12:50:24.388Z
39,2b5c0846-a850-48b5-8467-b6e736bc5a6a,"birds,",el,word,1,"πουλιά,",2026-05-25T12:50:26.323Z
39,2b5c0846-a850-48b5-8467-b6e736bc5a6a,hindering,el,word,1,εμποδίζοντας,2026-05-25T12:50:27.078Z
39,2b5c0846-a850-48b5-8467-b6e736bc5a6a,ability,el,word,1,ικανότητα,2026-05-25T12:50:28.101Z
39,2b5c0846-a850-48b5-8467-b6e736bc5a6a,hunt,el,word,1,κυνηγούν,2026-05-25T12:50:29.077Z
39,2b5c0846-a850-48b5-8467-b6e736bc5a6a,food,el,word,1,τροφή,2026-05-25T12:50:29.744Z
39,2b5c0846-a850-48b5-8467-b6e736bc5a6a,longer,el,word,1,πια,2026-05-25T12:50:36.890Z
39,2b5c0846-a850-48b5-8467-b6e736bc5a6a,"Oregon,",el,word,2,"Όρεγκον,",2026-05-25T12:50:54.092Z
39,2b5c0846-a850-48b5-8467-b6e736bc5a6a,studies,el,word,1,μελέτες,2026-05-25T12:50:39.986Z
39,2b5c0846-a850-48b5-8467-b6e736bc5a6a,said,el,word,1,είπε,2026-05-25T12:50:40.401Z
39,2b5c0846-a850-48b5-8467-b6e736bc5a6a,effects,el,word,3,επιπτώσεις,2026-05-25T12:50:55.563Z
39,2b5c0846-a850-48b5-8467-b6e736bc5a6a,avian,el,word,1,πτηνών,2026-05-25T12:50:42.049Z
39,2b5c0846-a850-48b5-8467-b6e736bc5a6a,behavioral,el,word,2,συμπεριφορά,2026-05-25T12:50:50.858Z
39,2b5c0846-a850-48b5-8467-b6e736bc5a6a,ecologist,el,word,1,οικολόγος,2026-05-25T12:50:44.085Z
39,2b5c0846-a850-48b5-8467-b6e736bc5a6a,sing,el,word,1,τραγουδούν,2026-05-25T12:50:46.346Z
39,2b5c0846-a850-48b5-8467-b6e736bc5a6a,area,el,word,2,περιοχή,2026-05-25T12:51:00.676Z
39,2b5c0846-a850-48b5-8467-b6e736bc5a6a,Christopher,el,word,1,Christopher,2026-05-25T12:50:51.414Z
39,2b5c0846-a850-48b5-8467-b6e736bc5a6a,Templeton,el,word,2,Templeton,2026-05-25T12:50:52.682Z
39,2b5c0846-a850-48b5-8467-b6e736bc5a6a,Europe.,el,word,1,Ευρώπη.,2026-05-25T12:50:52.565Z
39,2b5c0846-a850-48b5-8467-b6e736bc5a6a,birds,el,word,1,πουλιά,2026-05-25T12:50:57.638Z
39,2b5c0846-a850-48b5-8467-b6e736bc5a6a,louder,el,word,1,πιο δυνατά,2026-05-25T12:50:58.070Z
39,2b5c0846-a850-48b5-8467-b6e736bc5a6a,flee,el,word,1,φεύγουν,2026-05-25T12:50:59.130Z
39,2b5c0846-a850-48b5-8467-b6e736bc5a6a,noisy,el,word,1,θορυβώδης,2026-05-25T12:51:00.076Z
39,2b5c0846-a850-48b5-8467-b6e736bc5a6a,songbirds,el,word,2,τα πουλιά,2026-05-25T12:51:11.280Z
39,2b5c0846-a850-48b5-8467-b6e736bc5a6a,benefits,el,word,2,οφέλη,2026-05-25T12:51:26.155Z
39,2b5c0846-a850-48b5-8467-b6e736bc5a6a,discovering,el,word,1,ανακαλύπτοντας,2026-05-25T12:51:02.974Z
39,2b5c0846-a850-48b5-8467-b6e736bc5a6a,"humans,",el,word,3,"ανθρώπους,",2026-05-25T12:51:27.127Z
39,2b5c0846-a850-48b5-8467-b6e736bc5a6a,elevate,el,word,4,ανυψώνουν,2026-05-25T12:51:28.607Z
39,2b5c0846-a850-48b5-8467-b6e736bc5a6a,rustling,el,word,2,συριγμός,2026-05-25T12:51:06.973Z
39,2b5c0846-a850-48b5-8467-b6e736bc5a6a,"mood,",el,word,2,"διάθεση,",2026-05-25T12:51:07.251Z
39,2b5c0846-a850-48b5-8467-b6e736bc5a6a,boost,el,word,3,ενισχύουν,2026-05-25T12:51:09.333Z
39,2b5c0846-a850-48b5-8467-b6e736bc5a6a,cognitive,el,word,4,γνωστικές,2026-05-25T12:51:57.956Z
39,2b5c0846-a850-48b5-8467-b6e736bc5a6a,warble,el,word,2,κελάηδισμα,2026-05-25T12:51:12.820Z
39,2b5c0846-a850-48b5-8467-b6e736bc5a6a,perhaps,el,word,4,ίσως,2026-05-25T12:51:30.496Z
39,2b5c0846-a850-48b5-8467-b6e736bc5a6a,enhance,el,word,2,ενισχύουν,2026-05-25T12:51:30.888Z
39,2b5c0846-a850-48b5-8467-b6e736bc5a6a,"Braasch,",el,word,2,"Braasch,",2026-05-25T12:51:31.677Z
39,2b5c0846-a850-48b5-8467-b6e736bc5a6a,Polytechnic,el,word,1,Πολυτεχνείο,2026-05-25T12:51:22.216Z
39,2b5c0846-a850-48b5-8467-b6e736bc5a6a,healing.,el,word,2,την επούλωση.,2026-05-25T12:51:27.064Z
39,2b5c0846-a850-48b5-8467-b6e736bc5a6a,reported,el,word,4,ανέφεραν,2026-05-25T12:52:22.169Z
39,2b5c0846-a850-48b5-8467-b6e736bc5a6a,"errors,""",el,word,3,"λάθη»,",2026-05-25T12:51:53.019Z
39,2b5c0846-a850-48b5-8467-b6e736bc5a6a,musicologist,el,word,1,μουσικολόγος,2026-05-25T12:51:32.451Z
39,2b5c0846-a850-48b5-8467-b6e736bc5a6a,flowing,el,word,2,ρέον,2026-05-25T12:51:38.167Z
39,2b5c0846-a850-48b5-8467-b6e736bc5a6a,mountain,el,word,2,βουνό,2026-05-25T12:51:39.012Z
39,2b5c0846-a850-48b5-8467-b6e736bc5a6a,taking,el,word,1,λαμβάνοντας,2026-05-25T12:51:34.924Z
39,2b5c0846-a850-48b5-8467-b6e736bc5a6a,tests,el,word,2,εξετάσεις,2026-05-25T12:51:42.251Z
39,2b5c0846-a850-48b5-8467-b6e736bc5a6a,performed,el,word,2,απόδοση,2026-05-25T12:51:42.421Z
39,2b5c0846-a850-48b5-8467-b6e736bc5a6a,workers,el,word,1,εργαζόμενοι,2026-05-25T12:51:36.154Z
39,2b5c0846-a850-48b5-8467-b6e736bc5a6a,feeling,el,word,3,αισθάνονται,2026-05-25T12:51:48.581Z
39,2b5c0846-a850-48b5-8467-b6e736bc5a6a,positive,el,word,1,θετικά,2026-05-25T12:51:38.911Z
39,2b5c0846-a850-48b5-8467-b6e736bc5a6a,stream,el,word,1,ρυάκι,2026-05-25T12:51:40.340Z
39,2b5c0846-a850-48b5-8467-b6e736bc5a6a,"surroundings,",el,word,2,"περιβάλλον,",2026-05-25T12:51:45.567Z
39,2b5c0846-a850-48b5-8467-b6e736bc5a6a,compared,el,word,2,σε σύγκριση,2026-05-25T12:51:51.233Z
39,2b5c0846-a850-48b5-8467-b6e736bc5a6a,"better,",el,word,1,"καλύτερα,",2026-05-25T12:51:42.737Z
39,2b5c0846-a850-48b5-8467-b6e736bc5a6a,listened,el,word,6,άκουσαν,2026-05-25T12:54:25.624Z
39,2b5c0846-a850-48b5-8467-b6e736bc5a6a,office,el,word,1,γραφείο,2026-05-25T12:51:48.168Z
39,2b5c0846-a850-48b5-8467-b6e736bc5a6a,recording,el,word,3,ηχογράφηση,2026-05-25T12:52:10.519Z
39,2b5c0846-a850-48b5-8467-b6e736bc5a6a,white,el,word,1,λευκό,2026-05-25T12:51:50.432Z
39,2b5c0846-a850-48b5-8467-b6e736bc5a6a,noise.,el,word,1,θόρυβο.,2026-05-25T12:51:50.868Z
39,2b5c0846-a850-48b5-8467-b6e736bc5a6a,patient,el,word,1,υπομονετικοί,2026-05-25T12:51:51.979Z
39,2b5c0846-a850-48b5-8467-b6e736bc5a6a,avoided,el,word,1,απέφυγαν,2026-05-25T12:51:52.411Z
39,2b5c0846-a850-48b5-8467-b6e736bc5a6a,disturbing,el,word,4,ανατριχιαστικό,2026-05-25T12:52:07.943Z
39,2b5c0846-a850-48b5-8467-b6e736bc5a6a,restorative,el,word,1,αναζωογονητική,2026-05-25T12:51:56.891Z
39,2b5c0846-a850-48b5-8467-b6e736bc5a6a,nature,el,word,1,φύση,2026-05-25T12:51:59.085Z
39,2b5c0846-a850-48b5-8467-b6e736bc5a6a,Pennsylvania,el,word,1,Πενσυλβάνια,2026-05-25T12:51:59.664Z
39,2b5c0846-a850-48b5-8467-b6e736bc5a6a,psychologists.,el,word,1,ψυχολόγοι.,2026-05-25T12:52:00.941Z
39,2b5c0846-a850-48b5-8467-b6e736bc5a6a,stress,el,word,1,στρες,2026-05-25T12:52:01.784Z
39,2b5c0846-a850-48b5-8467-b6e736bc5a6a,quickly,el,word,5,γρήγορα,2026-05-25T12:52:13.378Z
39,2b5c0846-a850-48b5-8467-b6e736bc5a6a,video,el,word,1,βίντεο,2026-05-25T12:52:03.696Z
39,2b5c0846-a850-48b5-8467-b6e736bc5a6a,surgery.,el,word,3,χειρουργική επέμβαση.,2026-05-25T12:52:09.214Z
39,2b5c0846-a850-48b5-8467-b6e736bc5a6a,recovered,el,word,2,ανακτήθηκαν,2026-05-25T12:52:11.507Z
39,2b5c0846-a850-48b5-8467-b6e736bc5a6a,mood,el,word,1,διάθεση,2026-05-25T12:52:07.946Z
39,2b5c0846-a850-48b5-8467-b6e736bc5a6a,human-made,el,word,3,ανθρωπογενείς,2026-05-25T12:52:16.359Z
39,2b5c0846-a850-48b5-8467-b6e736bc5a6a,good,el,word,1,καλή,2026-05-25T12:52:12.381Z
39,2b5c0846-a850-48b5-8467-b6e736bc5a6a,"sounds,",el,word,2,"ήχους,",2026-05-25T12:52:17.217Z
39,2b5c0846-a850-48b5-8467-b6e736bc5a6a,voices,el,word,2,φωνές,2026-05-25T12:52:17.761Z
39,2b5c0846-a850-48b5-8467-b6e736bc5a6a,added,el,word,3,προστέθηκε,2026-05-25T12:54:28.225Z
39,2b5c0846-a850-48b5-8467-b6e736bc5a6a,tape,el,word,1,κασέτα,2026-05-25T12:52:14.657Z
39,2b5c0846-a850-48b5-8467-b6e736bc5a6a,"cars,",el,word,2,"αυτοκίνητα,",2026-05-25T12:52:31.054Z
39,2b5c0846-a850-48b5-8467-b6e736bc5a6a,State,el,word,1,Πολιτεία,2026-05-25T12:54:24.167Z
40,e7e0b7a9-33be-4839-9dfb-b760e83d1b67,front,el,word,2,μπροστά,2026-05-25T13:05:50.749Z
40,e7e0b7a9-33be-4839-9dfb-b760e83d1b67,"movements,",el,word,2,"κινήσεις,",2026-05-25T13:05:50.079Z
40,e7e0b7a9-33be-4839-9dfb-b760e83d1b67,checked,el,word,1,ελέγχθηκε,2026-05-25T13:05:50.181Z
40,e7e0b7a9-33be-4839-9dfb-b760e83d1b67,detects,el,word,1,ανιχνεύει,2026-05-25T13:05:51.373Z
40,e7e0b7a9-33be-4839-9dfb-b760e83d1b67,accurately,el,word,3,με ακρίβεια,2026-05-25T13:08:28.309Z
40,e7e0b7a9-33be-4839-9dfb-b760e83d1b67,system,el,word,6,σύστημα,2026-05-25T13:07:34.426Z
40,e7e0b7a9-33be-4839-9dfb-b760e83d1b67,still,el,word,2,ακόμα,2026-05-25T13:06:07.413Z
40,e7e0b7a9-33be-4839-9dfb-b760e83d1b67,distance,el,word,3,απόσταση,2026-05-25T13:08:35.172Z
40,e7e0b7a9-33be-4839-9dfb-b760e83d1b67,reduced.,el,word,1,μειωθεί.,2026-05-25T13:07:03.251Z
40,e7e0b7a9-33be-4839-9dfb-b760e83d1b67,experiment,el,word,5,πείραμα,2026-05-25T13:08:15.805Z
40,e7e0b7a9-33be-4839-9dfb-b760e83d1b67,beside,el,word,2,δίπλα,2026-05-25T13:08:38.498Z
40,e7e0b7a9-33be-4839-9dfb-b760e83d1b67,begins.,el,word,2,ξεκινά.,2026-05-25T13:08:37.017Z
40,e7e0b7a9-33be-4839-9dfb-b760e83d1b67,slightly,el,word,1,ελαφρώς,2026-05-25T13:07:58.757Z
40,e7e0b7a9-33be-4839-9dfb-b760e83d1b67,university,el,word,1,πανεπιστήμιο,2026-05-25T13:08:15.666Z
40,e7e0b7a9-33be-4839-9dfb-b760e83d1b67,"chair,",el,word,1,"καρέκλα,",2026-05-25T13:08:15.689Z
40,e7e0b7a9-33be-4839-9dfb-b760e83d1b67,comfortable,el,word,1,άνετο,2026-05-25T13:08:15.784Z
40,e7e0b7a9-33be-4839-9dfb-b760e83d1b67,becomes,el,word,1,γίνεται,2026-05-25T13:08:22.382Z
40,e7e0b7a9-33be-4839-9dfb-b760e83d1b67,easier,el,word,1,ευκολότερο,2026-05-25T13:08:33.082Z
40,f2c37069-5b78-4178-8fa8-863323890410,anywhere,el,word,1,οπουδήποτε,2026-05-25T13:09:37.297Z
40,f2c37069-5b78-4178-8fa8-863323890410,precipitation.,el,word,1,βροχοπτώσεις.,2026-05-25T13:10:13.406Z
40,f2c37069-5b78-4178-8fa8-863323890410,temperate,el,word,1,εύκρατο,2026-05-25T13:10:30.265Z
40,f2c37069-5b78-4178-8fa8-863323890410,climates,el,word,1,κλίματα,2026-05-25T13:10:47.095Z
40,f2c37069-5b78-4178-8fa8-863323890410,"rainforests,",el,word,1,"τα τροπικά δάση,",2026-05-25T13:11:15.483Z
40,f2c37069-5b78-4178-8fa8-863323890410,hindquarters,el,word,1,οπίσθια άκρα,2026-05-25T13:11:19.624Z
40,f2c37069-5b78-4178-8fa8-863323890410,"giraffe,",el,word,1,"καμηλοπάρδαλη,",2026-05-25T13:11:22.811Z
40,f2c37069-5b78-4178-8fa8-863323890410,misnomer,el,word,2,ακατάλληλη ονομασία,2026-05-25T13:11:57.386Z
40,f2c37069-5b78-4178-8fa8-863323890410,rainforest,el,word,2,τροπικό δάσος,2026-05-25T13:12:01.007Z
40,f2c37069-5b78-4178-8fa8-863323890410,spiders,el,word,1,αράχνες,2026-05-25T13:12:03.826Z
40,f2c37069-5b78-4178-8fa8-863323890410,"close,",el,word,1,"κοντά,",2026-05-25T13:12:12.883Z
40,f2c37069-5b78-4178-8fa8-863323890410,endemic,el,word,1,ενδημικά,2026-05-25T13:12:18.502Z
40,f2c37069-5b78-4178-8fa8-863323890410,species,el,word,2,είδη,2026-05-25T13:13:01.840Z
40,d1280697-9b46-49b5-93a2-7bb5fae5f23d,chocolate,el,word,2,σοκολάτα,2026-05-25T13:20:30.406Z
40,d1280697-9b46-49b5-93a2-7bb5fae5f23d,"indulge,",el,word,1,"αφεθείτε,",2026-05-25T13:17:47.645Z
40,d1280697-9b46-49b5-93a2-7bb5fae5f23d,"Equator,",el,word,1,"Ισημερινός,",2026-05-25T13:17:59.531Z
40,d1280697-9b46-49b5-93a2-7bb5fae5f23d,cacao,el,word,1,κακάο,2026-05-25T13:18:05.283Z
40,d1280697-9b46-49b5-93a2-7bb5fae5f23d,adhere,el,word,1,να τηρεί,2026-05-25T13:19:41.652Z
40,d1280697-9b46-49b5-93a2-7bb5fae5f23d,communities,el,word,1,κοινότητες,2026-05-25T13:20:39.891Z
41,3947a4d6-4862-4a2a-b3b4-de38d32706ca,"movements,",el,word,2,"κινήσεις,",2026-05-25T13:37:15.430Z
41,3947a4d6-4862-4a2a-b3b4-de38d32706ca,still,el,word,2,ακόμα,2026-05-25T13:37:21.418Z
41,3947a4d6-4862-4a2a-b3b4-de38d32706ca,reduced.,el,word,6,μειωθεί.,2026-05-25T13:38:07.845Z
41,3947a4d6-4862-4a2a-b3b4-de38d32706ca,larges,el,word,3,μεγάλα,2026-05-25T13:37:17.180Z
41,3947a4d6-4862-4a2a-b3b4-de38d32706ca,f-,el,word,3,στ-,2026-05-25T13:37:17.690Z
41,3947a4d6-4862-4a2a-b3b4-de38d32706ca,detects,el,word,5,ανιχνεύει,2026-05-25T13:38:02.646Z
41,3947a4d6-4862-4a2a-b3b4-de38d32706ca,system,el,word,6,σύστημα,2026-05-25T13:38:01.925Z
41,3947a4d6-4862-4a2a-b3b4-de38d32706ca,next,el,word,3,επόμενο,2026-05-25T13:37:24.228Z
41,3947a4d6-4862-4a2a-b3b4-de38d32706ca,"section,",el,word,2,"ενότητα,",2026-05-25T13:37:46.158Z
41,3947a4d6-4862-4a2a-b3b4-de38d32706ca,fixations,el,word,5,σταθεροποιήσεις,2026-05-25T13:38:44.482Z
41,3947a4d6-4862-4a2a-b3b4-de38d32706ca,text,el,word,1,κείμενο,2026-05-25T13:37:26.022Z
41,3947a4d6-4862-4a2a-b3b4-de38d32706ca,accurately,el,word,4,με ακρίβεια,2026-05-25T13:38:33.365Z
41,3947a4d6-4862-4a2a-b3b4-de38d32706ca,neighboring,el,word,3,γειτονικά,2026-05-25T13:38:09.498Z
41,3947a4d6-4862-4a2a-b3b4-de38d32706ca,distance,el,word,4,απόσταση,2026-05-25T13:38:46.719Z
41,3947a4d6-4862-4a2a-b3b4-de38d32706ca,beside,el,word,3,δίπλα,2026-05-25T13:38:40.341Z
41,3947a4d6-4862-4a2a-b3b4-de38d32706ca,letters,el,word,3,γράμματα,2026-05-25T13:38:09.810Z
41,3947a4d6-4862-4a2a-b3b4-de38d32706ca,gaze,el,word,2,βλέμμα,2026-05-25T13:37:41.982Z
41,3947a4d6-4862-4a2a-b3b4-de38d32706ca,appears,el,word,2,φαίνεται,2026-05-25T13:38:38.193Z
41,3947a4d6-4862-4a2a-b3b4-de38d32706ca,researcher,el,word,2,ερευνητής,2026-05-25T13:38:37.111Z
41,3947a4d6-4862-4a2a-b3b4-de38d32706ca,experiment,el,word,5,πείραμα,2026-05-25T13:39:41.362Z
41,3947a4d6-4862-4a2a-b3b4-de38d32706ca,begins.,el,word,4,ξεκινά.,2026-05-25T13:38:43.108Z
41,3947a4d6-4862-4a2a-b3b4-de38d32706ca,validation,el,word,1,επικύρωση,2026-05-25T13:37:39.472Z
41,3947a4d6-4862-4a2a-b3b4-de38d32706ca,points,el,word,1,σημεία,2026-05-25T13:37:43.811Z
41,3947a4d6-4862-4a2a-b3b4-de38d32706ca,real,el,word,3,πραγματικό,2026-05-25T13:38:38.811Z
41,3947a4d6-4862-4a2a-b3b4-de38d32706ca,becomes,el,word,3,γίνεται,2026-05-25T13:38:30.945Z
41,3947a4d6-4862-4a2a-b3b4-de38d32706ca,Paragraph,el,word,2,Παράγραφος,2026-05-25T13:37:58.486Z
41,3947a4d6-4862-4a2a-b3b4-de38d32706ca,makes,el,word,1,κάνει,2026-05-25T13:38:00.585Z
41,3947a4d6-4862-4a2a-b3b4-de38d32706ca,see,el,word,2,βλέπε,2026-05-25T13:38:01.407Z
41,3947a4d6-4862-4a2a-b3b4-de38d32706ca,whether,el,word,2,αν,2026-05-25T13:38:01.445Z
41,3947a4d6-4862-4a2a-b3b4-de38d32706ca,followed,el,word,1,ακολουθούσε,2026-05-25T13:38:28.296Z
41,3947a4d6-4862-4a2a-b3b4-de38d32706ca,features,el,word,3,χαρακτηριστικά,2026-05-25T13:38:52.014Z
41,3947a4d6-4862-4a2a-b3b4-de38d32706ca,help,el,word,3,βοήθεια,2026-05-25T13:38:48.745Z
41,3947a4d6-4862-4a2a-b3b4-de38d32706ca,fonts.,el,word,2,γραμματοσειρές.,2026-05-25T13:38:49.709Z
41,3947a4d6-4862-4a2a-b3b4-de38d32706ca,letter,el,word,1,γράμμα,2026-05-25T13:38:50.601Z
41,3947a4d6-4862-4a2a-b3b4-de38d32706ca,across,el,word,2,σε όλες,2026-05-25T13:38:52.146Z
41,13bc6b94-8791-4212-a001-ab763d578bed,understand,el,word,1,κατανοήσουν,2026-05-25T13:41:11.960Z
41,13bc6b94-8791-4212-a001-ab763d578bed,pollinate,el,word,6,επικονίαση,2026-05-25T13:42:17.444Z
41,13bc6b94-8791-4212-a001-ab763d578bed,bee,el,word,1,μέλισσα,2026-05-25T13:42:05.035Z
41,13bc6b94-8791-4212-a001-ab763d578bed,pollination.,el,word,4,επικονίαση.,2026-05-25T13:42:16.302Z
41,13bc6b94-8791-4212-a001-ab763d578bed,development,el,word,1,ανάπτυξη,2026-05-25T13:42:50.249Z
41,13bc6b94-8791-4212-a001-ab763d578bed,species-other,el,word,5,είδη - άλλα,2026-05-25T13:47:34.851Z
41,13bc6b94-8791-4212-a001-ab763d578bed,"larkspur,",el,word,1,"λαρκσπούρ,",2026-05-25T13:44:07.563Z
41,13bc6b94-8791-4212-a001-ab763d578bed,larkspurs-to,el,word,1,λαρκσπούρ-για,2026-05-25T13:44:16.624Z
41,13bc6b94-8791-4212-a001-ab763d578bed,"biodiversity,",el,word,1,"βιοποικιλότητα,",2026-05-25T13:44:32.753Z
41,13bc6b94-8791-4212-a001-ab763d578bed,imperative,el,word,1,απαραίτητο,2026-05-25T13:45:24.925Z
41,13bc6b94-8791-4212-a001-ab763d578bed,survival,el,word,1,επιβίωση,2026-05-25T13:45:28.203Z
41,13bc6b94-8791-4212-a001-ab763d578bed,demands,el,word,1,απαιτήσεις,2026-05-25T13:45:43.161Z
41,13bc6b94-8791-4212-a001-ab763d578bed,"""Habitat",el,word,1,«Βιότοπος,2026-05-25T13:45:45.944Z
41,13bc6b94-8791-4212-a001-ab763d578bed,remaining,el,word,5,παραμένοντας,2026-05-25T13:47:37.582Z
41,13bc6b94-8791-4212-a001-ab763d578bed,importance,el,word,6,σημασία,2026-05-25T13:47:58.611Z
41,13bc6b94-8791-4212-a001-ab763d578bed,effects,el,word,1,αποτελέσματα,2026-05-25T13:46:12.966Z
41,13bc6b94-8791-4212-a001-ab763d578bed,example,el,word,2,παράδειγμα,2026-05-25T13:47:05.292Z
41,13bc6b94-8791-4212-a001-ab763d578bed,one,el,word,1,ένα,2026-05-25T13:48:03.889Z
41,ac7aa0d3-321e-40e2-a7a8-2b9a80dd3d75,insignia,el,word,1,διακριτικά,2026-05-25T13:50:24.426Z
41,ac7aa0d3-321e-40e2-a7a8-2b9a80dd3d75,"Morgenthau,",el,word,1,"Μόργκενταου,",2026-05-25T13:50:52.196Z
41,ac7aa0d3-321e-40e2-a7a8-2b9a80dd3d75,devoted,el,word,1,αφιερωμένοι,2026-05-25T13:51:29.317Z
41,ac7aa0d3-321e-40e2-a7a8-2b9a80dd3d75,Army,el,word,2,Στρατός,2026-05-25T13:52:14.627Z
41,ac7aa0d3-321e-40e2-a7a8-2b9a80dd3d75,patch.,el,word,1,εμβλήμα.,2026-05-25T13:52:14.766Z
41,ac7aa0d3-321e-40e2-a7a8-2b9a80dd3d75,unit,el,word,2,μονάδα,2026-05-25T13:52:15.113Z
41,ac7aa0d3-321e-40e2-a7a8-2b9a80dd3d75,often,el,word,2,συχνά,2026-05-25T13:52:15.060Z
41,ac7aa0d3-321e-40e2-a7a8-2b9a80dd3d75,drawings,el,word,1,σχέδια,2026-05-25T13:52:15.163Z
41,ac7aa0d3-321e-40e2-a7a8-2b9a80dd3d75,landing.,el,word,2,προσγείωση.,2026-05-25T13:52:15.260Z
41,ac7aa0d3-321e-40e2-a7a8-2b9a80dd3d75,designed,el,word,1,σχεδιασμένη,2026-05-25T13:52:15.298Z
41,ac7aa0d3-321e-40e2-a7a8-2b9a80dd3d75,depicts,el,word,1,απεικονίζει,2026-05-25T13:52:16.634Z
41,ac7aa0d3-321e-40e2-a7a8-2b9a80dd3d75,"""Fifinella,""",el,word,1,"«Fifinella»,",2026-05-25T13:52:21.301Z
41,ac7aa0d3-321e-40e2-a7a8-2b9a80dd3d75,embellished,el,word,1,διακόσμησε,2026-05-25T13:52:27.323Z
41,ac7aa0d3-321e-40e2-a7a8-2b9a80dd3d75,esprit-de-corps.,el,word,1,το ομαδικό πνεύμα.,2026-05-25T13:52:38.453Z
41,ac7aa0d3-321e-40e2-a7a8-2b9a80dd3d75,adorned,el,word,1,στολίζονταν,2026-05-25T13:53:01.847Z
41,ac7aa0d3-321e-40e2-a7a8-2b9a80dd3d75,manuscripts,el,word,1,χειρόγραφα,2026-05-25T13:53:30.650Z
42,b262caed-666f-4dd0-8568-288cbdcbc2ef,appears,el,word,2,φαίνεται,2026-05-25T14:06:01.025Z
42,b262caed-666f-4dd0-8568-288cbdcbc2ef,letter,el,word,3,γράμμα,2026-05-25T14:04:54.789Z
42,b262caed-666f-4dd0-8568-288cbdcbc2ef,beside,el,word,5,δίπλα,2026-05-25T14:06:10.748Z
42,b262caed-666f-4dd0-8568-288cbdcbc2ef,larger,el,word,1,μεγαλύτερη,2026-05-25T14:04:57.163Z
42,b262caed-666f-4dd0-8568-288cbdcbc2ef,Paragraph,el,word,8,Παράγραφος,2026-05-25T14:06:16.558Z
42,b262caed-666f-4dd0-8568-288cbdcbc2ef,text,el,word,2,κείμενο,2026-05-25T14:05:55.380Z
42,b262caed-666f-4dd0-8568-288cbdcbc2ef,becomes,el,word,3,γίνεται,2026-05-25T14:05:40.463Z
42,b262caed-666f-4dd0-8568-288cbdcbc2ef,whether,el,word,1,αν,2026-05-25T14:05:00.258Z
42,b262caed-666f-4dd0-8568-288cbdcbc2ef,detects,el,word,3,ανιχνεύει,2026-05-25T14:06:07.951Z
42,b262caed-666f-4dd0-8568-288cbdcbc2ef,"words,",el,word,1,"λέξεις,",2026-05-25T14:05:04.987Z
42,b262caed-666f-4dd0-8568-288cbdcbc2ef,neighboring,el,word,2,γειτονικά,2026-05-25T14:06:02.458Z
42,b262caed-666f-4dd0-8568-288cbdcbc2ef,adjust,el,word,3,προσαρμόζω,2026-05-25T14:06:13.087Z
42,b262caed-666f-4dd0-8568-288cbdcbc2ef,relevant,el,word,1,σχετικές,2026-05-25T14:05:06.265Z
42,b262caed-666f-4dd0-8568-288cbdcbc2ef,settings,el,word,2,ρυθμίσεις,2026-05-25T14:06:03.831Z
42,b262caed-666f-4dd0-8568-288cbdcbc2ef,begins.,el,word,4,ξεκινά.,2026-05-25T14:06:51.844Z
42,b262caed-666f-4dd0-8568-288cbdcbc2ef,continuous,el,word,1,συνεχής,2026-05-25T14:05:13.221Z
42,b262caed-666f-4dd0-8568-288cbdcbc2ef,fixations,el,word,2,σταθεροποιήσεις,2026-05-25T14:06:56.042Z
42,b262caed-666f-4dd0-8568-288cbdcbc2ef,comfortable,el,word,1,άνετο,2026-05-25T14:05:26.665Z
42,b262caed-666f-4dd0-8568-288cbdcbc2ef,"naturally,",el,word,1,"φυσικά,",2026-05-25T14:05:26.676Z
42,b262caed-666f-4dd0-8568-288cbdcbc2ef,followed,el,word,2,ακολουθούσε,2026-05-25T14:05:52.692Z
42,b262caed-666f-4dd0-8568-288cbdcbc2ef,features,el,word,3,χαρακτηριστικά,2026-05-25T14:05:34.932Z
42,b262caed-666f-4dd0-8568-288cbdcbc2ef,fonts.,el,word,2,γραμματοσειρές.,2026-05-25T14:05:52.796Z
42,b262caed-666f-4dd0-8568-288cbdcbc2ef,uses,el,word,1,χρησιμοποιεί,2026-05-25T14:05:34.999Z
42,b262caed-666f-4dd0-8568-288cbdcbc2ef,final,el,word,2,τελική,2026-05-25T14:05:53.180Z
42,b262caed-666f-4dd0-8568-288cbdcbc2ef,Helvetica,el,word,1,Helvetica,2026-05-25T14:05:39.723Z
42,b262caed-666f-4dd0-8568-288cbdcbc2ef,makes,el,word,1,κάνει,2026-05-25T14:05:40.999Z
42,b262caed-666f-4dd0-8568-288cbdcbc2ef,"section,",el,word,1,"ενότητα,",2026-05-25T14:05:42.486Z
42,b262caed-666f-4dd0-8568-288cbdcbc2ef,system,el,word,2,σύστημα,2026-05-25T14:06:12.933Z
42,b262caed-666f-4dd0-8568-288cbdcbc2ef,reduced.,el,word,5,μειωθεί.,2026-05-25T14:06:13.326Z
42,b262caed-666f-4dd0-8568-288cbdcbc2ef,still,el,word,1,ακόμα,2026-05-25T14:05:45.478Z
42,b262caed-666f-4dd0-8568-288cbdcbc2ef,distance,el,word,2,απόσταση,2026-05-25T14:06:10.961Z
42,b262caed-666f-4dd0-8568-288cbdcbc2ef,next,el,word,1,επόμενο,2026-05-25T14:05:55.025Z
42,b262caed-666f-4dd0-8568-288cbdcbc2ef,experiment,el,word,1,πείραμα,2026-05-25T14:06:04.599Z
42,b262caed-666f-4dd0-8568-288cbdcbc2ef,checked,el,word,6,ελέγχθηκε,2026-05-25T14:06:15.622Z
42,b262caed-666f-4dd0-8568-288cbdcbc2ef,"movements,",el,word,3,"κινήσεις,",2026-05-25T14:06:15.126Z
42,b262caed-666f-4dd0-8568-288cbdcbc2ef,text.,el,word,1,κείμενο.,2026-05-25T14:06:13.763Z
42,b262caed-666f-4dd0-8568-288cbdcbc2ef,front,el,word,2,μπροστά,2026-05-25T14:06:15.032Z
42,b262caed-666f-4dd0-8568-288cbdcbc2ef,quiet,el,word,3,ήσυχο,2026-05-25T14:06:14.971Z
42,b262caed-666f-4dd0-8568-288cbdcbc2ef,paragraph,el,word,5,παράγραφος,2026-05-25T14:06:20.162Z
42,b262caed-666f-4dd0-8568-288cbdcbc2ef,tracking,el,word,1,απόσταση μεταξύ γραμμάτων,2026-05-25T14:06:18.407Z
42,b262caed-666f-4dd0-8568-288cbdcbc2ef,wider,el,word,1,ευρύτερο,2026-05-25T14:06:19.472Z
42,b262caed-666f-4dd0-8568-288cbdcbc2ef,.,el,word,1,.,2026-05-25T14:06:20.608Z
42,b262caed-666f-4dd0-8568-288cbdcbc2ef,shapes,el,word,1,σχήματα,2026-05-25T14:06:21.338Z
42,c585091d-bdf6-4405-a299-93f33d1764b6,traffic,el,word,3,κυκλοφορία,2026-05-25T14:11:46.446Z
42,c585091d-bdf6-4405-a299-93f33d1764b6,Drown,el,word,1,Πνίγουν,2026-05-25T14:11:46.644Z
43,42007f6d-a0d5-4f06-83a5-04329f21cc10,checked,el,word,1,ελέγχθηκε,2026-05-25T14:44:12.179Z
43,42007f6d-a0d5-4f06-83a5-04329f21cc10,continuous,el,word,1,συνεχής,2026-05-25T14:44:12.672Z
43,42007f6d-a0d5-4f06-83a5-04329f21cc10,appears,el,word,3,φαίνεται,2026-05-25T14:44:33.175Z
43,42007f6d-a0d5-4f06-83a5-04329f21cc10,reading,el,word,1,ανάγνωση,2026-05-25T14:44:12.869Z
43,42007f6d-a0d5-4f06-83a5-04329f21cc10,normal,el,word,1,κανονικό,2026-05-25T14:44:12.993Z
43,42007f6d-a0d5-4f06-83a5-04329f21cc10,gaze,el,word,2,βλέμμα,2026-05-25T14:44:28.891Z
43,42007f6d-a0d5-4f06-83a5-04329f21cc10,experiment,el,word,4,πείραμα,2026-05-25T14:44:34.666Z
43,42007f6d-a0d5-4f06-83a5-04329f21cc10,uses,el,word,1,χρησιμοποιεί,2026-05-25T14:44:17.362Z
43,42007f6d-a0d5-4f06-83a5-04329f21cc10,fixations,el,word,5,σταθεροποιήσεις,2026-05-25T14:44:53.130Z
43,42007f6d-a0d5-4f06-83a5-04329f21cc10,still,el,word,2,ακόμα,2026-05-25T14:44:25.045Z
43,42007f6d-a0d5-4f06-83a5-04329f21cc10,system,el,word,2,σύστημα,2026-05-25T14:44:24.939Z
43,42007f6d-a0d5-4f06-83a5-04329f21cc10,next,el,word,1,επόμενο,2026-05-25T14:44:20.161Z
43,42007f6d-a0d5-4f06-83a5-04329f21cc10,"section,",el,word,2,"ενότητα,",2026-05-25T14:44:53.069Z
43,42007f6d-a0d5-4f06-83a5-04329f21cc10,text,el,word,1,κείμενο,2026-05-25T14:44:22.305Z
43,42007f6d-a0d5-4f06-83a5-04329f21cc10,accurately,el,word,2,με ακρίβεια,2026-05-25T14:44:26.056Z
43,42007f6d-a0d5-4f06-83a5-04329f21cc10,becomes,el,word,1,γίνεται,2026-05-25T14:44:22.735Z
43,42007f6d-a0d5-4f06-83a5-04329f21cc10,smaller.,el,word,1,μικρότερο.,2026-05-25T14:44:22.982Z
43,42007f6d-a0d5-4f06-83a5-04329f21cc10,distance,el,word,3,απόσταση,2026-05-25T14:45:27.269Z
43,42007f6d-a0d5-4f06-83a5-04329f21cc10,easier,el,word,1,ευκολότερο,2026-05-25T14:44:23.760Z
43,42007f6d-a0d5-4f06-83a5-04329f21cc10,whether,el,word,2,αν,2026-05-25T14:44:48.396Z
43,42007f6d-a0d5-4f06-83a5-04329f21cc10,detects,el,word,1,ανιχνεύει,2026-05-25T14:44:25.168Z
43,42007f6d-a0d5-4f06-83a5-04329f21cc10,neighboring,el,word,1,γειτονικά,2026-05-25T14:44:27.377Z
43,42007f6d-a0d5-4f06-83a5-04329f21cc10,letters,el,word,2,γράμματα,2026-05-25T14:45:40.967Z
43,42007f6d-a0d5-4f06-83a5-04329f21cc10,reduced.,el,word,1,μειωθεί.,2026-05-25T14:44:28.355Z
43,42007f6d-a0d5-4f06-83a5-04329f21cc10,slightly,el,word,2,ελαφρώς,2026-05-25T14:44:39.285Z
43,42007f6d-a0d5-4f06-83a5-04329f21cc10,beside,el,word,1,δίπλα,2026-05-25T14:44:30.651Z
43,42007f6d-a0d5-4f06-83a5-04329f21cc10,"words,",el,word,1,"λέξεις,",2026-05-25T14:44:31.167Z
43,42007f6d-a0d5-4f06-83a5-04329f21cc10,researcher,el,word,1,ερευνητής,2026-05-25T14:44:31.456Z
43,42007f6d-a0d5-4f06-83a5-04329f21cc10,adjust,el,word,1,προσαρμόζω,2026-05-25T14:44:32.360Z
43,42007f6d-a0d5-4f06-83a5-04329f21cc10,relevant,el,word,1,σχετικές,2026-05-25T14:44:32.620Z
43,42007f6d-a0d5-4f06-83a5-04329f21cc10,settings,el,word,1,ρυθμίσεις,2026-05-25T14:44:32.945Z
43,42007f6d-a0d5-4f06-83a5-04329f21cc10,real,el,word,1,πραγματικό,2026-05-25T14:44:33.629Z
43,42007f6d-a0d5-4f06-83a5-04329f21cc10,begins.,el,word,6,ξεκινά.,2026-05-25T14:44:54.370Z
43,42007f6d-a0d5-4f06-83a5-04329f21cc10,"movements,",el,word,1,"κινήσεις,",2026-05-25T14:44:40.259Z
43,42007f6d-a0d5-4f06-83a5-04329f21cc10,larger,el,word,4,μεγαλύτερη,2026-05-25T14:44:54.758Z
43,42007f6d-a0d5-4f06-83a5-04329f21cc10,features,el,word,1,χαρακτηριστικά,2026-05-25T14:44:44.379Z
43,42007f6d-a0d5-4f06-83a5-04329f21cc10,help,el,word,3,βοήθεια,2026-05-25T14:44:55.386Z
43,42007f6d-a0d5-4f06-83a5-04329f21cc10,reveal,el,word,2,αποκαλύπτουν,2026-05-25T14:44:54.768Z
43,42007f6d-a0d5-4f06-83a5-04329f21cc10,.,el,word,4,.,2026-05-25T14:44:54.496Z
43,42007f6d-a0d5-4f06-83a5-04329f21cc10,smooth,el,word,3,ομαλή,2026-05-25T14:44:55.169Z
43,42007f6d-a0d5-4f06-83a5-04329f21cc10,fonts.,el,word,1,γραμματοσειρές.,2026-05-25T14:44:55.279Z
43,42007f6d-a0d5-4f06-83a5-04329f21cc10,final,el,word,1,τελική,2026-05-25T14:44:56.573Z
43,42007f6d-a0d5-4f06-83a5-04329f21cc10,graph,el,word,1,graph,2026-05-25T14:44:57.069Z
43,2a4046e7-f8fc-4142-9d1d-d44a82b5db9d,United,el,word,1,Ενωμένες,2026-05-25T14:46:52.545Z
43,2a4046e7-f8fc-4142-9d1d-d44a82b5db9d,"""united",el,word,2,«ενωμένες,2026-05-25T14:46:58.260Z
43,2a4046e7-f8fc-4142-9d1d-d44a82b5db9d,"states""",el,word,2,κράτη»,2026-05-25T14:46:58.792Z
43,2a4046e7-f8fc-4142-9d1d-d44a82b5db9d,contributed,el,word,2,συνέβαλαν,2026-05-25T14:47:32.562Z
43,2a4046e7-f8fc-4142-9d1d-d44a82b5db9d,portrayed,el,word,1,απεικονίζεται,2026-05-25T14:47:32.273Z
43,2a4046e7-f8fc-4142-9d1d-d44a82b5db9d,business.,el,word,1,επιχείρηση.,2026-05-25T14:47:49.792Z
43,2a4046e7-f8fc-4142-9d1d-d44a82b5db9d,schooling,el,word,1,εκπαίδευση,2026-05-25T14:47:49.857Z
43,2a4046e7-f8fc-4142-9d1d-d44a82b5db9d,independence,el,word,1,ανεξαρτησία,2026-05-25T14:48:37.264Z
43,2a4046e7-f8fc-4142-9d1d-d44a82b5db9d,England.,el,word,1,Αγγλία.,2026-05-25T14:48:38.809Z
43,2a4046e7-f8fc-4142-9d1d-d44a82b5db9d,London.,el,word,1,Λονδίνο.,2026-05-25T14:48:42.272Z
43,2a4046e7-f8fc-4142-9d1d-d44a82b5db9d,representative,el,word,1,εκπρόσωπος,2026-05-25T14:48:49.374Z
43,2a4046e7-f8fc-4142-9d1d-d44a82b5db9d,Honest,el,word,2,Ειλικρινής,2026-05-25T14:48:51.121Z
43,2a4046e7-f8fc-4142-9d1d-d44a82b5db9d,get,el,word,1,να πάρει,2026-05-25T14:48:51.019Z
43,2a4046e7-f8fc-4142-9d1d-d44a82b5db9d,became,el,word,1,έγινε,2026-05-25T14:48:54.525Z
43,2a4046e7-f8fc-4142-9d1d-d44a82b5db9d,"Whigs""",el,word,1,«Whigs»,2026-05-25T14:48:57.314Z
43,2a4046e7-f8fc-4142-9d1d-d44a82b5db9d,activists,el,word,1,ακτιβιστές,2026-05-25T14:49:14.466Z
43,2a4046e7-f8fc-4142-9d1d-d44a82b5db9d,began,el,word,1,άρχισε,2026-05-25T14:49:19.821Z
43,2a4046e7-f8fc-4142-9d1d-d44a82b5db9d,Speaker,el,word,1,Πρόεδρος,2026-05-25T14:49:32.443Z
43,2a4046e7-f8fc-4142-9d1d-d44a82b5db9d,"colony,",el,word,2,"αποικία,",2026-05-25T14:49:38.097Z
43,2a4046e7-f8fc-4142-9d1d-d44a82b5db9d,Stamp,el,word,1,Σφραγίδα,2026-05-25T14:49:37.933Z
43,2a4046e7-f8fc-4142-9d1d-d44a82b5db9d,interests,el,word,2,συμφέροντα,2026-05-25T14:49:54.587Z
43,2a4046e7-f8fc-4142-9d1d-d44a82b5db9d,Franklin.,el,word,1,Τον Φράνκλιν.,2026-05-25T14:49:54.142Z
43,2a4046e7-f8fc-4142-9d1d-d44a82b5db9d,ounce,el,word,1,ουγγιά,2026-05-25T14:50:21.658Z
43,2a4046e7-f8fc-4142-9d1d-d44a82b5db9d,prevention,el,word,1,πρόληψη,2026-05-25T14:50:23.243Z
43,5b88f98b-0cc6-46f9-ac3a-d036afc8483c,Animals,el,word,1,Ζώα,2026-05-25T14:53:24.157Z
43,5b88f98b-0cc6-46f9-ac3a-d036afc8483c,Hemisphere,el,word,1,Ημισφαίριο,2026-05-25T14:54:00.991Z
43,5b88f98b-0cc6-46f9-ac3a-d036afc8483c,Southern,el,word,1,Νότιο,2026-05-25T14:54:06.385Z
43,5b88f98b-0cc6-46f9-ac3a-d036afc8483c,temperate,el,word,2,εύκρατο,2026-05-25T14:54:27.522Z
43,5b88f98b-0cc6-46f9-ac3a-d036afc8483c,"tropical,",el,word,1,"τροπικά,",2026-05-25T14:54:21.230Z
43,5b88f98b-0cc6-46f9-ac3a-d036afc8483c,precipitation.,el,word,1,βροχοπτώσεις.,2026-05-25T14:54:23.425Z
43,5b88f98b-0cc6-46f9-ac3a-d036afc8483c,rainforests,el,word,2,τροπικά δάση,2026-05-25T14:57:24.457Z
43,5b88f98b-0cc6-46f9-ac3a-d036afc8483c,okapi.,el,word,1,οκάπι.,2026-05-25T14:55:21.331Z
43,5b88f98b-0cc6-46f9-ac3a-d036afc8483c,beautiful,el,word,1,όμορφο,2026-05-25T14:55:21.945Z
43,5b88f98b-0cc6-46f9-ac3a-d036afc8483c,hindquarters,el,word,1,οπίσθια άκρα,2026-05-25T14:55:23.691Z
43,5b88f98b-0cc6-46f9-ac3a-d036afc8483c,Okapis,el,word,1,Οκάπι,2026-05-25T14:55:29.823Z
43,5b88f98b-0cc6-46f9-ac3a-d036afc8483c,perky,el,word,1,περήφανα,2026-05-25T14:55:30.698Z
43,5b88f98b-0cc6-46f9-ac3a-d036afc8483c,Ituri,el,word,1,Ιτούρι,2026-05-25T14:55:33.746Z
43,5b88f98b-0cc6-46f9-ac3a-d036afc8483c,rainforest,el,word,1,τροπικό δάσος,2026-05-25T14:55:36.117Z
43,5b88f98b-0cc6-46f9-ac3a-d036afc8483c,misnomer,el,word,1,απαράδεκτος όρος,2026-05-25T14:55:49.140Z
43,5b88f98b-0cc6-46f9-ac3a-d036afc8483c,endemic,el,word,1,ενδημικά,2026-05-25T14:55:56.909Z
43,5b88f98b-0cc6-46f9-ac3a-d036afc8483c,produce,el,word,1,παράγουν,2026-05-25T14:56:00.568Z
43,5b88f98b-0cc6-46f9-ac3a-d036afc8483c,Earth.,el,word,1,Γη.,2026-05-25T14:56:09.415Z
43,5b88f98b-0cc6-46f9-ac3a-d036afc8483c,surroundings,el,word,1,περιβάλλον,2026-05-25T14:56:16.056Z
43,5b88f98b-0cc6-46f9-ac3a-d036afc8483c,"""walking",el,word,1,«περπατώντας,2026-05-25T14:56:45.366Z
43,5b88f98b-0cc6-46f9-ac3a-d036afc8483c,butterflies,el,word,1,πεταλούδες,2026-05-25T14:56:56.282Z
43,5b88f98b-0cc6-46f9-ac3a-d036afc8483c,becoming,el,word,4,μετατρέπονται,2026-05-25T14:56:59.609Z
44,9a6e5268-1e50-4939-a27e-d31880b6c008,continue,el,word,1,συνέχεια,2026-05-25T15:17:24.390Z
44,9a6e5268-1e50-4939-a27e-d31880b6c008,gaze,el,word,1,βλέμμα,2026-05-25T15:17:24.629Z
44,9a6e5268-1e50-4939-a27e-d31880b6c008,settings,el,word,2,ρυθμίσεις,2026-05-25T15:18:17.187Z
44,9a6e5268-1e50-4939-a27e-d31880b6c008,appears,el,word,1,φαίνεται,2026-05-25T15:17:26.453Z
44,9a6e5268-1e50-4939-a27e-d31880b6c008,fixations,el,word,2,σταθεροποιήσεις,2026-05-25T15:18:20.082Z
44,9a6e5268-1e50-4939-a27e-d31880b6c008,comfortable,el,word,3,άνετο,2026-05-25T15:18:01.063Z
44,9a6e5268-1e50-4939-a27e-d31880b6c008,followed,el,word,3,ακολουθούσε,2026-05-25T15:18:02.415Z
44,9a6e5268-1e50-4939-a27e-d31880b6c008,smaller.,el,word,2,μικρότερο.,2026-05-25T15:17:31.089Z
44,9a6e5268-1e50-4939-a27e-d31880b6c008,left,el,word,1,αριστερά,2026-05-25T15:17:34.361Z
44,9a6e5268-1e50-4939-a27e-d31880b6c008,first,el,word,1,πρώτη,2026-05-25T15:17:35.374Z
44,9a6e5268-1e50-4939-a27e-d31880b6c008,checked,el,word,1,ελέγχθηκε,2026-05-25T15:17:46.094Z
44,9a6e5268-1e50-4939-a27e-d31880b6c008,letters,el,word,1,γράμματα,2026-05-25T15:17:49.137Z
44,9a6e5268-1e50-4939-a27e-d31880b6c008,whether,el,word,1,αν,2026-05-25T15:17:49.297Z
44,9a6e5268-1e50-4939-a27e-d31880b6c008,reduced.,el,word,1,μειωθεί.,2026-05-25T15:17:52.368Z
44,9a6e5268-1e50-4939-a27e-d31880b6c008,features,el,word,2,χαρακτηριστικά,2026-05-25T15:18:25.175Z
44,9a6e5268-1e50-4939-a27e-d31880b6c008,makes,el,word,2,κάνει,2026-05-25T15:17:58.356Z
44,9a6e5268-1e50-4939-a27e-d31880b6c008,distance,el,word,1,απόσταση,2026-05-25T15:17:58.329Z
44,9a6e5268-1e50-4939-a27e-d31880b6c008,points,el,word,1,σημεία,2026-05-25T15:17:58.824Z
44,9a6e5268-1e50-4939-a27e-d31880b6c008,accurately,el,word,2,με ακρίβεια,2026-05-25T15:18:07.627Z
44,9a6e5268-1e50-4939-a27e-d31880b6c008,becomes,el,word,1,γίνεται,2026-05-25T15:18:07.253Z
44,9a6e5268-1e50-4939-a27e-d31880b6c008,Paragraph,el,word,2,Παράγραφος,2026-05-25T15:18:14.821Z
44,9a6e5268-1e50-4939-a27e-d31880b6c008,experiment,el,word,1,πείραμα,2026-05-25T15:18:10.075Z
44,9a6e5268-1e50-4939-a27e-d31880b6c008,real,el,word,1,πραγματικό,2026-05-25T15:18:16.081Z
44,9a6e5268-1e50-4939-a27e-d31880b6c008,slightly,el,word,1,ελαφρώς,2026-05-25T15:18:16.625Z
44,9a6e5268-1e50-4939-a27e-d31880b6c008,paragraph,el,word,2,παράγραφος,2026-05-25T15:18:31.192Z
44,9a6e5268-1e50-4939-a27e-d31880b6c008,uses,el,word,1,χρησιμοποιεί,2026-05-25T15:18:19.330Z
44,9a6e5268-1e50-4939-a27e-d31880b6c008,larges,el,word,6,μεγάλα,2026-05-25T15:18:43.272Z
44,9a6e5268-1e50-4939-a27e-d31880b6c008,drift,el,word,2,μετατόπιση,2026-05-25T15:18:20.371Z
44,9a6e5268-1e50-4939-a27e-d31880b6c008,consistently,el,word,1,με συνέπεια,2026-05-25T15:18:20.674Z
44,9a6e5268-1e50-4939-a27e-d31880b6c008,visual,el,word,3,οπτικά,2026-05-25T15:18:38.351Z
44,9a6e5268-1e50-4939-a27e-d31880b6c008,stable,el,word,2,σταθερές,2026-05-25T15:18:21.608Z
44,9a6e5268-1e50-4939-a27e-d31880b6c008,shapes,el,word,2,σχήματα,2026-05-25T15:18:29.049Z
44,9a6e5268-1e50-4939-a27e-d31880b6c008,letter,el,word,1,γράμμα,2026-05-25T15:18:22.347Z
44,9a6e5268-1e50-4939-a27e-d31880b6c008,f-,el,word,1,στ-,2026-05-25T15:18:27.145Z
44,1d634156-b062-4155-b2fd-30771a282724,might,el,word,2,ίσως,2026-05-25T15:20:42.380Z
44,1d634156-b062-4155-b2fd-30771a282724,"Unfortunately,",el,word,3,"Δυστυχώς,",2026-05-25T15:20:40.638Z
44,1d634156-b062-4155-b2fd-30771a282724,disappearance,el,word,4,εξαφάνιση,2026-05-25T15:22:29.159Z
44,1d634156-b062-4155-b2fd-30771a282724,wonder:,el,word,1,αναρωτιόμαστε:,2026-05-25T15:20:42.929Z
44,1d634156-b062-4155-b2fd-30771a282724,matter,el,word,1,θέμα,2026-05-25T15:20:53.625Z
44,1d634156-b062-4155-b2fd-30771a282724,planet.,el,word,1,πλανήτη.,2026-05-25T15:21:00.742Z
44,1d634156-b062-4155-b2fd-30771a282724,scientific,el,word,1,επιστημονικός,2026-05-25T15:21:05.116Z
44,1d634156-b062-4155-b2fd-30771a282724,honeybees,el,word,4,μέλισσες,2026-05-25T15:22:06.597Z
44,1d634156-b062-4155-b2fd-30771a282724,"source,",el,word,1,"πηγή,",2026-05-25T15:21:08.602Z
44,1d634156-b062-4155-b2fd-30771a282724,understand,el,word,1,κατανοήσουν,2026-05-25T15:21:12.522Z
44,1d634156-b062-4155-b2fd-30771a282724,Reuters,el,word,2,Reuters,2026-05-25T15:21:15.391Z
44,1d634156-b062-4155-b2fd-30771a282724,pollination,el,word,2,επικονίαση,2026-05-25T15:21:24.780Z
44,1d634156-b062-4155-b2fd-30771a282724,Without,el,word,2,Χωρίς,2026-05-25T15:21:17.087Z
44,1d634156-b062-4155-b2fd-30771a282724,Department,el,word,2,Τμήμα,2026-05-25T15:21:19.004Z
44,1d634156-b062-4155-b2fd-30771a282724,"Hackett,",el,word,1,"Χάκετ,",2026-05-25T15:21:18.744Z
44,1d634156-b062-4155-b2fd-30771a282724,bee,el,word,2,μέλισσα,2026-05-25T15:28:32.246Z
44,1d634156-b062-4155-b2fd-30771a282724,years,el,word,1,χρόνια,2026-05-25T15:21:19.919Z
44,1d634156-b062-4155-b2fd-30771a282724,instance,el,word,1,παράδειγμα,2026-05-25T15:21:33.858Z
44,1d634156-b062-4155-b2fd-30771a282724,(CCD)-a,el,word,1,(CCD) – μια,2026-05-25T15:21:46.025Z
44,1d634156-b062-4155-b2fd-30771a282724,"pesticides,",el,word,3,"φυτοφάρμακα,",2026-05-25T15:25:38.525Z
44,1d634156-b062-4155-b2fd-30771a282724,scientists.,el,word,2,επιστήμονες.,2026-05-25T15:22:15.472Z
44,1d634156-b062-4155-b2fd-30771a282724,quantities.,el,word,3,ποσότητες.,2026-05-25T15:22:11.055Z
44,1d634156-b062-4155-b2fd-30771a282724,development,el,word,1,ανάπτυξη,2026-05-25T15:21:55.990Z
44,1d634156-b062-4155-b2fd-30771a282724,parasites,el,word,1,παράσιτα,2026-05-25T15:21:56.364Z
44,1d634156-b062-4155-b2fd-30771a282724,causes,el,word,1,αιτίες,2026-05-25T15:21:59.720Z
44,1d634156-b062-4155-b2fd-30771a282724,researchers,el,word,3,οι ερευνητές,2026-05-25T15:27:30.789Z
44,1d634156-b062-4155-b2fd-30771a282724,"pollinators,",el,word,1,"επικονιαστές,",2026-05-25T15:22:34.993Z
44,1d634156-b062-4155-b2fd-30771a282724,"scientists,",el,word,2,"επιστήμονες,",2026-05-25T15:26:19.176Z
44,1d634156-b062-4155-b2fd-30771a282724,research,el,word,2,έρευνα,2026-05-25T15:26:58.810Z
44,1d634156-b062-4155-b2fd-30771a282724,remaining,el,word,2,υπόλοιπα,2026-05-25T15:27:11.773Z
44,1d634156-b062-4155-b2fd-30771a282724,damaging,el,word,1,επιζήμια,2026-05-25T15:23:03.947Z
44,1d634156-b062-4155-b2fd-30771a282724,species-other,el,word,4,είδη - άλλα,2026-05-25T15:27:28.116Z
44,1d634156-b062-4155-b2fd-30771a282724,experiment,el,word,1,πείραμα,2026-05-25T15:23:11.576Z
44,1d634156-b062-4155-b2fd-30771a282724,"larkspur,",el,word,2,"λαρκσπούρ,",2026-05-25T15:27:30.141Z
44,1d634156-b062-4155-b2fd-30771a282724,larkspurs-to,el,word,2,λαρκσπούρ-για,2026-05-25T15:27:35.307Z
44,1d634156-b062-4155-b2fd-30771a282724,"biodiversity,",el,word,3,"βιοποικιλότητα,",2026-05-25T15:28:12.408Z
44,1d634156-b062-4155-b2fd-30771a282724,Environmental,el,word,1,Περιβάλλον,2026-05-25T15:23:45.834Z
44,1d634156-b062-4155-b2fd-30771a282724,terms,el,word,2,όροι,2026-05-25T15:24:00.771Z
44,1d634156-b062-4155-b2fd-30771a282724,collectively,el,word,3,συλλογικά,2026-05-25T15:29:15.164Z
44,1d634156-b062-4155-b2fd-30771a282724,imperative,el,word,4,απαραίτητο,2026-05-25T15:24:14.824Z
44,1d634156-b062-4155-b2fd-30771a282724,pesticide,el,word,1,φυτοφάρμακα,2026-05-25T15:24:05.040Z
44,1d634156-b062-4155-b2fd-30771a282724,improved,el,word,1,βελτιωμένες,2026-05-25T15:24:07.507Z
44,1d634156-b062-4155-b2fd-30771a282724,management,el,word,2,διαχείριση,2026-05-25T15:29:15.758Z
44,1d634156-b062-4155-b2fd-30771a282724,ensure,el,word,2,εξασφαλίζει,2026-05-25T15:24:26.252Z
44,1d634156-b062-4155-b2fd-30771a282724,statement,el,word,1,δήλωση,2026-05-25T15:24:24.997Z
44,1d634156-b062-4155-b2fd-30771a282724,food,el,word,1,τρόφιμα,2026-05-25T15:24:28.321Z
44,1d634156-b062-4155-b2fd-30771a282724,Inc.,el,word,1,Inc.,2026-05-25T15:24:29.336Z
44,1d634156-b062-4155-b2fd-30771a282724,truth,el,word,1,η αλήθεια,2026-05-25T15:24:43.693Z
44,1d634156-b062-4155-b2fd-30771a282724,massive,el,word,1,μαζική,2026-05-25T15:25:01.249Z
44,1d634156-b062-4155-b2fd-30771a282724,also,el,word,1,επίσης,2026-05-25T15:25:18.034Z
44,1d634156-b062-4155-b2fd-30771a282724,almond,el,word,1,αμύγδαλο,2026-05-25T15:25:21.425Z
44,1d634156-b062-4155-b2fd-30771a282724,die,el,word,1,πεθαίνουν,2026-05-25T15:25:25.854Z
44,1d634156-b062-4155-b2fd-30771a282724,added,el,word,1,προστέθηκε,2026-05-25T15:26:01.040Z
44,1d634156-b062-4155-b2fd-30771a282724,dangers,el,word,1,κίνδυνοι,2026-05-25T15:26:05.329Z
44,1d634156-b062-4155-b2fd-30771a282724,competition,el,word,2,ανταγωνισμός,2026-05-25T15:27:07.851Z
44,1d634156-b062-4155-b2fd-30771a282724,species,el,word,2,είδη,2026-05-25T15:26:59.683Z
44,1d634156-b062-4155-b2fd-30771a282724,completely,el,word,1,εντελώς,2026-05-25T15:27:02.972Z
44,1d634156-b062-4155-b2fd-30771a282724,pollinating,el,word,1,επικονίαση,2026-05-25T15:27:12.027Z
44,1d634156-b062-4155-b2fd-30771a282724,"Instead,",el,word,1,"Αντ' αυτού,",2026-05-25T15:27:17.571Z
44,1d634156-b062-4155-b2fd-30771a282724,continuation,el,word,3,συνέχιση,2026-05-25T15:27:58.396Z
44,1d634156-b062-4155-b2fd-30771a282724,end,el,word,1,τέλος,2026-05-25T15:27:53.326Z
44,1d634156-b062-4155-b2fd-30771a282724,"supply,",el,word,1,"προμήθεια,",2026-05-25T15:27:55.857Z
44,1d634156-b062-4155-b2fd-30771a282724,"alone,",el,word,1,"μόνο,",2026-05-25T15:27:56.850Z
44,1d634156-b062-4155-b2fd-30771a282724,particular,el,word,1,συγκεκριμένης,2026-05-25T15:28:10.247Z
44,1d634156-b062-4155-b2fd-30771a282724,highlights,el,word,1,υπογραμμίζει,2026-05-25T15:28:12.303Z
44,1d634156-b062-4155-b2fd-30771a282724,organizations,el,word,1,οργανώσεις,2026-05-25T15:28:50.979Z
44,1d634156-b062-4155-b2fd-30771a282724,"pollinators.""",el,word,1,επικονιαστές».,2026-05-25T15:28:52.553Z
44,1d634156-b062-4155-b2fd-30771a282724,enhancement...targeted,el,word,4,βελτίωση... στοχευμένη,2026-05-25T15:29:37.242Z
44,1d634156-b062-4155-b2fd-30771a282724,proposed:,el,word,1,προτεινόμενη:,2026-05-25T15:29:32.257Z
44,1d634156-b062-4155-b2fd-30771a282724,survive.,el,word,1,επιβιώσει.,2026-05-25T15:29:37.425Z
44,1d634156-b062-4155-b2fd-30771a282724,bees,el,word,1,μέλισσες,2026-05-25T15:29:37.637Z
44,1d634156-b062-4155-b2fd-30771a282724,noted,el,word,1,σημείωσαν,2026-05-25T15:30:00.958Z
44,1d634156-b062-4155-b2fd-30771a282724,"wildflower,",el,word,1,"αγριολούλουδο,",2026-05-25T15:30:07.275Z
44,1d634156-b062-4155-b2fd-30771a282724,Growing,el,word,1,Αυξανόμενη,2026-05-25T15:31:10.995Z
44,1d634156-b062-4155-b2fd-30771a282724,Loss,el,word,1,Απώλεια,2026-05-25T15:33:28.295Z
44,a329b9b7-7b2a-4d9e-8eb2-8cc9badb749e,efficient,el,word,2,αποτελεσματικός,2026-05-25T15:34:23.063Z
44,a329b9b7-7b2a-4d9e-8eb2-8cc9badb749e,Spanish,el,word,1,Ισπανικά,2026-05-25T15:34:23.081Z
44,a329b9b7-7b2a-4d9e-8eb2-8cc9badb749e,commercial,el,word,1,εμπορικό,2026-05-25T15:34:23.133Z
44,a329b9b7-7b2a-4d9e-8eb2-8cc9badb749e,markets.,el,word,1,αγορές.,2026-05-25T15:34:23.226Z
44,a329b9b7-7b2a-4d9e-8eb2-8cc9badb749e,bring,el,word,1,φέρουν,2026-05-25T15:34:23.160Z
44,a329b9b7-7b2a-4d9e-8eb2-8cc9badb749e,back,el,word,1,πίσω,2026-05-25T15:34:24.209Z
44,a329b9b7-7b2a-4d9e-8eb2-8cc9badb749e,thousands,el,word,1,χιλιάδες,2026-05-25T15:34:25.800Z
44,a329b9b7-7b2a-4d9e-8eb2-8cc9badb749e,places,el,word,1,μέρη,2026-05-25T15:34:32.709Z
44,a329b9b7-7b2a-4d9e-8eb2-8cc9badb749e,routes.,el,word,1,διαδρομές.,2026-05-25T15:34:46.826Z
44,a329b9b7-7b2a-4d9e-8eb2-8cc9badb749e,"however,",el,word,1,"ωστόσο,",2026-05-25T15:35:05.018Z
44,a329b9b7-7b2a-4d9e-8eb2-8cc9badb749e,science.,el,word,1,επιστήμη.,2026-05-25T15:35:06.652Z
44,a329b9b7-7b2a-4d9e-8eb2-8cc9badb749e,exploration,el,word,1,εξερεύνηση,2026-05-25T15:35:08.225Z
44,a329b9b7-7b2a-4d9e-8eb2-8cc9badb749e,marked,el,word,1,σηματοδότησε,2026-05-25T15:35:18.870Z
44,a329b9b7-7b2a-4d9e-8eb2-8cc9badb749e,frontier,el,word,1,όριο,2026-05-25T15:35:19.389Z
44,a329b9b7-7b2a-4d9e-8eb2-8cc9badb749e,trade,el,word,1,εμπόριο,2026-05-25T15:35:26.290Z
44,a329b9b7-7b2a-4d9e-8eb2-8cc9badb749e,"compass,",el,word,1,"πυξίδα,",2026-05-25T15:36:16.303Z
44,a329b9b7-7b2a-4d9e-8eb2-8cc9badb749e,available,el,word,1,διαθέσιμα,2026-05-25T15:36:20.072Z
44,a329b9b7-7b2a-4d9e-8eb2-8cc9badb749e,helpedexplorers,el,word,2,βοηθούσε τους εξερευνητές,2026-05-25T15:36:26.448Z
44,a329b9b7-7b2a-4d9e-8eb2-8cc9badb749e,astrolabe,el,word,1,αστρολάβος,2026-05-25T15:36:22.106Z
44,a329b9b7-7b2a-4d9e-8eb2-8cc9badb749e,latitudinal,el,word,1,γεωγραφικό πλάτος,2026-05-25T15:36:28.509Z
44,a329b9b7-7b2a-4d9e-8eb2-8cc9badb749e,incomplete,el,word,1,ατελής,2026-05-25T15:36:32.583Z
44,a329b9b7-7b2a-4d9e-8eb2-8cc9badb749e,navigational,el,word,1,ναυτιλιακά,2026-05-25T15:36:36.861Z
44,a329b9b7-7b2a-4d9e-8eb2-8cc9badb749e,"quadrant,",el,word,2,"τεταρτημόριο,",2026-05-25T15:37:58.264Z
44,a329b9b7-7b2a-4d9e-8eb2-8cc9badb749e,unknown,el,word,1,άγνωστο,2026-05-25T15:37:11.684Z
44,a329b9b7-7b2a-4d9e-8eb2-8cc9badb749e,"issues,",el,word,1,"θέματα,",2026-05-25T15:37:13.079Z
44,a329b9b7-7b2a-4d9e-8eb2-8cc9badb749e,developing,el,word,1,ανάπτυξη,2026-05-25T15:37:20.621Z
44,a329b9b7-7b2a-4d9e-8eb2-8cc9badb749e,inventions,el,word,1,εφευρέσεις,2026-05-25T15:37:21.266Z
44,a329b9b7-7b2a-4d9e-8eb2-8cc9badb749e,sextant,el,word,1,εξάντα,2026-05-25T15:37:31.088Z
44,a329b9b7-7b2a-4d9e-8eb2-8cc9badb749e,timekeeping,el,word,1,χρονομέτρηση,2026-05-25T15:37:42.408Z
44,a329b9b7-7b2a-4d9e-8eb2-8cc9badb749e,Longitude,el,word,1,Γεωγραφικό μήκος,2026-05-25T15:37:42.701Z
44,a329b9b7-7b2a-4d9e-8eb2-8cc9badb749e,allowed,el,word,2,επέτρεψε,2026-05-25T15:37:57.812Z
44,a329b9b7-7b2a-4d9e-8eb2-8cc9badb749e,location,el,word,1,τοποθεσία,2026-05-25T15:37:58.296Z
44,a329b9b7-7b2a-4d9e-8eb2-8cc9badb749e,course;,el,word,1,πορεία·,2026-05-25T15:38:18.034Z
44,a329b9b7-7b2a-4d9e-8eb2-8cc9badb749e,important,el,word,1,σημαντικό,2026-05-25T15:38:22.483Z
44,a329b9b7-7b2a-4d9e-8eb2-8cc9badb749e,expand,el,word,1,επεκτείνουν,2026-05-25T15:38:31.991Z
44,a329b9b7-7b2a-4d9e-8eb2-8cc9badb749e,resulting,el,word,1,με αποτέλεσμα,2026-05-25T15:38:34.921Z
44,a329b9b7-7b2a-4d9e-8eb2-8cc9badb749e,altitude,el,word,1,ύψος,2026-05-25T15:38:44.073Z
44,a329b9b7-7b2a-4d9e-8eb2-8cc9badb749e,inaccuracies,el,word,1,ανακρίβειες,2026-05-25T15:39:37.263Z
44,a329b9b7-7b2a-4d9e-8eb2-8cc9badb749e,irretrievably,el,word,1,ανεπανόρθωτα,2026-05-25T15:40:17.194Z
44,a329b9b7-7b2a-4d9e-8eb2-8cc9badb749e,governments,el,word,1,κυβερνήσεις,2026-05-25T15:40:23.202Z
44,a329b9b7-7b2a-4d9e-8eb2-8cc9badb749e,velocity,el,word,1,ταχύτητα,2026-05-25T15:40:23.265Z
19,60929ce9-7912-4c83-a319-ea7de6d4a94d,commercial,el,word,1,εμπορική,2026-05-26T06:04:39.209Z
19,60929ce9-7912-4c83-a319-ea7de6d4a94d,development,el,word,2,ανάπτυξη,2026-05-26T06:04:49.725Z
19,a1bf0f70-6549-4699-9225-b8c8a404b7e2,chocolate,el,word,1,σοκολάτα,2026-05-26T06:05:32.288Z
19,a1bf0f70-6549-4699-9225-b8c8a404b7e2,readily,el,word,1,εύκολα,2026-05-26T06:05:49.170Z
19,a1bf0f70-6549-4699-9225-b8c8a404b7e2,"ultimately,",el,word,1,"τελικά,",2026-05-26T06:06:02.750Z
19,a1bf0f70-6549-4699-9225-b8c8a404b7e2,"indulge,",el,word,1,"αφεθείτε,",2026-05-26T06:06:15.349Z
19,a1bf0f70-6549-4699-9225-b8c8a404b7e2,candy,el,word,1,γλυκό,2026-05-26T06:06:17.331Z
19,a1bf0f70-6549-4699-9225-b8c8a404b7e2,harvested,el,word,1,συγκομίζεται,2026-05-26T06:06:49.116Z
19,a1bf0f70-6549-4699-9225-b8c8a404b7e2,habitat.,el,word,1,βιότοπο.,2026-05-26T06:06:54.797Z
19,a1bf0f70-6549-4699-9225-b8c8a404b7e2,West,el,word,1,Δυτική,2026-05-26T06:06:56.190Z
19,a1bf0f70-6549-4699-9225-b8c8a404b7e2,rural,el,word,1,αγροτικές,2026-05-26T06:07:02.280Z
19,a1bf0f70-6549-4699-9225-b8c8a404b7e2,eight-hour,el,word,1,οκτάωρη,2026-05-26T06:07:19.852Z
19,a1bf0f70-6549-4699-9225-b8c8a404b7e2,shifts.,el,word,1,βάρδιες.,2026-05-26T06:07:20.884Z
19,a1bf0f70-6549-4699-9225-b8c8a404b7e2,sometimes,el,word,2,μερικές φορές,2026-05-26T06:07:32.866Z
19,a1bf0f70-6549-4699-9225-b8c8a404b7e2,slave,el,word,1,δουλεία,2026-05-26T06:07:32.638Z
19,a1bf0f70-6549-4699-9225-b8c8a404b7e2,salespeople,el,word,1,πωλητές,2026-05-26T06:07:52.685Z
19,a1bf0f70-6549-4699-9225-b8c8a404b7e2,traders,el,word,1,εμπόροι,2026-05-26T06:08:05.135Z
19,a1bf0f70-6549-4699-9225-b8c8a404b7e2,exploitation,el,word,1,εκμετάλλευση,2026-05-26T06:08:14.818Z
19,a1bf0f70-6549-4699-9225-b8c8a404b7e2,commodities,el,word,1,εμπορεύματα,2026-05-26T06:08:33.423Z
19,a1bf0f70-6549-4699-9225-b8c8a404b7e2,"""fair",el,word,1,«δίκαιο,2026-05-26T06:08:36.610Z
19,a1bf0f70-6549-4699-9225-b8c8a404b7e2,"trade.""",el,word,1,εμπόριο».,2026-05-26T06:08:38.833Z
19,a1bf0f70-6549-4699-9225-b8c8a404b7e2,communities,el,word,1,κοινότητες,2026-05-26T06:08:49.692Z
19,a1bf0f70-6549-4699-9225-b8c8a404b7e2,"medicine,",el,word,1,"φάρμακα,",2026-05-26T06:09:01.802Z
19,a1bf0f70-6549-4699-9225-b8c8a404b7e2,adhere,el,word,1,να τηρεί,2026-05-26T06:09:12.656Z
19,a1bf0f70-6549-4699-9225-b8c8a404b7e2,laborers,el,word,1,εργαζόμενοι,2026-05-26T06:09:36.799Z
19,a1bf0f70-6549-4699-9225-b8c8a404b7e2,operations,el,word,1,δραστηριότητες,2026-05-26T06:09:45.812Z
19,a1bf0f70-6549-4699-9225-b8c8a404b7e2,traded,el,word,1,εμπορεύονται,2026-05-26T06:09:56.368Z
19,a1bf0f70-6549-4699-9225-b8c8a404b7e2,certification,el,word,1,πιστοποίηση,2026-05-26T06:10:10.583Z
19,a1bf0f70-6549-4699-9225-b8c8a404b7e2,isn't?,el,word,1,δεν είναι;,2026-05-26T06:10:27.153Z
19,a1bf0f70-6549-4699-9225-b8c8a404b7e2,workers-and,el,word,1,εργαζομένων – και,2026-05-26T06:10:38.463Z
19,a1bf0f70-6549-4699-9225-b8c8a404b7e2,"Fingers,",el,word,1,"Δάχτυλα,",2026-05-26T06:11:06.270Z
19,a0d3a887-ec2f-4b65-87f7-84eb482e7756,ReadWorks,el,word,1,ReadWorks,2026-05-26T06:13:18.720Z
19,993279e2-4f05-4ace-af51-4eaef8c250ba,overthrew,el,word,1,ανατρέψαν,2026-05-26T06:13:49.535Z
19,993279e2-4f05-4ace-af51-4eaef8c250ba,Independence,el,word,1,Ανεξαρτησία,2026-05-26T06:13:53.716Z
19,993279e2-4f05-4ace-af51-4eaef8c250ba,Constitution,el,word,1,Σύνταγμα,2026-05-26T06:14:05.999Z
19,993279e2-4f05-4ace-af51-4eaef8c250ba,Benjamin,el,word,2,Μπέντζαμιν,2026-05-26T06:16:29.292Z
19,993279e2-4f05-4ace-af51-4eaef8c250ba,many,el,word,1,πολλά,2026-05-26T06:14:39.228Z
19,993279e2-4f05-4ace-af51-4eaef8c250ba,Pennsylvania,el,word,1,Πενσυλβανία,2026-05-26T06:14:41.909Z
19,993279e2-4f05-4ace-af51-4eaef8c250ba,colonies.,el,word,2,αποικίες.,2026-05-26T06:15:47.475Z
19,993279e2-4f05-4ace-af51-4eaef8c250ba,American,el,word,2,Αμερικανός,2026-05-26T06:15:22.429Z
19,993279e2-4f05-4ace-af51-4eaef8c250ba,representative,el,word,1,εκπρόσωπος,2026-05-26T06:15:42.480Z
19,993279e2-4f05-4ace-af51-4eaef8c250ba,also,el,word,2,επίσης,2026-05-26T06:15:53.545Z
19,993279e2-4f05-4ace-af51-4eaef8c250ba,assisting,el,word,2,υποστήριξη,2026-05-26T06:15:53.623Z
19,993279e2-4f05-4ace-af51-4eaef8c250ba,injustices,el,word,1,αδικίες,2026-05-26T06:16:22.944Z
19,993279e2-4f05-4ace-af51-4eaef8c250ba,Speaker,el,word,1,Πρόεδρος,2026-05-26T06:16:39.075Z
19,993279e2-4f05-4ace-af51-4eaef8c250ba,delegate,el,word,1,εκπρόσωπος,2026-05-26T06:17:01.792Z
19,993279e2-4f05-4ace-af51-4eaef8c250ba,Pennsylvania.,el,word,1,Πενσυλβανία.,2026-05-26T06:17:30.713Z
19,993279e2-4f05-4ace-af51-4eaef8c250ba,prevention,el,word,1,πρόληψη,2026-05-26T06:17:32.085Z
19,993279e2-4f05-4ace-af51-4eaef8c250ba,ReadWorks,el,word,2,ReadWorks,2026-05-26T06:21:36.076Z
45,38e0426d-8e4d-432d-a3a9-da0922878f6d,researcher,el,word,3,ερευνητής,2026-05-26T07:45:37.753Z
45,38e0426d-8e4d-432d-a3a9-da0922878f6d,whether,el,word,2,αν,2026-05-26T07:45:45.372Z
45,38e0426d-8e4d-432d-a3a9-da0922878f6d,validation,el,word,2,επικύρωση,2026-05-26T07:45:11.442Z
45,38e0426d-8e4d-432d-a3a9-da0922878f6d,continue,el,word,1,συνέχεια,2026-05-26T07:45:15.221Z
45,38e0426d-8e4d-432d-a3a9-da0922878f6d,gaze,el,word,3,βλέμμα,2026-05-26T07:46:27.906Z
45,38e0426d-8e4d-432d-a3a9-da0922878f6d,comfortable,el,word,2,άνετο,2026-05-26T07:46:13.849Z
45,38e0426d-8e4d-432d-a3a9-da0922878f6d,simple:,el,word,1,απλό:,2026-05-26T07:45:29.847Z
45,38e0426d-8e4d-432d-a3a9-da0922878f6d,right.,el,word,1,δεξιά.,2026-05-26T07:45:37.632Z
45,38e0426d-8e4d-432d-a3a9-da0922878f6d,"movements,",el,word,1,"κινήσεις,",2026-05-26T07:45:40.190Z
45,38e0426d-8e4d-432d-a3a9-da0922878f6d,reduced.,el,word,1,μειωθεί.,2026-05-26T07:46:00.734Z
45,38e0426d-8e4d-432d-a3a9-da0922878f6d,becomes,el,word,1,γίνεται,2026-05-26T07:46:07.145Z
45,38e0426d-8e4d-432d-a3a9-da0922878f6d,neighboring,el,word,2,γειτονικά,2026-05-26T07:46:11.145Z
45,38e0426d-8e4d-432d-a3a9-da0922878f6d,see,el,word,1,βλέπε,2026-05-26T07:46:10.889Z
45,38e0426d-8e4d-432d-a3a9-da0922878f6d,followed,el,word,2,ακολουθούσε,2026-05-26T07:46:28.718Z
45,38e0426d-8e4d-432d-a3a9-da0922878f6d,points,el,word,1,σημεία,2026-05-26T07:46:29.908Z
45,38e0426d-8e4d-432d-a3a9-da0922878f6d,"naturally,",el,word,1,"φυσικά,",2026-05-26T07:46:40.919Z
45,38e0426d-8e4d-432d-a3a9-da0922878f6d,"screen,",el,word,1,"οθόνη,",2026-05-26T07:46:46.048Z
45,38e0426d-8e4d-432d-a3a9-da0922878f6d,adjusted,el,word,1,ρύθμισε,2026-05-26T07:46:48.119Z
45,38e0426d-8e4d-432d-a3a9-da0922878f6d,avoid,el,word,1,αποφύγετε,2026-05-26T07:47:02.449Z
45,38e0426d-8e4d-432d-a3a9-da0922878f6d,read,el,word,1,να διαβάζεις,2026-05-26T07:47:16.792Z
45,0d609472-7b65-482a-bc20-5e0edffb777a,Disney,el,word,7,Disney,2026-05-26T07:59:40.945Z
45,0d609472-7b65-482a-bc20-5e0edffb777a,Department,el,word,2,Τμήμα,2026-05-26T07:57:43.397Z
45,0d609472-7b65-482a-bc20-5e0edffb777a,Center,el,word,2,Κέντρο,2026-05-26T07:48:36.158Z
45,0d609472-7b65-482a-bc20-5e0edffb777a,professional,el,word,2,επαγγελματίας,2026-05-26T07:48:51.081Z
45,0d609472-7b65-482a-bc20-5e0edffb777a,Ruptured,el,word,1,Ruptured,2026-05-26T07:48:49.009Z
45,0d609472-7b65-482a-bc20-5e0edffb777a,bomber,el,word,3,βομβαρδιστικό,2026-05-26T07:49:27.047Z
45,0d609472-7b65-482a-bc20-5e0edffb777a,Aviation,el,word,1,Αεροπορία,2026-05-26T07:48:54.070Z
45,0d609472-7b65-482a-bc20-5e0edffb777a,Museum,el,word,1,Μουσείο,2026-05-26T07:48:55.615Z
45,0d609472-7b65-482a-bc20-5e0edffb777a,"Hawaii,",el,word,2,"Χαβάη,",2026-05-26T07:49:14.816Z
45,0d609472-7b65-482a-bc20-5e0edffb777a,commemorate,el,word,1,επισημάνει,2026-05-26T07:49:00.278Z
45,0d609472-7b65-482a-bc20-5e0edffb777a,historical,el,word,1,ιστορικό,2026-05-26T07:49:04.430Z
45,0d609472-7b65-482a-bc20-5e0edffb777a,Pacific,el,word,1,Ειρηνικός,2026-05-26T07:49:06.043Z
45,0d609472-7b65-482a-bc20-5e0edffb777a,paints,el,word,1,ζωγραφίζει,2026-05-26T07:49:07.042Z
45,0d609472-7b65-482a-bc20-5e0edffb777a,Front.,el,word,1,Μέτωπο.,2026-05-26T07:49:11.970Z
45,0d609472-7b65-482a-bc20-5e0edffb777a,Navy,el,word,1,Ναυτικό,2026-05-26T07:49:12.013Z
45,0d609472-7b65-482a-bc20-5e0edffb777a,"Meanwhile,",el,word,1,"Εν τω μεταξύ,",2026-05-26T07:49:12.032Z
45,0d609472-7b65-482a-bc20-5e0edffb777a,retired,el,word,2,συνταξιούχος,2026-05-26T07:49:35.509Z
45,0d609472-7b65-482a-bc20-5e0edffb777a,naval,el,word,2,ναυτική,2026-05-26T07:49:28.896Z
45,0d609472-7b65-482a-bc20-5e0edffb777a,"mechanic,",el,word,1,"μηχανικός,",2026-05-26T07:49:27.116Z
45,0d609472-7b65-482a-bc20-5e0edffb777a,aviation,el,word,1,αεροπορίας,2026-05-26T07:49:30.489Z
45,0d609472-7b65-482a-bc20-5e0edffb777a,"Olsen,",el,word,1,"Όλσεν,",2026-05-26T07:49:33.490Z
45,0d609472-7b65-482a-bc20-5e0edffb777a,unwavering,el,word,5,ακλόνητη,2026-05-26T07:50:14.707Z
45,0d609472-7b65-482a-bc20-5e0edffb777a,important,el,word,1,σημαντικό,2026-05-26T07:49:45.460Z
45,0d609472-7b65-482a-bc20-5e0edffb777a,America's,el,word,1,Η Αμερική,2026-05-26T07:49:48.325Z
45,0d609472-7b65-482a-bc20-5e0edffb777a,support,el,word,3,υποστήριξη,2026-05-26T07:50:24.891Z
45,0d609472-7b65-482a-bc20-5e0edffb777a,Contributing,el,word,5,Συνεισφέροντας,2026-05-26T07:50:32.435Z
45,0d609472-7b65-482a-bc20-5e0edffb777a,Powers,el,word,1,Δυνάμεις,2026-05-26T07:49:52.555Z
45,0d609472-7b65-482a-bc20-5e0edffb777a,career,el,word,1,καριέρα,2026-05-26T07:49:53.546Z
45,0d609472-7b65-482a-bc20-5e0edffb777a,aircraft's,el,word,1,αεροσκάφους,2026-05-26T07:49:53.580Z
45,0d609472-7b65-482a-bc20-5e0edffb777a,World,el,word,1,Κόσμος,2026-05-26T07:49:56.458Z
45,0d609472-7b65-482a-bc20-5e0edffb777a,overwhelming,el,word,3,συντριπτική,2026-05-26T07:50:14.169Z
45,0d609472-7b65-482a-bc20-5e0edffb777a,maintaining,el,word,4,διατήρηση,2026-05-26T07:50:35.758Z
45,0d609472-7b65-482a-bc20-5e0edffb777a,creating,el,word,1,δημιουργώντας,2026-05-26T07:50:12.453Z
45,0d609472-7b65-482a-bc20-5e0edffb777a,morale-boosting,el,word,2,που ενίσχυαν το ηθικό,2026-05-26T07:50:32.287Z
45,0d609472-7b65-482a-bc20-5e0edffb777a,Disney-designed,el,word,3,σχεδιασμένα από τη Disney,2026-05-26T07:50:34.463Z
45,0d609472-7b65-482a-bc20-5e0edffb777a,insignia,el,word,6,διακριτικά,2026-05-26T07:53:37.661Z
45,0d609472-7b65-482a-bc20-5e0edffb777a,appeared,el,word,1,εμφανίστηκαν,2026-05-26T07:50:23.873Z
45,0d609472-7b65-482a-bc20-5e0edffb777a,equipment,el,word,3,εξοπλισμός,2026-05-26T07:51:00.207Z
45,0d609472-7b65-482a-bc20-5e0edffb777a,accomplished,el,word,1,πέτυχε,2026-05-26T07:50:29.012Z
45,0d609472-7b65-482a-bc20-5e0edffb777a,American,el,word,2,Αμερικανική,2026-05-26T07:50:51.725Z
45,0d609472-7b65-482a-bc20-5e0edffb777a,"Morgenthau,",el,word,4,"Μόργκενταου,",2026-05-26T07:51:11.959Z
45,0d609472-7b65-482a-bc20-5e0edffb777a,taxes,el,word,1,φόροι,2026-05-26T07:50:51.829Z
45,0d609472-7b65-482a-bc20-5e0edffb777a,pointing,el,word,2,επισημαίνοντας,2026-05-26T07:50:59.650Z
45,0d609472-7b65-482a-bc20-5e0edffb777a,"Treasury,",el,word,3,"Υπουργείο Οικονομικών,",2026-05-26T07:51:01.056Z
45,0d609472-7b65-482a-bc20-5e0edffb777a,government.,el,word,1,κυβέρνηση.,2026-05-26T07:51:00.047Z
45,0d609472-7b65-482a-bc20-5e0edffb777a,film,el,word,1,ταινία,2026-05-26T07:51:05.179Z
45,0d609472-7b65-482a-bc20-5e0edffb777a,depicted,el,word,1,απεικονίζει,2026-05-26T07:51:05.625Z
45,0d609472-7b65-482a-bc20-5e0edffb777a,Donald,el,word,1,Ντόναλντ,2026-05-26T07:51:07.545Z
45,0d609472-7b65-482a-bc20-5e0edffb777a,effort.,el,word,1,προσπάθεια.,2026-05-26T07:51:15.380Z
45,0d609472-7b65-482a-bc20-5e0edffb777a,"produced,",el,word,1,"παρήγαγαν,",2026-05-26T07:51:20.496Z
45,0d609472-7b65-482a-bc20-5e0edffb777a,training,el,word,1,εκπαίδευση,2026-05-26T07:51:24.893Z
45,0d609472-7b65-482a-bc20-5e0edffb777a,navigation,el,word,1,πλοήγηση,2026-05-26T07:51:27.729Z
45,0d609472-7b65-482a-bc20-5e0edffb777a,animators,el,word,1,animators,2026-05-26T07:51:29.625Z
45,0d609472-7b65-482a-bc20-5e0edffb777a,closely,el,word,1,στενά,2026-05-26T07:51:31.477Z
45,0d609472-7b65-482a-bc20-5e0edffb777a,animated,el,word,1,κινούμενοι,2026-05-26T07:51:37.114Z
45,0d609472-7b65-482a-bc20-5e0edffb777a,Hollywood,el,word,1,Χόλιγουντ,2026-05-26T07:51:37.739Z
45,0d609472-7b65-482a-bc20-5e0edffb777a,consider,el,word,2,εξετάζω,2026-05-26T07:51:44.558Z
45,0d609472-7b65-482a-bc20-5e0edffb777a,many,el,word,1,πολλοί,2026-05-26T07:51:44.008Z
45,0d609472-7b65-482a-bc20-5e0edffb777a,representing,el,word,2,που αντιστοιχούν σε,2026-05-26T07:52:07.667Z
45,0d609472-7b65-482a-bc20-5e0edffb777a,produced,el,word,1,παραγωγή,2026-05-26T07:52:00.630Z
45,0d609472-7b65-482a-bc20-5e0edffb777a,"""Der",el,word,1,"""Der",2026-05-26T07:52:04.960Z
45,0d609472-7b65-482a-bc20-5e0edffb777a,Fuehrer's,el,word,2,Fuehrer's,2026-05-26T07:52:17.478Z
45,0d609472-7b65-482a-bc20-5e0edffb777a,continuous,el,word,1,συνεχής,2026-05-26T07:52:12.083Z
45,0d609472-7b65-482a-bc20-5e0edffb777a,Included,el,word,1,Περιλαμβάνεται,2026-05-26T07:52:14.389Z
45,0d609472-7b65-482a-bc20-5e0edffb777a,featuring,el,word,1,με πρωταγωνιστή,2026-05-26T07:52:19.673Z
45,0d609472-7b65-482a-bc20-5e0edffb777a,"facilities,",el,word,2,"εγκαταστάσεις,",2026-05-26T07:52:36.100Z
45,0d609472-7b65-482a-bc20-5e0edffb777a,troops,el,word,1,στρατιώτες,2026-05-26T07:52:32.554Z
45,0d609472-7b65-482a-bc20-5e0edffb777a,accorded,el,word,1,απονέμεται,2026-05-26T07:52:40.739Z
45,0d609472-7b65-482a-bc20-5e0edffb777a,importance,el,word,1,σημασία,2026-05-26T07:52:43.746Z
45,0d609472-7b65-482a-bc20-5e0edffb777a,Auxiliary,el,word,1,Βοηθητική,2026-05-26T07:52:55.856Z
45,0d609472-7b65-482a-bc20-5e0edffb777a,"""Fifinella,""",el,word,1,"«Fifinella»,",2026-05-26T07:53:08.920Z
45,0d609472-7b65-482a-bc20-5e0edffb777a,embellished,el,word,1,διακόσμησε,2026-05-26T07:53:21.821Z
45,0d609472-7b65-482a-bc20-5e0edffb777a,esprit-de-corps.,el,word,2,το ομαδικό πνεύμα.,2026-05-26T07:53:48.304Z
45,0d609472-7b65-482a-bc20-5e0edffb777a,unit,el,word,3,μονάδα,2026-05-26T07:53:40.323Z
45,0d609472-7b65-482a-bc20-5e0edffb777a,often,el,word,1,συχνά,2026-05-26T07:53:40.060Z
45,0d609472-7b65-482a-bc20-5e0edffb777a,used,el,word,1,χρησιμοποίησαν,2026-05-26T07:53:40.580Z
45,0d609472-7b65-482a-bc20-5e0edffb777a,talents,el,word,1,ταλέντα,2026-05-26T07:53:42.504Z
45,0d609472-7b65-482a-bc20-5e0edffb777a,morale,el,word,1,ηθικό,2026-05-26T07:53:44.955Z
45,0d609472-7b65-482a-bc20-5e0edffb777a,"therefore,",el,word,2,"επομένως,",2026-05-26T07:54:08.471Z
45,0d609472-7b65-482a-bc20-5e0edffb777a,emblems.,el,word,1,εμβλήματα.,2026-05-26T07:54:07.568Z
45,0d609472-7b65-482a-bc20-5e0edffb777a,"example,",el,word,1,"παράδειγμα,",2026-05-26T07:54:17.983Z
45,0d609472-7b65-482a-bc20-5e0edffb777a,"torpedo,",el,word,1,"τορπίλη,",2026-05-26T07:54:26.180Z
45,0d609472-7b65-482a-bc20-5e0edffb777a,"""mosquito",el,word,2,«mosquito,2026-05-26T07:54:31.333Z
45,0d609472-7b65-482a-bc20-5e0edffb777a,asked,el,word,1,ζήτησε,2026-05-26T07:54:30.941Z
45,0d609472-7b65-482a-bc20-5e0edffb777a,constructed,el,word,2,κατασκευασμένα,2026-05-26T07:54:35.768Z
45,0d609472-7b65-482a-bc20-5e0edffb777a,provided,el,word,5,παρέχεται,2026-05-26T07:56:21.027Z
45,0d609472-7b65-482a-bc20-5e0edffb777a,appropriate,el,word,2,κατάλληλο,2026-05-26T07:54:37.945Z
45,0d609472-7b65-482a-bc20-5e0edffb777a,winged,el,word,1,φτερωτή,2026-05-26T07:54:38.020Z
45,0d609472-7b65-482a-bc20-5e0edffb777a,without,el,word,2,χωρίς,2026-05-26T07:54:38.289Z
45,0d609472-7b65-482a-bc20-5e0edffb777a,adorned,el,word,1,στολίζονταν,2026-05-26T07:54:41.535Z
45,0d609472-7b65-482a-bc20-5e0edffb777a,Studios,el,word,1,Στούντιο,2026-05-26T07:54:45.430Z
45,0d609472-7b65-482a-bc20-5e0edffb777a,newly,el,word,1,πρόσφατα,2026-05-26T07:54:45.945Z
45,0d609472-7b65-482a-bc20-5e0edffb777a,request,el,word,1,αίτημα,2026-05-26T07:54:49.256Z
45,0d609472-7b65-482a-bc20-5e0edffb777a,world-famous,el,word,1,παγκοσμίου φήμης,2026-05-26T07:55:12.134Z
45,0d609472-7b65-482a-bc20-5e0edffb777a,victory,el,word,2,νίκη,2026-05-26T07:55:20.362Z
45,0d609472-7b65-482a-bc20-5e0edffb777a,insignias,el,word,2,διακριτικά,2026-05-26T07:55:20.753Z
45,0d609472-7b65-482a-bc20-5e0edffb777a,fee.,el,word,1,τέλος.,2026-05-26T07:55:33.183Z
45,0d609472-7b65-482a-bc20-5e0edffb777a,manuscripts,el,word,1,χειρόγραφα,2026-05-26T07:55:35.191Z
45,0d609472-7b65-482a-bc20-5e0edffb777a,"books,",el,word,1,"βιβλία,",2026-05-26T07:55:41.278Z
45,0d609472-7b65-482a-bc20-5e0edffb777a,photos,el,word,1,φωτογραφίες,2026-05-26T07:55:43.797Z
45,0d609472-7b65-482a-bc20-5e0edffb777a,ReadWorks.org,el,word,1,ReadWorks.org,2026-05-26T07:56:00.391Z
45,0d609472-7b65-482a-bc20-5e0edffb777a,courtesy,el,word,5,ευγενική παραχώρηση,2026-05-26T07:59:36.013Z
45,0d609472-7b65-482a-bc20-5e0edffb777a,"Briner,",el,word,6,"Briner,",2026-05-26T07:59:42.356Z
45,0d609472-7b65-482a-bc20-5e0edffb777a,Army,el,word,2,Στρατός,2026-05-26T07:58:49.729Z
45,0d609472-7b65-482a-bc20-5e0edffb777a,Education,el,word,3,Εκπαίδευση,2026-05-26T07:58:54.094Z
45,0d609472-7b65-482a-bc20-5e0edffb777a,Heritage,el,word,2,Κληρονομιά,2026-05-26T07:59:48.937Z
45,0d609472-7b65-482a-bc20-5e0edffb777a,Walt,el,word,1,Ο Walt,2026-05-26T07:59:56.124Z
45,011fb9da-eb69-428b-8216-bf3e124857c6,matter,el,word,1,θέμα,2026-05-26T08:00:54.099Z
45,011fb9da-eb69-428b-8216-bf3e124857c6,Earth-no,el,word,1,Γη-όχι,2026-05-26T08:00:55.169Z
45,011fb9da-eb69-428b-8216-bf3e124857c6,incredibly,el,word,1,απίστευτα,2026-05-26T08:00:56.602Z
45,011fb9da-eb69-428b-8216-bf3e124857c6,disappearing,el,word,1,εξαφανίζονται,2026-05-26T08:01:03.093Z
45,011fb9da-eb69-428b-8216-bf3e124857c6,problems,el,word,2,προβλήματα,2026-05-26T08:05:24.085Z
45,011fb9da-eb69-428b-8216-bf3e124857c6,understand,el,word,1,κατανοήσουν,2026-05-26T08:01:15.345Z
45,011fb9da-eb69-428b-8216-bf3e124857c6,colonies,el,word,3,αποικίες,2026-05-26T08:02:52.025Z
45,011fb9da-eb69-428b-8216-bf3e124857c6,Agriculture,el,word,5,Γεωργία,2026-05-26T08:01:46.779Z
45,011fb9da-eb69-428b-8216-bf3e124857c6,frighteningly,el,word,1,τρομακτικά,2026-05-26T08:01:20.692Z
45,011fb9da-eb69-428b-8216-bf3e124857c6,disappear,el,word,1,εξαφανίζονται,2026-05-26T08:01:23.179Z
45,011fb9da-eb69-428b-8216-bf3e124857c6,reporters,el,word,1,δημοσιογράφοι,2026-05-26T08:01:25.359Z
45,011fb9da-eb69-428b-8216-bf3e124857c6,noted,el,word,1,σημείωσαν,2026-05-26T08:01:27.253Z
45,011fb9da-eb69-428b-8216-bf3e124857c6,pollination,el,word,4,επικονίαση,2026-05-26T08:06:10.734Z
45,011fb9da-eb69-428b-8216-bf3e124857c6,program,el,word,1,πρόγραμμα,2026-05-26T08:01:33.485Z
45,011fb9da-eb69-428b-8216-bf3e124857c6,Department,el,word,1,Τμήμα,2026-05-26T08:01:37.056Z
45,011fb9da-eb69-428b-8216-bf3e124857c6,massive,el,word,1,μαζική,2026-05-26T08:01:39.302Z
45,011fb9da-eb69-428b-8216-bf3e124857c6,honeybee,el,word,2,μέλισσα,2026-05-26T08:01:41.333Z
45,011fb9da-eb69-428b-8216-bf3e124857c6,disappearance,el,word,2,εξαφάνιση,2026-05-26T08:01:41.493Z
45,011fb9da-eb69-428b-8216-bf3e124857c6,supply.”,el,word,3,προμήθειας».,2026-05-26T08:01:47.586Z
45,011fb9da-eb69-428b-8216-bf3e124857c6,pollination.,el,word,2,επικονίαση.,2026-05-26T08:02:06.506Z
45,011fb9da-eb69-428b-8216-bf3e124857c6,"crops,",el,word,1,"καλλιέργειες,",2026-05-26T08:02:00.179Z
45,011fb9da-eb69-428b-8216-bf3e124857c6,heavily,el,word,1,σε μεγάλο βαθμό,2026-05-26T08:02:04.779Z
45,011fb9da-eb69-428b-8216-bf3e124857c6,pollinate,el,word,2,επικονίαση,2026-05-26T08:02:33.617Z
45,011fb9da-eb69-428b-8216-bf3e124857c6,portion,el,word,1,μερίδα,2026-05-26T08:02:09.385Z
45,011fb9da-eb69-428b-8216-bf3e124857c6,citrus,el,word,3,εσπεριδοειδή,2026-05-26T08:02:18.874Z
45,011fb9da-eb69-428b-8216-bf3e124857c6,"crop,",el,word,1,"καλλιέργεια,",2026-05-26T08:02:12.082Z
45,011fb9da-eb69-428b-8216-bf3e124857c6,fruit,el,word,1,φρούτα,2026-05-26T08:02:13.779Z
45,011fb9da-eb69-428b-8216-bf3e124857c6,wonder:,el,word,1,αναρωτιόμαστε:,2026-05-26T08:02:36.780Z
45,011fb9da-eb69-428b-8216-bf3e124857c6,California's,el,word,2,της Καλιφόρνιας,2026-05-26T08:02:55.256Z
45,011fb9da-eb69-428b-8216-bf3e124857c6,populations.,el,word,1,πληθυσμούς.,2026-05-26T08:03:07.805Z
45,011fb9da-eb69-428b-8216-bf3e124857c6,development,el,word,1,ανάπτυξη,2026-05-26T08:03:10.379Z
45,011fb9da-eb69-428b-8216-bf3e124857c6,agricultural,el,word,1,γεωργικές,2026-05-26T08:03:17.762Z
45,011fb9da-eb69-428b-8216-bf3e124857c6,quantities.,el,word,1,ποσότητες.,2026-05-26T08:03:25.389Z
45,011fb9da-eb69-428b-8216-bf3e124857c6,Bumblebees,el,word,1,Μελισσούλες,2026-05-26T08:03:26.144Z
45,011fb9da-eb69-428b-8216-bf3e124857c6,widespread,el,word,1,ευρεία,2026-05-26T08:03:30.950Z
45,011fb9da-eb69-428b-8216-bf3e124857c6,ecologically,el,word,2,οικολογικά,2026-05-26T08:03:45.228Z
45,011fb9da-eb69-428b-8216-bf3e124857c6,difficulties,el,word,2,δυσκολίες,2026-05-26T08:03:52.316Z
45,011fb9da-eb69-428b-8216-bf3e124857c6,"pollinators,",el,word,2,"επικονιαστές,",2026-05-26T08:03:56.470Z
45,011fb9da-eb69-428b-8216-bf3e124857c6,reproducing,el,word,1,αναπαραγωγή,2026-05-26T08:03:52.816Z
45,011fb9da-eb69-428b-8216-bf3e124857c6,competition,el,word,1,ανταγωνισμός,2026-05-26T08:04:16.015Z
45,011fb9da-eb69-428b-8216-bf3e124857c6,species-other,el,word,1,είδη - άλλα,2026-05-26T08:04:32.770Z
45,011fb9da-eb69-428b-8216-bf3e124857c6,"bumblebees,",el,word,1,"μελισσών,",2026-05-26T08:04:34.518Z
45,011fb9da-eb69-428b-8216-bf3e124857c6,particular,el,word,3,συγκεκριμένης,2026-05-26T08:04:53.081Z
45,011fb9da-eb69-428b-8216-bf3e124857c6,"plant,",el,word,1,"φυτό,",2026-05-26T08:04:38.144Z
45,011fb9da-eb69-428b-8216-bf3e124857c6,issue.,el,word,2,ζήτημα.,2026-05-26T08:05:05.318Z
45,011fb9da-eb69-428b-8216-bf3e124857c6,larger,el,word,1,μεγαλύτερο,2026-05-26T08:05:04.543Z
45,011fb9da-eb69-428b-8216-bf3e124857c6,larkspur,el,word,1,λαρκσπούρ,2026-05-26T08:05:06.111Z
45,011fb9da-eb69-428b-8216-bf3e124857c6,issue,el,word,1,θέμα,2026-05-26T08:05:13.563Z
45,011fb9da-eb69-428b-8216-bf3e124857c6,dying,el,word,1,θανάτωση,2026-05-26T08:05:25.789Z
45,011fb9da-eb69-428b-8216-bf3e124857c6,"pollinators.""",el,word,1,επικονιαστές».,2026-05-26T08:05:33.747Z
45,011fb9da-eb69-428b-8216-bf3e124857c6,organizations,el,word,1,οργανισμοί,2026-05-26T08:05:35.753Z
45,011fb9da-eb69-428b-8216-bf3e124857c6,enhancement...targeted,el,word,4,βελτίωση... στοχευμένη,2026-05-26T08:05:58.122Z
45,011fb9da-eb69-428b-8216-bf3e124857c6,pesticide,el,word,2,φυτοφάρμακα,2026-05-26T08:05:54.203Z
45,011fb9da-eb69-428b-8216-bf3e124857c6,collectively,el,word,1,συλλογικά,2026-05-26T08:05:47.644Z
45,011fb9da-eb69-428b-8216-bf3e124857c6,"""Habitat",el,word,1,«Βιότοπος,2026-05-26T08:05:51.216Z
45,011fb9da-eb69-428b-8216-bf3e124857c6,disease,el,word,2,ασθένεια,2026-05-26T08:06:03.402Z
45,011fb9da-eb69-428b-8216-bf3e124857c6,"colonies.""",el,word,1,αποικίες.»,2026-05-26T08:06:03.551Z
45,011fb9da-eb69-428b-8216-bf3e124857c6,make,el,word,1,κάνουμε,2026-05-26T08:06:03.711Z
45,011fb9da-eb69-428b-8216-bf3e124857c6,ensure,el,word,1,εξασφαλίζει,2026-05-26T08:06:05.692Z
45,011fb9da-eb69-428b-8216-bf3e124857c6,importantly,el,word,2,σημαντικό,2026-05-26T08:06:12.179Z
45,011fb9da-eb69-428b-8216-bf3e124857c6,agriculture,el,word,2,γεωργία,2026-05-26T08:06:14.222Z
45,011fb9da-eb69-428b-8216-bf3e124857c6,Loss,el,word,2,Απώλεια,2026-05-26T08:07:51.685Z
45,011fb9da-eb69-428b-8216-bf3e124857c6,Bees,el,word,1,Μέλισσες,2026-05-26T08:07:49.491Z
45,011fb9da-eb69-428b-8216-bf3e124857c6,Growing,el,word,1,Αυξανόμενη,2026-05-26T08:07:50.872Z
45,011fb9da-eb69-428b-8216-bf3e124857c6,Alissa,el,word,1,Alissa,2026-05-26T08:09:17.245Z
34,0cbe017d-fc89-4942-a838-5817f673ad04,fascinated,el,word,1,γοητευμένοι,2026-05-26T08:15:58.170Z
34,e3d4a806-31ad-4707-9a15-b126a54929dc,"devices,",el,word,1,"συσκευές,",2026-05-26T08:17:34.838Z
34,e3d4a806-31ad-4707-9a15-b126a54929dc,"sailing,",el,word,1,"πλέοντας,",2026-05-26T08:18:10.899Z
34,e3d4a806-31ad-4707-9a15-b126a54929dc,"chronometer,",el,word,1,"χρονόμετρο,",2026-05-26T08:19:08.452Z
34,adaefc3a-0e9d-4a74-9e74-fff84911f56b,Worldwide,el,word,1,Παγκόσμια,2026-05-26T08:21:17.779Z
34,adaefc3a-0e9d-4a74-9e74-fff84911f56b,scientific,el,word,1,επιστημονικός,2026-05-26T08:21:45.240Z
34,adaefc3a-0e9d-4a74-9e74-fff84911f56b,essential,el,word,1,απαραίτητες,2026-05-26T08:22:24.350Z
34,adaefc3a-0e9d-4a74-9e74-fff84911f56b,According,el,word,1,Σύμφωνα με,2026-05-26T08:23:47.845Z
34,adaefc3a-0e9d-4a74-9e74-fff84911f56b,one,el,word,1,ένα,2026-05-26T08:24:14.219Z
34,adaefc3a-0e9d-4a74-9e74-fff84911f56b,"larkspur,",el,word,7,"λαρκσπούρ,",2026-05-26T08:24:30.679Z
34,adaefc3a-0e9d-4a74-9e74-fff84911f56b,particular,el,word,4,συγκεκριμένες,2026-05-26T08:24:30.301Z
35,bbefdb89-dcdd-4be1-9254-f2434038027e,Independence,el,word,1,Ανεξαρτησία,2026-05-26T08:34:58.470Z
35,bbefdb89-dcdd-4be1-9254-f2434038027e,fathers.,el,word,3,πατέρες.,2026-05-26T08:35:02.800Z
35,bbefdb89-dcdd-4be1-9254-f2434038027e,British,el,word,1,Βρετανική,2026-05-26T08:35:02.403Z
35,bbefdb89-dcdd-4be1-9254-f2434038027e,painting.,el,word,1,πίνακας.,2026-05-26T08:35:02.537Z
35,bbefdb89-dcdd-4be1-9254-f2434038027e,men,el,word,1,άνδρες,2026-05-26T08:35:02.990Z
35,bbefdb89-dcdd-4be1-9254-f2434038027e,Pennsylvania,el,word,1,Πενσυλβανία,2026-05-26T08:37:01.391Z
35,742c993b-816c-4395-82f1-144d04877834,commodities,el,word,2,εμπορεύματα,2026-05-26T08:41:43.240Z
35,742c993b-816c-4395-82f1-144d04877834,organizations,el,word,2,οργανώσεις,2026-05-26T08:41:58.785Z
35,742c993b-816c-4395-82f1-144d04877834,improve.,el,word,1,βελτιωθούν.,2026-05-26T08:42:59.278Z
21,6256ddad-52b2-478c-be11-c846e4f3005c,ReadWorks,el,word,1,ReadWorks,2026-05-26T09:34:55.418Z
21,e624df9e-4bd0-4aa8-b041-84d352b5d086,mainland,el,word,1,ηπειρωτική,2026-05-26T09:40:12.554Z
21,e624df9e-4bd0-4aa8-b041-84d352b5d086,estimated,el,word,1,εκτιμώμενη,2026-05-26T09:40:19.583Z
21,e624df9e-4bd0-4aa8-b041-84d352b5d086,Time-keeping,el,word,1,Χρονομέτρηση,2026-05-26T09:40:51.149Z
21,e624df9e-4bd0-4aa8-b041-84d352b5d086,helpedexplorers,el,word,1,βοηθούσε τους εξερευνητές,2026-05-26T09:41:21.962Z
21,e624df9e-4bd0-4aa8-b041-84d352b5d086,farthest,el,word,1,πιο μακρινό,2026-05-26T09:41:43.426Z
21,e624df9e-4bd0-4aa8-b041-84d352b5d086,place,el,word,1,μέρος,2026-05-26T09:41:43.718Z
21,e624df9e-4bd0-4aa8-b041-84d352b5d086,invention,el,word,1,εφεύρεση,2026-05-26T09:42:20.566Z
21,e624df9e-4bd0-4aa8-b041-84d352b5d086,determine,el,word,1,προσδιορίζω,2026-05-26T09:42:21.598Z
46,2351b0d5-3971-4321-a6bd-d5dc80317c1f,smaller.,el,word,1,μικρότερο.,2026-05-26T10:08:04.894Z
46,2351b0d5-3971-4321-a6bd-d5dc80317c1f,Paragraph,el,word,1,Παράγραφος,2026-05-26T10:08:06.218Z
46,2351b0d5-3971-4321-a6bd-d5dc80317c1f,Helvetica,el,word,1,Helvetica,2026-05-26T10:08:06.591Z
46,43e0bc26-dbfd-4d35-861d-33b460626278,text,el,word,2,κείμενο,2026-05-26T10:10:24.608Z
46,43e0bc26-dbfd-4d35-861d-33b460626278,continue,el,word,1,συνέχεια,2026-05-26T10:09:26.401Z
46,43e0bc26-dbfd-4d35-861d-33b460626278,followed,el,word,6,ακολουθούσε,2026-05-26T10:09:32.394Z
46,43e0bc26-dbfd-4d35-861d-33b460626278,comfortable,el,word,1,άνετο,2026-05-26T10:09:28.802Z
46,43e0bc26-dbfd-4d35-861d-33b460626278,"chair,",el,word,1,"καρέκλα,",2026-05-26T10:09:30.527Z
46,43e0bc26-dbfd-4d35-861d-33b460626278,text.,el,word,2,κείμενο.,2026-05-26T10:09:32.021Z
46,43e0bc26-dbfd-4d35-861d-33b460626278,"movements,",el,word,1,"κινήσεις,",2026-05-26T10:09:32.077Z
46,43e0bc26-dbfd-4d35-861d-33b460626278,uses,el,word,4,χρησιμοποιεί,2026-05-26T10:10:51.757Z
46,43e0bc26-dbfd-4d35-861d-33b460626278,Paragraph,el,word,3,Παράγραφος,2026-05-26T10:11:02.781Z
46,43e0bc26-dbfd-4d35-861d-33b460626278,next,el,word,1,επόμενο,2026-05-26T10:09:35.700Z
46,43e0bc26-dbfd-4d35-861d-33b460626278,"section,",el,word,2,"ενότητα,",2026-05-26T10:10:23.568Z
46,43e0bc26-dbfd-4d35-861d-33b460626278,fixations,el,word,4,σταθεροποιήσεις,2026-05-26T10:10:30.414Z
46,43e0bc26-dbfd-4d35-861d-33b460626278,accurately,el,word,4,με ακρίβεια,2026-05-26T10:10:31.716Z
46,43e0bc26-dbfd-4d35-861d-33b460626278,neighboring,el,word,3,γειτονικά,2026-05-26T10:10:33.937Z
46,43e0bc26-dbfd-4d35-861d-33b460626278,whether,el,word,2,αν,2026-05-26T10:10:28.187Z
46,43e0bc26-dbfd-4d35-861d-33b460626278,system,el,word,2,σύστημα,2026-05-26T10:10:35.428Z
46,43e0bc26-dbfd-4d35-861d-33b460626278,detects,el,word,3,ανιχνεύει,2026-05-26T10:10:35.945Z
46,43e0bc26-dbfd-4d35-861d-33b460626278,still,el,word,1,ακόμα,2026-05-26T10:09:40.510Z
46,43e0bc26-dbfd-4d35-861d-33b460626278,distance,el,word,2,απόσταση,2026-05-26T10:10:25.930Z
46,43e0bc26-dbfd-4d35-861d-33b460626278,letters,el,word,2,γράμματα,2026-05-26T10:10:34.491Z
46,43e0bc26-dbfd-4d35-861d-33b460626278,reduced.,el,word,3,μειωθεί.,2026-05-26T10:10:35.610Z
46,43e0bc26-dbfd-4d35-861d-33b460626278,appears,el,word,3,φαίνεται,2026-05-26T10:10:36.357Z
46,43e0bc26-dbfd-4d35-861d-33b460626278,slightly,el,word,1,ελαφρώς,2026-05-26T10:09:48.191Z
46,43e0bc26-dbfd-4d35-861d-33b460626278,experiment,el,word,7,πείραμα,2026-05-26T10:10:50.217Z
46,43e0bc26-dbfd-4d35-861d-33b460626278,beside,el,word,2,δίπλα,2026-05-26T10:10:38.116Z
46,43e0bc26-dbfd-4d35-861d-33b460626278,"words,",el,word,1,"λέξεις,",2026-05-26T10:09:49.992Z
46,43e0bc26-dbfd-4d35-861d-33b460626278,researcher,el,word,2,ερευνητής,2026-05-26T10:10:38.837Z
46,43e0bc26-dbfd-4d35-861d-33b460626278,adjust,el,word,1,προσαρμόζω,2026-05-26T10:09:52.479Z
46,43e0bc26-dbfd-4d35-861d-33b460626278,relevant,el,word,1,σχετικές,2026-05-26T10:09:52.696Z
46,43e0bc26-dbfd-4d35-861d-33b460626278,gaze,el,word,1,βλέμμα,2026-05-26T10:09:53.710Z
46,43e0bc26-dbfd-4d35-861d-33b460626278,settings,el,word,3,ρυθμίσεις,2026-05-26T10:10:51.435Z
46,43e0bc26-dbfd-4d35-861d-33b460626278,real,el,word,2,πραγματικό,2026-05-26T10:10:21.119Z
46,43e0bc26-dbfd-4d35-861d-33b460626278,begins.,el,word,2,ξεκινά.,2026-05-26T10:10:41.434Z
46,43e0bc26-dbfd-4d35-861d-33b460626278,larger,el,word,3,μεγαλύτερη,2026-05-26T10:10:43.761Z
46,43e0bc26-dbfd-4d35-861d-33b460626278,help,el,word,1,βοήθεια,2026-05-26T10:10:19.437Z
46,43e0bc26-dbfd-4d35-861d-33b460626278,Helvetica,el,word,1,Helvetica,2026-05-26T10:10:22.912Z
46,43e0bc26-dbfd-4d35-861d-33b460626278,reading,el,word,1,ανάγνωση,2026-05-26T10:10:24.245Z
46,43e0bc26-dbfd-4d35-861d-33b460626278,becomes,el,word,1,γίνεται,2026-05-26T10:10:24.799Z
46,43e0bc26-dbfd-4d35-861d-33b460626278,smaller.,el,word,1,μικρότερο.,2026-05-26T10:10:25.295Z
46,43e0bc26-dbfd-4d35-861d-33b460626278,makes,el,word,1,κάνει,2026-05-26T10:10:26.709Z
46,43e0bc26-dbfd-4d35-861d-33b460626278,easier,el,word,1,ευκολότερο,2026-05-26T10:10:26.828Z
46,43e0bc26-dbfd-4d35-861d-33b460626278,see,el,word,1,βλέπε,2026-05-26T10:10:27.393Z
46,43e0bc26-dbfd-4d35-861d-33b460626278,continuous,el,word,3,συνεχής,2026-05-26T10:10:51.445Z
46,43e0bc26-dbfd-4d35-861d-33b460626278,larges,el,word,1,μεγάλα,2026-05-26T10:10:42.391Z
46,43e0bc26-dbfd-4d35-861d-33b460626278,final,el,word,1,τελική,2026-05-26T10:10:52.524Z
46,ebc5411e-9db6-4ffd-b739-2684fd6cd85c,ReadWorks,el,word,1,ReadWorks,2026-05-26T10:11:51.851Z
46,ebc5411e-9db6-4ffd-b739-2684fd6cd85c,Trumbull’s,el,word,2,Τραμπουλ,2026-05-26T10:12:16.821Z
46,ebc5411e-9db6-4ffd-b739-2684fd6cd85c,John,el,word,1,Τζον,2026-05-26T10:12:16.246Z
46,ebc5411e-9db6-4ffd-b739-2684fd6cd85c,colonies,el,word,1,αποικίες,2026-05-26T10:12:36.635Z
46,ebc5411e-9db6-4ffd-b739-2684fd6cd85c,colonial,el,word,2,αποικιακός,2026-05-26T10:12:56.501Z
46,ebc5411e-9db6-4ffd-b739-2684fd6cd85c,rule,el,word,1,κυριαρχία,2026-05-26T10:12:55.348Z
46,ebc5411e-9db6-4ffd-b739-2684fd6cd85c,Benjamin,el,word,1,Μπέντζαμιν,2026-05-26T10:13:01.466Z
46,ebc5411e-9db6-4ffd-b739-2684fd6cd85c,forming,el,word,1,σχηματίζοντας,2026-05-26T10:13:08.620Z
46,ebc5411e-9db6-4ffd-b739-2684fd6cd85c,America.,el,word,1,Αμερική.,2026-05-26T10:13:10.393Z
46,ebc5411e-9db6-4ffd-b739-2684fd6cd85c,"revolution,",el,word,1,"επανάσταση,",2026-05-26T10:13:13.451Z
46,ebc5411e-9db6-4ffd-b739-2684fd6cd85c,"Independence,",el,word,1,"Ανεξαρτησίας,",2026-05-26T10:13:23.409Z
46,ebc5411e-9db6-4ffd-b739-2684fd6cd85c,contributed,el,word,1,συνέβαλαν,2026-05-26T10:13:26.895Z
46,ebc5411e-9db6-4ffd-b739-2684fd6cd85c,drafting,el,word,1,σύνταξη,2026-05-26T10:13:27.629Z
46,ebc5411e-9db6-4ffd-b739-2684fd6cd85c,participated,el,word,1,συμμετείχαν,2026-05-26T10:13:34.592Z
46,ebc5411e-9db6-4ffd-b739-2684fd6cd85c,books,el,word,1,βιβλία,2026-05-26T10:14:02.099Z
46,ebc5411e-9db6-4ffd-b739-2684fd6cd85c,"children,",el,word,1,"παιδιά,",2026-05-26T10:14:06.830Z
46,ebc5411e-9db6-4ffd-b739-2684fd6cd85c,publication,el,word,1,έκδοση,2026-05-26T10:14:13.676Z
46,ebc5411e-9db6-4ffd-b739-2684fd6cd85c,"Americancolonies,",el,word,1,"αμερικανικές αποικίες,",2026-05-26T10:14:50.650Z
46,ebc5411e-9db6-4ffd-b739-2684fd6cd85c,campaign,el,word,1,εκστρατεία,2026-05-26T10:14:54.410Z
46,ebc5411e-9db6-4ffd-b739-2684fd6cd85c,injustices,el,word,2,αδικίες,2026-05-26T10:15:48.971Z
46,ebc5411e-9db6-4ffd-b739-2684fd6cd85c,"Act,",el,word,1,"Νόμος,",2026-05-26T10:15:29.715Z
46,ebc5411e-9db6-4ffd-b739-2684fd6cd85c,direct,el,word,1,άμεσος,2026-05-26T10:15:41.962Z
46,1688a594-18d5-4ec2-8a55-c766ee99b034,precipitation.,el,word,1,βροχοπτώσεις.,2026-05-26T10:19:56.275Z
46,1688a594-18d5-4ec2-8a55-c766ee99b034,temperate,el,word,1,εύκρατο,2026-05-26T10:20:02.355Z
46,1688a594-18d5-4ec2-8a55-c766ee99b034,endangered,el,word,1,απειλούμενα,2026-05-26T10:20:55.992Z
46,1688a594-18d5-4ec2-8a55-c766ee99b034,"rainforests,",el,word,1,"τα τροπικά δάση,",2026-05-26T10:20:57.702Z
46,1688a594-18d5-4ec2-8a55-c766ee99b034,beautiful,el,word,1,όμορφο,2026-05-26T10:21:07.732Z
46,1688a594-18d5-4ec2-8a55-c766ee99b034,creature,el,word,1,πλάσμα,2026-05-26T10:21:09.337Z
46,1688a594-18d5-4ec2-8a55-c766ee99b034,Central,el,word,1,Κεντρική,2026-05-26T10:21:13.641Z
46,1688a594-18d5-4ec2-8a55-c766ee99b034,misnomer,el,word,1,ακατάλληλη ονομασία,2026-05-26T10:21:25.300Z
46,1688a594-18d5-4ec2-8a55-c766ee99b034,coral,el,word,1,κοράλλι,2026-05-26T10:21:40.021Z
46,1688a594-18d5-4ec2-8a55-c766ee99b034,beaks.,el,word,1,ράμφη.,2026-05-26T10:22:05.836Z
46,1688a594-18d5-4ec2-8a55-c766ee99b034,sparrows,el,word,1,σπουργίτια,2026-05-26T10:22:16.635Z
46,1688a594-18d5-4ec2-8a55-c766ee99b034,"Hemisphere,",el,word,5,"Ημισφαίριο,",2026-05-26T10:22:51.982Z
46,1688a594-18d5-4ec2-8a55-c766ee99b034,crack,el,word,2,σπάω,2026-05-26T10:22:27.009Z
46,1688a594-18d5-4ec2-8a55-c766ee99b034,species,el,word,1,είδη,2026-05-26T10:22:27.176Z
46,1688a594-18d5-4ec2-8a55-c766ee99b034,many,el,word,2,πολλά,2026-05-26T10:22:27.549Z
46,1688a594-18d5-4ec2-8a55-c766ee99b034,butterflies,el,word,3,πεταλούδες,2026-05-26T10:22:27.742Z
46,1688a594-18d5-4ec2-8a55-c766ee99b034,predators.,el,word,2,θηρευτές.,2026-05-26T10:22:51.369Z
46,1688a594-18d5-4ec2-8a55-c766ee99b034,destroy,el,word,1,καταστρέφουν,2026-05-26T10:22:52.021Z
46,1688a594-18d5-4ec2-8a55-c766ee99b034,biodiversity,el,word,1,βιοποικιλότητα,2026-05-26T10:22:53.656Z
46,1688a594-18d5-4ec2-8a55-c766ee99b034,skins.,el,word,1,δέρματα.,2026-05-26T10:23:09.850Z
46,1688a594-18d5-4ec2-8a55-c766ee99b034,mining,el,word,1,ορυχεία,2026-05-26T10:23:13.326Z
46,1688a594-18d5-4ec2-8a55-c766ee99b034,habitats,el,word,1,βιότοποι,2026-05-26T10:23:25.039Z
44,836642a5-26c9-4101-b92c-bf10bf787a83,system,el,word,2,σύστημα,2026-05-26T10:35:01.326Z
44,836642a5-26c9-4101-b92c-bf10bf787a83,fixations,el,word,1,σταθεροποιήσεις,2026-05-26T10:34:30.939Z
44,836642a5-26c9-4101-b92c-bf10bf787a83,accurately,el,word,1,με ακρίβεια,2026-05-26T10:34:31.856Z
44,836642a5-26c9-4101-b92c-bf10bf787a83,settings,el,word,1,ρυθμίσεις,2026-05-26T10:34:38.949Z
44,836642a5-26c9-4101-b92c-bf10bf787a83,followed,el,word,1,ακολουθούσε,2026-05-26T10:34:46.128Z
44,836642a5-26c9-4101-b92c-bf10bf787a83,paragraph,el,word,1,παράγραφος,2026-05-26T10:34:47.647Z
44,836642a5-26c9-4101-b92c-bf10bf787a83,whether,el,word,1,αν,2026-05-26T10:34:54.278Z
44,836642a5-26c9-4101-b92c-bf10bf787a83,gaze,el,word,1,βλέμμα,2026-05-26T10:35:00.080Z
44,836642a5-26c9-4101-b92c-bf10bf787a83,experiment,el,word,1,πείραμα,2026-05-26T10:35:07.956Z
44,836642a5-26c9-4101-b92c-bf10bf787a83,begins.,el,word,1,ξεκινά.,2026-05-26T10:35:08.021Z
44,444fb265-0faa-4fcc-85f0-35322a297345,wilderness,el,word,2,άγρια φύση,2026-05-26T10:40:53.739Z
44,444fb265-0faa-4fcc-85f0-35322a297345,Noise,el,word,2,Θόρυβος,2026-05-26T10:40:49.792Z
44,444fb265-0faa-4fcc-85f0-35322a297345,Colorado,el,word,1,Κολοράντο,2026-05-26T10:36:56.250Z
44,444fb265-0faa-4fcc-85f0-35322a297345,phones,el,word,1,τηλέφωνα,2026-05-26T10:37:07.903Z
44,444fb265-0faa-4fcc-85f0-35322a297345,"mining,",el,word,1,"εξόρυξης,",2026-05-26T10:37:10.702Z
44,444fb265-0faa-4fcc-85f0-35322a297345,natural,el,word,2,φυσική,2026-05-26T10:40:57.261Z
44,444fb265-0faa-4fcc-85f0-35322a297345,project.,el,word,2,έργο.,2026-05-26T10:37:30.934Z
44,444fb265-0faa-4fcc-85f0-35322a297345,arises,el,word,2,προκύπτει,2026-05-26T10:37:39.414Z
44,444fb265-0faa-4fcc-85f0-35322a297345,behavior.,el,word,4,συμπεριφορά.,2026-05-26T10:37:35.965Z
44,444fb265-0faa-4fcc-85f0-35322a297345,noise,el,word,2,θόρυβος,2026-05-26T10:37:43.417Z
44,444fb265-0faa-4fcc-85f0-35322a297345,study,el,word,3,μελέτη,2026-05-26T10:40:21.842Z
44,444fb265-0faa-4fcc-85f0-35322a297345,wildlife,el,word,2,άγρια φύση,2026-05-26T10:37:36.151Z
44,444fb265-0faa-4fcc-85f0-35322a297345,appreciation,el,word,1,αντίληψη,2026-05-26T10:37:40.951Z
44,444fb265-0faa-4fcc-85f0-35322a297345,human,el,word,2,ανθρώπινη,2026-05-26T10:37:58.417Z
44,444fb265-0faa-4fcc-85f0-35322a297345,biologist,el,word,1,βιολόγος,2026-05-26T10:37:57.946Z
44,444fb265-0faa-4fcc-85f0-35322a297345,soundscape,el,word,1,ηχοτοπίο,2026-05-26T10:38:01.011Z
44,444fb265-0faa-4fcc-85f0-35322a297345,computerized,el,word,1,υπολογιστικό,2026-05-26T10:38:05.118Z
44,444fb265-0faa-4fcc-85f0-35322a297345,national,el,word,2,εθνικά,2026-05-26T10:42:16.027Z
44,444fb265-0faa-4fcc-85f0-35322a297345,computer,el,word,1,υπολογιστής,2026-05-26T10:38:06.231Z
44,444fb265-0faa-4fcc-85f0-35322a297345,recordings.,el,word,2,ηχογραφήσεις.,2026-05-26T10:38:14.161Z
44,444fb265-0faa-4fcc-85f0-35322a297345,landscape,el,word,1,τοπίο,2026-05-26T10:38:13.697Z
44,444fb265-0faa-4fcc-85f0-35322a297345,activity,el,word,1,δραστηριότητα,2026-05-26T10:38:21.373Z
44,444fb265-0faa-4fcc-85f0-35322a297345,levels,el,word,1,επίπεδα,2026-05-26T10:38:23.024Z
44,444fb265-0faa-4fcc-85f0-35322a297345,busiest,el,word,1,πιο πολυσύχναστες,2026-05-26T10:39:02.541Z
44,444fb265-0faa-4fcc-85f0-35322a297345,reached,el,word,1,έφτασαν,2026-05-26T10:39:04.151Z
44,444fb265-0faa-4fcc-85f0-35322a297345,"decibels,",el,word,1,"ντεσιμπέλ,",2026-05-26T10:39:05.397Z
44,444fb265-0faa-4fcc-85f0-35322a297345,calls,el,word,1,καλέσματα,2026-05-26T10:39:09.760Z
44,444fb265-0faa-4fcc-85f0-35322a297345,ability,el,word,1,ικανότητα,2026-05-26T10:39:11.825Z
44,444fb265-0faa-4fcc-85f0-35322a297345,among,el,word,1,μεταξύ,2026-05-26T10:39:15.748Z
44,444fb265-0faa-4fcc-85f0-35322a297345,hindering,el,word,1,εμποδίζοντας,2026-05-26T10:39:17.231Z
44,444fb265-0faa-4fcc-85f0-35322a297345,University,el,word,2,Πανεπιστήμιο,2026-05-26T10:40:36.460Z
44,444fb265-0faa-4fcc-85f0-35322a297345,reported,el,word,2,ανέφεραν,2026-05-26T10:39:51.079Z
44,444fb265-0faa-4fcc-85f0-35322a297345,Rensselaer,el,word,1,Rensselaer,2026-05-26T10:39:53.494Z
44,444fb265-0faa-4fcc-85f0-35322a297345,"surroundings,",el,word,1,"περιβάλλον,",2026-05-26T10:40:08.030Z
44,444fb265-0faa-4fcc-85f0-35322a297345,restorative,el,word,1,αναζωογονητική,2026-05-26T10:40:13.158Z
44,444fb265-0faa-4fcc-85f0-35322a297345,psychologists.,el,word,2,ψυχολόγοι.,2026-05-26T10:40:23.841Z
44,444fb265-0faa-4fcc-85f0-35322a297345,tested,el,word,1,εξέτασαν,2026-05-26T10:40:19.340Z
44,444fb265-0faa-4fcc-85f0-35322a297345,surgery.,el,word,1,χειρουργική επέμβαση.,2026-05-26T10:40:26.892Z
44,444fb265-0faa-4fcc-85f0-35322a297345,pollution,el,word,1,ρύπανση,2026-05-26T10:40:40.599Z
44,444fb265-0faa-4fcc-85f0-35322a297345,Noisy,el,word,1,Θορυβώδεις,2026-05-26T10:40:40.660Z
44,444fb265-0faa-4fcc-85f0-35322a297345,Protected,el,word,1,Προστατευόμενες,2026-05-26T10:40:41.071Z
44,444fb265-0faa-4fcc-85f0-35322a297345,traffic,el,word,1,κυκλοφορία,2026-05-26T10:40:51.712Z
44,444fb265-0faa-4fcc-85f0-35322a297345,quantify,el,word,2,ποσοτικοποίηση,2026-05-26T10:41:46.737Z
44,444fb265-0faa-4fcc-85f0-35322a297345,added.,el,word,1,προσέθεσαν.,2026-05-26T10:41:44.255Z
44,444fb265-0faa-4fcc-85f0-35322a297345,grown,el,word,1,αυξήθηκαν,2026-05-26T10:42:16.841Z
44,444fb265-0faa-4fcc-85f0-35322a297345,discovering,el,word,1,ανακαλύπτοντας,2026-05-26T10:42:43.412Z
44,51f176a5-3972-4dfe-9dca-957330230fa7,December,el,word,3,Δεκέμβριος,2026-05-26T10:45:55.582Z
44,51f176a5-3972-4dfe-9dca-957330230fa7,"Montgomery,",el,word,2,"Μοντγκόμερι,",2026-05-26T10:45:55.679Z
44,51f176a5-3972-4dfe-9dca-957330230fa7,seamstress,el,word,1,ραπτική,2026-05-26T10:46:00.816Z
44,51f176a5-3972-4dfe-9dca-957330230fa7,wanting,el,word,1,θέλω,2026-05-26T10:46:06.213Z
44,51f176a5-3972-4dfe-9dca-957330230fa7,injustice,el,word,1,αδικία,2026-05-26T10:46:19.418Z
44,51f176a5-3972-4dfe-9dca-957330230fa7,segregation,el,word,1,φυλετικός διαχωρισμός,2026-05-26T10:46:20.077Z
44,51f176a5-3972-4dfe-9dca-957330230fa7,Americans,el,word,2,Αμερικανοί,2026-05-26T10:47:00.894Z
44,51f176a5-3972-4dfe-9dca-957330230fa7,churches,el,word,1,εκκλησίες,2026-05-26T10:46:41.016Z
44,51f176a5-3972-4dfe-9dca-957330230fa7,desegregation,el,word,1,κατάργηση των φυλετικών διακρίσεων,2026-05-26T10:46:45.670Z
44,51f176a5-3972-4dfe-9dca-957330230fa7,principle,el,word,1,αρχή,2026-05-26T10:47:07.317Z
44,51f176a5-3972-4dfe-9dca-957330230fa7,vested,el,word,1,που μου έχουν ανατεθεί,2026-05-26T10:47:26.647Z
44,51f176a5-3972-4dfe-9dca-957330230fa7,pledge,el,word,2,υπόσχεση,2026-05-26T10:47:26.817Z
44,51f176a5-3972-4dfe-9dca-957330230fa7,thirty-seventh.,el,word,5,τριακοστή έβδομη.,2026-05-26T10:47:54.890Z
44,51f176a5-3972-4dfe-9dca-957330230fa7,hereunto,el,word,1,στο παρόν,2026-05-26T10:47:45.487Z
44,51f176a5-3972-4dfe-9dca-957330230fa7,Independence,el,word,1,Ανεξαρτησία,2026-05-26T10:47:51.783Z
44,51f176a5-3972-4dfe-9dca-957330230fa7,formed,el,word,1,σχηματίστηκαν,2026-05-26T10:47:58.512Z
44,51f176a5-3972-4dfe-9dca-957330230fa7,"women,",el,word,1,"γυναίκες,",2026-05-26T10:47:59.197Z
44,51f176a5-3972-4dfe-9dca-957330230fa7,disobedience,el,word,3,ανυπακοή,2026-05-26T10:47:59.351Z
43,29a93c73-5982-4d42-9e63-65b4a71c16cf,Humans,el,word,1,Άνθρωποι,2026-05-26T11:11:00.721Z
43,29a93c73-5982-4d42-9e63-65b4a71c16cf,Sounds,el,word,1,Ήχοι,2026-05-26T11:11:04.797Z
43,29a93c73-5982-4d42-9e63-65b4a71c16cf,development,el,word,1,ανάπτυξη,2026-05-26T11:11:24.400Z
43,29a93c73-5982-4d42-9e63-65b4a71c16cf,drowning,el,word,3,καταστρέφοντας,2026-05-26T11:11:27.021Z
43,29a93c73-5982-4d42-9e63-65b4a71c16cf,Thursday.,el,word,1,Πέμπτη.,2026-05-26T11:11:36.008Z
43,29a93c73-5982-4d42-9e63-65b4a71c16cf,"""pervasive""",el,word,4,«διαδεδομένοι»,2026-05-26T11:11:53.527Z
43,29a93c73-5982-4d42-9e63-65b4a71c16cf,said,el,word,2,δήλωσαν,2026-05-26T11:11:49.658Z
43,29a93c73-5982-4d42-9e63-65b4a71c16cf,daily,el,word,1,καθημερινά,2026-05-26T11:11:51.967Z
43,29a93c73-5982-4d42-9e63-65b4a71c16cf,state,el,word,1,κρατικά,2026-05-26T11:12:04.603Z
43,29a93c73-5982-4d42-9e63-65b4a71c16cf,University,el,word,2,Πανεπιστήμιο,2026-05-26T11:12:09.162Z
43,29a93c73-5982-4d42-9e63-65b4a71c16cf,conservation,el,word,2,διατήρηση,2026-05-26T11:13:37.538Z
43,29a93c73-5982-4d42-9e63-65b4a71c16cf,resource,el,word,1,πόρος,2026-05-26T11:12:11.291Z
43,29a93c73-5982-4d42-9e63-65b4a71c16cf,scientists,el,word,1,επιστήμονες,2026-05-26T11:12:15.420Z
43,29a93c73-5982-4d42-9e63-65b4a71c16cf,"federal,",el,word,1,"ομοσπονδιακών,",2026-05-26T11:12:20.748Z
43,29a93c73-5982-4d42-9e63-65b4a71c16cf,raised,el,word,1,αυξήθηκαν,2026-05-26T11:12:28.880Z
43,29a93c73-5982-4d42-9e63-65b4a71c16cf,two-thirds,el,word,1,τα δύο τρίτα,2026-05-26T11:12:31.895Z
43,29a93c73-5982-4d42-9e63-65b4a71c16cf,adverse,el,word,1,αρνητικές,2026-05-26T11:12:34.918Z
43,29a93c73-5982-4d42-9e63-65b4a71c16cf,hush,el,word,1,ησυχία,2026-05-26T11:12:36.922Z
43,29a93c73-5982-4d42-9e63-65b4a71c16cf,calculated,el,word,1,υπολόγισαν,2026-05-26T11:12:50.172Z
43,29a93c73-5982-4d42-9e63-65b4a71c16cf,tranquil,el,word,2,ήσυχη,2026-05-26T11:13:06.591Z
43,29a93c73-5982-4d42-9e63-65b4a71c16cf,"areas,",el,word,2,"περιοχές,",2026-05-26T11:13:15.288Z
43,29a93c73-5982-4d42-9e63-65b4a71c16cf,protected,el,word,1,προστατευόμενες,2026-05-26T11:13:11.102Z
43,29a93c73-5982-4d42-9e63-65b4a71c16cf,contribution,el,word,1,συμβολή,2026-05-26T11:13:39.511Z
43,29a93c73-5982-4d42-9e63-65b4a71c16cf,computerized,el,word,2,υπολογιστικό,2026-05-26T11:13:52.499Z
43,29a93c73-5982-4d42-9e63-65b4a71c16cf,soundscape,el,word,1,ηχοτοπίο,2026-05-26T11:13:48.017Z
43,29a93c73-5982-4d42-9e63-65b4a71c16cf,collated,el,word,1,συγκέντρωσαν,2026-05-26T11:13:51.897Z
43,29a93c73-5982-4d42-9e63-65b4a71c16cf,hours,el,word,1,ώρες,2026-05-26T11:13:54.381Z
43,29a93c73-5982-4d42-9e63-65b4a71c16cf,park-land,el,word,2,πάρκα,2026-05-26T11:13:57.179Z
43,29a93c73-5982-4d42-9e63-65b4a71c16cf,level,el,word,1,επίπεδο,2026-05-26T11:13:57.078Z
43,29a93c73-5982-4d42-9e63-65b4a71c16cf,algorithm,el,word,2,αλγόριθμος,2026-05-26T11:14:06.076Z
43,29a93c73-5982-4d42-9e63-65b4a71c16cf,levels,el,word,1,επίπεδα,2026-05-26T11:14:06.188Z
43,29a93c73-5982-4d42-9e63-65b4a71c16cf,running,el,word,1,λειτουργία,2026-05-26T11:14:18.514Z
43,29a93c73-5982-4d42-9e63-65b4a71c16cf,"comparison,",el,word,1,"σύγκριση,",2026-05-26T11:14:20.094Z
43,29a93c73-5982-4d42-9e63-65b4a71c16cf,babbling,el,word,2,κυλά,2026-05-26T11:14:33.159Z
43,29a93c73-5982-4d42-9e63-65b4a71c16cf,brook.,el,word,1,ρυάκι.,2026-05-26T11:14:29.026Z
43,29a93c73-5982-4d42-9e63-65b4a71c16cf,biologists.,el,word,1,βιολόγους.,2026-05-26T11:14:38.506Z
43,29a93c73-5982-4d42-9e63-65b4a71c16cf,independent,el,word,1,ανεξάρτητη,2026-05-26T11:14:56.010Z
43,29a93c73-5982-4d42-9e63-65b4a71c16cf,overflights,el,word,1,πτήσεις,2026-05-26T11:15:07.964Z
43,29a93c73-5982-4d42-9e63-65b4a71c16cf,hindering,el,word,1,εμποδίζοντας,2026-05-26T11:15:22.537Z
43,29a93c73-5982-4d42-9e63-65b4a71c16cf,ecologist,el,word,2,οικολόγος,2026-05-26T11:15:36.070Z
43,29a93c73-5982-4d42-9e63-65b4a71c16cf,sing,el,word,1,τραγουδούν,2026-05-26T11:15:38.614Z
43,29a93c73-5982-4d42-9e63-65b4a71c16cf,cognitive,el,word,1,γνωστικές,2026-05-26T11:15:50.595Z
43,29a93c73-5982-4d42-9e63-65b4a71c16cf,musicologist,el,word,3,μουσικολόγος,2026-05-26T11:15:57.307Z
43,29a93c73-5982-4d42-9e63-65b4a71c16cf,flowing,el,word,1,ρέον,2026-05-26T11:15:57.015Z
43,29a93c73-5982-4d42-9e63-65b4a71c16cf,mountain,el,word,1,βουνό,2026-05-26T11:15:57.630Z
43,29a93c73-5982-4d42-9e63-65b4a71c16cf,Rensselaer,el,word,1,Rensselaer,2026-05-26T11:15:58.321Z
43,29a93c73-5982-4d42-9e63-65b4a71c16cf,patient,el,word,1,υπομονετικοί,2026-05-26T11:16:10.744Z
43,29a93c73-5982-4d42-9e63-65b4a71c16cf,disturbing,el,word,1,ανατριχιαστικό,2026-05-26T11:16:38.186Z
43,2740adb4-725a-4e14-88a5-60288f686f22,December,el,word,1,Δεκέμβριος,2026-05-26T11:21:09.929Z
43,2740adb4-725a-4e14-88a5-60288f686f22,seamstress,el,word,1,ραπτική,2026-05-26T11:21:27.285Z
43,2740adb4-725a-4e14-88a5-60288f686f22,"Montgomery,",el,word,1,"Μοντγκόμερι,",2026-05-26T11:21:29.301Z
43,2740adb4-725a-4e14-88a5-60288f686f22,defiance,el,word,2,ανυπακοή,2026-05-26T11:21:45.371Z
43,2740adb4-725a-4e14-88a5-60288f686f22,home,el,word,1,σπίτι,2026-05-26T11:21:40.122Z
43,2740adb4-725a-4e14-88a5-60288f686f22,spurred,el,word,1,ώθησε,2026-05-26T11:21:49.014Z
43,2740adb4-725a-4e14-88a5-60288f686f22,movement,el,word,1,κίνημα,2026-05-26T11:21:50.723Z
43,2740adb4-725a-4e14-88a5-60288f686f22,equality,el,word,2,ισότητα,2026-05-26T11:21:54.207Z
43,2740adb4-725a-4e14-88a5-60288f686f22,peaceful,el,word,3,ειρηνικοί,2026-05-26T11:21:54.364Z
43,2740adb4-725a-4e14-88a5-60288f686f22,courageous,el,word,1,θαρραλέοι,2026-05-26T11:22:12.640Z
43,2740adb4-725a-4e14-88a5-60288f686f22,disobedience,el,word,1,ανυπακοή,2026-05-26T11:22:14.886Z
43,2740adb4-725a-4e14-88a5-60288f686f22,children,el,word,1,παιδιά,2026-05-26T11:22:26.046Z
43,2740adb4-725a-4e14-88a5-60288f686f22,conscience,el,word,1,συνείδηση,2026-05-26T11:22:35.509Z
43,2740adb4-725a-4e14-88a5-60288f686f22,across,el,word,3,σε όλη,2026-05-26T11:23:00.968Z
43,2740adb4-725a-4e14-88a5-60288f686f22,marginalized,el,word,1,περιθωριοποιημένους,2026-05-26T11:23:02.944Z
43,2740adb4-725a-4e14-88a5-60288f686f22,self-executing.,el,word,2,αυτοεκτελέσιμο.,2026-05-26T11:23:21.254Z
43,2740adb4-725a-4e14-88a5-60288f686f22,anniversary,el,word,1,επέτειος,2026-05-26T11:23:14.267Z
43,2740adb4-725a-4e14-88a5-60288f686f22,heirs,el,word,1,κληρονόμοι,2026-05-26T11:23:30.334Z
43,2740adb4-725a-4e14-88a5-60288f686f22,perfecting,el,word,1,τελειοποίηση,2026-05-26T11:23:34.710Z
43,2740adb4-725a-4e14-88a5-60288f686f22,enduring,el,word,1,διαχρονική,2026-05-26T11:24:01.828Z
43,2740adb4-725a-4e14-88a5-60288f686f22,two,el,word,1,δύο,2026-05-26T11:24:02.068Z
43,2740adb4-725a-4e14-88a5-60288f686f22,thirty-seventh.,el,word,3,τριακοστή έβδομη.,2026-05-26T11:24:02.250Z
43,2740adb4-725a-4e14-88a5-60288f686f22,hereunto,el,word,1,στο παρόν,2026-05-26T11:24:06.199Z
43,2740adb4-725a-4e14-88a5-60288f686f22,Independence,el,word,1,Ανεξαρτησία,2026-05-26T11:24:10.056Z
23,d2bdad18-57ab-4681-8b41-f195eb941a04,War,el,word,1,Πόλεμος,2026-05-26T11:31:10.593Z
23,d2bdad18-57ab-4681-8b41-f195eb941a04,"Affairs,",el,word,1,"Υποθέσεων,",2026-05-26T11:31:11.024Z
23,d2bdad18-57ab-4681-8b41-f195eb941a04,Disney,el,word,2,Disney,2026-05-26T11:31:21.706Z
23,d2bdad18-57ab-4681-8b41-f195eb941a04,ReadWorks,el,word,1,ReadWorks,2026-05-26T11:31:17.344Z
23,d2bdad18-57ab-4681-8b41-f195eb941a04,courtesy,el,word,2,ευγενική παραχώρηση,2026-05-26T11:31:34.265Z
23,d2bdad18-57ab-4681-8b41-f195eb941a04,Department,el,word,1,Τμήμα,2026-05-26T11:31:20.055Z
23,d2bdad18-57ab-4681-8b41-f195eb941a04,Lisa,el,word,1,Λίζα,2026-05-26T11:31:21.252Z
23,d2bdad18-57ab-4681-8b41-f195eb941a04,Goes,el,word,1,Πηγαίνει,2026-05-26T11:31:26.269Z
23,d2bdad18-57ab-4681-8b41-f195eb941a04,paints,el,word,1,ζωγραφίζει,2026-05-26T11:31:46.693Z
23,d2bdad18-57ab-4681-8b41-f195eb941a04,Ruptured,el,word,1,Ruptured,2026-05-26T11:31:47.636Z
23,d2bdad18-57ab-4681-8b41-f195eb941a04,commemorate,el,word,1,επισημάνει,2026-05-26T11:31:57.553Z
23,d2bdad18-57ab-4681-8b41-f195eb941a04,Contributing,el,word,2,Συνεισφέροντας,2026-05-26T11:32:10.552Z
23,d2bdad18-57ab-4681-8b41-f195eb941a04,Axis,el,word,2,Άξονας,2026-05-26T11:32:13.530Z
23,d2bdad18-57ab-4681-8b41-f195eb941a04,unwavering,el,word,1,ακλόνητη,2026-05-26T11:32:17.620Z
23,d2bdad18-57ab-4681-8b41-f195eb941a04,morale-boosting,el,word,1,που ενίσχυαν το ηθικό,2026-05-26T11:32:26.698Z
23,d2bdad18-57ab-4681-8b41-f195eb941a04,Disney-designed,el,word,1,σχεδιασμένα από τη Disney,2026-05-26T11:32:27.916Z
23,d2bdad18-57ab-4681-8b41-f195eb941a04,maintaining,el,word,1,διατήρηση,2026-05-26T11:32:28.736Z
23,d2bdad18-57ab-4681-8b41-f195eb941a04,insignia,el,word,3,διακριτικά,2026-05-26T11:35:00.600Z
23,d2bdad18-57ab-4681-8b41-f195eb941a04,films,el,word,1,ταινίες,2026-05-26T11:32:46.630Z
23,d2bdad18-57ab-4681-8b41-f195eb941a04,pointing,el,word,1,επισημαίνοντας,2026-05-26T11:32:51.669Z
23,d2bdad18-57ab-4681-8b41-f195eb941a04,"Treasury,",el,word,1,"Υπουργείο Οικονομικών,",2026-05-26T11:32:51.966Z
23,d2bdad18-57ab-4681-8b41-f195eb941a04,Typical,el,word,1,Χαρακτηριστικό,2026-05-26T11:32:53.680Z
23,d2bdad18-57ab-4681-8b41-f195eb941a04,depicted,el,word,1,απεικονίζει,2026-05-26T11:32:55.776Z
23,d2bdad18-57ab-4681-8b41-f195eb941a04,feet,el,word,1,πόδια,2026-05-26T11:33:46.027Z
23,d2bdad18-57ab-4681-8b41-f195eb941a04,Fuehrer's,el,word,1,Fuehrer's,2026-05-26T11:33:53.550Z
23,d2bdad18-57ab-4681-8b41-f195eb941a04,importance,el,word,1,σημασία,2026-05-26T11:34:02.121Z
23,d2bdad18-57ab-4681-8b41-f195eb941a04,Auxiliary,el,word,1,Βοηθητική,2026-05-26T11:34:24.294Z
23,d2bdad18-57ab-4681-8b41-f195eb941a04,embellished,el,word,1,διακόσμησε,2026-05-26T11:34:38.029Z
23,d2bdad18-57ab-4681-8b41-f195eb941a04,esprit-de-corps.,el,word,1,το ομαδικό πνεύμα.,2026-05-26T11:34:50.606Z
23,d2bdad18-57ab-4681-8b41-f195eb941a04,"example,",el,word,1,"παράδειγμα,",2026-05-26T11:35:09.473Z
23,d2bdad18-57ab-4681-8b41-f195eb941a04,appropriate,el,word,1,κατάλληλο,2026-05-26T11:35:13.784Z
23,d2bdad18-57ab-4681-8b41-f195eb941a04,emblem,el,word,2,έμβλημα,2026-05-26T11:35:27.561Z
23,d2bdad18-57ab-4681-8b41-f195eb941a04,constructed,el,word,1,κατασκευασμένα,2026-05-26T11:35:18.634Z
23,d2bdad18-57ab-4681-8b41-f195eb941a04,designed,el,word,2,σχεδίασαν,2026-05-26T11:35:18.728Z
23,d2bdad18-57ab-4681-8b41-f195eb941a04,torpedo,el,word,1,τορπιλικό,2026-05-26T11:35:21.926Z
23,d2bdad18-57ab-4681-8b41-f195eb941a04,adorned,el,word,1,στολίζονταν,2026-05-26T11:35:31.678Z
23,f7355cf6-11bf-4f5d-a256-0e8aa1a9031d,gatherings.,el,word,1,συγκεντρώσεις.,2026-05-26T11:39:31.232Z
23,f7355cf6-11bf-4f5d-a256-0e8aa1a9031d,Earth-no,el,word,1,Γη-όχι,2026-05-26T11:39:39.098Z
23,f7355cf6-11bf-4f5d-a256-0e8aa1a9031d,disappearing,el,word,1,εξαφανίζονται,2026-05-26T11:39:43.809Z
23,f7355cf6-11bf-4f5d-a256-0e8aa1a9031d,planet.,el,word,3,πλανήτη.,2026-05-26T11:39:51.373Z
23,f7355cf6-11bf-4f5d-a256-0e8aa1a9031d,pollination,el,word,4,επικονίαση,2026-05-26T11:41:04.394Z
23,f7355cf6-11bf-4f5d-a256-0e8aa1a9031d,crops.,el,word,1,καλλιεργειών.,2026-05-26T11:39:50.483Z
23,f7355cf6-11bf-4f5d-a256-0e8aa1a9031d,annoying,el,word,2,ενοχλητικές,2026-05-26T11:39:51.494Z
23,f7355cf6-11bf-4f5d-a256-0e8aa1a9031d,desperately,el,word,1,απεγνωσμένα,2026-05-26T11:39:57.221Z
23,f7355cf6-11bf-4f5d-a256-0e8aa1a9031d,frighteningly,el,word,1,τρομακτικά,2026-05-26T11:40:01.723Z
23,f7355cf6-11bf-4f5d-a256-0e8aa1a9031d,disappear,el,word,2,εξαφανίζονται,2026-05-26T11:40:06.201Z
23,f7355cf6-11bf-4f5d-a256-0e8aa1a9031d,honeybees,el,word,2,μέλισσες,2026-05-26T11:41:22.703Z
23,f7355cf6-11bf-4f5d-a256-0e8aa1a9031d,disappearance,el,word,2,εξαφάνιση,2026-05-26T11:40:09.027Z
23,f7355cf6-11bf-4f5d-a256-0e8aa1a9031d,pollinate,el,word,6,επικονίαση,2026-05-26T11:41:09.513Z
23,f7355cf6-11bf-4f5d-a256-0e8aa1a9031d,instance,el,word,1,παράδειγμα,2026-05-26T11:40:26.598Z
23,f7355cf6-11bf-4f5d-a256-0e8aa1a9031d,pollination.,el,word,1,επικονίαση.,2026-05-26T11:40:32.400Z
23,f7355cf6-11bf-4f5d-a256-0e8aa1a9031d,citrus,el,word,1,εσπεριδοειδή,2026-05-26T11:40:37.478Z
23,f7355cf6-11bf-4f5d-a256-0e8aa1a9031d,Without,el,word,1,Χωρίς,2026-05-26T11:40:41.280Z
23,f7355cf6-11bf-4f5d-a256-0e8aa1a9031d,Kevin,el,word,1,Κέβιν,2026-05-26T11:40:54.698Z
23,f7355cf6-11bf-4f5d-a256-0e8aa1a9031d,biggest,el,word,2,μεγαλύτερη,2026-05-26T11:41:02.693Z
23,f7355cf6-11bf-4f5d-a256-0e8aa1a9031d,According,el,word,1,Σύμφωνα με,2026-05-26T11:41:07.851Z
23,f7355cf6-11bf-4f5d-a256-0e8aa1a9031d,something,el,word,1,κάτι,2026-05-26T11:41:24.225Z
23,f7355cf6-11bf-4f5d-a256-0e8aa1a9031d,"pesticides,",el,word,3,"φυτοφάρμακα,",2026-05-26T11:41:39.361Z
23,f7355cf6-11bf-4f5d-a256-0e8aa1a9031d,(CCD)-a,el,word,1,(CCD) – μια,2026-05-26T11:41:31.860Z
23,f7355cf6-11bf-4f5d-a256-0e8aa1a9031d,parasites,el,word,1,παράσιτα,2026-05-26T11:41:33.173Z
23,f7355cf6-11bf-4f5d-a256-0e8aa1a9031d,include,el,word,1,περιλαμβάνουν,2026-05-26T11:41:38.139Z
23,f7355cf6-11bf-4f5d-a256-0e8aa1a9031d,"scientists,",el,word,1,"επιστήμονες,",2026-05-26T11:42:28.120Z
23,f7355cf6-11bf-4f5d-a256-0e8aa1a9031d,conducted,el,word,1,διεξήγαγε,2026-05-26T11:42:29.670Z
23,f7355cf6-11bf-4f5d-a256-0e8aa1a9031d,bumblebee,el,word,1,μελισσών,2026-05-26T11:42:34.148Z
23,f7355cf6-11bf-4f5d-a256-0e8aa1a9031d,"reproduction,",el,word,1,"αναπαραγωγή,",2026-05-26T11:42:35.193Z
23,f7355cf6-11bf-4f5d-a256-0e8aa1a9031d,species-other,el,word,3,είδη - άλλα,2026-05-26T11:43:08.110Z
23,f7355cf6-11bf-4f5d-a256-0e8aa1a9031d,effects.,el,word,1,επιπτώσεις.,2026-05-26T11:43:01.769Z
23,f7355cf6-11bf-4f5d-a256-0e8aa1a9031d,"larkspur,",el,word,1,"λαρκσπούρ,",2026-05-26T11:43:03.652Z
23,f7355cf6-11bf-4f5d-a256-0e8aa1a9031d,"biodiversity,",el,word,2,"βιοποικιλότητα,",2026-05-26T11:43:28.850Z
23,f7355cf6-11bf-4f5d-a256-0e8aa1a9031d,continuation,el,word,1,συνέχιση,2026-05-26T11:43:25.902Z
23,f7355cf6-11bf-4f5d-a256-0e8aa1a9031d,search,el,word,1,αναζήτηση,2026-05-26T11:43:45.834Z
23,f7355cf6-11bf-4f5d-a256-0e8aa1a9031d,enhancement...targeted,el,word,2,βελτίωση... στοχευμένη,2026-05-26T11:44:11.005Z
23,f7355cf6-11bf-4f5d-a256-0e8aa1a9031d,pest,el,word,1,επιβλαβείς οργανισμοί,2026-05-26T11:44:05.227Z
23,f7355cf6-11bf-4f5d-a256-0e8aa1a9031d,resistant,el,word,1,ανθεκτικές,2026-05-26T11:44:05.679Z
23,f7355cf6-11bf-4f5d-a256-0e8aa1a9031d,"colonies.""",el,word,1,αποικίες.»,2026-05-26T11:44:16.095Z
23,f7355cf6-11bf-4f5d-a256-0e8aa1a9031d,imperative,el,word,1,απαραίτητο,2026-05-26T11:44:23.899Z
23,f7355cf6-11bf-4f5d-a256-0e8aa1a9031d,beekeeping,el,word,1,μελισσοκομία,2026-05-26T11:44:29.298Z
39,517644ac-ebfb-4bc1-a43d-372003e172cd,fixations,el,word,1,σταθεροποιήσεις,2026-05-26T12:01:57.057Z
39,7dc7ad85-3c80-49a8-87ee-80b727e42556,buzzing,el,word,1,βουητό,2026-05-26T12:02:43.650Z
39,7dc7ad85-3c80-49a8-87ee-80b727e42556,Earth-no,el,word,1,Γη-όχι,2026-05-26T12:02:46.777Z
39,7dc7ad85-3c80-49a8-87ee-80b727e42556,possibly,el,word,1,ενδεχομένως,2026-05-26T12:02:47.938Z
39,7dc7ad85-3c80-49a8-87ee-80b727e42556,matter,el,word,1,θέμα,2026-05-26T12:02:48.021Z
39,7dc7ad85-3c80-49a8-87ee-80b727e42556,incredibly,el,word,1,απίστευτα,2026-05-26T12:02:50.858Z
39,7dc7ad85-3c80-49a8-87ee-80b727e42556,disappearing,el,word,1,εξαφανίζονται,2026-05-26T12:02:59.628Z
39,7dc7ad85-3c80-49a8-87ee-80b727e42556,frighteningly,el,word,1,τρομακτικά,2026-05-26T12:03:20.275Z
39,7dc7ad85-3c80-49a8-87ee-80b727e42556,desperately,el,word,1,απεγνωσμένα,2026-05-26T12:03:21.241Z
39,7dc7ad85-3c80-49a8-87ee-80b727e42556,Department,el,word,1,Τμήμα,2026-05-26T12:03:30.028Z
39,7dc7ad85-3c80-49a8-87ee-80b727e42556,According,el,word,1,Σύμφωνα με,2026-05-26T12:03:53.879Z
39,7dc7ad85-3c80-49a8-87ee-80b727e42556,pollination,el,word,2,επικονίαση,2026-05-26T12:10:38.003Z
39,7dc7ad85-3c80-49a8-87ee-80b727e42556,particular,el,word,1,συγκεκριμένα,2026-05-26T12:05:55.552Z
39,7dc7ad85-3c80-49a8-87ee-80b727e42556,researchers,el,word,1,οι ερευνητές,2026-05-26T12:05:56.706Z
39,7dc7ad85-3c80-49a8-87ee-80b727e42556,continuation,el,word,1,συνέχιση,2026-05-26T12:06:15.098Z
39,7dc7ad85-3c80-49a8-87ee-80b727e42556,larkspur,el,word,1,λαρκσπούρ,2026-05-26T12:06:22.611Z
39,7dc7ad85-3c80-49a8-87ee-80b727e42556,organizations,el,word,1,οργανώσεις,2026-05-26T12:06:49.388Z
39,7dc7ad85-3c80-49a8-87ee-80b727e42556,enhancement...targeted,el,word,1,βελτίωση... στοχευμένη,2026-05-26T12:06:55.967Z
39,7dc7ad85-3c80-49a8-87ee-80b727e42556,management,el,word,1,διαχείριση,2026-05-26T12:07:34.166Z
39,7dc7ad85-3c80-49a8-87ee-80b727e42556,honey,el,word,1,μέλι,2026-05-26T12:07:35.924Z
39,7dc7ad85-3c80-49a8-87ee-80b727e42556,mysterious,el,word,1,μυστηριώδη,2026-05-26T12:08:37.708Z
39,7dc7ad85-3c80-49a8-87ee-80b727e42556,reproduce,el,word,1,αναπαραγωγή,2026-05-26T12:08:42.852Z
39,7dc7ad85-3c80-49a8-87ee-80b727e42556,colonies,el,word,2,αποικίες,2026-05-26T12:09:09.633Z
39,7dc7ad85-3c80-49a8-87ee-80b727e42556,agricultural,el,word,5,γεωργικές,2026-05-26T12:10:23.783Z
39,7dc7ad85-3c80-49a8-87ee-80b727e42556,something,el,word,2,κάτι,2026-05-26T12:09:21.995Z
39,7dc7ad85-3c80-49a8-87ee-80b727e42556,potential,el,word,1,πιθανές,2026-05-26T12:09:08.243Z
39,7dc7ad85-3c80-49a8-87ee-80b727e42556,practices,el,word,3,πρακτικές,2026-05-26T12:10:19.179Z
39,7dc7ad85-3c80-49a8-87ee-80b727e42556,many,el,word,1,πολλά,2026-05-26T12:09:29.397Z
39,7dc7ad85-3c80-49a8-87ee-80b727e42556,populations.,el,word,1,πληθυσμούς.,2026-05-26T12:09:33.218Z
39,7dc7ad85-3c80-49a8-87ee-80b727e42556,linked,el,word,1,που συνδέονται,2026-05-26T12:09:50.976Z
39,7dc7ad85-3c80-49a8-87ee-80b727e42556,"bees,",el,word,1,"μέλισσες,",2026-05-26T12:10:32.751Z
39,f6f0a7e1-3d66-4f51-a357-2553e9cfb5bc,ReadWorks,el,word,1,ReadWorks,2026-05-26T12:11:14.445Z
39,f6f0a7e1-3d66-4f51-a357-2553e9cfb5bc,Exploration,el,word,2,Εξερεύνηση,2026-05-26T12:11:14.570Z
39,f6f0a7e1-3d66-4f51-a357-2553e9cfb5bc,prospect,el,word,1,προοπτική,2026-05-26T12:11:34.898Z
39,f6f0a7e1-3d66-4f51-a357-2553e9cfb5bc,medieval,el,word,1,μεσαιωνικός,2026-05-26T12:11:35.631Z
39,f6f0a7e1-3d66-4f51-a357-2553e9cfb5bc,mainland,el,word,1,ηπειρωτική,2026-05-26T12:11:50.663Z
39,f6f0a7e1-3d66-4f51-a357-2553e9cfb5bc,inexact,el,word,3,ανακριβής,2026-05-26T12:12:23.525Z
39,f6f0a7e1-3d66-4f51-a357-2553e9cfb5bc,"reckoning,""",el,word,1,"υπολογισμός»,",2026-05-26T12:11:52.661Z
39,f6f0a7e1-3d66-4f51-a357-2553e9cfb5bc,Europe),el,word,1,Ευρώπη),2026-05-26T12:11:54.458Z
39,f6f0a7e1-3d66-4f51-a357-2553e9cfb5bc,"""dead",el,word,1,«dead,2026-05-26T12:11:55.717Z
39,f6f0a7e1-3d66-4f51-a357-2553e9cfb5bc,calculating,el,word,4,υπολογισμός,2026-05-26T12:13:20.064Z
39,f6f0a7e1-3d66-4f51-a357-2553e9cfb5bc,landmasses),el,word,1,ηπειρωτικές μάζες),2026-05-26T12:12:01.627Z
39,f6f0a7e1-3d66-4f51-a357-2553e9cfb5bc,drift,el,word,1,παρασυρόμενοι,2026-05-26T12:12:07.804Z
39,f6f0a7e1-3d66-4f51-a357-2553e9cfb5bc,positions,el,word,2,θέσεις,2026-05-26T12:12:16.068Z
39,f6f0a7e1-3d66-4f51-a357-2553e9cfb5bc,Europe's,el,word,2,η Ευρώπη,2026-05-26T12:12:16.803Z
39,f6f0a7e1-3d66-4f51-a357-2553e9cfb5bc,developed.,el,word,2,αναπτύχθηκαν.,2026-05-26T12:12:16.261Z
39,f6f0a7e1-3d66-4f51-a357-2553e9cfb5bc,veer,el,word,1,παρασυρθεί,2026-05-26T12:12:18.655Z
39,f6f0a7e1-3d66-4f51-a357-2553e9cfb5bc,expand,el,word,3,επεκτείνουν,2026-05-26T12:12:35.876Z
39,f6f0a7e1-3d66-4f51-a357-2553e9cfb5bc,frontier,el,word,3,όριο,2026-05-26T12:12:36.005Z
39,f6f0a7e1-3d66-4f51-a357-2553e9cfb5bc,epoch,el,word,1,εποχή,2026-05-26T12:12:39.005Z
39,f6f0a7e1-3d66-4f51-a357-2553e9cfb5bc,"oceans,",el,word,1,"ωκεανούς,",2026-05-26T12:12:47.180Z
39,f6f0a7e1-3d66-4f51-a357-2553e9cfb5bc,traditions.,el,word,5,παραδόσεις.,2026-05-26T12:13:11.138Z
39,f6f0a7e1-3d66-4f51-a357-2553e9cfb5bc,order,el,word,1,παραγγελία,2026-05-26T12:12:57.408Z
39,f6f0a7e1-3d66-4f51-a357-2553e9cfb5bc,began,el,word,3,άρχισαν,2026-05-26T12:15:36.239Z
39,f6f0a7e1-3d66-4f51-a357-2553e9cfb5bc,"quadrant,",el,word,5,"τεταρτημόριο,",2026-05-26T12:14:28.783Z
39,f6f0a7e1-3d66-4f51-a357-2553e9cfb5bc,latitude,el,word,3,γεωγραφικό πλάτος,2026-05-26T12:13:21.310Z
39,f6f0a7e1-3d66-4f51-a357-2553e9cfb5bc,ship.,el,word,1,πλοίου.,2026-05-26T12:13:24.232Z
39,f6f0a7e1-3d66-4f51-a357-2553e9cfb5bc,always,el,word,1,πάντα,2026-05-26T12:13:44.427Z
39,f6f0a7e1-3d66-4f51-a357-2553e9cfb5bc,America,el,word,1,Αμερική,2026-05-26T12:13:58.714Z
39,f6f0a7e1-3d66-4f51-a357-2553e9cfb5bc,astrolabe,el,word,1,αστρολάβος,2026-05-26T12:14:12.078Z
39,f6f0a7e1-3d66-4f51-a357-2553e9cfb5bc,latitudinal,el,word,1,γεωγραφικό πλάτος,2026-05-26T12:14:19.909Z
39,f6f0a7e1-3d66-4f51-a357-2553e9cfb5bc,location,el,word,1,τοποθεσία,2026-05-26T12:14:25.217Z
39,f6f0a7e1-3d66-4f51-a357-2553e9cfb5bc,Americas,el,word,2,Αμερική,2026-05-26T12:14:27.552Z
39,f6f0a7e1-3d66-4f51-a357-2553e9cfb5bc,imprecise,el,word,2,ανακριβής,2026-05-26T12:14:35.295Z
39,f6f0a7e1-3d66-4f51-a357-2553e9cfb5bc,inadvertently,el,word,1,αθέλητα,2026-05-26T12:14:38.904Z
39,f6f0a7e1-3d66-4f51-a357-2553e9cfb5bc,think,el,word,1,σκέψου,2026-05-26T12:14:52.817Z
39,f6f0a7e1-3d66-4f51-a357-2553e9cfb5bc,believed,el,word,1,πίστευε,2026-05-26T12:15:05.750Z
39,f6f0a7e1-3d66-4f51-a357-2553e9cfb5bc,hindered,el,word,1,εμπόδισε,2026-05-26T12:15:16.928Z
39,f6f0a7e1-3d66-4f51-a357-2553e9cfb5bc,governments,el,word,2,κυβερνήσεις,2026-05-26T12:15:31.928Z
39,f6f0a7e1-3d66-4f51-a357-2553e9cfb5bc,irretrievably,el,word,1,ανεπανόρθωτα,2026-05-26T12:15:31.906Z
39,f6f0a7e1-3d66-4f51-a357-2553e9cfb5bc,developing,el,word,2,ανάπτυξη,2026-05-26T12:15:32.046Z
39,f6f0a7e1-3d66-4f51-a357-2553e9cfb5bc,sextant,el,word,1,εξάντα,2026-05-26T12:15:47.110Z
39,f6f0a7e1-3d66-4f51-a357-2553e9cfb5bc,"chronometer,",el,word,2,"χρονομέτρου,",2026-05-26T12:16:20.724Z
39,f6f0a7e1-3d66-4f51-a357-2553e9cfb5bc,replaced,el,word,2,αντικατέστησε,2026-05-26T12:15:59.609Z
39,f6f0a7e1-3d66-4f51-a357-2553e9cfb5bc,horizon,el,word,1,ορίζοντας,2026-05-26T12:15:59.002Z
39,f6f0a7e1-3d66-4f51-a357-2553e9cfb5bc,celestial,el,word,1,ουράνιος,2026-05-26T12:16:00.326Z
39,f6f0a7e1-3d66-4f51-a357-2553e9cfb5bc,objects,el,word,1,αντικείμενα,2026-05-26T12:16:03.344Z
39,f6f0a7e1-3d66-4f51-a357-2553e9cfb5bc,latitude.,el,word,1,γεωγραφικό πλάτος.,2026-05-26T12:16:05.989Z
39,f6f0a7e1-3d66-4f51-a357-2553e9cfb5bc,used,el,word,1,χρησιμοποιούταν,2026-05-26T12:16:07.296Z
39,f6f0a7e1-3d66-4f51-a357-2553e9cfb5bc,angles,el,word,2,γωνίες,2026-05-26T12:16:10.094Z
39,f6f0a7e1-3d66-4f51-a357-2553e9cfb5bc,Longitude,el,word,1,Γεωγραφικό μήκος,2026-05-26T12:16:08.751Z
39,f6f0a7e1-3d66-4f51-a357-2553e9cfb5bc,impossible,el,word,1,αδύνατο,2026-05-26T12:16:17.741Z
39,f6f0a7e1-3d66-4f51-a357-2553e9cfb5bc,invention,el,word,1,εφεύρεση,2026-05-26T12:16:19.730Z
24,2bcab075-dc50-4f07-9b4d-a04da388cd7f,collection,el,word,1,συλλογή,2026-05-26T12:39:23.608Z
24,2bcab075-dc50-4f07-9b4d-a04da388cd7f,"textures,",el,word,1,"υφές,",2026-05-26T12:39:24.834Z
24,2bcab075-dc50-4f07-9b4d-a04da388cd7f,Science,el,word,1,Επιστήμη,2026-05-26T12:39:27.101Z
24,2bcab075-dc50-4f07-9b4d-a04da388cd7f,Without,el,word,1,Χωρίς,2026-05-26T12:39:34.560Z
24,2bcab075-dc50-4f07-9b4d-a04da388cd7f,light.,el,word,1,φως.,2026-05-26T12:39:42.798Z
24,2bcab075-dc50-4f07-9b4d-a04da388cd7f,electromagnetic,el,word,10,ηλεκτρομαγνητικά,2026-05-26T12:42:04.041Z
24,2bcab075-dc50-4f07-9b4d-a04da388cd7f,"X-rays,",el,word,1,"ακτίνες Χ,",2026-05-26T12:39:51.287Z
24,2bcab075-dc50-4f07-9b4d-a04da388cd7f,portion,el,word,1,μέρος,2026-05-26T12:39:54.869Z
24,2bcab075-dc50-4f07-9b4d-a04da388cd7f,infrared,el,word,1,υπέρυθρο,2026-05-26T12:39:55.680Z
24,2bcab075-dc50-4f07-9b4d-a04da388cd7f,intensities,el,word,2,εντάσεις,2026-05-26T12:40:32.599Z
24,2bcab075-dc50-4f07-9b4d-a04da388cd7f,"spectrum,",el,word,2,"φάσμα,",2026-05-26T12:40:14.923Z
24,2bcab075-dc50-4f07-9b4d-a04da388cd7f,organized,el,word,3,οργανωμένο,2026-05-26T12:40:53.720Z
24,2bcab075-dc50-4f07-9b4d-a04da388cd7f,wavelength.,el,word,1,μήκος κύματος.,2026-05-26T12:40:35.499Z
24,2bcab075-dc50-4f07-9b4d-a04da388cd7f,wave.,el,word,1,κύμα.,2026-05-26T12:40:44.249Z
24,2bcab075-dc50-4f07-9b4d-a04da388cd7f,"apart,",el,word,1,"μακριά,",2026-05-26T12:40:44.342Z
24,2bcab075-dc50-4f07-9b4d-a04da388cd7f,slinky,el,word,1,σπείρα,2026-05-26T12:40:45.702Z
24,2bcab075-dc50-4f07-9b4d-a04da388cd7f,waves,el,word,4,κύματα,2026-05-26T12:43:29.485Z
24,2bcab075-dc50-4f07-9b4d-a04da388cd7f,closed,el,word,1,κλειστό,2026-05-26T12:40:48.406Z
24,2bcab075-dc50-4f07-9b4d-a04da388cd7f,slinky.,el,word,1,σπείρα.,2026-05-26T12:40:58.411Z
24,2bcab075-dc50-4f07-9b4d-a04da388cd7f,spectrum,el,word,1,φάσμα,2026-05-26T12:41:03.523Z
24,2bcab075-dc50-4f07-9b4d-a04da388cd7f,waves-different,el,word,1,κύματα - διαφορετικά,2026-05-26T12:41:36.201Z
24,2bcab075-dc50-4f07-9b4d-a04da388cd7f,types,el,word,1,τύποι,2026-05-26T12:41:37.174Z
24,2bcab075-dc50-4f07-9b4d-a04da388cd7f,spectrum.,el,word,1,φάσμα.,2026-05-26T12:41:41.288Z
24,2bcab075-dc50-4f07-9b4d-a04da388cd7f,mankind,el,word,6,ανθρωπότητα,2026-05-26T12:43:01.446Z
24,2bcab075-dc50-4f07-9b4d-a04da388cd7f,harness,el,word,5,αξιοποίηση,2026-05-26T12:42:53.624Z
24,2bcab075-dc50-4f07-9b4d-a04da388cd7f,look,el,word,1,κοιτάζω,2026-05-26T12:41:57.268Z
24,2bcab075-dc50-4f07-9b4d-a04da388cd7f,humankind,el,word,1,η ανθρωπότητα,2026-05-26T12:42:05.442Z
24,2bcab075-dc50-4f07-9b4d-a04da388cd7f,given,el,word,2,δεδομένου,2026-05-26T12:42:11.084Z
24,2bcab075-dc50-4f07-9b4d-a04da388cd7f,natural,el,word,1,φυσικός,2026-05-26T12:42:15.632Z
24,2bcab075-dc50-4f07-9b4d-a04da388cd7f,tools,el,word,1,εργαλεία,2026-05-26T12:42:27.136Z
24,2bcab075-dc50-4f07-9b4d-a04da388cd7f,radiation,el,word,1,ακτινοβολία,2026-05-26T12:42:43.859Z
24,2bcab075-dc50-4f07-9b4d-a04da388cd7f,night-vision,el,word,1,νυχτερινή όραση,2026-05-26T12:43:08.586Z
24,2bcab075-dc50-4f07-9b4d-a04da388cd7f,comprehensible,el,word,1,κατανοητές,2026-05-26T12:43:30.777Z
24,2bcab075-dc50-4f07-9b4d-a04da388cd7f,understand,el,word,1,κατανοήσουμε,2026-05-26T12:43:38.800Z
24,2bcab075-dc50-4f07-9b4d-a04da388cd7f,bouncing,el,word,3,που αναπηδά,2026-05-26T12:44:56.500Z
24,2bcab075-dc50-4f07-9b4d-a04da388cd7f,weren't,el,word,1,δεν,2026-05-26T12:43:59.176Z
24,2bcab075-dc50-4f07-9b4d-a04da388cd7f,basketball;,el,word,3,μπάλα του μπάσκετ·,2026-05-26T12:44:57.552Z
24,2bcab075-dc50-4f07-9b4d-a04da388cd7f,way,el,word,1,πολύ,2026-05-26T12:44:30.478Z
24,2bcab075-dc50-4f07-9b4d-a04da388cd7f,eyes,el,word,1,μάτια,2026-05-26T12:44:31.165Z
24,2bcab075-dc50-4f07-9b4d-a04da388cd7f,"tall,",el,word,1,"ψηλό,",2026-05-26T12:44:32.016Z
24,2bcab075-dc50-4f07-9b4d-a04da388cd7f,would,el,word,1,θα,2026-05-26T12:45:00.097Z
24,167d42db-d3aa-4701-a8e2-a7576c6052bf,vehicle-ice,el,word,1,όχημα-παγωτό,2026-05-26T12:46:07.361Z
24,167d42db-d3aa-4701-a8e2-a7576c6052bf,everyone,el,word,2,όλοι,2026-05-26T12:46:11.235Z
24,167d42db-d3aa-4701-a8e2-a7576c6052bf,"beverage,",el,word,2,"ποτό,",2026-05-26T12:46:13.049Z
24,167d42db-d3aa-4701-a8e2-a7576c6052bf,shelf,el,word,1,ράφι,2026-05-26T12:46:11.380Z
24,167d42db-d3aa-4701-a8e2-a7576c6052bf,candy,el,word,2,γλυκό,2026-05-26T12:46:53.754Z
24,167d42db-d3aa-4701-a8e2-a7576c6052bf,line.,el,word,4,γραμμή.,2026-05-26T12:46:38.327Z
24,167d42db-d3aa-4701-a8e2-a7576c6052bf,chocolate,el,word,8,η σοκολάτα,2026-05-26T12:46:55.910Z
24,167d42db-d3aa-4701-a8e2-a7576c6052bf,manufactured,el,word,3,κατασκευασμένα,2026-05-26T12:46:44.355Z
24,167d42db-d3aa-4701-a8e2-a7576c6052bf,chocolaty?,el,word,1,σοκολατένιο;,2026-05-26T12:46:43.221Z
24,167d42db-d3aa-4701-a8e2-a7576c6052bf,"indulge,",el,word,2,"αφεθείτε,",2026-05-26T12:46:54.531Z
24,167d42db-d3aa-4701-a8e2-a7576c6052bf,along,el,word,2,κατά μήκος,2026-05-26T12:46:51.799Z
24,167d42db-d3aa-4701-a8e2-a7576c6052bf,wrapper.,el,word,1,περιτύλιγμα.,2026-05-26T12:46:58.836Z
24,167d42db-d3aa-4701-a8e2-a7576c6052bf,humid,el,word,2,υγρό,2026-05-26T12:47:13.573Z
24,167d42db-d3aa-4701-a8e2-a7576c6052bf,climates.,el,word,1,κλίματα.,2026-05-26T12:47:13.124Z
24,167d42db-d3aa-4701-a8e2-a7576c6052bf,areas,el,word,1,περιοχές,2026-05-26T12:47:25.235Z
24,167d42db-d3aa-4701-a8e2-a7576c6052bf,rural,el,word,1,αγροτικές,2026-05-26T12:47:25.523Z
24,167d42db-d3aa-4701-a8e2-a7576c6052bf,throughout,el,word,1,σε όλο τον κόσμο,2026-05-26T12:47:34.487Z
24,167d42db-d3aa-4701-a8e2-a7576c6052bf,farms,el,word,1,φυτείες,2026-05-26T12:47:45.910Z
24,167d42db-d3aa-4701-a8e2-a7576c6052bf,much,el,word,1,πολύ,2026-05-26T12:47:59.108Z
24,167d42db-d3aa-4701-a8e2-a7576c6052bf,change.,el,word,1,αλλαγή.,2026-05-26T12:48:15.763Z
24,167d42db-d3aa-4701-a8e2-a7576c6052bf,exploitation,el,word,1,εκμετάλλευση,2026-05-26T12:48:18.053Z
24,167d42db-d3aa-4701-a8e2-a7576c6052bf,commodities,el,word,1,εμπορεύματα,2026-05-26T12:48:28.751Z
24,167d42db-d3aa-4701-a8e2-a7576c6052bf,"trade.""",el,word,1,εμπόριο».,2026-05-26T12:48:31.748Z
24,167d42db-d3aa-4701-a8e2-a7576c6052bf,economies.,el,word,1,οικονομίες.,2026-05-26T12:48:41.315Z
24,167d42db-d3aa-4701-a8e2-a7576c6052bf,adhere,el,word,1,να τηρεί,2026-05-26T12:48:50.558Z
24,167d42db-d3aa-4701-a8e2-a7576c6052bf,earth-friendly.,el,word,1,φιλικές προς το περιβάλλον.,2026-05-26T12:48:57.030Z
24,167d42db-d3aa-4701-a8e2-a7576c6052bf,seriously.,el,word,2,Σοβαρά.,2026-05-26T12:48:58.330Z
24,167d42db-d3aa-4701-a8e2-a7576c6052bf,Sustainability,el,word,2,Βιωσιμότητα,2026-05-26T12:48:58.432Z
24,167d42db-d3aa-4701-a8e2-a7576c6052bf,traded,el,word,1,εμπορεύονται,2026-05-26T12:49:27.343Z
24,167d42db-d3aa-4701-a8e2-a7576c6052bf,products,el,word,1,προϊόντα,2026-05-26T12:49:27.913Z
24,167d42db-d3aa-4701-a8e2-a7576c6052bf,producers-the,el,word,1,"οι παραγωγοί, οι",2026-05-26T12:49:33.562Z
24,167d42db-d3aa-4701-a8e2-a7576c6052bf,designated,el,word,1,καθορίζεται,2026-05-26T12:49:37.900Z
24,167d42db-d3aa-4701-a8e2-a7576c6052bf,sometimes,el,word,1,μερικές φορές,2026-05-26T12:49:44.624Z
24,167d42db-d3aa-4701-a8e2-a7576c6052bf,earn,el,word,1,κερδίζουν,2026-05-26T12:49:50.215Z
38,1582ccd1-c62f-4b1d-9839-f7e65d8d74b8,"source,",el,word,1,"πηγή,",2026-05-26T13:08:48.296Z
38,1582ccd1-c62f-4b1d-9839-f7e65d8d74b8,colonies,el,word,1,αποικίες,2026-05-26T13:08:57.087Z
38,1582ccd1-c62f-4b1d-9839-f7e65d8d74b8,pollinate,el,word,1,επικονίαση,2026-05-26T13:09:15.823Z
38,1582ccd1-c62f-4b1d-9839-f7e65d8d74b8,potential,el,word,3,πιθανές,2026-05-26T13:09:32.027Z
38,1582ccd1-c62f-4b1d-9839-f7e65d8d74b8,populations.,el,word,1,πληθυσμούς.,2026-05-26T13:09:36.139Z
38,1582ccd1-c62f-4b1d-9839-f7e65d8d74b8,pollinators,el,word,2,επικονιαστές,2026-05-26T13:09:50.391Z
38,1582ccd1-c62f-4b1d-9839-f7e65d8d74b8,distressing,el,word,2,οδυνηρό,2026-05-26T13:09:50.581Z
38,1582ccd1-c62f-4b1d-9839-f7e65d8d74b8,"scientists,",el,word,1,"επιστήμονες,",2026-05-26T13:10:27.830Z
38,1582ccd1-c62f-4b1d-9839-f7e65d8d74b8,researchers,el,word,1,οι ερευνητές,2026-05-26T13:10:53.864Z
38,1582ccd1-c62f-4b1d-9839-f7e65d8d74b8,particular,el,word,1,συγκεκριμένης,2026-05-26T13:11:09.836Z
38,1582ccd1-c62f-4b1d-9839-f7e65d8d74b8,"biodiversity,",el,word,1,"βιοποικιλότητα,",2026-05-26T13:11:16.201Z
38,1582ccd1-c62f-4b1d-9839-f7e65d8d74b8,collectively,el,word,1,συλλογικά,2026-05-26T13:11:40.670Z
38,1582ccd1-c62f-4b1d-9839-f7e65d8d74b8,imperative,el,word,1,απαραίτητο,2026-05-26T13:11:41.096Z
38,1582ccd1-c62f-4b1d-9839-f7e65d8d74b8,colony,el,word,2,αποικία,2026-05-26T13:11:49.108Z
38,1582ccd1-c62f-4b1d-9839-f7e65d8d74b8,improved,el,word,2,βελτιωμένες,2026-05-26T13:11:49.117Z
38,1582ccd1-c62f-4b1d-9839-f7e65d8d74b8,techniques,el,word,2,τεχνικές,2026-05-26T13:11:51.362Z
38,1582ccd1-c62f-4b1d-9839-f7e65d8d74b8,proposed:,el,word,1,προτεινόμενη:,2026-05-26T13:11:51.436Z
38,f1b464e4-0038-4771-a951-50942c21097e,continent.,el,word,2,ηπειρωτική χώρα.,2026-05-26T13:18:55.663Z
38,f1b464e4-0038-4771-a951-50942c21097e,European,el,word,2,Ευρωπαίοι,2026-05-26T13:22:17.909Z
38,f1b464e4-0038-4771-a951-50942c21097e,"food,",el,word,2,"τροφή,",2026-05-26T13:18:34.032Z
38,f1b464e4-0038-4771-a951-50942c21097e,populated,el,word,1,κατοικούσαν,2026-05-26T13:18:17.986Z
38,f1b464e4-0038-4771-a951-50942c21097e,environment.,el,word,1,περιβάλλον.,2026-05-26T13:18:24.975Z
38,f1b464e4-0038-4771-a951-50942c21097e,"instance,",el,word,1,"για παράδειγμα,",2026-05-26T13:18:27.904Z
38,f1b464e4-0038-4771-a951-50942c21097e,entire,el,word,1,ολόκληρο,2026-05-26T13:18:31.137Z
38,f1b464e4-0038-4771-a951-50942c21097e,engaged,el,word,1,εμπλέκονταν,2026-05-26T13:18:42.288Z
38,f1b464e4-0038-4771-a951-50942c21097e,prior,el,word,1,προηγούμενο,2026-05-26T13:18:45.324Z
38,f1b464e4-0038-4771-a951-50942c21097e,dramatically,el,word,1,δραματικά,2026-05-26T13:18:51.668Z
38,f1b464e4-0038-4771-a951-50942c21097e,conflicts,el,word,2,συγκρούσεις,2026-05-26T13:18:57.267Z
38,f1b464e4-0038-4771-a951-50942c21097e,Throughout,el,word,1,Καθ' όλη τη διάρκεια,2026-05-26T13:18:57.392Z
38,f1b464e4-0038-4771-a951-50942c21097e,actually,el,word,3,στην πραγματικότητα,2026-05-26T13:18:57.532Z
38,f1b464e4-0038-4771-a951-50942c21097e,seventeenth,el,word,1,17ος,2026-05-26T13:19:00.117Z
38,f1b464e4-0038-4771-a951-50942c21097e,obtaining,el,word,1,απόκτηση,2026-05-26T13:19:03.795Z
38,f1b464e4-0038-4771-a951-50942c21097e,Europeans,el,word,3,Ευρωπαίοι,2026-05-26T13:22:15.080Z
38,f1b464e4-0038-4771-a951-50942c21097e,Ocean,el,word,1,Ωκεανός,2026-05-26T13:19:07.066Z
38,f1b464e4-0038-4771-a951-50942c21097e,brought,el,word,3,έφεραν,2026-05-26T13:19:48.600Z
38,f1b464e4-0038-4771-a951-50942c21097e,explorers,el,word,1,εξερευνητές,2026-05-26T13:19:36.140Z
38,f1b464e4-0038-4771-a951-50942c21097e,deaths,el,word,1,θάνατοι,2026-05-26T13:19:38.499Z
38,f1b464e4-0038-4771-a951-50942c21097e,Americans.,el,word,1,Αμερικανοί.,2026-05-26T13:19:43.423Z
38,f1b464e4-0038-4771-a951-50942c21097e,arriving,el,word,1,φτάνοντας,2026-05-26T13:19:44.868Z
38,f1b464e4-0038-4771-a951-50942c21097e,technology.,el,word,1,τεχνολογία.,2026-05-26T13:19:46.206Z
38,f1b464e4-0038-4771-a951-50942c21097e,immune,el,word,2,ανοσοποιημένοι,2026-05-26T13:19:49.420Z
38,f1b464e4-0038-4771-a951-50942c21097e,smallpox,el,word,1,η ευλογιά,2026-05-26T13:20:25.804Z
38,f1b464e4-0038-4771-a951-50942c21097e,populations.,el,word,1,πληθυσμών.,2026-05-26T13:20:26.972Z
38,f1b464e4-0038-4771-a951-50942c21097e,technology,el,word,2,τεχνολογία,2026-05-26T13:20:34.212Z
38,f1b464e4-0038-4771-a951-50942c21097e,part,el,word,3,μέρος,2026-05-26T13:20:34.285Z
38,f1b464e4-0038-4771-a951-50942c21097e,Americans,el,word,4,Αμερικανοί,2026-05-26T13:21:50.476Z
38,f1b464e4-0038-4771-a951-50942c21097e,Native,el,word,4,Ιθαγενείς,2026-05-26T13:22:25.863Z
38,f1b464e4-0038-4771-a951-50942c21097e,exchanged,el,word,2,αντάλλασσαν,2026-05-26T13:20:47.848Z
38,f1b464e4-0038-4771-a951-50942c21097e,break,el,word,1,διάλειμμα,2026-05-26T13:20:55.233Z
38,f1b464e4-0038-4771-a951-50942c21097e,Europeans.,el,word,1,Ευρωπαίοι.,2026-05-26T13:21:03.499Z
38,f1b464e4-0038-4771-a951-50942c21097e,food,el,word,1,τροφή,2026-05-26T13:21:04.141Z
38,f1b464e4-0038-4771-a951-50942c21097e,hard,el,word,1,δύσκολες,2026-05-26T13:21:04.182Z
38,f1b464e4-0038-4771-a951-50942c21097e,called,el,word,4,που ονομάζονται,2026-05-26T13:22:06.986Z
38,f1b464e4-0038-4771-a951-50942c21097e,"Jamestown,",el,word,1,"Τζέιμσταουν,",2026-05-26T13:21:07.563Z
38,f1b464e4-0038-4771-a951-50942c21097e,agreements.,el,word,3,συμφωνίες.,2026-05-26T13:21:23.299Z
38,f1b464e4-0038-4771-a951-50942c21097e,settlers,el,word,1,άποικοι,2026-05-26T13:21:14.696Z
38,f1b464e4-0038-4771-a951-50942c21097e,conquered.,el,word,1,υποτάξιμοι.,2026-05-26T13:21:36.688Z
38,f1b464e4-0038-4771-a951-50942c21097e,pressured,el,word,2,πίεσαν,2026-05-26T13:21:50.336Z
38,f1b464e4-0038-4771-a951-50942c21097e,collectively,el,word,1,συλλογικά,2026-05-26T13:21:54.365Z
38,f1b464e4-0038-4771-a951-50942c21097e,either,el,word,2,είτε,2026-05-26T13:23:21.531Z
38,f1b464e4-0038-4771-a951-50942c21097e,Anglo-Powhatan,el,word,1,Αγγλο-Ποουχάταν,2026-05-26T13:22:08.685Z
38,f1b464e4-0038-4771-a951-50942c21097e,continued,el,word,1,συνέχεια,2026-05-26T13:22:14.969Z
38,f1b464e4-0038-4771-a951-50942c21097e,skirmishes,el,word,2,συμπλοκές,2026-05-26T13:22:58.025Z
38,f1b464e4-0038-4771-a951-50942c21097e,American,el,word,1,Αμερικανική,2026-05-26T13:22:16.689Z
38,f1b464e4-0038-4771-a951-50942c21097e,tribes,el,word,1,φυλές,2026-05-26T13:22:17.385Z
38,f1b464e4-0038-4771-a951-50942c21097e,decades,el,word,1,δεκαετίες,2026-05-26T13:22:18.029Z
38,f1b464e4-0038-4771-a951-50942c21097e,reinforcements,el,word,1,ενισχύσεις,2026-05-26T13:22:37.691Z
38,f1b464e4-0038-4771-a951-50942c21097e,sparked,el,word,1,προκάλεσε,2026-05-26T13:23:01.440Z
38,f1b464e4-0038-4771-a951-50942c21097e,settle,el,word,1,εγκαθίστανται,2026-05-26T13:23:04.623Z
38,f1b464e4-0038-4771-a951-50942c21097e,scarce,el,word,1,σπάνια,2026-05-26T13:23:11.066Z
38,f1b464e4-0038-4771-a951-50942c21097e,livelihood.,el,word,1,μέσο διαβίωσης.,2026-05-26T13:23:11.901Z
38,f1b464e4-0038-4771-a951-50942c21097e,somewhere,el,word,1,κάπου,2026-05-26T13:23:25.068Z
37,0f2bf24c-64b7-4683-90c1-362df55604ff,think,el,word,1,σκέψου,2026-05-26T13:33:45.549Z
37,0f2bf24c-64b7-4683-90c1-362df55604ff,disappearing,el,word,1,εξαφανίζονται,2026-05-26T13:34:02.464Z
37,0f2bf24c-64b7-4683-90c1-362df55604ff,Reuters,el,word,4,Reuters,2026-05-26T13:34:41.740Z
37,0f2bf24c-64b7-4683-90c1-362df55604ff,dying,el,word,3,πεθαίνουν,2026-05-26T13:34:42.874Z
37,0f2bf24c-64b7-4683-90c1-362df55604ff,reporters,el,word,1,δημοσιογράφοι,2026-05-26T13:34:34.122Z
37,0f2bf24c-64b7-4683-90c1-362df55604ff,pollination,el,word,1,επικονίαση,2026-05-26T13:34:54.224Z
37,0f2bf24c-64b7-4683-90c1-362df55604ff,"pesticides,",el,word,1,"φυτοφάρμακα,",2026-05-26T13:35:32.546Z
37,0f2bf24c-64b7-4683-90c1-362df55604ff,development,el,word,1,ανάπτυξη,2026-05-26T13:35:33.342Z
37,0f2bf24c-64b7-4683-90c1-362df55604ff,pollinating,el,word,1,επικονίαση,2026-05-26T13:36:50.871Z
37,0f2bf24c-64b7-4683-90c1-362df55604ff,remaining,el,word,1,υπόλοιπα,2026-05-26T13:36:51.597Z
37,0f2bf24c-64b7-4683-90c1-362df55604ff,fewer,el,word,1,λιγότερα,2026-05-26T13:37:12.935Z
37,0f2bf24c-64b7-4683-90c1-362df55604ff,bumblebees.,el,word,1,μελισσών.,2026-05-26T13:37:30.728Z
37,0f2bf24c-64b7-4683-90c1-362df55604ff,Worldwide,el,word,1,Παγκόσμια,2026-05-26T13:38:27.694Z
37,0f2bf24c-64b7-4683-90c1-362df55604ff,Bees,el,word,2,Μέλισσες,2026-05-26T13:39:55.743Z
37,0f2bf24c-64b7-4683-90c1-362df55604ff,Loss,el,word,1,Απώλεια,2026-05-26T13:39:54.651Z
37,58778c4c-fc0c-4ed9-ac39-f3d0f8c781f4,people,el,word,1,άνθρωποι,2026-05-26T13:40:53.235Z
37,58778c4c-fc0c-4ed9-ac39-f3d0f8c781f4,trade,el,word,1,εμπόριο,2026-05-26T13:41:18.258Z
37,58778c4c-fc0c-4ed9-ac39-f3d0f8c781f4,Europe's,el,word,1,η Ευρώπη,2026-05-26T13:41:19.019Z
37,58778c4c-fc0c-4ed9-ac39-f3d0f8c781f4,traditions.,el,word,1,παραδόσεις.,2026-05-26T13:41:19.278Z
37,58778c4c-fc0c-4ed9-ac39-f3d0f8c781f4,"quadrant,",el,word,2,"τεταρτημόριο,",2026-05-26T13:43:47.046Z
37,58778c4c-fc0c-4ed9-ac39-f3d0f8c781f4,exploration,el,word,3,εξερεύνηση,2026-05-26T13:41:27.251Z
37,58778c4c-fc0c-4ed9-ac39-f3d0f8c781f4,fascinated,el,word,1,γοητευμένοι,2026-05-26T13:41:28.148Z
37,58778c4c-fc0c-4ed9-ac39-f3d0f8c781f4,Spanish,el,word,3,Ισπανικά,2026-05-26T13:41:30.004Z
37,58778c4c-fc0c-4ed9-ac39-f3d0f8c781f4,"example,",el,word,1,"παράδειγμα,",2026-05-26T13:41:46.379Z
37,58778c4c-fc0c-4ed9-ac39-f3d0f8c781f4,"reckoning,""",el,word,1,"υπολογισμός»,",2026-05-26T13:41:51.036Z
37,58778c4c-fc0c-4ed9-ac39-f3d0f8c781f4,Europe),el,word,1,Ευρώπη),2026-05-26T13:41:51.853Z
37,58778c4c-fc0c-4ed9-ac39-f3d0f8c781f4,velocity,el,word,1,ταχύτητα,2026-05-26T13:41:57.435Z
37,58778c4c-fc0c-4ed9-ac39-f3d0f8c781f4,latitude,el,word,2,γεωγραφικό πλάτος,2026-05-26T13:42:57.239Z
37,58778c4c-fc0c-4ed9-ac39-f3d0f8c781f4,navigators,el,word,1,πλοηγοί,2026-05-26T13:42:57.291Z
37,58778c4c-fc0c-4ed9-ac39-f3d0f8c781f4,calculating,el,word,2,υπολογισμός,2026-05-26T13:42:57.436Z
37,58778c4c-fc0c-4ed9-ac39-f3d0f8c781f4,Columbus,el,word,1,Κολόμβος,2026-05-26T13:43:36.186Z
37,58778c4c-fc0c-4ed9-ac39-f3d0f8c781f4,helpedexplorers,el,word,1,βοηθούσε τους εξερευνητές,2026-05-26T13:43:38.679Z
37,58778c4c-fc0c-4ed9-ac39-f3d0f8c781f4,latitudinal,el,word,1,γεωγραφικό πλάτος,2026-05-26T13:43:42.556Z
37,58778c4c-fc0c-4ed9-ac39-f3d0f8c781f4,location,el,word,1,τοποθεσία,2026-05-26T13:43:48.960Z
37,58778c4c-fc0c-4ed9-ac39-f3d0f8c781f4,inadvertently,el,word,1,αθέλητα,2026-05-26T13:43:55.527Z
37,58778c4c-fc0c-4ed9-ac39-f3d0f8c781f4,imprecise,el,word,1,ανακριβής,2026-05-26T13:43:58.965Z
37,58778c4c-fc0c-4ed9-ac39-f3d0f8c781f4,sextant,el,word,1,εξάντα,2026-05-26T13:44:46.122Z
37,58778c4c-fc0c-4ed9-ac39-f3d0f8c781f4,late,el,word,1,τέλη,2026-05-26T13:44:47.246Z
37,58778c4c-fc0c-4ed9-ac39-f3d0f8c781f4,"chronometer,",el,word,1,"χρονόμετρο,",2026-05-26T13:44:49.949Z
37,58778c4c-fc0c-4ed9-ac39-f3d0f8c781f4,celestial,el,word,1,ουράνιος,2026-05-26T13:44:56.584Z
37,58778c4c-fc0c-4ed9-ac39-f3d0f8c781f4,angles,el,word,1,γωνίες,2026-05-26T13:45:01.378Z
36,a1333b9b-71e8-4c46-9e6e-c173335107f2,Obama,el,word,1,Ομπάμα,2026-05-26T14:00:05.590Z
36,a1333b9b-71e8-4c46-9e6e-c173335107f2,Rosa,el,word,1,Ρόζα,2026-05-26T14:00:11.021Z
36,a1333b9b-71e8-4c46-9e6e-c173335107f2,Parks,el,word,1,Παρκς,2026-05-26T14:00:11.684Z
36,a1333b9b-71e8-4c46-9e6e-c173335107f2,"work,",el,word,1,"δουλειά,",2026-05-26T14:00:14.507Z
36,a1333b9b-71e8-4c46-9e6e-c173335107f2,Neighborhoods,el,word,1,Γειτονιές,2026-05-26T14:00:18.322Z
36,a1333b9b-71e8-4c46-9e6e-c173335107f2,citizenship,el,word,1,ιθαγένεια,2026-05-26T14:00:18.971Z
36,a1333b9b-71e8-4c46-9e6e-c173335107f2,carpools.,el,word,1,ομάδες μεταφοράς με αυτοκίνητο.,2026-05-26T14:00:21.426Z
36,a1333b9b-71e8-4c46-9e6e-c173335107f2,resilience,el,word,1,ανθεκτικότητα,2026-05-26T14:00:22.392Z
36,a1333b9b-71e8-4c46-9e6e-c173335107f2,Montgomery,el,word,1,Μοντγκόμερι,2026-05-26T14:00:24.502Z
36,a1333b9b-71e8-4c46-9e6e-c173335107f2,days,el,word,1,ημέρες,2026-05-26T14:00:29.712Z
36,a1333b9b-71e8-4c46-9e6e-c173335107f2,courageous,el,word,1,θαρραλέοι,2026-05-26T14:00:31.838Z
36,a1333b9b-71e8-4c46-9e6e-c173335107f2,injustice,el,word,1,αδικία,2026-05-26T14:00:34.136Z
36,a1333b9b-71e8-4c46-9e6e-c173335107f2,confront,el,word,1,αντιμετωπίζω,2026-05-26T14:00:44.332Z
36,a1333b9b-71e8-4c46-9e6e-c173335107f2,"buses,",el,word,1,"λεωφορεία,",2026-05-26T14:00:46.338Z
36,2bf56d63-14db-4c12-b2c3-d5265757ae33,Parks,el,word,1,Παρκς,2026-05-26T14:00:55.537Z
36,2bf56d63-14db-4c12-b2c3-d5265757ae33,days,el,word,1,ημέρες,2026-05-26T14:00:58.765Z
36,2bf56d63-14db-4c12-b2c3-d5265757ae33,courageous,el,word,1,θαρραλέοι,2026-05-26T14:01:03.307Z
36,2bf56d63-14db-4c12-b2c3-d5265757ae33,extraordinary,el,word,1,εξαιρετικό,2026-05-26T14:01:06.396Z
36,2bf56d63-14db-4c12-b2c3-d5265757ae33,ordinary,el,word,1,συνηθισμένοι,2026-05-26T14:01:10.142Z
36,2bf56d63-14db-4c12-b2c3-d5265757ae33,seat,el,word,2,θέση,2026-05-26T14:02:26.190Z
36,2bf56d63-14db-4c12-b2c3-d5265757ae33,desegregation,el,word,1,κατάργηση των φυλετικών διακρίσεων,2026-05-26T14:01:25.222Z
36,2bf56d63-14db-4c12-b2c3-d5265757ae33,churches,el,word,1,εκκλησίες,2026-05-26T14:01:28.956Z
36,2bf56d63-14db-4c12-b2c3-d5265757ae33,"men,",el,word,1,"άνδρες,",2026-05-26T14:01:32.064Z
36,2bf56d63-14db-4c12-b2c3-d5265757ae33,forever,el,word,1,για πάντα,2026-05-26T14:01:34.057Z
36,2bf56d63-14db-4c12-b2c3-d5265757ae33,Obama,el,word,1,Ομπάμα,2026-05-26T14:01:39.184Z
36,2bf56d63-14db-4c12-b2c3-d5265757ae33,African-American,el,word,1,Αφροαμερικανίδα,2026-05-26T14:02:35.595Z
36,5a53fc0a-daac-4c70-9426-d838d8fc478a,African-American,el,word,1,Αφροαμερικανίδα,2026-05-26T14:02:42.524Z
36,84db3f23-8196-4338-86fd-1418878308d4,African-American,el,word,1,Αφροαμερικανίδα,2026-05-26T14:05:31.063Z
36,0b470ee2-68e3-4ff1-a51f-a42bc14041e7,African-American,el,word,1,Αφροαμερικανίδα,2026-05-26T14:06:41.158Z
36,0b470ee2-68e3-4ff1-a51f-a42bc14041e7,December,el,word,3,Δεκέμβριος,2026-05-26T14:08:28.703Z
36,0b470ee2-68e3-4ff1-a51f-a42bc14041e7,courageous,el,word,1,θαρραλέοι,2026-05-26T14:06:50.614Z
36,0b470ee2-68e3-4ff1-a51f-a42bc14041e7,spurred,el,word,2,ώθησε,2026-05-26T14:07:40.785Z
36,0b470ee2-68e3-4ff1-a51f-a42bc14041e7,Montgomery,el,word,1,Μοντγκόμερι,2026-05-26T14:06:57.640Z
36,0b470ee2-68e3-4ff1-a51f-a42bc14041e7,protest,el,word,1,διαμαρτυρία,2026-05-26T14:07:00.244Z
36,0b470ee2-68e3-4ff1-a51f-a42bc14041e7,"women,",el,word,1,"γυναίκες,",2026-05-26T14:07:05.983Z
36,0b470ee2-68e3-4ff1-a51f-a42bc14041e7,children,el,word,2,παιδιά,2026-05-26T14:09:51.856Z
36,0b470ee2-68e3-4ff1-a51f-a42bc14041e7,sparked,el,word,1,πυροδότησε,2026-05-26T14:07:11.724Z
36,0b470ee2-68e3-4ff1-a51f-a42bc14041e7,families,el,word,2,οικογένειες,2026-05-26T14:07:22.217Z
36,0b470ee2-68e3-4ff1-a51f-a42bc14041e7,conscience,el,word,1,συνείδηση,2026-05-26T14:07:20.724Z
36,0b470ee2-68e3-4ff1-a51f-a42bc14041e7,transformed,el,word,1,μεταμορφώθηκε,2026-05-26T14:07:23.307Z
36,0b470ee2-68e3-4ff1-a51f-a42bc14041e7,Parks,el,word,6,Παρκς,2026-05-26T14:09:04.329Z
36,0b470ee2-68e3-4ff1-a51f-a42bc14041e7,"Montgomery,",el,word,6,"Μοντγκόμερι,",2026-05-26T14:09:15.881Z
36,0b470ee2-68e3-4ff1-a51f-a42bc14041e7,Rosa,el,word,2,Ρόζα,2026-05-26T14:07:40.910Z
36,0b470ee2-68e3-4ff1-a51f-a42bc14041e7,journey,el,word,1,πορεία,2026-05-26T14:07:52.484Z
36,0b470ee2-68e3-4ff1-a51f-a42bc14041e7,forever,el,word,3,για πάντα,2026-05-26T14:09:04.472Z
36,0b470ee2-68e3-4ff1-a51f-a42bc14041e7,seamstress,el,word,3,ραπτική,2026-05-26T14:11:07.831Z
36,0b470ee2-68e3-4ff1-a51f-a42bc14041e7,Americans,el,word,1,Αμερικανοί,2026-05-26T14:08:10.124Z
36,0b470ee2-68e3-4ff1-a51f-a42bc14041e7,Nation,el,word,1,Έθνος,2026-05-26T14:08:27.312Z
36,0b470ee2-68e3-4ff1-a51f-a42bc14041e7,refused,el,word,1,αρνήθηκε,2026-05-26T14:08:27.376Z
36,0b470ee2-68e3-4ff1-a51f-a42bc14041e7,"work,",el,word,3,"δουλειά,",2026-05-26T14:08:27.991Z
36,0b470ee2-68e3-4ff1-a51f-a42bc14041e7,movement,el,word,2,κίνημα,2026-05-26T14:08:27.822Z
36,0b470ee2-68e3-4ff1-a51f-a42bc14041e7,home,el,word,2,σπίτι,2026-05-26T14:09:30.061Z
36,0b470ee2-68e3-4ff1-a51f-a42bc14041e7,friends,el,word,1,φίλοι,2026-05-26T14:08:46.875Z
36,0b470ee2-68e3-4ff1-a51f-a42bc14041e7,passenger.,el,word,2,επιβάτη.,2026-05-26T14:08:50.281Z
36,0b470ee2-68e3-4ff1-a51f-a42bc14041e7,white,el,word,1,λευκός,2026-05-26T14:08:49.410Z
36,0b470ee2-68e3-4ff1-a51f-a42bc14041e7,advanced,el,word,1,προώθησε,2026-05-26T14:08:55.767Z
36,0b470ee2-68e3-4ff1-a51f-a42bc14041e7,unacceptable.,el,word,1,απαράδεκτο.,2026-05-26T14:09:16.086Z
36,0b470ee2-68e3-4ff1-a51f-a42bc14041e7,extraordinary,el,word,1,εξαιρετικό,2026-05-26T14:09:48.014Z
36,0b470ee2-68e3-4ff1-a51f-a42bc14041e7,resilience,el,word,1,ανθεκτικότητα,2026-05-26T14:09:52.525Z
36,0b470ee2-68e3-4ff1-a51f-a42bc14041e7,transportation,el,word,2,μεταφορές,2026-05-26T14:09:52.609Z
36,0b470ee2-68e3-4ff1-a51f-a42bc14041e7,carpools.,el,word,2,ομάδες μεταφοράς με αυτοκίνητο.,2026-05-26T14:09:53.387Z
36,0b470ee2-68e3-4ff1-a51f-a42bc14041e7,Neighborhoods,el,word,1,Γειτονιές,2026-05-26T14:09:57.949Z
36,0b470ee2-68e3-4ff1-a51f-a42bc14041e7,fierce,el,word,1,άγρια,2026-05-26T14:10:00.518Z
36,0b470ee2-68e3-4ff1-a51f-a42bc14041e7,marginalized,el,word,1,περιθωριοποιημένους,2026-05-26T14:10:11.683Z
36,0b470ee2-68e3-4ff1-a51f-a42bc14041e7,"self-evident,",el,word,1,"αυτονόητη,",2026-05-26T14:10:21.686Z
36,0b470ee2-68e3-4ff1-a51f-a42bc14041e7,Constitution,el,word,2,Σύνταγμα,2026-05-26T14:10:41.232Z
36,0b470ee2-68e3-4ff1-a51f-a42bc14041e7,Anniversary,el,word,1,Επέτειος,2026-05-26T14:10:41.000Z
36,0b470ee2-68e3-4ff1-a51f-a42bc14041e7,hereunto,el,word,3,στο παρόν,2026-05-26T14:12:27.079Z
36,0b470ee2-68e3-4ff1-a51f-a42bc14041e7,make,el,word,4,κάνουν,2026-05-26T14:12:07.109Z
36,0b470ee2-68e3-4ff1-a51f-a42bc14041e7,self-executing.,el,word,2,αυτοεκτελέσιμο.,2026-05-26T14:12:06.288Z
36,0b470ee2-68e3-4ff1-a51f-a42bc14041e7,remind,el,word,1,υπενθυμίζουμε,2026-05-26T14:12:05.321Z
36,0b470ee2-68e3-4ff1-a51f-a42bc14041e7,pledge,el,word,1,υπόσχεση,2026-05-26T14:12:07.167Z
36,0b470ee2-68e3-4ff1-a51f-a42bc14041e7,vested,el,word,1,που μου έχουν ανατεθεί,2026-05-26T14:12:07.212Z
36,0b470ee2-68e3-4ff1-a51f-a42bc14041e7,day,el,word,2,ημέρα,2026-05-26T14:12:07.453Z
36,0b470ee2-68e3-4ff1-a51f-a42bc14041e7,legacy.,el,word,1,κληρονομιά.,2026-05-26T14:12:07.291Z
36,0b470ee2-68e3-4ff1-a51f-a42bc14041e7,thousand,el,word,1,χιλιάδες,2026-05-26T14:12:25.578Z
36,0b470ee2-68e3-4ff1-a51f-a42bc14041e7,Parks:,el,word,1,Παρκς:,2026-05-26T14:13:14.700Z
36,9903e67f-dc23-4e52-a966-6567e5a657a8,"parks,",el,word,1,"πάρκα,",2026-05-26T14:16:50.290Z
36,9903e67f-dc23-4e52-a966-6567e5a657a8,"""pervasive""",el,word,1,«διαδεδομένοι»,2026-05-26T14:16:58.495Z
36,9903e67f-dc23-4e52-a966-6567e5a657a8,people,el,word,1,άνθρωποι,2026-05-26T14:17:07.652Z
36,9903e67f-dc23-4e52-a966-6567e5a657a8,daily,el,word,1,καθημερινά,2026-05-26T14:17:10.446Z
36,9903e67f-dc23-4e52-a966-6567e5a657a8,respite,el,word,1,ανάπαυλα,2026-05-26T14:17:13.714Z
36,9903e67f-dc23-4e52-a966-6567e5a657a8,consequences,el,word,1,συνέπειες,2026-05-26T14:17:27.166Z
36,9903e67f-dc23-4e52-a966-6567e5a657a8,adverse,el,word,2,αρνητικές,2026-05-26T14:17:35.322Z
36,9903e67f-dc23-4e52-a966-6567e5a657a8,park,el,word,1,πάρκο,2026-05-26T14:17:34.968Z
36,9903e67f-dc23-4e52-a966-6567e5a657a8,tranquil,el,word,1,ήσυχη,2026-05-26T14:17:38.787Z
36,9903e67f-dc23-4e52-a966-6567e5a657a8,two-thirds,el,word,2,τα δύο τρίτα,2026-05-26T14:17:54.494Z
36,9903e67f-dc23-4e52-a966-6567e5a657a8,"areas,",el,word,2,"περιοχές,",2026-05-26T14:17:59.901Z
36,9903e67f-dc23-4e52-a966-6567e5a657a8,hush,el,word,1,ησυχία,2026-05-26T14:17:52.481Z
36,9903e67f-dc23-4e52-a966-6567e5a657a8,behavior.,el,word,1,συμπεριφορά.,2026-05-26T14:18:18.773Z
36,9903e67f-dc23-4e52-a966-6567e5a657a8,soundscape,el,word,1,ηχοτοπίο,2026-05-26T14:18:25.722Z
36,9903e67f-dc23-4e52-a966-6567e5a657a8,"comparison,",el,word,2,"σύγκριση,",2026-05-26T14:18:41.835Z
36,9903e67f-dc23-4e52-a966-6567e5a657a8,overflights,el,word,1,πτήσεις,2026-05-26T14:19:01.212Z
36,9903e67f-dc23-4e52-a966-6567e5a657a8,independent,el,word,1,ανεξάρτητη,2026-05-26T14:19:01.261Z
36,9903e67f-dc23-4e52-a966-6567e5a657a8,conservation,el,word,1,διατήρηση,2026-05-26T14:19:13.714Z
36,9903e67f-dc23-4e52-a966-6567e5a657a8,wildlife,el,word,1,άγρια φύση,2026-05-26T14:19:25.056Z
36,9903e67f-dc23-4e52-a966-6567e5a657a8,biologists.,el,word,1,βιολόγους.,2026-05-26T14:19:26.268Z
36,9903e67f-dc23-4e52-a966-6567e5a657a8,ability,el,word,1,ικανότητα,2026-05-26T14:19:30.447Z
36,9903e67f-dc23-4e52-a966-6567e5a657a8,deafen,el,word,1,να τα κάνει κουφά,2026-05-26T14:19:30.682Z
36,9903e67f-dc23-4e52-a966-6567e5a657a8,Europe.,el,word,1,Ευρώπη.,2026-05-26T14:19:47.596Z
36,9903e67f-dc23-4e52-a966-6567e5a657a8,elevate,el,word,1,ανυψώνουν,2026-05-26T14:19:57.087Z
36,9903e67f-dc23-4e52-a966-6567e5a657a8,mountain,el,word,1,βουνό,2026-05-26T14:20:04.169Z
36,9903e67f-dc23-4e52-a966-6567e5a657a8,"surroundings,",el,word,1,"περιβάλλον,",2026-05-26T14:20:08.604Z
36,9903e67f-dc23-4e52-a966-6567e5a657a8,restorative,el,word,2,αναζωογονητική,2026-05-26T14:20:27.786Z
36,9903e67f-dc23-4e52-a966-6567e5a657a8,cognitive,el,word,1,γνωστικές,2026-05-26T14:20:20.698Z
36,9903e67f-dc23-4e52-a966-6567e5a657a8,said.,el,word,1,είπε.,2026-05-26T14:20:25.111Z
36,9903e67f-dc23-4e52-a966-6567e5a657a8,ReadWorks’,el,word,2,ReadWorks’,2026-05-26T14:21:43.452Z
36,9903e67f-dc23-4e52-a966-6567e5a657a8,Noisy,el,word,1,Θορυβώδης,2026-05-26T14:21:52.044Z
36,9903e67f-dc23-4e52-a966-6567e5a657a8,"trauma,",el,word,1,"τραύμα,",2026-05-26T14:22:51.698Z
36,9903e67f-dc23-4e52-a966-6567e5a657a8,Pennsylvania,el,word,1,Πενσυλβάνια,2026-05-26T14:22:54.032Z
36,9903e67f-dc23-4e52-a966-6567e5a657a8,University,el,word,1,Πανεπιστήμιο,2026-05-26T14:23:01.282Z
40,de33090c-fe44-4a23-9631-0d8825f21b6c,seamstress,el,word,1,ραπτική,2026-05-26T14:34:18.292Z
40,de33090c-fe44-4a23-9631-0d8825f21b6c,segregation,el,word,1,φυλετικός διαχωρισμός,2026-05-26T14:34:52.739Z
40,de33090c-fe44-4a23-9631-0d8825f21b6c,"women,",el,word,2,"γυναίκες,",2026-05-26T14:35:26.176Z
40,de33090c-fe44-4a23-9631-0d8825f21b6c,conscience,el,word,1,συνείδηση,2026-05-26T14:35:20.701Z
40,de33090c-fe44-4a23-9631-0d8825f21b6c,carpools.,el,word,1,ομάδες μεταφοράς με αυτοκίνητο.,2026-05-26T14:35:23.551Z
40,de33090c-fe44-4a23-9631-0d8825f21b6c,Rather,el,word,1,Μάλλον,2026-05-26T14:35:26.723Z
40,de33090c-fe44-4a23-9631-0d8825f21b6c,extraordinary,el,word,1,εξαιρετικό,2026-05-26T14:35:28.484Z
40,de33090c-fe44-4a23-9631-0d8825f21b6c,desegregation,el,word,1,κατάργηση των φυλετικών διακρίσεων,2026-05-26T14:35:42.293Z
40,de33090c-fe44-4a23-9631-0d8825f21b6c,genuine,el,word,1,αληθινός,2026-05-26T14:36:02.170Z
40,de33090c-fe44-4a23-9631-0d8825f21b6c,"self-evident,",el,word,1,"αυτονόητη,",2026-05-26T14:36:02.851Z
40,de33090c-fe44-4a23-9631-0d8825f21b6c,hereunto,el,word,2,στο παρόν,2026-05-26T14:36:50.094Z
40,de33090c-fe44-4a23-9631-0d8825f21b6c,set,el,word,1,υπογράφω,2026-05-26T14:36:49.574Z
40,de33090c-fe44-4a23-9631-0d8825f21b6c,appropriate,el,word,1,κατάλληλη,2026-05-26T14:36:55.249Z
40,2b21176e-5e6c-471d-b8c6-d051873945b6,"""pervasive""",el,word,2,«διαδεδομένοι»,2026-05-26T14:40:48.101Z
40,2b21176e-5e6c-471d-b8c6-d051873945b6,respite,el,word,1,ανάπαυλα,2026-05-26T14:40:29.715Z
40,2b21176e-5e6c-471d-b8c6-d051873945b6,"federal,",el,word,2,"ομοσπονδιακά,",2026-05-26T14:40:39.658Z
40,2b21176e-5e6c-471d-b8c6-d051873945b6,Colorado,el,word,2,Κολοράντο,2026-05-26T14:40:40.641Z
40,2b21176e-5e6c-471d-b8c6-d051873945b6,public,el,word,1,δημόσιες,2026-05-26T14:40:52.510Z
40,2b21176e-5e6c-471d-b8c6-d051873945b6,lands,el,word,1,χώροι,2026-05-26T14:40:54.529Z
40,2b21176e-5e6c-471d-b8c6-d051873945b6,aside,el,word,1,εκτός,2026-05-26T14:40:56.991Z
40,2b21176e-5e6c-471d-b8c6-d051873945b6,racket,el,word,1,θόρυβος,2026-05-26T14:41:06.912Z
40,2b21176e-5e6c-471d-b8c6-d051873945b6,adverse,el,word,1,αρνητικές,2026-05-26T14:41:14.728Z
40,2b21176e-5e6c-471d-b8c6-d051873945b6,tranquil,el,word,5,ήσυχη,2026-05-26T14:41:32.112Z
40,2b21176e-5e6c-471d-b8c6-d051873945b6,"areas,",el,word,4,"περιοχές,",2026-05-26T14:41:32.238Z
40,2b21176e-5e6c-471d-b8c6-d051873945b6,hush,el,word,1,ησυχία,2026-05-26T14:41:25.861Z
40,2b21176e-5e6c-471d-b8c6-d051873945b6,combined,el,word,1,συνδυασμένα,2026-05-26T14:42:06.096Z
40,2b21176e-5e6c-471d-b8c6-d051873945b6,"locale,",el,word,1,"τοπική ρύθμιση,",2026-05-26T14:42:17.597Z
40,2b21176e-5e6c-471d-b8c6-d051873945b6,effects,el,word,3,επιπτώσεις,2026-05-26T14:43:02.628Z
40,2b21176e-5e6c-471d-b8c6-d051873945b6,avian,el,word,3,πτηνών,2026-05-26T14:43:09.590Z
40,2b21176e-5e6c-471d-b8c6-d051873945b6,calls,el,word,2,καλέσματα,2026-05-26T14:43:02.747Z
40,2b21176e-5e6c-471d-b8c6-d051873945b6,rustling,el,word,1,συριγμός,2026-05-26T14:43:25.361Z
40,2b21176e-5e6c-471d-b8c6-d051873945b6,warble,el,word,1,κελάηδισμα,2026-05-26T14:43:31.365Z
15,e139c673-3dc5-4bfc-b1ea-a9ce16846c91,world's,el,word,1,του κόσμου,2026-05-26T15:14:30.315Z
15,e139c673-3dc5-4bfc-b1ea-a9ce16846c91,"beverage,",el,word,1,"ποτό,",2026-05-26T15:14:41.985Z
15,e139c673-3dc5-4bfc-b1ea-a9ce16846c91,"America,",el,word,1,"Αμερική,",2026-05-26T15:15:12.846Z
15,e139c673-3dc5-4bfc-b1ea-a9ce16846c91,don't,el,word,2,δεν,2026-05-26T15:15:32.745Z
15,e139c673-3dc5-4bfc-b1ea-a9ce16846c91,"complex,",el,word,2,"περίπλοκοι,",2026-05-26T15:15:32.871Z
15,e139c673-3dc5-4bfc-b1ea-a9ce16846c91,farms,el,word,3,φυτείες,2026-05-26T15:15:34.080Z
15,e139c673-3dc5-4bfc-b1ea-a9ce16846c91,chocolate,el,word,1,σοκολάτα,2026-05-26T15:15:34.655Z
15,e139c673-3dc5-4bfc-b1ea-a9ce16846c91,laws,el,word,1,νόμοι,2026-05-26T15:15:40.677Z
15,e139c673-3dc5-4bfc-b1ea-a9ce16846c91,"Additionally,",el,word,1,"Επιπλέον,",2026-05-26T15:15:55.268Z
15,e139c673-3dc5-4bfc-b1ea-a9ce16846c91,regulate,el,word,1,ρυθμίζουν,2026-05-26T15:16:21.048Z
15,e139c673-3dc5-4bfc-b1ea-a9ce16846c91,communities,el,word,2,κοινότητες,2026-05-26T15:16:49.962Z
15,e139c673-3dc5-4bfc-b1ea-a9ce16846c91,bigger,el,word,2,μεγαλύτερες,2026-05-26T15:16:49.296Z
15,e139c673-3dc5-4bfc-b1ea-a9ce16846c91,first,el,word,1,πρώτο,2026-05-26T15:16:43.730Z
15,e139c673-3dc5-4bfc-b1ea-a9ce16846c91,definitely,el,word,1,σίγουρα,2026-05-26T15:16:58.319Z
15,e139c673-3dc5-4bfc-b1ea-a9ce16846c91,seriously.,el,word,3,Σοβαρά.,2026-05-26T15:17:08.252Z
15,e139c673-3dc5-4bfc-b1ea-a9ce16846c91,Sustainability,el,word,2,Βιωσιμότητα,2026-05-26T15:17:09.674Z
15,e139c673-3dc5-4bfc-b1ea-a9ce16846c91,adhere,el,word,1,να τηρεί,2026-05-26T15:17:07.976Z
15,e139c673-3dc5-4bfc-b1ea-a9ce16846c91,clean.,el,word,1,καθαρές.,2026-05-26T15:17:28.386Z
15,e139c673-3dc5-4bfc-b1ea-a9ce16846c91,certified,el,word,1,πιστοποιημένες,2026-05-26T15:17:29.995Z
15,e139c673-3dc5-4bfc-b1ea-a9ce16846c91,operations,el,word,1,δραστηριότητες,2026-05-26T15:17:31.881Z
15,e139c673-3dc5-4bfc-b1ea-a9ce16846c91,requires,el,word,1,απαιτεί,2026-05-26T15:17:34.152Z
15,e139c673-3dc5-4bfc-b1ea-a9ce16846c91,products,el,word,1,προϊόντα,2026-05-26T15:18:14.686Z
15,e139c673-3dc5-4bfc-b1ea-a9ce16846c91,conditions,el,word,1,συνθήκες,2026-05-26T15:18:18.477Z
15,b7289e74-d131-4b46-89de-548f25d3cb7b,referred,el,word,1,αναφερόταν,2026-05-26T15:23:17.167Z
15,b7289e74-d131-4b46-89de-548f25d3cb7b,fathers.,el,word,1,πατέρες.,2026-05-26T15:23:32.386Z
15,b7289e74-d131-4b46-89de-548f25d3cb7b,American,el,word,1,Αμερικανική,2026-05-26T15:24:19.159Z
15,b7289e74-d131-4b46-89de-548f25d3cb7b,became,el,word,1,έγινε,2026-05-26T15:24:27.631Z
15,b7289e74-d131-4b46-89de-548f25d3cb7b,"Pennsylvania,",el,word,1,"Πενσυλβανία,",2026-05-26T15:24:36.186Z
15,b7289e74-d131-4b46-89de-548f25d3cb7b,led,el,word,1,ηγήθηκε,2026-05-26T15:24:37.799Z
15,b7289e74-d131-4b46-89de-548f25d3cb7b,elected,el,word,1,εκλέχθηκε,2026-05-26T15:24:44.301Z
15,b7289e74-d131-4b46-89de-548f25d3cb7b,injustices,el,word,2,αδικίες,2026-05-26T15:25:07.638Z
15,b7289e74-d131-4b46-89de-548f25d3cb7b,"""Second",el,word,1,«Δεύτερη,2026-05-26T15:25:07.726Z
15,b7289e74-d131-4b46-89de-548f25d3cb7b,pound,el,word,1,λίβρα,2026-05-26T15:25:07.836Z
16,f7691c81-728c-4887-927c-6be72d2247d4,Tropical,el,word,1,Τροπικά,2026-05-26T15:28:32.265Z
16,f7691c81-728c-4887-927c-6be72d2247d4,Rainforest,el,word,2,Τροπικό δάσος,2026-05-26T15:29:40.886Z
16,f7691c81-728c-4887-927c-6be72d2247d4,climates,el,word,4,κλίματα,2026-05-26T15:30:49.297Z
16,f7691c81-728c-4887-927c-6be72d2247d4,found,el,word,1,βρίσκονται,2026-05-26T15:29:53.357Z
16,f7691c81-728c-4887-927c-6be72d2247d4,special,el,word,1,ιδιαίτερο,2026-05-26T15:29:55.624Z
16,f7691c81-728c-4887-927c-6be72d2247d4,ecosystem,el,word,2,οικοσύστημα,2026-05-26T15:30:02.519Z
16,f7691c81-728c-4887-927c-6be72d2247d4,"rainforest,",el,word,1,"τροπικό δάσος,",2026-05-26T15:29:58.341Z
16,f7691c81-728c-4887-927c-6be72d2247d4,northern,el,word,2,βόρειο,2026-05-26T15:30:12.915Z
16,f7691c81-728c-4887-927c-6be72d2247d4,line,el,word,2,γραμμή,2026-05-26T15:30:07.056Z
16,f7691c81-728c-4887-927c-6be72d2247d4,"""hemisphere""",el,word,1,«ημισφαίριο»,2026-05-26T15:30:09.143Z
16,f7691c81-728c-4887-927c-6be72d2247d4,Hemisphere,el,word,4,Ημισφαίριο,2026-05-26T15:30:32.725Z
16,f7691c81-728c-4887-927c-6be72d2247d4,half,el,word,1,μισό,2026-05-26T15:30:17.552Z
16,f7691c81-728c-4887-927c-6be72d2247d4,divided,el,word,1,χωρίζονται,2026-05-26T15:30:20.758Z
16,f7691c81-728c-4887-927c-6be72d2247d4,called,el,word,1,που ονομάζεται,2026-05-26T15:30:22.706Z
16,f7691c81-728c-4887-927c-6be72d2247d4,Northern,el,word,1,Βόρειο,2026-05-26T15:30:24.868Z
16,f7691c81-728c-4887-927c-6be72d2247d4,Southern,el,word,1,Νότιο,2026-05-26T15:30:32.212Z
16,f7691c81-728c-4887-927c-6be72d2247d4,starts,el,word,1,ξεκινά,2026-05-26T15:30:34.542Z
16,f7691c81-728c-4887-927c-6be72d2247d4,difference,el,word,1,διαφορά,2026-05-26T15:30:40.606Z
16,f7691c81-728c-4887-927c-6be72d2247d4,"Hemisphere,",el,word,1,"Ημισφαίριο,",2026-05-26T15:30:42.063Z
16,f7691c81-728c-4887-927c-6be72d2247d4,precipitation.,el,word,2,βροχοπτώσεις.,2026-05-26T15:30:53.325Z
16,f7691c81-728c-4887-927c-6be72d2247d4,temperate,el,word,1,εύκρατο,2026-05-26T15:30:47.674Z
16,f7691c81-728c-4887-927c-6be72d2247d4,rainforests,el,word,3,τροπικά δάση,2026-05-26T15:34:25.000Z
16,f7691c81-728c-4887-927c-6be72d2247d4,almost,el,word,2,σχεδόν,2026-05-26T15:31:23.382Z
16,f7691c81-728c-4887-927c-6be72d2247d4,suitable,el,word,1,κατάλληλο,2026-05-26T15:31:23.435Z
16,f7691c81-728c-4887-927c-6be72d2247d4,"climates,",el,word,1,"κλίματα,",2026-05-26T15:31:23.572Z
16,f7691c81-728c-4887-927c-6be72d2247d4,Scientists,el,word,2,Επιστήμονες,2026-05-26T15:31:56.424Z
16,f7691c81-728c-4887-927c-6be72d2247d4,tropical,el,word,3,τροπικά,2026-05-26T15:31:29.689Z
16,f7691c81-728c-4887-927c-6be72d2247d4,addition,el,word,1,προσθήκη,2026-05-26T15:31:32.786Z
16,f7691c81-728c-4887-927c-6be72d2247d4,another,el,word,1,Ένας άλλος,2026-05-26T15:31:36.095Z
16,f7691c81-728c-4887-927c-6be72d2247d4,reason,el,word,1,λόγος,2026-05-26T15:31:37.866Z
16,f7691c81-728c-4887-927c-6be72d2247d4,types,el,word,1,είδη,2026-05-26T15:31:47.934Z
16,f7691c81-728c-4887-927c-6be72d2247d4,animals,el,word,1,ζώα,2026-05-26T15:31:48.765Z
16,f7691c81-728c-4887-927c-6be72d2247d4,oldest,el,word,1,παλαιότερα,2026-05-26T15:31:52.955Z
16,f7691c81-728c-4887-927c-6be72d2247d4,ecosystems,el,word,1,οικοσυστήματα,2026-05-26T15:31:53.658Z
16,f7691c81-728c-4887-927c-6be72d2247d4,Earth.,el,word,1,Γη.,2026-05-26T15:31:54.799Z
16,f7691c81-728c-4887-927c-6be72d2247d4,dinosaurs,el,word,1,δεινόσαυροι,2026-05-26T15:32:02.039Z
16,f7691c81-728c-4887-927c-6be72d2247d4,earth,el,word,1,Γη,2026-05-26T15:32:03.316Z
16,f7691c81-728c-4887-927c-6be72d2247d4,million,el,word,1,εκατομμύρια,2026-05-26T15:32:04.765Z
16,f7691c81-728c-4887-927c-6be72d2247d4,years,el,word,1,χρόνια,2026-05-26T15:32:05.360Z
16,f7691c81-728c-4887-927c-6be72d2247d4,rainforest,el,word,3,τροπικό δάσος,2026-05-26T15:33:43.107Z
16,f7691c81-728c-4887-927c-6be72d2247d4,endangered,el,word,1,απειλούμενα,2026-05-26T15:32:30.542Z
16,f7691c81-728c-4887-927c-6be72d2247d4,home.,el,word,1,σπίτι.,2026-05-26T15:32:31.442Z
16,f7691c81-728c-4887-927c-6be72d2247d4,small,el,word,1,μικρό,2026-05-26T15:32:45.548Z
16,f7691c81-728c-4887-927c-6be72d2247d4,Rainforests,el,word,3,Τα τροπικά δάση,2026-05-26T15:32:52.391Z
16,f7691c81-728c-4887-927c-6be72d2247d4,striped,el,word,1,ριγωτό,2026-05-26T15:32:53.325Z
16,f7691c81-728c-4887-927c-6be72d2247d4,flying,el,word,1,ιπτάμενα,2026-05-26T15:33:10.049Z
16,f7691c81-728c-4887-927c-6be72d2247d4,natural,el,word,2,φυσικό,2026-05-26T15:33:23.018Z
16,f7691c81-728c-4887-927c-6be72d2247d4,Many,el,word,1,Πολλά,2026-05-26T15:33:29.109Z
16,f7691c81-728c-4887-927c-6be72d2247d4,endemic,el,word,1,ενδημικά,2026-05-26T15:33:30.966Z
16,f7691c81-728c-4887-927c-6be72d2247d4,"rainforests,",el,word,1,"τροπικά δάση,",2026-05-26T15:33:32.363Z
16,f7691c81-728c-4887-927c-6be72d2247d4,live,el,word,1,ζουν,2026-05-26T15:33:36.890Z
16,f7691c81-728c-4887-927c-6be72d2247d4,crack,el,word,2,σπάω,2026-05-26T15:33:40.295Z
16,f7691c81-728c-4887-927c-6be72d2247d4,surroundings,el,word,1,περιβάλλον,2026-05-26T15:33:41.711Z
16,f7691c81-728c-4887-927c-6be72d2247d4,order,el,word,1,τάξη,2026-05-26T15:33:44.365Z
16,f7691c81-728c-4887-927c-6be72d2247d4,toucans,el,word,1,τουκάν,2026-05-26T15:33:46.541Z
16,f7691c81-728c-4887-927c-6be72d2247d4,climate,el,word,1,κλίμα,2026-05-26T15:34:24.017Z
16,177e7580-6e3c-434a-983a-7f7903eb144e,Declaration,el,word,3,Διακήρυξη,2026-05-26T15:37:46.517Z
16,177e7580-6e3c-434a-983a-7f7903eb144e,Benjamin,el,word,1,Μπέντζαμιν,2026-05-26T15:37:45.031Z
16,06daef53-fc55-4a74-896c-40ebc186c802,wondered,el,word,1,αναρωτηθήκατε,2026-05-26T15:37:55.920Z
16,06daef53-fc55-4a74-896c-40ebc186c802,"Originally,",el,word,1,"Αρχικά,",2026-05-26T15:38:01.213Z
16,06daef53-fc55-4a74-896c-40ebc186c802,colonies,el,word,1,αποικίες,2026-05-26T15:38:03.800Z
16,06daef53-fc55-4a74-896c-40ebc186c802,participated,el,word,1,συμμετείχαν,2026-05-26T15:38:11.317Z
16,06daef53-fc55-4a74-896c-40ebc186c802,Constitution,el,word,1,Σύνταγμα,2026-05-26T15:38:16.265Z
16,06daef53-fc55-4a74-896c-40ebc186c802,men,el,word,1,άνδρες,2026-05-26T15:38:21.403Z
16,06daef53-fc55-4a74-896c-40ebc186c802,founding,el,word,1,ιδρυτικός,2026-05-26T15:38:27.107Z
16,06daef53-fc55-4a74-896c-40ebc186c802,Benjamin,el,word,2,Μπέντζαμιν,2026-05-26T15:38:31.825Z
16,06daef53-fc55-4a74-896c-40ebc186c802,could,el,word,1,μπορούσε,2026-05-26T15:38:31.874Z
16,06daef53-fc55-4a74-896c-40ebc186c802,brother's,el,word,3,του αδελφού του,2026-05-26T15:38:32.003Z
16,06daef53-fc55-4a74-896c-40ebc186c802,Gazette,el,word,1,Gazette,2026-05-26T15:38:32.023Z
16,06daef53-fc55-4a74-896c-40ebc186c802,campaign,el,word,4,εκστρατεία,2026-05-26T15:39:36.937Z
16,06daef53-fc55-4a74-896c-40ebc186c802,London,el,word,1,Λονδίνο,2026-05-26T15:39:19.322Z
16,06daef53-fc55-4a74-896c-40ebc186c802,"London,",el,word,1,"Λονδίνο,",2026-05-26T15:39:19.405Z
16,06daef53-fc55-4a74-896c-40ebc186c802,interacting,el,word,2,αλληλεπιδρώντας,2026-05-26T15:39:19.498Z
16,06daef53-fc55-4a74-896c-40ebc186c802,colonies.,el,word,1,αποικίες.,2026-05-26T15:39:27.472Z
16,06daef53-fc55-4a74-896c-40ebc186c802,"Pennsylvania,",el,word,2,"Πενσυλβανία,",2026-05-26T15:39:37.925Z
16,06daef53-fc55-4a74-896c-40ebc186c802,Postmaster,el,word,2,Γενικός Διευθυντής Ταχυδρομείων,2026-05-26T15:40:08.109Z
16,06daef53-fc55-4a74-896c-40ebc186c802,America,el,word,2,Αμερική,2026-05-26T15:40:09.729Z
10,d0709e17-8b04-4ad0-9887-61cdba5497ee,vehicle-ice,el,word,1,όχημα-παγωτό,2026-05-27T06:14:00.497Z
10,d0709e17-8b04-4ad0-9887-61cdba5497ee,"beverage,",el,word,1,"ποτό,",2026-05-27T06:14:02.943Z
10,d0709e17-8b04-4ad0-9887-61cdba5497ee,bar-chocolate,el,word,1,σοκολάτα σε μπάρα,2026-05-27T06:14:05.251Z
10,d0709e17-8b04-4ad0-9887-61cdba5497ee,enjoyed,el,word,1,απολαμβάνεται,2026-05-27T06:14:06.251Z
10,d0709e17-8b04-4ad0-9887-61cdba5497ee,readily,el,word,1,εύκολα,2026-05-27T06:14:08.227Z
10,d0709e17-8b04-4ad0-9887-61cdba5497ee,visit,el,word,1,επισκεφθείτε,2026-05-27T06:14:11.769Z
10,d0709e17-8b04-4ad0-9887-61cdba5497ee,shelf,el,word,1,ράφι,2026-05-27T06:14:15.009Z
10,d0709e17-8b04-4ad0-9887-61cdba5497ee,"store,",el,word,1,"κατάστημα,",2026-05-27T06:14:21.763Z
10,d0709e17-8b04-4ad0-9887-61cdba5497ee,"ultimately,",el,word,1,"τελικά,",2026-05-27T06:14:28.514Z
10,d0709e17-8b04-4ad0-9887-61cdba5497ee,manufactured,el,word,1,κατασκευασμένα,2026-05-27T06:14:36.621Z
10,d0709e17-8b04-4ad0-9887-61cdba5497ee,candy,el,word,1,γλυκό,2026-05-27T06:14:38.931Z
10,d0709e17-8b04-4ad0-9887-61cdba5497ee,"indulge,",el,word,5,"αφεθείτε,",2026-05-27T06:15:03.712Z
10,d0709e17-8b04-4ad0-9887-61cdba5497ee,Halloween,el,word,1,Χάλοουιν,2026-05-27T06:14:51.389Z
10,d0709e17-8b04-4ad0-9887-61cdba5497ee,chocolaty?,el,word,2,σοκολατένιο;,2026-05-27T06:15:12.762Z
10,d0709e17-8b04-4ad0-9887-61cdba5497ee,corner-store,el,word,1,γωνιακό μαγαζί,2026-05-27T06:15:12.795Z
10,d0709e17-8b04-4ad0-9887-61cdba5497ee,climates.,el,word,1,κλίματα.,2026-05-27T06:15:12.879Z
10,d0709e17-8b04-4ad0-9887-61cdba5497ee,harvested,el,word,1,συγκομίζεται,2026-05-27T06:15:30.983Z
10,d0709e17-8b04-4ad0-9887-61cdba5497ee,areas,el,word,1,περιοχές,2026-05-27T06:15:51.864Z
10,d0709e17-8b04-4ad0-9887-61cdba5497ee,slave,el,word,1,δουλεία,2026-05-27T06:16:12.046Z
10,d0709e17-8b04-4ad0-9887-61cdba5497ee,middlemen-a,el,word,1,μεσάζοντες-ένας,2026-05-27T06:16:24.817Z
10,d0709e17-8b04-4ad0-9887-61cdba5497ee,around,el,word,1,περίπου,2026-05-27T06:16:32.486Z
10,d0709e17-8b04-4ad0-9887-61cdba5497ee,means,el,word,1,σημαίνει,2026-05-27T06:16:37.395Z
10,d0709e17-8b04-4ad0-9887-61cdba5497ee,traders,el,word,1,εμπόροι,2026-05-27T06:16:39.064Z
10,d0709e17-8b04-4ad0-9887-61cdba5497ee,commodities,el,word,1,εμπορεύματα,2026-05-27T06:17:05.244Z
10,d0709e17-8b04-4ad0-9887-61cdba5497ee,communities,el,word,1,κοινότητες,2026-05-27T06:17:11.171Z
10,d0709e17-8b04-4ad0-9887-61cdba5497ee,trade,el,word,1,εμπόριο,2026-05-27T06:17:17.866Z
10,d0709e17-8b04-4ad0-9887-61cdba5497ee,"medicine,",el,word,1,"φάρμακα,",2026-05-27T06:17:24.504Z
10,d0709e17-8b04-4ad0-9887-61cdba5497ee,adhere,el,word,1,να τηρεί,2026-05-27T06:17:30.211Z
10,d0709e17-8b04-4ad0-9887-61cdba5497ee,certified,el,word,1,πιστοποιημένο,2026-05-27T06:17:36.259Z
10,d0709e17-8b04-4ad0-9887-61cdba5497ee,must,el,word,1,πρέπει,2026-05-27T06:17:37.638Z
10,d0709e17-8b04-4ad0-9887-61cdba5497ee,practices,el,word,1,πρακτικές,2026-05-27T06:17:41.972Z
10,d0709e17-8b04-4ad0-9887-61cdba5497ee,laborers,el,word,1,εργαζόμενοι,2026-05-27T06:17:52.068Z
10,d0709e17-8b04-4ad0-9887-61cdba5497ee,traded,el,word,1,εμπορεύονται,2026-05-27T06:18:06.904Z
10,d0709e17-8b04-4ad0-9887-61cdba5497ee,producers-the,el,word,1,"οι παραγωγοί, οι",2026-05-27T06:18:10.640Z
10,d0709e17-8b04-4ad0-9887-61cdba5497ee,designated,el,word,1,καθορίζεται,2026-05-27T06:18:14.227Z
10,d0709e17-8b04-4ad0-9887-61cdba5497ee,operation,el,word,1,λειτουργία,2026-05-27T06:18:21.918Z
10,d0709e17-8b04-4ad0-9887-61cdba5497ee,workers-and,el,word,1,εργαζομένων – και,2026-05-27T06:18:42.482Z
10,d0709e17-8b04-4ad0-9887-61cdba5497ee,"Fingers,",el,word,1,"Δάχτυλα,",2026-05-27T06:20:30.553Z
10,97d1b799-64b9-4b41-8c35-56514db096ae,look,el,word,1,κοιτάζω,2026-05-27T06:21:03.969Z
10,883c2839-84f8-4e11-9c18-fd0b3c4caf35,looking,el,word,1,κοιτάζοντας,2026-05-27T06:21:16.018Z
10,883c2839-84f8-4e11-9c18-fd0b3c4caf35,"textures,",el,word,2,"υφές,",2026-05-27T06:21:42.326Z
10,883c2839-84f8-4e11-9c18-fd0b3c4caf35,take,el,word,1,λάβετε,2026-05-27T06:21:30.890Z
10,883c2839-84f8-4e11-9c18-fd0b3c4caf35,Without,el,word,1,Χωρίς,2026-05-27T06:21:30.991Z
10,883c2839-84f8-4e11-9c18-fd0b3c4caf35,ways,el,word,1,τρόποι,2026-05-27T06:21:45.429Z
10,883c2839-84f8-4e11-9c18-fd0b3c4caf35,information,el,word,2,πληροφορίες,2026-05-27T06:24:11.788Z
10,883c2839-84f8-4e11-9c18-fd0b3c4caf35,portion,el,word,5,τμήμα,2026-05-27T06:24:25.498Z
10,883c2839-84f8-4e11-9c18-fd0b3c4caf35,physical,el,word,1,φυσικός,2026-05-27T06:22:52.551Z
10,883c2839-84f8-4e11-9c18-fd0b3c4caf35,electromagnetic,el,word,1,ηλεκτρομαγνητικό,2026-05-27T06:22:52.704Z
10,883c2839-84f8-4e11-9c18-fd0b3c4caf35,different,el,word,2,διαφορετικό,2026-05-27T06:22:52.727Z
10,883c2839-84f8-4e11-9c18-fd0b3c4caf35,ultraviolet,el,word,1,υπεριώδες,2026-05-27T06:22:56.403Z
10,883c2839-84f8-4e11-9c18-fd0b3c4caf35,scrunched,el,word,3,συμπιεσμένα,2026-05-27T06:23:37.947Z
10,883c2839-84f8-4e11-9c18-fd0b3c4caf35,wavelength.,el,word,1,μήκος κύματος.,2026-05-27T06:23:16.694Z
10,883c2839-84f8-4e11-9c18-fd0b3c4caf35,light-is,el,word,1,φως-είναι,2026-05-27T06:23:31.954Z
10,883c2839-84f8-4e11-9c18-fd0b3c4caf35,radiation,el,word,1,ακτινοβολία,2026-05-27T06:23:32.392Z
10,883c2839-84f8-4e11-9c18-fd0b3c4caf35,smack,el,word,1,ακριβώς,2026-05-27T06:23:33.233Z
10,883c2839-84f8-4e11-9c18-fd0b3c4caf35,commonplace,el,word,1,συνηθισμένη,2026-05-27T06:23:48.132Z
10,883c2839-84f8-4e11-9c18-fd0b3c4caf35,Allrightsreserved.,el,word,1,Όλα τα δικαιώματα διατηρούνται.,2026-05-27T06:23:49.910Z
10,883c2839-84f8-4e11-9c18-fd0b3c4caf35,types,el,word,1,τύποι,2026-05-27T06:24:04.908Z
10,883c2839-84f8-4e11-9c18-fd0b3c4caf35,humankind,el,word,1,η ανθρωπότητα,2026-05-27T06:24:26.830Z
10,883c2839-84f8-4e11-9c18-fd0b3c4caf35,given,el,word,1,δεδομένου,2026-05-27T06:24:28.578Z
10,883c2839-84f8-4e11-9c18-fd0b3c4caf35,tools,el,word,1,εργαλεία,2026-05-27T06:24:39.996Z
10,883c2839-84f8-4e11-9c18-fd0b3c4caf35,night-vision,el,word,2,νυχτερινή όραση,2026-05-27T06:24:49.451Z
10,883c2839-84f8-4e11-9c18-fd0b3c4caf35,frequencies,el,word,1,συχνότητες,2026-05-27T06:24:49.126Z
10,883c2839-84f8-4e11-9c18-fd0b3c4caf35,"spectrum,",el,word,1,"φάσμα,",2026-05-27T06:25:19.794Z
47,71373393-d66e-4370-b197-85ae1c4cbe3a,first,el,word,2,πρώτη,2026-05-27T06:41:12.151Z
47,71373393-d66e-4370-b197-85ae1c4cbe3a,distance,el,word,2,απόσταση,2026-05-27T06:41:47.530Z
47,71373393-d66e-4370-b197-85ae1c4cbe3a,begins.,el,word,3,ξεκινά.,2026-05-27T06:41:11.202Z
47,71373393-d66e-4370-b197-85ae1c4cbe3a,beside,el,word,1,δίπλα,2026-05-27T06:41:11.262Z
47,71373393-d66e-4370-b197-85ae1c4cbe3a,participant,el,word,1,συμμετέχων,2026-05-27T06:41:16.262Z
47,71373393-d66e-4370-b197-85ae1c4cbe3a,comfortable,el,word,2,άνετο,2026-05-27T06:42:07.305Z
47,71373393-d66e-4370-b197-85ae1c4cbe3a,letters,el,word,1,γράμματα,2026-05-27T06:41:26.744Z
47,71373393-d66e-4370-b197-85ae1c4cbe3a,system,el,word,2,σύστημα,2026-05-27T06:41:30.219Z
47,71373393-d66e-4370-b197-85ae1c4cbe3a,Paragraph,el,word,2,Παράγραφος,2026-05-27T06:41:30.551Z
47,71373393-d66e-4370-b197-85ae1c4cbe3a,page.,el,word,1,σελίδα.,2026-05-27T06:41:30.686Z
47,71373393-d66e-4370-b197-85ae1c4cbe3a,show,el,word,1,δείξει,2026-05-27T06:41:30.698Z
47,71373393-d66e-4370-b197-85ae1c4cbe3a,tracking,el,word,1,απόσταση μεταξύ γραμμάτων,2026-05-27T06:41:30.902Z
47,71373393-d66e-4370-b197-85ae1c4cbe3a,simple:,el,word,2,απλό:,2026-05-27T06:42:28.292Z
47,71373393-d66e-4370-b197-85ae1c4cbe3a,adjusted,el,word,3,ρύθμισε,2026-05-27T06:42:29.725Z
47,71373393-d66e-4370-b197-85ae1c4cbe3a,read,el,word,1,να διαβάζεις,2026-05-27T06:41:33.304Z
47,71373393-d66e-4370-b197-85ae1c4cbe3a,followed,el,word,1,ακολουθούσε,2026-05-27T06:41:34.914Z
47,71373393-d66e-4370-b197-85ae1c4cbe3a,smaller.,el,word,1,μικρότερο.,2026-05-27T06:41:38.097Z
47,71373393-d66e-4370-b197-85ae1c4cbe3a,whether,el,word,1,αν,2026-05-27T06:41:40.041Z
47,71373393-d66e-4370-b197-85ae1c4cbe3a,.,el,word,1,.,2026-05-27T06:41:41.831Z
47,71373393-d66e-4370-b197-85ae1c4cbe3a,"section,",el,word,1,"ενότητα,",2026-05-27T06:41:45.754Z
47,71373393-d66e-4370-b197-85ae1c4cbe3a,f-,el,word,2,στ-,2026-05-27T06:41:53.062Z
47,71373393-d66e-4370-b197-85ae1c4cbe3a,shapes,el,word,2,σχήματα,2026-05-27T06:41:52.973Z
47,71373393-d66e-4370-b197-85ae1c4cbe3a,Times,el,word,1,Times,2026-05-27T06:41:53.215Z
47,71373393-d66e-4370-b197-85ae1c4cbe3a,systematic,el,word,2,συστηματική,2026-05-27T06:41:53.369Z
47,71373393-d66e-4370-b197-85ae1c4cbe3a,larges,el,word,1,μεγάλα,2026-05-27T06:41:56.959Z
47,71373393-d66e-4370-b197-85ae1c4cbe3a,"naturally,",el,word,1,"φυσικά,",2026-05-27T06:42:02.996Z
47,71373393-d66e-4370-b197-85ae1c4cbe3a,"screen,",el,word,2,"οθόνη,",2026-05-27T06:42:12.215Z
47,71373393-d66e-4370-b197-85ae1c4cbe3a,began,el,word,2,ξεκίνησε,2026-05-27T06:42:12.439Z
47,71373393-d66e-4370-b197-85ae1c4cbe3a,morning,el,word,2,πρωί,2026-05-27T06:42:20.391Z
47,71373393-d66e-4370-b197-85ae1c4cbe3a,quiet,el,word,1,ήσυχο,2026-05-27T06:42:18.064Z
47,a9a064df-6214-41f7-836f-927f9748e2f7,loves,el,word,1,αγαπά,2026-05-27T06:43:37.388Z
47,a9a064df-6214-41f7-836f-927f9748e2f7,"chocolate,",el,word,1,"σοκολάτα,",2026-05-27T06:43:37.840Z
47,a9a064df-6214-41f7-836f-927f9748e2f7,vehicle-ice,el,word,1,όχημα-παγωτό,2026-05-27T06:43:40.203Z
47,a9a064df-6214-41f7-836f-927f9748e2f7,"beverage,",el,word,2,"ποτό,",2026-05-27T06:43:46.493Z
47,a9a064df-6214-41f7-836f-927f9748e2f7,readily,el,word,1,εύκολα,2026-05-27T06:43:46.498Z
47,a9a064df-6214-41f7-836f-927f9748e2f7,people,el,word,2,άνθρωποι,2026-05-27T06:43:53.125Z
47,a9a064df-6214-41f7-836f-927f9748e2f7,bar-chocolate,el,word,2,σοκολάτα σε μπάρα,2026-05-27T06:43:53.255Z
47,a9a064df-6214-41f7-836f-927f9748e2f7,taste,el,word,1,γεύση,2026-05-27T06:43:53.496Z
47,a9a064df-6214-41f7-836f-927f9748e2f7,"indulge,",el,word,1,"αφεθείτε,",2026-05-27T06:44:05.765Z
47,a9a064df-6214-41f7-836f-927f9748e2f7,chocolaty?,el,word,1,σοκολατένιο;,2026-05-27T06:44:12.056Z
47,a9a064df-6214-41f7-836f-927f9748e2f7,important,el,word,1,σημαντικό,2026-05-27T06:44:12.744Z
47,a9a064df-6214-41f7-836f-927f9748e2f7,chocolate,el,word,1,σοκολάτα,2026-05-27T06:44:13.066Z
47,a9a064df-6214-41f7-836f-927f9748e2f7,Nigeria,el,word,1,Νιγηρία,2026-05-27T06:44:32.673Z
47,a9a064df-6214-41f7-836f-927f9748e2f7,scheduled,el,word,1,προγραμματισμένα,2026-05-27T06:45:01.720Z
47,a9a064df-6214-41f7-836f-927f9748e2f7,sometimes,el,word,2,μερικές φορές,2026-05-27T06:45:06.963Z
47,a9a064df-6214-41f7-836f-927f9748e2f7,slave,el,word,1,δουλεία,2026-05-27T06:45:06.408Z
47,a9a064df-6214-41f7-836f-927f9748e2f7,"Sometimes,",el,word,1,"Μερικές φορές,",2026-05-27T06:45:17.323Z
47,a9a064df-6214-41f7-836f-927f9748e2f7,middlemen-a,el,word,1,μεσάζοντες-ένας,2026-05-27T06:45:18.274Z
47,a9a064df-6214-41f7-836f-927f9748e2f7,term,el,word,1,όρος,2026-05-27T06:45:20.123Z
47,a9a064df-6214-41f7-836f-927f9748e2f7,unsafe,el,word,1,επικίνδυνες,2026-05-27T06:45:33.360Z
47,a9a064df-6214-41f7-836f-927f9748e2f7,coffee,el,word,1,καφές,2026-05-27T06:45:49.225Z
47,a9a064df-6214-41f7-836f-927f9748e2f7,commodities,el,word,1,εμπορεύματα,2026-05-27T06:45:53.809Z
47,a9a064df-6214-41f7-836f-927f9748e2f7,"trade.""",el,word,1,εμπόριο».,2026-05-27T06:45:56.209Z
47,a9a064df-6214-41f7-836f-927f9748e2f7,world,el,word,3,κόσμος,2026-05-27T06:45:56.372Z
47,a9a064df-6214-41f7-836f-927f9748e2f7,trade,el,word,3,εμπόριο,2026-05-27T06:46:33.454Z
47,a9a064df-6214-41f7-836f-927f9748e2f7,Fair,el,word,1,Δίκαιο,2026-05-27T06:46:33.131Z
47,a9a064df-6214-41f7-836f-927f9748e2f7,operations,el,word,1,δραστηριότητες,2026-05-27T06:46:34.993Z
47,1829f1bb-2663-4782-860b-a302eb1b34e1,"""united",el,word,1,«ενωμένες,2026-05-27T06:50:49.446Z
47,1829f1bb-2663-4782-860b-a302eb1b34e1,wondered,el,word,2,αναρωτηθήκατε,2026-05-27T06:51:42.890Z
47,1829f1bb-2663-4782-860b-a302eb1b34e1,Franklin,el,word,2,Φράνκλιν,2026-05-27T06:51:01.070Z
47,1829f1bb-2663-4782-860b-a302eb1b34e1,Benjamin,el,word,1,Μπέντζαμιν,2026-05-27T06:51:00.905Z
47,1829f1bb-2663-4782-860b-a302eb1b34e1,First,el,word,1,Πρώτο,2026-05-27T06:51:05.063Z
47,1829f1bb-2663-4782-860b-a302eb1b34e1,committee,el,word,1,επιτροπή,2026-05-27T06:51:27.253Z
47,1829f1bb-2663-4782-860b-a302eb1b34e1,five-member,el,word,1,πενταμελής,2026-05-27T06:51:30.944Z
47,1829f1bb-2663-4782-860b-a302eb1b34e1,referred,el,word,2,αναφερόταν,2026-05-27T06:51:43.144Z
47,1829f1bb-2663-4782-860b-a302eb1b34e1,ever,el,word,1,ποτέ,2026-05-27T06:51:44.193Z
47,1829f1bb-2663-4782-860b-a302eb1b34e1,United,el,word,2,Ενωμένες,2026-05-27T06:51:47.276Z
47,1829f1bb-2663-4782-860b-a302eb1b34e1,overthrew,el,word,1,ανατρέψαν,2026-05-27T06:51:46.866Z
47,1829f1bb-2663-4782-860b-a302eb1b34e1,America,el,word,4,Αμερική,2026-05-27T06:54:19.357Z
47,1829f1bb-2663-4782-860b-a302eb1b34e1,"Originally,",el,word,1,"Αρχικά,",2026-05-27T06:51:48.857Z
47,1829f1bb-2663-4782-860b-a302eb1b34e1,signed,el,word,3,υπέγραψε,2026-05-27T06:52:20.893Z
47,1829f1bb-2663-4782-860b-a302eb1b34e1,contributed,el,word,1,συνέβαλαν,2026-05-27T06:51:54.952Z
47,1829f1bb-2663-4782-860b-a302eb1b34e1,Constitution,el,word,2,Σύνταγμα,2026-05-27T06:51:57.411Z
47,1829f1bb-2663-4782-860b-a302eb1b34e1,participated,el,word,2,συμμετείχαν,2026-05-27T06:51:58.061Z
47,1829f1bb-2663-4782-860b-a302eb1b34e1,Declaration,el,word,1,Διακήρυξη,2026-05-27T06:52:00.340Z
47,1829f1bb-2663-4782-860b-a302eb1b34e1,portrayed,el,word,3,απεικονίζεται,2026-05-27T06:52:08.836Z
47,1829f1bb-2663-4782-860b-a302eb1b34e1,draft,el,word,2,σχέδιο,2026-05-27T06:52:07.784Z
47,1829f1bb-2663-4782-860b-a302eb1b34e1,"""Committee",el,word,1,«Επιτροπή,2026-05-27T06:52:11.094Z
47,1829f1bb-2663-4782-860b-a302eb1b34e1,"""founding",el,word,1,«ιδρυτές,2026-05-27T06:52:13.514Z
47,1829f1bb-2663-4782-860b-a302eb1b34e1,founding,el,word,1,ιδρυτικός,2026-05-27T06:52:21.014Z
47,1829f1bb-2663-4782-860b-a302eb1b34e1,publication,el,word,1,έκδοση,2026-05-27T06:52:40.807Z
47,1829f1bb-2663-4782-860b-a302eb1b34e1,efficiency,el,word,1,αποδοτικότητα,2026-05-27T06:52:43.948Z
47,1829f1bb-2663-4782-860b-a302eb1b34e1,worked,el,word,1,εργάστηκε,2026-05-27T06:52:45.444Z
47,1829f1bb-2663-4782-860b-a302eb1b34e1,starting,el,word,2,ίδρυση,2026-05-27T06:52:51.810Z
47,1829f1bb-2663-4782-860b-a302eb1b34e1,libraries.,el,word,1,βιβλιοθήκες.,2026-05-27T06:52:51.758Z
47,1829f1bb-2663-4782-860b-a302eb1b34e1,confirmed,el,word,2,επιβεβαίωσε,2026-05-27T06:52:58.238Z
47,1829f1bb-2663-4782-860b-a302eb1b34e1,representative,el,word,2,εκπρόσωπος,2026-05-27T06:53:19.647Z
47,1829f1bb-2663-4782-860b-a302eb1b34e1,American,el,word,2,Αμερικανική,2026-05-27T06:53:20.411Z
47,1829f1bb-2663-4782-860b-a302eb1b34e1,independence,el,word,1,ανεξαρτησία,2026-05-27T06:53:20.944Z
47,1829f1bb-2663-4782-860b-a302eb1b34e1,interacting,el,word,1,αλληλεπιδρώντας,2026-05-27T06:53:28.274Z
47,1829f1bb-2663-4782-860b-a302eb1b34e1,important,el,word,1,σημαντικός,2026-05-27T06:53:28.667Z
47,1829f1bb-2663-4782-860b-a302eb1b34e1,returned,el,word,1,επέστρεψε,2026-05-27T06:53:33.521Z
47,1829f1bb-2663-4782-860b-a302eb1b34e1,"Pennsylvania,",el,word,1,"Πενσυλβανία,",2026-05-27T06:53:38.649Z
47,1829f1bb-2663-4782-860b-a302eb1b34e1,opposed,el,word,2,αντιτάχθηκε,2026-05-27T06:53:45.779Z
47,1829f1bb-2663-4782-860b-a302eb1b34e1,control,el,word,2,έλεγχο,2026-05-27T06:53:46.614Z
47,1829f1bb-2663-4782-860b-a302eb1b34e1,injustices,el,word,1,αδικίες,2026-05-27T06:53:52.704Z
47,1829f1bb-2663-4782-860b-a302eb1b34e1,Postmaster,el,word,3,Γενικός Διευθυντής Ταχυδρομείων,2026-05-27T06:54:18.520Z
47,1829f1bb-2663-4782-860b-a302eb1b34e1,Ambassador,el,word,1,Πρέσβης,2026-05-27T06:54:23.798Z
47,1829f1bb-2663-4782-860b-a302eb1b34e1,Pennsylvania.,el,word,1,Πενσυλβανία.,2026-05-27T06:54:26.337Z
47,1829f1bb-2663-4782-860b-a302eb1b34e1,wise,el,word,1,σοφά,2026-05-27T06:54:32.137Z
34,f38bb296-39a4-4178-b31b-9b8d16f8ba99,"textures,",el,word,1,"υφές,",2026-05-27T07:18:46.167Z
34,f38bb296-39a4-4178-b31b-9b8d16f8ba99,slinky.,el,word,1,σπείρα.,2026-05-27T07:19:39.473Z
34,f38bb296-39a4-4178-b31b-9b8d16f8ba99,portion,el,word,1,τμήμα,2026-05-27T07:19:45.723Z
34,f38bb296-39a4-4178-b31b-9b8d16f8ba99,capable,el,word,2,ικανά,2026-05-27T07:20:13.273Z
34,f38bb296-39a4-4178-b31b-9b8d16f8ba99,world.,el,word,1,κόσμο.,2026-05-27T07:20:50.876Z
34,f38bb296-39a4-4178-b31b-9b8d16f8ba99,Electromagnetic,el,word,2,Ηλεκτρομαγνητική,2026-05-27T07:22:05.899Z
34,f38bb296-39a4-4178-b31b-9b8d16f8ba99,ReadWorks,el,word,1,ReadWorks,2026-05-27T07:21:57.777Z
34,83c9b5c5-6772-473e-a233-04369504584e,bar-chocolate,el,word,1,σοκολάτα σε μπάρα,2026-05-27T07:23:56.246Z
34,83c9b5c5-6772-473e-a233-04369504584e,farmers,el,word,1,αγρότες,2026-05-27T07:25:28.980Z
34,83c9b5c5-6772-473e-a233-04369504584e,"Fingers,",el,word,1,"Δάχτυλα,",2026-05-27T07:27:23.414Z
34,83c9b5c5-6772-473e-a233-04369504584e,ReadWorks,el,word,1,ReadWorks,2026-05-27T07:27:57.299Z
33,d7550b5e-6b65-445b-8c5a-cab8ba307c64,"pesky,",el,word,1,"ενοχλητικά,",2026-05-27T07:44:24.633Z
33,d7550b5e-6b65-445b-8c5a-cab8ba307c64,truth,el,word,1,η αλήθεια,2026-05-27T07:44:34.654Z
33,d7550b5e-6b65-445b-8c5a-cab8ba307c64,humans.,el,word,1,τους ανθρώπους.,2026-05-27T07:44:44.446Z
33,d7550b5e-6b65-445b-8c5a-cab8ba307c64,disappearance,el,word,2,εξαφάνιση,2026-05-27T07:46:47.785Z
33,d7550b5e-6b65-445b-8c5a-cab8ba307c64,news,el,word,2,ειδήσεις,2026-05-27T07:44:57.237Z
33,d7550b5e-6b65-445b-8c5a-cab8ba307c64,"source,",el,word,1,"πηγή,",2026-05-27T07:44:56.914Z
33,d7550b5e-6b65-445b-8c5a-cab8ba307c64,frighteningly,el,word,1,τρομακτικά,2026-05-27T07:45:22.352Z
33,d7550b5e-6b65-445b-8c5a-cab8ba307c64,pollination,el,word,1,επικονίαση,2026-05-27T07:45:33.996Z
33,d7550b5e-6b65-445b-8c5a-cab8ba307c64,possible,el,word,1,πιθανές,2026-05-27T07:46:28.498Z
33,d7550b5e-6b65-445b-8c5a-cab8ba307c64,disappearing,el,word,1,εξαφανίζονται,2026-05-27T07:46:38.963Z
33,d7550b5e-6b65-445b-8c5a-cab8ba307c64,pollinators,el,word,1,επικονιαστές,2026-05-27T07:46:44.525Z
33,d7550b5e-6b65-445b-8c5a-cab8ba307c64,"wildflower,",el,word,1,"αγριολούλουδο,",2026-05-27T07:47:50.526Z
33,d7550b5e-6b65-445b-8c5a-cab8ba307c64,"larkspur,",el,word,1,"λαρκσπούρ,",2026-05-27T07:47:55.720Z
33,d7550b5e-6b65-445b-8c5a-cab8ba307c64,imperative,el,word,1,απαραίτητο,2026-05-27T07:48:55.044Z
33,d7550b5e-6b65-445b-8c5a-cab8ba307c64,Alissa,el,word,1,Alissa,2026-05-27T07:50:04.539Z
33,d7550b5e-6b65-445b-8c5a-cab8ba307c64,Loss,el,word,1,Απώλεια,2026-05-27T07:51:11.624Z
30,19291736-7952-4190-a618-ec329989161b,governments,el,word,1,κυβερνήσεις,2026-05-27T08:03:45.074Z
30,19291736-7952-4190-a618-ec329989161b,"""dead",el,word,1,«dead,2026-05-27T08:04:03.897Z
30,19291736-7952-4190-a618-ec329989161b,based,el,word,1,με βάση,2026-05-27T08:04:07.069Z
30,19291736-7952-4190-a618-ec329989161b,important,el,word,1,σημαντικό,2026-05-27T08:04:08.507Z
30,19291736-7952-4190-a618-ec329989161b,exact,el,word,1,ακριβής,2026-05-27T08:04:08.582Z
30,19291736-7952-4190-a618-ec329989161b,"reckoning,""",el,word,1,"υπολογισμός»,",2026-05-27T08:04:11.965Z
30,19291736-7952-4190-a618-ec329989161b,devices,el,word,1,συσκευές,2026-05-27T08:04:22.478Z
30,19291736-7952-4190-a618-ec329989161b,"interests,",el,word,1,"τα συμφέροντα,",2026-05-27T08:04:27.585Z
30,19291736-7952-4190-a618-ec329989161b,helpedexplorers,el,word,2,βοηθούσε τους εξερευνητές,2026-05-27T08:05:59.384Z
30,19291736-7952-4190-a618-ec329989161b,latitudinal,el,word,2,γεωγραφικό πλάτος,2026-05-27T08:06:01.618Z
30,19291736-7952-4190-a618-ec329989161b,predicted,el,word,1,προέβλεπε,2026-05-27T08:05:57.320Z
30,19291736-7952-4190-a618-ec329989161b,incomplete,el,word,1,ατελής,2026-05-27T08:06:06.087Z
30,19291736-7952-4190-a618-ec329989161b,inaccuracies,el,word,1,ανακρίβειες,2026-05-27T08:06:30.262Z
30,19291736-7952-4190-a618-ec329989161b,inconsistent,el,word,1,ασυνεπής,2026-05-27T08:06:44.594Z
30,19291736-7952-4190-a618-ec329989161b,celestial,el,word,1,ουράνιος,2026-05-27T08:07:12.615Z
30,19291736-7952-4190-a618-ec329989161b,inventions,el,word,1,εφευρέσεις,2026-05-27T08:07:23.828Z
30,19291736-7952-4190-a618-ec329989161b,captains,el,word,1,καπετάνιοι,2026-05-27T08:07:34.015Z
30,bd221733-6fc6-4bbb-945f-a050f70a84c1,Reuters,el,word,2,Reuters,2026-05-27T08:10:32.538Z
30,bd221733-6fc6-4bbb-945f-a050f70a84c1,desperately,el,word,1,απεγνωσμένα,2026-05-27T08:10:26.760Z
30,bd221733-6fc6-4bbb-945f-a050f70a84c1,reporters,el,word,1,δημοσιογράφοι,2026-05-27T08:10:33.329Z
30,bd221733-6fc6-4bbb-945f-a050f70a84c1,something,el,word,1,κάτι,2026-05-27T08:10:54.608Z
30,bd221733-6fc6-4bbb-945f-a050f70a84c1,development,el,word,1,ανάπτυξη,2026-05-27T08:11:27.805Z
30,bd221733-6fc6-4bbb-945f-a050f70a84c1,bumblebee,el,word,1,μέλισσα,2026-05-27T08:12:24.253Z
30,bd221733-6fc6-4bbb-945f-a050f70a84c1,"larkspur,",el,word,1,"λαρκσπούρ,",2026-05-27T08:12:53.078Z
30,bd221733-6fc6-4bbb-945f-a050f70a84c1,species-other,el,word,1,είδη - άλλα,2026-05-27T08:12:57.836Z
30,bd221733-6fc6-4bbb-945f-a050f70a84c1,"""less",el,word,1,«λιγότερο,2026-05-27T08:12:58.438Z
30,bd221733-6fc6-4bbb-945f-a050f70a84c1,continuation,el,word,1,συνέχιση,2026-05-27T08:13:16.408Z
30,bd221733-6fc6-4bbb-945f-a050f70a84c1,imperative,el,word,1,απαραίτητο,2026-05-27T08:13:49.731Z
30,bd221733-6fc6-4bbb-945f-a050f70a84c1,ensure,el,word,2,εξασφαλίζει,2026-05-27T08:13:49.789Z
30,bd221733-6fc6-4bbb-945f-a050f70a84c1,pollination,el,word,1,επικονίαση,2026-05-27T08:14:14.372Z
30,bd221733-6fc6-4bbb-945f-a050f70a84c1,food,el,word,1,τρόφιμα,2026-05-27T08:14:17.613Z
37,d5351f94-888c-40cf-b4b7-cd383a6346e6,slightly,el,word,1,ελαφρώς,2026-05-27T08:35:57.678Z
37,30595158-8bbb-4c23-bf33-be90a5e9d1c3,ReadWorks,el,word,1,ReadWorks,2026-05-27T08:36:59.897Z
37,30595158-8bbb-4c23-bf33-be90a5e9d1c3,objects?,el,word,2,αντικείμενα;,2026-05-27T08:37:03.825Z
37,30595158-8bbb-4c23-bf33-be90a5e9d1c3,see,el,word,1,βλέπω,2026-05-27T08:37:05.264Z
37,30595158-8bbb-4c23-bf33-be90a5e9d1c3,"light,",el,word,1,"φως,",2026-05-27T08:37:05.313Z
37,30595158-8bbb-4c23-bf33-be90a5e9d1c3,electromagnetic,el,word,4,ηλεκτρομαγνητική,2026-05-27T08:38:01.413Z
37,30595158-8bbb-4c23-bf33-be90a5e9d1c3,infrared,el,word,2,υπέρυθρο,2026-05-27T08:37:48.293Z
37,30595158-8bbb-4c23-bf33-be90a5e9d1c3,information,el,word,1,πληροφορίες,2026-05-27T08:39:19.298Z
37,8a350116-af30-4d15-a81e-617586478fb5,vehicle-ice,el,word,1,όχημα-παγωτό,2026-05-27T08:42:46.914Z
37,8a350116-af30-4d15-a81e-617586478fb5,candy,el,word,2,γλυκό,2026-05-27T08:43:25.787Z
37,8a350116-af30-4d15-a81e-617586478fb5,"indulge,",el,word,1,"αφεθείτε,",2026-05-27T08:43:25.193Z
37,8a350116-af30-4d15-a81e-617586478fb5,important,el,word,1,σημαντικό,2026-05-27T08:43:34.162Z
37,8a350116-af30-4d15-a81e-617586478fb5,Nigeria,el,word,1,Νιγηρία,2026-05-27T08:43:56.385Z
37,8a350116-af30-4d15-a81e-617586478fb5,salespeople,el,word,1,πωλητές,2026-05-27T08:44:49.707Z
37,8a350116-af30-4d15-a81e-617586478fb5,laborers,el,word,1,εργαζόμενοι,2026-05-27T08:45:50.960Z
37,8a350116-af30-4d15-a81e-617586478fb5,prohibit,el,word,1,απαγορεύουν,2026-05-27T08:45:59.385Z
38,43e95542-8b45-4fde-be4d-7883aea8b677,December,el,word,5,Δεκέμβριος,2026-05-27T09:00:52.873Z
38,43e95542-8b45-4fde-be4d-7883aea8b677,"Montgomery,",el,word,5,"Μοντγκόμερι,",2026-05-27T09:00:33.312Z
38,43e95542-8b45-4fde-be4d-7883aea8b677,home,el,word,1,σπίτι,2026-05-27T09:00:30.294Z
38,43e95542-8b45-4fde-be4d-7883aea8b677,defiance,el,word,2,ανυπακοή,2026-05-27T09:00:30.399Z
38,43e95542-8b45-4fde-be4d-7883aea8b677,"Alabama,",el,word,1,"Αλαμπάμα,",2026-05-27T09:00:33.362Z
38,43e95542-8b45-4fde-be4d-7883aea8b677,transformed,el,word,2,μεταμορφώθηκε,2026-05-27T09:01:21.028Z
38,43e95542-8b45-4fde-be4d-7883aea8b677,city,el,word,1,πόλη,2026-05-27T09:00:38.304Z
38,43e95542-8b45-4fde-be4d-7883aea8b677,African-American,el,word,1,Αφροαμερικανίδα,2026-05-27T09:00:42.030Z
38,43e95542-8b45-4fde-be4d-7883aea8b677,seamstress,el,word,1,ραπτική,2026-05-27T09:00:43.758Z
38,43e95542-8b45-4fde-be4d-7883aea8b677,spurred,el,word,1,ώθησε,2026-05-27T09:01:10.390Z
38,43e95542-8b45-4fde-be4d-7883aea8b677,Boycott,el,word,2,Μποϊκοτάζ,2026-05-27T09:01:27.226Z
38,43e95542-8b45-4fde-be4d-7883aea8b677,days,el,word,1,ημέρες,2026-05-27T09:01:29.125Z
38,43e95542-8b45-4fde-be4d-7883aea8b677,unacceptable.,el,word,1,απαράδεκτο.,2026-05-27T09:01:46.508Z
38,43e95542-8b45-4fde-be4d-7883aea8b677,actions,el,word,1,ενέργειες,2026-05-27T09:01:48.728Z
38,43e95542-8b45-4fde-be4d-7883aea8b677,conscience,el,word,1,συνείδηση,2026-05-27T09:01:51.925Z
38,43e95542-8b45-4fde-be4d-7883aea8b677,desegregation,el,word,1,κατάργηση των φυλετικών διακρίσεων,2026-05-27T09:01:59.538Z
38,43e95542-8b45-4fde-be4d-7883aea8b677,Americans,el,word,2,Αμερικανοί,2026-05-27T09:03:07.225Z
38,43e95542-8b45-4fde-be4d-7883aea8b677,Constitution,el,word,1,Σύνταγμα,2026-05-27T09:03:01.035Z
38,43e95542-8b45-4fde-be4d-7883aea8b677,thirty-seventh.,el,word,1,τριακοστή έβδομη.,2026-05-27T09:03:09.201Z
38,43e95542-8b45-4fde-be4d-7883aea8b677,upon,el,word,2,να,2026-05-27T09:03:13.178Z
38,43e95542-8b45-4fde-be4d-7883aea8b677,programs,el,word,1,προγράμματα,2026-05-27T09:03:13.081Z
38,43e95542-8b45-4fde-be4d-7883aea8b677,"service,",el,word,1,"λειτουργία,",2026-05-27T09:03:17.777Z
38,43e95542-8b45-4fde-be4d-7883aea8b677,observe,el,word,1,τηρεί,2026-05-27T09:03:38.935Z
38,f8bfafd1-10ec-4834-a1bd-ccb93fa78500,observe,el,word,1,τηρεί,2026-05-27T09:09:21.729Z
38,0e251d84-b6bc-4872-abc6-a20f7f477cc8,Noisy,el,word,4,Θορυβώδεις,2026-05-27T09:11:04.683Z
38,0e251d84-b6bc-4872-abc6-a20f7f477cc8,Protected,el,word,1,Προστατευόμενες,2026-05-27T09:11:04.604Z
38,0e251d84-b6bc-4872-abc6-a20f7f477cc8,Sounds,el,word,1,Ήχοι,2026-05-27T09:11:36.932Z
38,0e251d84-b6bc-4872-abc6-a20f7f477cc8,development,el,word,2,ανάπτυξη,2026-05-27T09:11:43.916Z
38,0e251d84-b6bc-4872-abc6-a20f7f477cc8,according,el,word,1,σύμφωνα με,2026-05-27T09:11:57.555Z
38,0e251d84-b6bc-4872-abc6-a20f7f477cc8,lands,el,word,1,περιοχές,2026-05-27T09:12:02.366Z
38,0e251d84-b6bc-4872-abc6-a20f7f477cc8,daily,el,word,1,καθημερινά,2026-05-27T09:12:10.789Z
38,0e251d84-b6bc-4872-abc6-a20f7f477cc8,"life,",el,word,5,"ζωής,",2026-05-27T09:13:36.165Z
38,0e251d84-b6bc-4872-abc6-a20f7f477cc8,"""pervasive""",el,word,4,«διαδεδομένοι»,2026-05-27T09:13:37.481Z
38,0e251d84-b6bc-4872-abc6-a20f7f477cc8,analysis,el,word,2,ανάλυση,2026-05-27T09:12:12.892Z
38,0e251d84-b6bc-4872-abc6-a20f7f477cc8,University,el,word,2,Πανεπιστήμιο,2026-05-27T09:14:43.309Z
38,0e251d84-b6bc-4872-abc6-a20f7f477cc8,calculated,el,word,2,υπολόγισαν,2026-05-27T09:12:27.466Z
38,0e251d84-b6bc-4872-abc6-a20f7f477cc8,"traffic,",el,word,2,"κυκλοφορίας,",2026-05-27T09:12:27.513Z
38,0e251d84-b6bc-4872-abc6-a20f7f477cc8,background,el,word,3,φόντου,2026-05-27T09:14:12.072Z
38,0e251d84-b6bc-4872-abc6-a20f7f477cc8,din,el,word,2,θόρυβος,2026-05-27T09:12:28.002Z
38,0e251d84-b6bc-4872-abc6-a20f7f477cc8,drilling,el,word,1,γεωτρήσεων,2026-05-27T09:12:37.263Z
38,0e251d84-b6bc-4872-abc6-a20f7f477cc8,logging,el,word,1,υλοτομίας,2026-05-27T09:12:45.446Z
38,0e251d84-b6bc-4872-abc6-a20f7f477cc8,"areas,",el,word,1,"περιοχές,",2026-05-27T09:12:48.420Z
38,0e251d84-b6bc-4872-abc6-a20f7f477cc8,tranquil,el,word,1,ήσυχη,2026-05-27T09:13:08.476Z
38,0e251d84-b6bc-4872-abc6-a20f7f477cc8,consequences,el,word,2,συνέπειες,2026-05-27T09:14:06.816Z
38,0e251d84-b6bc-4872-abc6-a20f7f477cc8,wildlife,el,word,2,άγρια φύση,2026-05-27T09:14:09.563Z
38,0e251d84-b6bc-4872-abc6-a20f7f477cc8,protected,el,word,1,προστατευόμενες,2026-05-27T09:13:16.146Z
38,0e251d84-b6bc-4872-abc6-a20f7f477cc8,Humans,el,word,1,Άνθρωποι,2026-05-27T09:13:21.569Z
38,0e251d84-b6bc-4872-abc6-a20f7f477cc8,natural,el,word,1,φυσικό,2026-05-27T09:13:58.834Z
38,0e251d84-b6bc-4872-abc6-a20f7f477cc8,two-thirds,el,word,1,τα δύο τρίτα,2026-05-27T09:14:01.062Z
38,0e251d84-b6bc-4872-abc6-a20f7f477cc8,adverse,el,word,1,αρνητικές,2026-05-27T09:14:03.747Z
38,0e251d84-b6bc-4872-abc6-a20f7f477cc8,excess,el,word,1,υπερβολικός,2026-05-27T09:14:32.793Z
38,0e251d84-b6bc-4872-abc6-a20f7f477cc8,noise,el,word,1,θόρυβος,2026-05-27T09:14:33.109Z
38,0e251d84-b6bc-4872-abc6-a20f7f477cc8,quantify,el,word,1,ποσοτικοποίηση,2026-05-27T09:14:36.680Z
38,0e251d84-b6bc-4872-abc6-a20f7f477cc8,contribution,el,word,1,συμβολή,2026-05-27T09:14:39.600Z
38,0e251d84-b6bc-4872-abc6-a20f7f477cc8,biologist,el,word,1,βιολόγος,2026-05-27T09:14:46.664Z
38,0e251d84-b6bc-4872-abc6-a20f7f477cc8,computerized,el,word,1,υπολογιστικό,2026-05-27T09:14:49.576Z
38,0e251d84-b6bc-4872-abc6-a20f7f477cc8,soundscape,el,word,1,ηχοτοπίο,2026-05-27T09:14:51.442Z
38,0e251d84-b6bc-4872-abc6-a20f7f477cc8,collated,el,word,1,συγκέντρωσαν,2026-05-27T09:14:56.842Z
38,0e251d84-b6bc-4872-abc6-a20f7f477cc8,combined,el,word,1,συνδυασμένα,2026-05-27T09:15:09.198Z
38,0e251d84-b6bc-4872-abc6-a20f7f477cc8,biologists.,el,word,2,βιολόγους.,2026-05-27T09:15:36.044Z
38,0e251d84-b6bc-4872-abc6-a20f7f477cc8,study,el,word,3,μελέτη,2026-05-27T09:15:39.664Z
38,0e251d84-b6bc-4872-abc6-a20f7f477cc8,quietest,el,word,1,πιο ήσυχα,2026-05-27T09:15:40.597Z
38,0e251d84-b6bc-4872-abc6-a20f7f477cc8,traffic,el,word,1,κυκλοφορία,2026-05-27T09:15:46.503Z
38,0e251d84-b6bc-4872-abc6-a20f7f477cc8,independent,el,word,2,ανεξάρτητη,2026-05-27T09:15:54.557Z
38,0e251d84-b6bc-4872-abc6-a20f7f477cc8,overflights,el,word,2,πτήσεις,2026-05-27T09:16:03.002Z
38,0e251d84-b6bc-4872-abc6-a20f7f477cc8,helicopters,el,word,1,ελικόπτερα,2026-05-27T09:16:00.889Z
38,0e251d84-b6bc-4872-abc6-a20f7f477cc8,impact,el,word,1,επιπτώσεις,2026-05-27T09:16:11.619Z
38,0e251d84-b6bc-4872-abc6-a20f7f477cc8,deafen,el,word,1,να τα κάνει κουφά,2026-05-27T09:16:22.461Z
38,0e251d84-b6bc-4872-abc6-a20f7f477cc8,warn,el,word,1,προειδοποιούν,2026-05-27T09:16:31.766Z
38,0e251d84-b6bc-4872-abc6-a20f7f477cc8,avian,el,word,1,πτηνών,2026-05-27T09:16:39.433Z
38,0e251d84-b6bc-4872-abc6-a20f7f477cc8,birds,el,word,1,πουλιά,2026-05-27T09:16:49.667Z
38,0e251d84-b6bc-4872-abc6-a20f7f477cc8,discovering,el,word,1,ανακαλύπτοντας,2026-05-27T09:16:59.769Z
38,0e251d84-b6bc-4872-abc6-a20f7f477cc8,musicologist,el,word,1,μουσικολόγος,2026-05-27T09:17:07.967Z
38,0e251d84-b6bc-4872-abc6-a20f7f477cc8,mountain,el,word,1,βουνό,2026-05-27T09:17:09.673Z
38,0e251d84-b6bc-4872-abc6-a20f7f477cc8,Rensselaer,el,word,1,Rensselaer,2026-05-27T09:17:10.081Z
38,0e251d84-b6bc-4872-abc6-a20f7f477cc8,Polytechnic,el,word,1,Πολυτεχνείο,2026-05-27T09:17:12.607Z
38,0e251d84-b6bc-4872-abc6-a20f7f477cc8,"surroundings,",el,word,1,"περιβάλλον,",2026-05-27T09:17:18.616Z
38,0e251d84-b6bc-4872-abc6-a20f7f477cc8,"errors,""",el,word,1,"λάθη»,",2026-05-27T09:17:31.788Z
38,0e251d84-b6bc-4872-abc6-a20f7f477cc8,tested,el,word,1,εξέτασαν,2026-05-27T09:17:47.930Z
38,0e251d84-b6bc-4872-abc6-a20f7f477cc8,disturbing,el,word,1,ανατριχιαστικό,2026-05-27T09:17:56.286Z
45,21ac03fb-e7ea-4f6f-982d-e3b4992ca4c0,daily,el,word,2,καθημερινά,2026-05-27T09:48:48.631Z
45,21ac03fb-e7ea-4f6f-982d-e3b4992ca4c0,Drown,el,word,4,Πνίγουν,2026-05-27T09:48:40.652Z
45,21ac03fb-e7ea-4f6f-982d-e3b4992ca4c0,Sounds,el,word,3,Ήχοι,2026-05-27T09:46:47.228Z
45,21ac03fb-e7ea-4f6f-982d-e3b4992ca4c0,Nature,el,word,2,Φύση,2026-05-27T09:46:46.102Z
45,21ac03fb-e7ea-4f6f-982d-e3b4992ca4c0,development,el,word,2,ανάπτυξη,2026-05-27T09:48:35.786Z
45,21ac03fb-e7ea-4f6f-982d-e3b4992ca4c0,parks,el,word,2,πάρκα,2026-05-27T09:47:01.511Z
45,21ac03fb-e7ea-4f6f-982d-e3b4992ca4c0,national,el,word,3,εθνικό,2026-05-27T09:50:23.686Z
45,21ac03fb-e7ea-4f6f-982d-e3b4992ca4c0,pollution,el,word,4,ρύπανση,2026-05-27T09:53:00.224Z
45,21ac03fb-e7ea-4f6f-982d-e3b4992ca4c0,Protected,el,word,1,Προστατευόμενες,2026-05-27T09:46:48.128Z
45,21ac03fb-e7ea-4f6f-982d-e3b4992ca4c0,"aircraft,",el,word,3,"αεροσκάφη,",2026-05-27T09:48:40.723Z
45,21ac03fb-e7ea-4f6f-982d-e3b4992ca4c0,drowning,el,word,3,καταστρέφοντας,2026-05-27T09:48:51.153Z
45,21ac03fb-e7ea-4f6f-982d-e3b4992ca4c0,commercial,el,word,3,εμπορική,2026-05-27T09:48:40.831Z
45,21ac03fb-e7ea-4f6f-982d-e3b4992ca4c0,"parks,",el,word,1,"πάρκα,",2026-05-27T09:46:59.391Z
45,21ac03fb-e7ea-4f6f-982d-e3b4992ca4c0,Robert,el,word,2,Robert,2026-05-27T09:48:35.829Z
45,21ac03fb-e7ea-4f6f-982d-e3b4992ca4c0,state,el,word,1,κρατικά,2026-05-27T09:47:36.757Z
45,21ac03fb-e7ea-4f6f-982d-e3b4992ca4c0,"recreation,",el,word,3,"αναψυχή,",2026-05-27T09:48:57.194Z
45,21ac03fb-e7ea-4f6f-982d-e3b4992ca4c0,conservation,el,word,3,διατήρηση,2026-05-27T09:52:44.776Z
45,21ac03fb-e7ea-4f6f-982d-e3b4992ca4c0,noise,el,word,1,θόρυβος,2026-05-27T09:48:04.777Z
45,21ac03fb-e7ea-4f6f-982d-e3b4992ca4c0,protected,el,word,2,προστατευόμενες,2026-05-27T09:49:54.410Z
45,21ac03fb-e7ea-4f6f-982d-e3b4992ca4c0,scientists,el,word,3,επιστήμονες,2026-05-27T09:49:02.580Z
45,21ac03fb-e7ea-4f6f-982d-e3b4992ca4c0,public,el,word,1,δημόσιες,2026-05-27T09:48:32.824Z
45,21ac03fb-e7ea-4f6f-982d-e3b4992ca4c0,lands,el,word,2,χώροι,2026-05-27T09:48:34.039Z
45,21ac03fb-e7ea-4f6f-982d-e3b4992ca4c0,"""pervasive""",el,word,4,«διαδεδομένοι»,2026-05-27T09:48:52.054Z
45,21ac03fb-e7ea-4f6f-982d-e3b4992ca4c0,said,el,word,1,δήλωσαν,2026-05-27T09:48:33.957Z
45,21ac03fb-e7ea-4f6f-982d-e3b4992ca4c0,aside,el,word,1,εκτός,2026-05-27T09:48:34.079Z
45,21ac03fb-e7ea-4f6f-982d-e3b4992ca4c0,set,el,word,1,καθορισμένα,2026-05-27T09:48:34.088Z
45,21ac03fb-e7ea-4f6f-982d-e3b4992ca4c0,areas,el,word,1,περιοχές,2026-05-27T09:48:36.184Z
45,21ac03fb-e7ea-4f6f-982d-e3b4992ca4c0,"life,",el,word,2,"ζωής,",2026-05-27T09:48:50.902Z
45,21ac03fb-e7ea-4f6f-982d-e3b4992ca4c0,Colorado,el,word,1,Κολοράντο,2026-05-27T09:49:08.212Z
45,21ac03fb-e7ea-4f6f-982d-e3b4992ca4c0,"federal,",el,word,3,"ομοσπονδιακά,",2026-05-27T09:49:11.696Z
45,21ac03fb-e7ea-4f6f-982d-e3b4992ca4c0,sounds,el,word,1,ήχοι,2026-05-27T09:49:16.700Z
45,21ac03fb-e7ea-4f6f-982d-e3b4992ca4c0,people,el,word,3,άνθρωποι,2026-05-27T09:49:41.594Z
45,21ac03fb-e7ea-4f6f-982d-e3b4992ca4c0,drilling,el,word,1,γεωτρήσεων,2026-05-27T09:49:20.038Z
45,21ac03fb-e7ea-4f6f-982d-e3b4992ca4c0,seek,el,word,2,αναζητούν,2026-05-27T09:49:20.162Z
45,21ac03fb-e7ea-4f6f-982d-e3b4992ca4c0,Division,el,word,1,Τμήμα,2026-05-27T09:49:20.488Z
45,21ac03fb-e7ea-4f6f-982d-e3b4992ca4c0,appreciation,el,word,1,αντίληψη,2026-05-27T09:49:20.554Z
45,21ac03fb-e7ea-4f6f-982d-e3b4992ca4c0,clatter,el,word,1,θόρυβος,2026-05-27T09:49:28.975Z
45,21ac03fb-e7ea-4f6f-982d-e3b4992ca4c0,two-thirds,el,word,1,τα δύο τρίτα,2026-05-27T09:49:29.417Z
45,21ac03fb-e7ea-4f6f-982d-e3b4992ca4c0,adverse,el,word,2,αρνητικές,2026-05-27T09:49:45.624Z
45,21ac03fb-e7ea-4f6f-982d-e3b4992ca4c0,consequences,el,word,2,συνέπειες,2026-05-27T09:49:45.957Z
45,21ac03fb-e7ea-4f6f-982d-e3b4992ca4c0,million,el,word,1,εκατομμύρια,2026-05-27T09:49:41.313Z
45,21ac03fb-e7ea-4f6f-982d-e3b4992ca4c0,tranquil,el,word,1,ήσυχη,2026-05-27T09:49:42.942Z
45,21ac03fb-e7ea-4f6f-982d-e3b4992ca4c0,hush,el,word,1,ησυχία,2026-05-27T09:49:44.160Z
45,21ac03fb-e7ea-4f6f-982d-e3b4992ca4c0,"areas,""",el,word,1,"περιοχές»,",2026-05-27T09:49:55.048Z
45,21ac03fb-e7ea-4f6f-982d-e3b4992ca4c0,Megan,el,word,1,Μέγκαν,2026-05-27T09:49:57.039Z
45,21ac03fb-e7ea-4f6f-982d-e3b4992ca4c0,McKenna,el,word,1,McKenna,2026-05-27T09:49:57.911Z
45,21ac03fb-e7ea-4f6f-982d-e3b4992ca4c0,quantify,el,word,1,ποσοτικοποίηση,2026-05-27T09:50:09.472Z
45,21ac03fb-e7ea-4f6f-982d-e3b4992ca4c0,contribution,el,word,1,συμβολή,2026-05-27T09:50:11.222Z
45,21ac03fb-e7ea-4f6f-982d-e3b4992ca4c0,computerized,el,word,3,υπολογιστικό,2026-05-27T09:50:30.223Z
45,21ac03fb-e7ea-4f6f-982d-e3b4992ca4c0,researchers,el,word,2,ερευνητές,2026-05-27T09:52:22.284Z
45,21ac03fb-e7ea-4f6f-982d-e3b4992ca4c0,soundscape,el,word,1,ηχοτοπίο,2026-05-27T09:50:23.686Z
45,21ac03fb-e7ea-4f6f-982d-e3b4992ca4c0,decibels,el,word,6,ντεσιμπέλ,2026-05-27T09:51:47.376Z
45,21ac03fb-e7ea-4f6f-982d-e3b4992ca4c0,activity,el,word,3,δραστηριότητα,2026-05-27T09:50:31.302Z
45,21ac03fb-e7ea-4f6f-982d-e3b4992ca4c0,collated,el,word,1,συγκέντρωσαν,2026-05-27T09:50:31.882Z
45,21ac03fb-e7ea-4f6f-982d-e3b4992ca4c0,computer,el,word,1,υπολογιστής,2026-05-27T09:50:33.499Z
45,21ac03fb-e7ea-4f6f-982d-e3b4992ca4c0,analyzed,el,word,2,ανέλυσαν,2026-05-27T09:50:34.715Z
45,21ac03fb-e7ea-4f6f-982d-e3b4992ca4c0,algorithm,el,word,3,αλγόριθμος,2026-05-27T09:51:22.441Z
45,21ac03fb-e7ea-4f6f-982d-e3b4992ca4c0,sound,el,word,1,ήχος,2026-05-27T09:50:36.253Z
45,21ac03fb-e7ea-4f6f-982d-e3b4992ca4c0,recordings.,el,word,1,ηχογραφήσεις.,2026-05-27T09:50:36.885Z
45,21ac03fb-e7ea-4f6f-982d-e3b4992ca4c0,calculate,el,word,3,υπολογίζουν,2026-05-27T09:51:01.493Z
45,21ac03fb-e7ea-4f6f-982d-e3b4992ca4c0,combined,el,word,3,συνδυασμένα,2026-05-27T09:51:11.148Z
45,21ac03fb-e7ea-4f6f-982d-e3b4992ca4c0,much,el,word,1,πολύ,2026-05-27T09:50:49.585Z
45,21ac03fb-e7ea-4f6f-982d-e3b4992ca4c0,fed,el,word,1,εισήγαγαν,2026-05-27T09:50:57.005Z
45,21ac03fb-e7ea-4f6f-982d-e3b4992ca4c0,variables,el,word,2,μεταβλητές,2026-05-27T09:51:19.509Z
45,21ac03fb-e7ea-4f6f-982d-e3b4992ca4c0,acoustic,el,word,2,ακουστική,2026-05-27T09:51:01.587Z
45,21ac03fb-e7ea-4f6f-982d-e3b4992ca4c0,dozens,el,word,2,δεκάδες,2026-05-27T09:51:18.561Z
45,21ac03fb-e7ea-4f6f-982d-e3b4992ca4c0,landscape,el,word,1,τοπίο,2026-05-27T09:51:18.858Z
45,21ac03fb-e7ea-4f6f-982d-e3b4992ca4c0,"locale,",el,word,3,"τοπική ρύθμιση,",2026-05-27T09:51:39.491Z
45,21ac03fb-e7ea-4f6f-982d-e3b4992ca4c0,human,el,word,1,ανθρώπινη,2026-05-27T09:51:27.141Z
45,21ac03fb-e7ea-4f6f-982d-e3b4992ca4c0,boosted,el,word,1,αύξησε,2026-05-27T09:51:28.865Z
45,21ac03fb-e7ea-4f6f-982d-e3b4992ca4c0,exceed,el,word,1,υπερβαίνουν,2026-05-27T09:51:37.606Z
45,21ac03fb-e7ea-4f6f-982d-e3b4992ca4c0,"comparison,",el,word,1,"σύγκριση,",2026-05-27T09:51:44.185Z
45,21ac03fb-e7ea-4f6f-982d-e3b4992ca4c0,rarely,el,word,1,σπάνια,2026-05-27T09:51:46.122Z
45,21ac03fb-e7ea-4f6f-982d-e3b4992ca4c0,running,el,word,1,λειτουργία,2026-05-27T09:51:50.986Z
45,21ac03fb-e7ea-4f6f-982d-e3b4992ca4c0,independent,el,word,3,ανεξάρτητη,2026-05-27T09:52:18.815Z
45,21ac03fb-e7ea-4f6f-982d-e3b4992ca4c0,background,el,word,2,φόντο,2026-05-27T09:54:06.764Z
45,21ac03fb-e7ea-4f6f-982d-e3b4992ca4c0,Grand,el,word,2,Γκραντ,2026-05-27T09:52:18.913Z
45,21ac03fb-e7ea-4f6f-982d-e3b4992ca4c0,Canyon,el,word,1,Canyon,2026-05-27T09:52:20.000Z
45,21ac03fb-e7ea-4f6f-982d-e3b4992ca4c0,overflights,el,word,1,πτήσεις,2026-05-27T09:52:26.334Z
45,21ac03fb-e7ea-4f6f-982d-e3b4992ca4c0,busiest,el,word,1,πιο πολυσύχναστες,2026-05-27T09:52:28.227Z
45,21ac03fb-e7ea-4f6f-982d-e3b4992ca4c0,Sound,el,word,1,Ήχος,2026-05-27T09:52:30.077Z
45,21ac03fb-e7ea-4f6f-982d-e3b4992ca4c0,levels,el,word,1,επίπεδα,2026-05-27T09:52:30.453Z
45,21ac03fb-e7ea-4f6f-982d-e3b4992ca4c0,spots,el,word,1,σημεία,2026-05-27T09:52:31.781Z
45,21ac03fb-e7ea-4f6f-982d-e3b4992ca4c0,"year,",el,word,1,"έτος,",2026-05-27T09:52:32.213Z
45,21ac03fb-e7ea-4f6f-982d-e3b4992ca4c0,reached,el,word,1,έφτασαν,2026-05-27T09:52:32.836Z
45,21ac03fb-e7ea-4f6f-982d-e3b4992ca4c0,helicopters,el,word,1,ελικόπτερα,2026-05-27T09:52:35.004Z
45,21ac03fb-e7ea-4f6f-982d-e3b4992ca4c0,"decibels,",el,word,1,"ντεσιμπέλ,",2026-05-27T09:52:35.726Z
45,21ac03fb-e7ea-4f6f-982d-e3b4992ca4c0,said.,el,word,2,είπαν.,2026-05-27T09:52:40.412Z
45,21ac03fb-e7ea-4f6f-982d-e3b4992ca4c0,wildlife,el,word,2,άγρια φύση,2026-05-27T09:52:43.524Z
45,21ac03fb-e7ea-4f6f-982d-e3b4992ca4c0,muffle,el,word,1,καλύπτουν,2026-05-27T09:52:40.515Z
45,21ac03fb-e7ea-4f6f-982d-e3b4992ca4c0,"Oregon,",el,word,2,"Όρεγκον,",2026-05-27T09:52:40.654Z
45,21ac03fb-e7ea-4f6f-982d-e3b4992ca4c0,louder,el,word,3,πιο δυνατά,2026-05-27T09:53:22.201Z
45,21ac03fb-e7ea-4f6f-982d-e3b4992ca4c0,deafen,el,word,2,να τα κάνει κουφά,2026-05-27T09:52:52.138Z
45,21ac03fb-e7ea-4f6f-982d-e3b4992ca4c0,"fish,",el,word,2,"ψάρια,",2026-05-27T09:52:54.176Z
45,21ac03fb-e7ea-4f6f-982d-e3b4992ca4c0,hindering,el,word,1,εμποδίζοντας,2026-05-27T09:52:59.480Z
45,21ac03fb-e7ea-4f6f-982d-e3b4992ca4c0,predators.,el,word,1,αρπακτικά.,2026-05-27T09:53:04.752Z
45,21ac03fb-e7ea-4f6f-982d-e3b4992ca4c0,behavioral,el,word,1,συμπεριφορά,2026-05-27T09:53:09.156Z
45,21ac03fb-e7ea-4f6f-982d-e3b4992ca4c0,entirely.,el,word,2,εντελώς.,2026-05-27T09:53:26.091Z
45,21ac03fb-e7ea-4f6f-982d-e3b4992ca4c0,effects,el,word,6,επιπτώσεις,2026-05-27T09:53:10.951Z
45,21ac03fb-e7ea-4f6f-982d-e3b4992ca4c0,calls,el,word,2,καλέσματα,2026-05-27T09:53:11.174Z
45,21ac03fb-e7ea-4f6f-982d-e3b4992ca4c0,avian,el,word,1,πτηνών,2026-05-27T09:53:12.070Z
45,21ac03fb-e7ea-4f6f-982d-e3b4992ca4c0,Templeton,el,word,1,Templeton,2026-05-27T09:53:16.554Z
45,21ac03fb-e7ea-4f6f-982d-e3b4992ca4c0,heard,el,word,1,ακούγονται,2026-05-27T09:53:23.622Z
45,21ac03fb-e7ea-4f6f-982d-e3b4992ca4c0,flee,el,word,1,φεύγουν,2026-05-27T09:53:24.238Z
45,21ac03fb-e7ea-4f6f-982d-e3b4992ca4c0,noisy,el,word,1,θορυβώδης,2026-05-27T09:53:25.537Z
45,21ac03fb-e7ea-4f6f-982d-e3b4992ca4c0,elevate,el,word,1,ανυψώνουν,2026-05-27T09:53:29.886Z
45,21ac03fb-e7ea-4f6f-982d-e3b4992ca4c0,cognitive,el,word,1,γνωστικές,2026-05-27T09:53:31.437Z
45,21ac03fb-e7ea-4f6f-982d-e3b4992ca4c0,warble,el,word,1,κελάηδισμα,2026-05-27T09:53:31.878Z
45,21ac03fb-e7ea-4f6f-982d-e3b4992ca4c0,songbirds,el,word,1,τα πουλιά,2026-05-27T09:53:33.258Z
45,21ac03fb-e7ea-4f6f-982d-e3b4992ca4c0,"Braasch,",el,word,1,"Braasch,",2026-05-27T09:53:39.806Z
45,21ac03fb-e7ea-4f6f-982d-e3b4992ca4c0,musicologist,el,word,3,μουσικολόγος,2026-05-27T09:53:52.239Z
45,21ac03fb-e7ea-4f6f-982d-e3b4992ca4c0,Rensselaer,el,word,2,Rensselaer,2026-05-27T09:53:43.114Z
45,21ac03fb-e7ea-4f6f-982d-e3b4992ca4c0,mountain,el,word,2,βουνό,2026-05-27T09:53:53.646Z
45,21ac03fb-e7ea-4f6f-982d-e3b4992ca4c0,Polytechnic,el,word,1,Πολυτεχνείο,2026-05-27T09:53:44.281Z
45,21ac03fb-e7ea-4f6f-982d-e3b4992ca4c0,"Institute,",el,word,1,"Ινστιτούτο,",2026-05-27T09:53:45.129Z
45,21ac03fb-e7ea-4f6f-982d-e3b4992ca4c0,performed,el,word,2,απόδοση,2026-05-27T09:54:00.409Z
45,21ac03fb-e7ea-4f6f-982d-e3b4992ca4c0,flowing,el,word,1,ρέον,2026-05-27T09:53:49.112Z
45,21ac03fb-e7ea-4f6f-982d-e3b4992ca4c0,burble,el,word,2,κυματισμός,2026-05-27T09:53:51.646Z
45,21ac03fb-e7ea-4f6f-982d-e3b4992ca4c0,"surroundings,",el,word,3,"περιβάλλον,",2026-05-27T09:54:13.274Z
45,21ac03fb-e7ea-4f6f-982d-e3b4992ca4c0,restorative,el,word,3,αναζωογονητική,2026-05-27T09:54:13.958Z
45,21ac03fb-e7ea-4f6f-982d-e3b4992ca4c0,noise.,el,word,2,θόρυβο.,2026-05-27T09:54:13.186Z
45,21ac03fb-e7ea-4f6f-982d-e3b4992ca4c0,quickly,el,word,2,γρήγορα,2026-05-27T09:54:12.908Z
45,21ac03fb-e7ea-4f6f-982d-e3b4992ca4c0,psychologists.,el,word,3,ψυχολόγοι.,2026-05-27T09:54:47.046Z
45,21ac03fb-e7ea-4f6f-982d-e3b4992ca4c0,recording,el,word,3,ηχογράφηση,2026-05-27T09:54:36.781Z
45,21ac03fb-e7ea-4f6f-982d-e3b4992ca4c0,effect,el,word,1,επίδραση,2026-05-27T09:54:15.291Z
45,21ac03fb-e7ea-4f6f-982d-e3b4992ca4c0,study,el,word,1,μελέτη,2026-05-27T09:54:23.279Z
45,21ac03fb-e7ea-4f6f-982d-e3b4992ca4c0,Pennsylvania,el,word,1,Πενσυλβάνια,2026-05-27T09:54:28.557Z
45,21ac03fb-e7ea-4f6f-982d-e3b4992ca4c0,reacted,el,word,2,αντέδρασαν,2026-05-27T09:54:43.359Z
45,21ac03fb-e7ea-4f6f-982d-e3b4992ca4c0,recovered,el,word,1,ανακτήθηκαν,2026-05-27T09:54:43.298Z
45,21ac03fb-e7ea-4f6f-982d-e3b4992ca4c0,listened,el,word,1,άκουσαν,2026-05-27T09:54:45.530Z
45,e6d4108f-3cbf-4cbe-b045-901c13e27504,seamstress,el,word,2,ραπτική,2026-05-27T10:02:54.282Z
45,e6d4108f-3cbf-4cbe-b045-901c13e27504,passenger.,el,word,1,επιβάτη.,2026-05-27T10:02:55.846Z
45,e6d4108f-3cbf-4cbe-b045-901c13e27504,citizenship,el,word,1,ιθαγένεια,2026-05-27T10:02:55.930Z
45,e6d4108f-3cbf-4cbe-b045-901c13e27504,Neighborhoods,el,word,1,Γειτονιές,2026-05-27T10:02:55.982Z
45,106b40e8-9c15-402a-a72d-9540a694a311,African-American,el,word,2,Αφροαμερικανίδα,2026-05-27T10:03:55.922Z
45,106b40e8-9c15-402a-a72d-9540a694a311,seamstress,el,word,2,ραπτική,2026-05-27T10:04:56.354Z
45,106b40e8-9c15-402a-a72d-9540a694a311,"Alabama,",el,word,2,"Αλαμπάμα,",2026-05-27T10:04:53.235Z
45,106b40e8-9c15-402a-a72d-9540a694a311,refused,el,word,2,αρνήθηκε,2026-05-27T10:03:47.147Z
45,106b40e8-9c15-402a-a72d-9540a694a311,Nation,el,word,2,Έθνος,2026-05-27T10:05:03.792Z
45,106b40e8-9c15-402a-a72d-9540a694a311,forever,el,word,1,για πάντα,2026-05-27T10:03:47.610Z
45,106b40e8-9c15-402a-a72d-9540a694a311,transformed,el,word,1,μεταμορφώθηκε,2026-05-27T10:03:49.750Z
45,106b40e8-9c15-402a-a72d-9540a694a311,white,el,word,1,λευκός,2026-05-27T10:03:55.962Z
45,106b40e8-9c15-402a-a72d-9540a694a311,planning,el,word,1,σχεδιάζοντας,2026-05-27T10:03:56.057Z
45,106b40e8-9c15-402a-a72d-9540a694a311,justice,el,word,1,δικαιοσύνη,2026-05-27T10:03:56.084Z
45,106b40e8-9c15-402a-a72d-9540a694a311,segregation,el,word,3,φυλετικός διαχωρισμός,2026-05-27T10:05:23.381Z
45,106b40e8-9c15-402a-a72d-9540a694a311,Rosa,el,word,1,Ρόζα,2026-05-27T10:04:59.294Z
45,106b40e8-9c15-402a-a72d-9540a694a311,Parks,el,word,1,Παρκς,2026-05-27T10:04:59.392Z
45,106b40e8-9c15-402a-a72d-9540a694a311,"work,",el,word,5,"δουλειά,",2026-05-27T10:05:03.762Z
45,106b40e8-9c15-402a-a72d-9540a694a311,movement,el,word,1,κίνημα,2026-05-27T10:05:02.133Z
45,106b40e8-9c15-402a-a72d-9540a694a311,sparked,el,word,2,πυροδότησε,2026-05-27T10:05:02.221Z
45,106b40e8-9c15-402a-a72d-9540a694a311,journey,el,word,1,πορεία,2026-05-27T10:05:11.982Z
45,106b40e8-9c15-402a-a72d-9540a694a311,home,el,word,1,σπίτι,2026-05-27T10:05:14.991Z
45,106b40e8-9c15-402a-a72d-9540a694a311,first,el,word,1,πρώτη,2026-05-27T10:05:20.977Z
45,106b40e8-9c15-402a-a72d-9540a694a311,Montgomery,el,word,3,Μοντγκόμερι,2026-05-27T10:07:40.201Z
45,106b40e8-9c15-402a-a72d-9540a694a311,courageous,el,word,1,θαρραλέοι,2026-05-27T10:05:24.952Z
45,106b40e8-9c15-402a-a72d-9540a694a311,disobedience,el,word,1,ανυπακοή,2026-05-27T10:05:26.279Z
45,106b40e8-9c15-402a-a72d-9540a694a311,extraordinary,el,word,1,εξαιρετικό,2026-05-27T10:05:28.932Z
45,106b40e8-9c15-402a-a72d-9540a694a311,unacceptable.,el,word,2,απαράδεκτο.,2026-05-27T10:05:43.294Z
45,106b40e8-9c15-402a-a72d-9540a694a311,"buses,",el,word,1,"λεωφορεία,",2026-05-27T10:05:40.283Z
45,106b40e8-9c15-402a-a72d-9540a694a311,conscience,el,word,2,συνείδηση,2026-05-27T10:05:46.819Z
45,106b40e8-9c15-402a-a72d-9540a694a311,families,el,word,1,οικογένειες,2026-05-27T10:05:46.830Z
45,106b40e8-9c15-402a-a72d-9540a694a311,transportation,el,word,1,μεταφορές,2026-05-27T10:05:50.412Z
45,106b40e8-9c15-402a-a72d-9540a694a311,systems,el,word,1,συστήματα,2026-05-27T10:05:51.085Z
45,106b40e8-9c15-402a-a72d-9540a694a311,intimidation,el,word,1,εκφοβισμός,2026-05-27T10:05:52.682Z
45,106b40e8-9c15-402a-a72d-9540a694a311,desegregation,el,word,1,κατάργηση των φυλετικών διακρίσεων,2026-05-27T10:05:55.689Z
45,106b40e8-9c15-402a-a72d-9540a694a311,Parks's,el,word,1,Η Παρκς,2026-05-27T10:05:59.215Z
45,106b40e8-9c15-402a-a72d-9540a694a311,"rights,",el,word,1,"δικαιώματα,",2026-05-27T10:06:04.535Z
45,106b40e8-9c15-402a-a72d-9540a694a311,marginalized,el,word,1,περιθωριοποιημένους,2026-05-27T10:06:07.796Z
45,106b40e8-9c15-402a-a72d-9540a694a311,never,el,word,1,Ποτέ,2026-05-27T10:06:12.908Z
45,106b40e8-9c15-402a-a72d-9540a694a311,let,el,word,1,ας,2026-05-27T10:06:13.007Z
45,106b40e8-9c15-402a-a72d-9540a694a311,remind,el,word,1,υπενθυμίζουμε,2026-05-27T10:06:18.551Z
45,106b40e8-9c15-402a-a72d-9540a694a311,principle,el,word,1,αρχή,2026-05-27T10:06:20.664Z
45,106b40e8-9c15-402a-a72d-9540a694a311,"self-evident,",el,word,1,"αυτονόητη,",2026-05-27T10:06:22.575Z
45,106b40e8-9c15-402a-a72d-9540a694a311,self-executing.,el,word,1,αυτοεκτελέσιμο.,2026-05-27T10:06:24.502Z
45,106b40e8-9c15-402a-a72d-9540a694a311,generations,el,word,1,γενιές,2026-05-27T10:06:29.749Z
45,106b40e8-9c15-402a-a72d-9540a694a311,hereby,el,word,2,με την παρούσα,2026-05-27T10:06:50.981Z
45,106b40e8-9c15-402a-a72d-9540a694a311,"America,",el,word,1,"Αμερική,",2026-05-27T10:06:50.832Z
45,106b40e8-9c15-402a-a72d-9540a694a311,Constitution,el,word,1,Σύνταγμα,2026-05-27T10:06:53.942Z
45,106b40e8-9c15-402a-a72d-9540a694a311,Americans,el,word,1,Αμερικανοί,2026-05-27T10:06:56.768Z
45,106b40e8-9c15-402a-a72d-9540a694a311,enduring,el,word,1,διαχρονική,2026-05-27T10:07:03.877Z
45,106b40e8-9c15-402a-a72d-9540a694a311,hereunto,el,word,2,στο παρόν,2026-05-27T10:07:13.828Z
45,106b40e8-9c15-402a-a72d-9540a694a311,Independence,el,word,1,Ανεξαρτησία,2026-05-27T10:07:13.796Z
45,106b40e8-9c15-402a-a72d-9540a694a311,hand,el,word,1,υπογραφή,2026-05-27T10:07:19.651Z
45,106b40e8-9c15-402a-a72d-9540a694a311,second-class,el,word,1,δεύτερης κατηγορίας,2026-05-27T10:07:42.072Z
29,a17776e9-1e68-4e9b-94df-9b0079510720,ReadWorks’,el,word,1,ReadWorks,2026-05-27T10:19:37.443Z
29,a17776e9-1e68-4e9b-94df-9b0079510720,ReadWorks,el,word,1,ReadWorks,2026-05-27T10:19:46.947Z
29,a17776e9-1e68-4e9b-94df-9b0079510720,many,el,word,1,πολλοί,2026-05-27T10:20:01.231Z
29,a17776e9-1e68-4e9b-94df-9b0079510720,wavelength.,el,word,1,μήκος κύματος.,2026-05-27T10:21:01.956Z
29,b6207d7e-a0dc-4c72-9f5d-664098b2cc75,anywhere,el,word,1,οπουδήποτε,2026-05-27T10:26:26.399Z
29,b6207d7e-a0dc-4c72-9f5d-664098b2cc75,equator.,el,word,1,ισημερινός.,2026-05-27T10:26:50.945Z
29,b6207d7e-a0dc-4c72-9f5d-664098b2cc75,precipitation.,el,word,1,βροχοπτώσεις.,2026-05-27T10:27:19.338Z
29,b6207d7e-a0dc-4c72-9f5d-664098b2cc75,"winters,",el,word,1,"χειμώνες,",2026-05-27T10:27:22.931Z
29,b6207d7e-a0dc-4c72-9f5d-664098b2cc75,suitable,el,word,1,κατάλληλο,2026-05-27T10:27:42.890Z
29,b6207d7e-a0dc-4c72-9f5d-664098b2cc75,Okapis,el,word,1,Οκάπι,2026-05-27T10:29:11.807Z
29,b6207d7e-a0dc-4c72-9f5d-664098b2cc75,protects,el,word,1,προστατεύει,2026-05-27T10:29:23.689Z
29,b6207d7e-a0dc-4c72-9f5d-664098b2cc75,misnomer,el,word,1,ακατάλληλη ονομασία,2026-05-27T10:29:34.420Z
29,b6207d7e-a0dc-4c72-9f5d-664098b2cc75,"example,",el,word,1,"παράδειγμα,",2026-05-27T10:29:59.993Z
20,124f190e-cee8-4b88-992d-0ac6b3219083,looking,el,word,1,κοιτάζοντας,2026-05-27T11:23:30.870Z
20,124f190e-cee8-4b88-992d-0ac6b3219083,"colors,",el,word,1,"χρώματα,",2026-05-27T11:23:33.838Z
20,124f190e-cee8-4b88-992d-0ac6b3219083,look,el,word,1,κοίτα,2026-05-27T11:23:35.725Z
20,124f190e-cee8-4b88-992d-0ac6b3219083,"basketball,",el,word,1,"μπάσκετ,",2026-05-27T11:23:42.563Z
20,124f190e-cee8-4b88-992d-0ac6b3219083,collection,el,word,1,συλλογή,2026-05-27T11:23:45.149Z
20,124f190e-cee8-4b88-992d-0ac6b3219083,electromagnetic,el,word,5,ηλεκτρομαγνητική,2026-05-27T11:25:04.406Z
20,124f190e-cee8-4b88-992d-0ac6b3219083,wave-like,el,word,1,κυματοειδής,2026-05-27T11:24:14.215Z
20,124f190e-cee8-4b88-992d-0ac6b3219083,infrared,el,word,2,υπέρυθρο,2026-05-27T11:24:27.302Z
20,124f190e-cee8-4b88-992d-0ac6b3219083,photons,el,word,1,φωτόνια,2026-05-27T11:24:26.946Z
20,124f190e-cee8-4b88-992d-0ac6b3219083,slinky.,el,word,1,σπείρα.,2026-05-27T11:24:54.516Z
20,124f190e-cee8-4b88-992d-0ac6b3219083,spectrum,el,word,1,φάσμα,2026-05-27T11:25:01.997Z
20,124f190e-cee8-4b88-992d-0ac6b3219083,waves-gamma,el,word,1,κύματα γάμμα,2026-05-27T11:25:13.423Z
20,124f190e-cee8-4b88-992d-0ac6b3219083,stretched,el,word,1,τεντωμένα,2026-05-27T11:25:15.649Z
20,124f190e-cee8-4b88-992d-0ac6b3219083,commonplace,el,word,1,συνηθισμένη,2026-05-27T11:25:22.958Z
20,124f190e-cee8-4b88-992d-0ac6b3219083,eyes,el,word,1,μάτια,2026-05-27T11:25:23.849Z
20,124f190e-cee8-4b88-992d-0ac6b3219083,capable,el,word,2,ικανά,2026-05-27T11:25:25.393Z
20,124f190e-cee8-4b88-992d-0ac6b3219083,sight,el,word,1,θέα,2026-05-27T11:25:25.242Z
20,124f190e-cee8-4b88-992d-0ac6b3219083,"distances,",el,word,1,"αποστάσεις,",2026-05-27T11:25:50.753Z
20,124f190e-cee8-4b88-992d-0ac6b3219083,information,el,word,2,πληροφορίες,2026-05-27T11:26:20.568Z
20,124f190e-cee8-4b88-992d-0ac6b3219083,technology,el,word,1,τεχνολογία,2026-05-27T11:26:12.676Z
20,124f190e-cee8-4b88-992d-0ac6b3219083,sensitivity,el,word,1,ευαισθησία,2026-05-27T11:26:12.777Z
20,124f190e-cee8-4b88-992d-0ac6b3219083,invented,el,word,1,εφευρέθηκαν,2026-05-27T11:26:16.483Z
20,124f190e-cee8-4b88-992d-0ac6b3219083,harness,el,word,1,αξιοποίηση,2026-05-27T11:26:18.502Z
20,124f190e-cee8-4b88-992d-0ac6b3219083,superhuman,el,word,1,υπεράνθρωπος,2026-05-27T11:26:26.411Z
20,124f190e-cee8-4b88-992d-0ac6b3219083,frequencies,el,word,1,συχνότητες,2026-05-27T11:26:32.734Z
20,124f190e-cee8-4b88-992d-0ac6b3219083,things-that,el,word,1,πράγματα—όπως,2026-05-27T11:26:45.655Z
20,124f190e-cee8-4b88-992d-0ac6b3219083,comprehensible,el,word,1,κατανοητές,2026-05-27T11:26:54.069Z
20,a296756e-11a8-4b5c-aab4-1c01932554f0,vehicle-ice,el,word,1,όχημα-παγωτό,2026-05-27T11:29:32.169Z
20,a296756e-11a8-4b5c-aab4-1c01932554f0,"cake,",el,word,1,"κέικ,",2026-05-27T11:29:34.478Z
20,a296756e-11a8-4b5c-aab4-1c01932554f0,waiting.,el,word,2,να σας περιμένουν.,2026-05-27T11:29:52.578Z
20,a296756e-11a8-4b5c-aab4-1c01932554f0,taste,el,word,1,γεύση,2026-05-27T11:29:51.224Z
20,a296756e-11a8-4b5c-aab4-1c01932554f0,next,el,word,1,επόμενη,2026-05-27T11:30:08.808Z
20,a296756e-11a8-4b5c-aab4-1c01932554f0,"indulge,",el,word,1,"αφεθείτε,",2026-05-27T11:30:10.304Z
20,a296756e-11a8-4b5c-aab4-1c01932554f0,chocolaty?,el,word,1,σοκολατένιο;,2026-05-27T11:30:16.314Z
20,a296756e-11a8-4b5c-aab4-1c01932554f0,countries,el,word,1,χώρες,2026-05-27T11:30:24.369Z
20,a296756e-11a8-4b5c-aab4-1c01932554f0,clean,el,word,1,καθαρό,2026-05-27T11:30:43.517Z
20,a296756e-11a8-4b5c-aab4-1c01932554f0,"medicine,",el,word,1,"ιατρική,",2026-05-27T11:30:44.346Z
20,a296756e-11a8-4b5c-aab4-1c01932554f0,eight-hour,el,word,1,οκτάωρη,2026-05-27T11:30:55.265Z
20,a296756e-11a8-4b5c-aab4-1c01932554f0,middlemen-a,el,word,1,μεσάζοντες-ένας,2026-05-27T11:31:19.113Z
20,a296756e-11a8-4b5c-aab4-1c01932554f0,salespeople,el,word,1,πωλητές,2026-05-27T11:31:21.698Z
20,a296756e-11a8-4b5c-aab4-1c01932554f0,exploitation,el,word,1,εκμετάλλευση,2026-05-27T11:31:42.004Z
20,a296756e-11a8-4b5c-aab4-1c01932554f0,demand,el,word,1,απαίτηση,2026-05-27T11:31:46.106Z
20,a296756e-11a8-4b5c-aab4-1c01932554f0,Sustainability,el,word,1,Βιωσιμότητα,2026-05-27T11:32:15.666Z
20,a296756e-11a8-4b5c-aab4-1c01932554f0,farming,el,word,1,γεωργία,2026-05-27T11:32:18.587Z
20,a296756e-11a8-4b5c-aab4-1c01932554f0,earth-friendly.,el,word,3,φιλικές προς το περιβάλλον.,2026-05-27T11:32:23.972Z
20,a296756e-11a8-4b5c-aab4-1c01932554f0,must,el,word,1,πρέπει,2026-05-27T11:32:22.712Z
20,a296756e-11a8-4b5c-aab4-1c01932554f0,organizations,el,word,1,οργανώσεις,2026-05-27T11:32:23.584Z
20,a296756e-11a8-4b5c-aab4-1c01932554f0,producers-the,el,word,1,"οι παραγωγοί, οι",2026-05-27T11:32:46.680Z
20,a296756e-11a8-4b5c-aab4-1c01932554f0,farmers-are,el,word,1,καλλιεργητές—λαμβάνουν,2026-05-27T11:32:48.350Z
20,a296756e-11a8-4b5c-aab4-1c01932554f0,designated,el,word,1,καθορίζεται,2026-05-27T11:32:50.621Z
20,a296756e-11a8-4b5c-aab4-1c01932554f0,minimum,el,word,1,ελάχιστος,2026-05-27T11:32:54.115Z
20,a296756e-11a8-4b5c-aab4-1c01932554f0,label,el,word,1,ετικέτα,2026-05-27T11:33:13.830Z
40,8f32627e-775e-4c59-872e-495cb9631ae3,commemorate,el,word,1,επισημάνει,2026-05-27T11:40:53.500Z
40,8f32627e-775e-4c59-872e-495cb9631ae3,maintaining,el,word,2,διατήρηση,2026-05-27T11:41:14.675Z
40,8f32627e-775e-4c59-872e-495cb9631ae3,insignia,el,word,4,διακριτικό,2026-05-27T11:42:40.807Z
40,8f32627e-775e-4c59-872e-495cb9631ae3,"Morgenthau,",el,word,1,"Μόργκενταου,",2026-05-27T11:41:36.057Z
40,8f32627e-775e-4c59-872e-495cb9631ae3,income,el,word,1,εισόδημα,2026-05-27T11:41:49.227Z
40,8f32627e-775e-4c59-872e-495cb9631ae3,Hollywood,el,word,1,Χόλιγουντ,2026-05-27T11:41:58.322Z
40,8f32627e-775e-4c59-872e-495cb9631ae3,Auxiliary,el,word,2,Βοηθητική,2026-05-27T11:42:51.319Z
40,8f32627e-775e-4c59-872e-495cb9631ae3,Womens,el,word,1,Γυναικών,2026-05-27T11:42:50.666Z
40,8f32627e-775e-4c59-872e-495cb9631ae3,esprit-de-corps.,el,word,1,το ομαδικό πνεύμα.,2026-05-27T11:43:14.865Z
40,8f32627e-775e-4c59-872e-495cb9631ae3,appreciate,el,word,1,εκτιμώ,2026-05-27T11:43:30.776Z
40,8f32627e-775e-4c59-872e-495cb9631ae3,embellished,el,word,1,διακόσμησε,2026-05-27T11:43:32.698Z
40,8f32627e-775e-4c59-872e-495cb9631ae3,winged,el,word,1,φτερωτή,2026-05-27T11:44:02.539Z
40,86c5eb59-a9fc-4d22-b7af-6226cc35e9ea,efficient,el,word,1,αποτελεσματικός,2026-05-27T11:47:03.557Z
40,86c5eb59-a9fc-4d22-b7af-6226cc35e9ea,exploration,el,word,1,εξερεύνηση,2026-05-27T11:47:07.283Z
40,86c5eb59-a9fc-4d22-b7af-6226cc35e9ea,operations,el,word,1,δραστηριότητες,2026-05-27T11:47:09.682Z
40,86c5eb59-a9fc-4d22-b7af-6226cc35e9ea,epoch,el,word,1,εποχή,2026-05-27T11:47:10.967Z
40,8bab98db-5c75-4b75-a4f2-34a70a5c9f03,exploration,el,word,1,εξερεύνηση,2026-05-27T11:47:21.495Z
40,8bab98db-5c75-4b75-a4f2-34a70a5c9f03,drift,el,word,1,παρασυρόμενοι,2026-05-27T11:47:22.992Z
40,8bab98db-5c75-4b75-a4f2-34a70a5c9f03,economic,el,word,1,οικονομική,2026-05-27T11:47:25.043Z
40,8bab98db-5c75-4b75-a4f2-34a70a5c9f03,"example,",el,word,1,"παράδειγμα,",2026-05-27T11:47:28.905Z
40,8bab98db-5c75-4b75-a4f2-34a70a5c9f03,thousands,el,word,1,χιλιάδες,2026-05-27T11:47:31.641Z
40,8bab98db-5c75-4b75-a4f2-34a70a5c9f03,estimated,el,word,2,εκτιμώμενη,2026-05-27T11:48:17.995Z
40,8bab98db-5c75-4b75-a4f2-34a70a5c9f03,inexact,el,word,1,ανακριβής,2026-05-27T11:48:17.106Z
40,8bab98db-5c75-4b75-a4f2-34a70a5c9f03,"quadrant,",el,word,1,"τεταρτημόριο,",2026-05-27T11:48:56.425Z
40,8bab98db-5c75-4b75-a4f2-34a70a5c9f03,helpedexplorers,el,word,1,βοηθούσε τους εξερευνητές,2026-05-27T11:49:38.491Z
40,8bab98db-5c75-4b75-a4f2-34a70a5c9f03,latitudinal,el,word,1,γεωγραφικό πλάτος,2026-05-27T11:49:39.877Z
40,8bab98db-5c75-4b75-a4f2-34a70a5c9f03,astrolabe,el,word,1,αστρολάβος,2026-05-27T11:49:42.385Z
40,8bab98db-5c75-4b75-a4f2-34a70a5c9f03,inadvertently,el,word,1,αθέλητα,2026-05-27T11:49:52.828Z
40,8bab98db-5c75-4b75-a4f2-34a70a5c9f03,sextant,el,word,1,εξάντα,2026-05-27T11:50:32.368Z
40,8bab98db-5c75-4b75-a4f2-34a70a5c9f03,used,el,word,1,χρησιμοποιούμενος,2026-05-27T11:50:42.240Z
40,8bab98db-5c75-4b75-a4f2-34a70a5c9f03,latitude.,el,word,1,γεωγραφικό πλάτος.,2026-05-27T11:50:44.492Z
40,8bab98db-5c75-4b75-a4f2-34a70a5c9f03,angles,el,word,2,γωνίες,2026-05-27T11:50:48.357Z
40,8bab98db-5c75-4b75-a4f2-34a70a5c9f03,Longitude,el,word,2,Γεωγραφικό μήκος,2026-05-27T11:50:53.447Z
40,8bab98db-5c75-4b75-a4f2-34a70a5c9f03,accuracy,el,word,1,ακρίβεια,2026-05-27T11:50:51.589Z
39,1a08cea7-a2da-4d37-a60b-58d89355ddf3,photons,el,word,1,φωτόνια,2026-05-27T12:14:13.624Z
39,1a08cea7-a2da-4d37-a60b-58d89355ddf3,electromagnetic,el,word,1,ηλεκτρομαγνητική,2026-05-27T12:14:13.798Z
39,1a08cea7-a2da-4d37-a60b-58d89355ddf3,spectrum,el,word,1,φάσμα,2026-05-27T12:14:16.495Z
39,1a08cea7-a2da-4d37-a60b-58d89355ddf3,"light,",el,word,1,"φως,",2026-05-27T12:14:25.220Z
39,1a08cea7-a2da-4d37-a60b-58d89355ddf3,intensities,el,word,1,εντάσεις,2026-05-27T12:14:45.363Z
39,1a08cea7-a2da-4d37-a60b-58d89355ddf3,wavelength.,el,word,1,μήκος κύματος.,2026-05-27T12:14:50.232Z
39,1a08cea7-a2da-4d37-a60b-58d89355ddf3,scrunched,el,word,2,συμπιεσμένα,2026-05-27T12:15:44.700Z
39,1a08cea7-a2da-4d37-a60b-58d89355ddf3,slinky.,el,word,1,σπείρα.,2026-05-27T12:15:04.892Z
39,1a08cea7-a2da-4d37-a60b-58d89355ddf3,slinky,el,word,1,σπείρα,2026-05-27T12:15:11.045Z
39,1a08cea7-a2da-4d37-a60b-58d89355ddf3,closed,el,word,1,κλειστό,2026-05-27T12:15:20.640Z
39,1a08cea7-a2da-4d37-a60b-58d89355ddf3,smack,el,word,1,ακριβώς,2026-05-27T12:15:32.379Z
39,1a08cea7-a2da-4d37-a60b-58d89355ddf3,waves-gamma,el,word,1,κύματα γάμμα,2026-05-27T12:15:46.460Z
39,1a08cea7-a2da-4d37-a60b-58d89355ddf3,commonplace,el,word,1,συνηθισμένη,2026-05-27T12:15:58.072Z
39,1a08cea7-a2da-4d37-a60b-58d89355ddf3,information,el,word,1,πληροφορίες,2026-05-27T12:16:47.089Z
39,804461da-933e-4d9d-a7d3-28c06817deca,Declaration,el,word,1,Διακήρυξη,2026-05-27T12:19:47.269Z
39,804461da-933e-4d9d-a7d3-28c06817deca,Constitution,el,word,1,Σύνταγμα,2026-05-27T12:20:21.656Z
39,804461da-933e-4d9d-a7d3-28c06817deca,Benjamin,el,word,1,Μπέντζαμιν,2026-05-27T12:20:42.735Z
39,804461da-933e-4d9d-a7d3-28c06817deca,conditions,el,word,1,συνθήκες,2026-05-27T12:21:01.973Z
39,804461da-933e-4d9d-a7d3-28c06817deca,Franklin,el,word,1,Φράνκλιν,2026-05-27T12:21:14.751Z
39,804461da-933e-4d9d-a7d3-28c06817deca,"lightning,",el,word,1,"αστραπή,",2026-05-27T12:21:27.839Z
39,804461da-933e-4d9d-a7d3-28c06817deca,"Americancolonies,",el,word,1,"αμερικανικές αποικίες,",2026-05-27T12:21:39.461Z
39,804461da-933e-4d9d-a7d3-28c06817deca,campaign,el,word,1,εκστρατεία,2026-05-27T12:21:42.918Z
39,804461da-933e-4d9d-a7d3-28c06817deca,wore,el,word,1,φορούσε,2026-05-27T12:22:01.847Z
39,804461da-933e-4d9d-a7d3-28c06817deca,Speaker,el,word,1,Πρόεδρος,2026-05-27T12:22:13.759Z
39,804461da-933e-4d9d-a7d3-28c06817deca,injustices,el,word,1,αδικίες,2026-05-27T12:22:26.128Z
39,804461da-933e-4d9d-a7d3-28c06817deca,prevention,el,word,1,πρόληψη,2026-05-27T12:23:08.607Z
39,804461da-933e-4d9d-a7d3-28c06817deca,pound,el,word,1,λίβρα,2026-05-27T12:23:12.026Z
36,247028d7-d496-4f47-a037-a75732c33124,distance,el,word,2,απόσταση,2026-05-27T12:31:18.465Z
36,247028d7-d496-4f47-a037-a75732c33124,experiment,el,word,3,πείραμα,2026-05-27T12:31:18.586Z
36,247028d7-d496-4f47-a037-a75732c33124,beside,el,word,1,δίπλα,2026-05-27T12:30:52.206Z
36,247028d7-d496-4f47-a037-a75732c33124,researcher,el,word,1,ερευνητής,2026-05-27T12:30:53.651Z
36,247028d7-d496-4f47-a037-a75732c33124,begins.,el,word,1,ξεκινά.,2026-05-27T12:31:03.022Z
36,247028d7-d496-4f47-a037-a75732c33124,"naturally,",el,word,1,"φυσικά,",2026-05-27T12:31:18.334Z
36,247028d7-d496-4f47-a037-a75732c33124,comfortable,el,word,1,άνετο,2026-05-27T12:31:18.363Z
36,247028d7-d496-4f47-a037-a75732c33124,Helvetica,el,word,1,Helvetica,2026-05-27T12:31:19.696Z
36,247028d7-d496-4f47-a037-a75732c33124,Paragraph,el,word,1,Παράγραφος,2026-05-27T12:31:20.167Z
36,247028d7-d496-4f47-a037-a75732c33124,system,el,word,1,σύστημα,2026-05-27T12:31:29.811Z
36,247028d7-d496-4f47-a037-a75732c33124,appears,el,word,1,φαίνεται,2026-05-27T12:31:34.770Z
36,247028d7-d496-4f47-a037-a75732c33124,normal,el,word,1,κανονικό,2026-05-27T12:31:36.231Z
36,e21b2fc6-e5bb-4f95-a525-c5e6b293863c,"naturally,",el,word,1,"φυσικά,",2026-05-27T12:31:52.299Z
36,e21b2fc6-e5bb-4f95-a525-c5e6b293863c,Paragraph,el,word,1,Παράγραφος,2026-05-27T12:31:53.531Z
36,e21b2fc6-e5bb-4f95-a525-c5e6b293863c,next,el,word,1,επόμενο,2026-05-27T12:32:08.205Z
36,e21b2fc6-e5bb-4f95-a525-c5e6b293863c,text,el,word,3,κείμενο,2026-05-27T12:32:08.770Z
36,e21b2fc6-e5bb-4f95-a525-c5e6b293863c,becomes,el,word,1,γίνεται,2026-05-27T12:32:08.588Z
36,e21b2fc6-e5bb-4f95-a525-c5e6b293863c,"section,",el,word,4,"ενότητα,",2026-05-27T12:32:08.978Z
36,e21b2fc6-e5bb-4f95-a525-c5e6b293863c,whether,el,word,3,αν,2026-05-27T12:32:15.385Z
36,2d8eccca-1f6a-474c-bd5d-cf9269ea480d,everyone,el,word,4,όλοι,2026-05-27T12:34:13.249Z
36,2d8eccca-1f6a-474c-bd5d-cf9269ea480d,bar?,el,word,1,μπάρα;,2026-05-27T12:34:00.647Z
36,2d8eccca-1f6a-474c-bd5d-cf9269ea480d,simply,el,word,2,απλά,2026-05-27T12:34:04.960Z
36,2d8eccca-1f6a-474c-bd5d-cf9269ea480d,"beverage,",el,word,1,"ποτό,",2026-05-27T12:34:13.803Z
36,2d8eccca-1f6a-474c-bd5d-cf9269ea480d,deeper,el,word,1,βαθύτερες,2026-05-27T12:34:29.759Z
36,2d8eccca-1f6a-474c-bd5d-cf9269ea480d,"indulge,",el,word,2,"αφεθείτε,",2026-05-27T12:34:53.053Z
36,2d8eccca-1f6a-474c-bd5d-cf9269ea480d,chocolate,el,word,4,σοκολάτα,2026-05-27T12:35:00.273Z
36,2d8eccca-1f6a-474c-bd5d-cf9269ea480d,line.,el,word,1,γραμμή.,2026-05-27T12:34:42.971Z
36,2d8eccca-1f6a-474c-bd5d-cf9269ea480d,Halloween,el,word,1,Χάλοουιν,2026-05-27T12:34:46.656Z
36,2d8eccca-1f6a-474c-bd5d-cf9269ea480d,one,el,word,1,ένα,2026-05-27T12:34:57.306Z
36,2d8eccca-1f6a-474c-bd5d-cf9269ea480d,"Equator,",el,word,1,"Ισημερινός,",2026-05-27T12:35:04.788Z
36,2d8eccca-1f6a-474c-bd5d-cf9269ea480d,harvested,el,word,1,συγκομίζεται,2026-05-27T12:35:25.332Z
36,2d8eccca-1f6a-474c-bd5d-cf9269ea480d,world's,el,word,1,του κόσμου,2026-05-27T12:35:25.688Z
36,2d8eccca-1f6a-474c-bd5d-cf9269ea480d,conditions.,el,word,2,συνθήκες.,2026-05-27T12:35:55.179Z
36,2d8eccca-1f6a-474c-bd5d-cf9269ea480d,world-buy,el,word,1,αγοράζουν,2026-05-27T12:36:03.004Z
36,2d8eccca-1f6a-474c-bd5d-cf9269ea480d,pods,el,word,1,λοβοί,2026-05-27T12:36:04.877Z
36,2d8eccca-1f6a-474c-bd5d-cf9269ea480d,designated,el,word,2,καθορίζεται,2026-05-27T12:37:30.574Z
36,2d8eccca-1f6a-474c-bd5d-cf9269ea480d,requires,el,word,1,απαιτεί,2026-05-27T12:37:30.721Z
36,2d8eccca-1f6a-474c-bd5d-cf9269ea480d,earth-friendly.,el,word,2,φιλικές προς το περιβάλλον.,2026-05-27T12:37:41.341Z
36,2d8eccca-1f6a-474c-bd5d-cf9269ea480d,"product,",el,word,1,"προϊόν,",2026-05-27T12:37:41.109Z
36,ef795f84-1991-46da-b550-3d582e8052b3,Electromagnetic,el,word,1,Ηλεκτρομαγνητική,2026-05-27T12:40:28.908Z
36,ef795f84-1991-46da-b550-3d582e8052b3,eyes,el,word,1,μάτια,2026-05-27T12:40:33.130Z
36,ef795f84-1991-46da-b550-3d582e8052b3,"lines,",el,word,1,"γραμμές,",2026-05-27T12:40:33.258Z
36,ef795f84-1991-46da-b550-3d582e8052b3,objects?,el,word,2,αντικείμενα;,2026-05-27T12:40:33.352Z
36,ef795f84-1991-46da-b550-3d582e8052b3,"basketball,",el,word,1,"μπάσκετ,",2026-05-27T12:40:35.963Z
36,ef795f84-1991-46da-b550-3d582e8052b3,electromagnetic,el,word,8,ηλεκτρομαγνητικά,2026-05-27T12:44:23.254Z
36,ef795f84-1991-46da-b550-3d582e8052b3,"light,",el,word,3,"φως,",2026-05-27T12:41:16.242Z
36,ef795f84-1991-46da-b550-3d582e8052b3,spectrum,el,word,1,φάσμα,2026-05-27T12:41:17.540Z
36,ef795f84-1991-46da-b550-3d582e8052b3,infrared,el,word,2,υπέρυθρο,2026-05-27T12:41:27.521Z
36,ef795f84-1991-46da-b550-3d582e8052b3,portion,el,word,3,μέρος,2026-05-27T12:41:29.861Z
36,ef795f84-1991-46da-b550-3d582e8052b3,world,el,word,3,κόσμος,2026-05-27T12:41:29.843Z
36,ef795f84-1991-46da-b550-3d582e8052b3,wavelength.,el,word,1,μήκος κύματος.,2026-05-27T12:41:41.714Z
36,ef795f84-1991-46da-b550-3d582e8052b3,scrunched,el,word,1,συμπιεσμένα,2026-05-27T12:41:46.940Z
36,ef795f84-1991-46da-b550-3d582e8052b3,stretched,el,word,2,τεντωμένος,2026-05-27T12:42:11.821Z
36,ef795f84-1991-46da-b550-3d582e8052b3,space.,el,word,1,διάστημα.,2026-05-27T12:42:43.110Z
36,ef795f84-1991-46da-b550-3d582e8052b3,information,el,word,1,πληροφορίες,2026-05-27T12:42:43.292Z
36,ef795f84-1991-46da-b550-3d582e8052b3,goggles,el,word,1,γυαλιά,2026-05-27T12:42:58.673Z
36,ef795f84-1991-46da-b550-3d582e8052b3,families.,el,word,1,οικογένειες.,2026-05-27T12:43:26.740Z
36,ef795f84-1991-46da-b550-3d582e8052b3,mankind,el,word,1,ανθρωπότητα,2026-05-27T12:43:27.056Z
36,ef795f84-1991-46da-b550-3d582e8052b3,frequencies,el,word,1,συχνότητες,2026-05-27T12:44:43.553Z
36,ef795f84-1991-46da-b550-3d582e8052b3,difficult,el,word,3,δύσκολο,2026-05-27T12:45:07.373Z
46,0eb52e35-74a7-4c42-b530-a9c0d601fa82,Ruptured,el,word,1,Ruptured,2026-05-27T13:04:02.427Z
46,0eb52e35-74a7-4c42-b530-a9c0d601fa82,commemorate,el,word,4,επισημάνει,2026-05-27T13:04:35.318Z
46,0eb52e35-74a7-4c42-b530-a9c0d601fa82,"Olsen,",el,word,1,"Όλσεν,",2026-05-27T13:04:24.093Z
46,0eb52e35-74a7-4c42-b530-a9c0d601fa82,aviation,el,word,1,αεροπορία,2026-05-27T13:04:32.775Z
46,0eb52e35-74a7-4c42-b530-a9c0d601fa82,naval,el,word,1,ναυτική,2026-05-27T13:04:33.849Z
46,0eb52e35-74a7-4c42-b530-a9c0d601fa82,"Hawaii,",el,word,1,"Χαβάη,",2026-05-27T13:04:34.944Z
46,0eb52e35-74a7-4c42-b530-a9c0d601fa82,"mechanic,",el,word,2,"μηχανικός,",2026-05-27T13:04:35.486Z
46,0eb52e35-74a7-4c42-b530-a9c0d601fa82,ensuring,el,word,1,εξασφαλίζοντας,2026-05-27T13:04:56.261Z
46,0eb52e35-74a7-4c42-b530-a9c0d601fa82,unwavering,el,word,2,ακλόνητη,2026-05-27T13:05:22.459Z
46,0eb52e35-74a7-4c42-b530-a9c0d601fa82,overwhelming,el,word,1,συντριπτική,2026-05-27T13:04:59.848Z
46,0eb52e35-74a7-4c42-b530-a9c0d601fa82,Front.,el,word,1,Μέτωπο.,2026-05-27T13:05:05.018Z
46,0eb52e35-74a7-4c42-b530-a9c0d601fa82,Contributing,el,word,1,Συνεισφέροντας,2026-05-27T13:05:16.522Z
46,0eb52e35-74a7-4c42-b530-a9c0d601fa82,creating,el,word,1,δημιουργία,2026-05-27T13:05:17.895Z
46,0eb52e35-74a7-4c42-b530-a9c0d601fa82,tactics.,el,word,1,τακτικές.,2026-05-27T13:06:05.386Z
46,0eb52e35-74a7-4c42-b530-a9c0d601fa82,devoted,el,word,1,αφιερωμένοι,2026-05-27T13:06:22.050Z
46,0eb52e35-74a7-4c42-b530-a9c0d601fa82,importance,el,word,4,σημασία,2026-05-27T13:07:05.220Z
46,0eb52e35-74a7-4c42-b530-a9c0d601fa82,deployed,el,word,3,ανέπτυξε,2026-05-27T13:07:04.196Z
46,0eb52e35-74a7-4c42-b530-a9c0d601fa82,troops,el,word,1,στρατεύματα,2026-05-27T13:07:13.160Z
46,0eb52e35-74a7-4c42-b530-a9c0d601fa82,film.,el,word,1,ταινία.,2026-05-27T13:07:20.291Z
46,0eb52e35-74a7-4c42-b530-a9c0d601fa82,produced,el,word,1,παραγωγή,2026-05-27T13:07:21.994Z
46,0eb52e35-74a7-4c42-b530-a9c0d601fa82,embellished,el,word,1,διακόσμησε,2026-05-27T13:07:41.309Z
46,0eb52e35-74a7-4c42-b530-a9c0d601fa82,humorous,el,word,2,χιουμοριστικό,2026-05-27T13:08:03.457Z
46,0eb52e35-74a7-4c42-b530-a9c0d601fa82,insignia,el,word,2,διακριτικά,2026-05-27T13:08:05.911Z
46,0eb52e35-74a7-4c42-b530-a9c0d601fa82,morale,el,word,1,ηθικό,2026-05-27T13:08:14.997Z
46,0eb52e35-74a7-4c42-b530-a9c0d601fa82,esprit-de-corps.,el,word,1,το ομαδικό πνεύμα.,2026-05-27T13:08:16.788Z
46,0eb52e35-74a7-4c42-b530-a9c0d601fa82,"therefore,",el,word,1,"επομένως,",2026-05-27T13:08:38.256Z
46,0eb52e35-74a7-4c42-b530-a9c0d601fa82,emblem,el,word,1,έμβλημα,2026-05-27T13:08:45.904Z
46,0eb52e35-74a7-4c42-b530-a9c0d601fa82,mosquito,el,word,1,κουνούπι,2026-05-27T13:08:53.384Z
46,0eb52e35-74a7-4c42-b530-a9c0d601fa82,China,el,word,1,Κίνα,2026-05-27T13:08:53.418Z
46,0eb52e35-74a7-4c42-b530-a9c0d601fa82,"torpedo,",el,word,1,"τορπίλη,",2026-05-27T13:08:56.176Z
46,0eb52e35-74a7-4c42-b530-a9c0d601fa82,winged,el,word,1,φτερωτή,2026-05-27T13:09:02.660Z
46,0eb52e35-74a7-4c42-b530-a9c0d601fa82,flying,el,word,1,ιπτάμενος,2026-05-27T13:09:18.617Z
46,e3e214da-dcf7-4a2d-9428-a9a9594e729d,prospect,el,word,1,προοπτική,2026-05-27T13:13:19.238Z
46,e3e214da-dcf7-4a2d-9428-a9a9594e729d,silks,el,word,1,μεταξωτά,2026-05-27T13:13:28.069Z
46,e3e214da-dcf7-4a2d-9428-a9a9594e729d,trade,el,word,3,εμπόριο,2026-05-27T13:14:30.089Z
46,e3e214da-dcf7-4a2d-9428-a9a9594e729d,mainland,el,word,1,ηπειρωτική,2026-05-27T13:13:31.399Z
46,e3e214da-dcf7-4a2d-9428-a9a9594e729d,"reckoning,""",el,word,1,"υπολογισμός»,",2026-05-27T13:13:37.924Z
46,e3e214da-dcf7-4a2d-9428-a9a9594e729d,Europe),el,word,1,Ευρώπη),2026-05-27T13:13:40.624Z
46,e3e214da-dcf7-4a2d-9428-a9a9594e729d,positions,el,word,2,θέσεις,2026-05-27T13:13:52.553Z
46,e3e214da-dcf7-4a2d-9428-a9a9594e729d,veer,el,word,1,παραστρατήσουν,2026-05-27T13:13:50.795Z
46,e3e214da-dcf7-4a2d-9428-a9a9594e729d,course;,el,word,1,πορεία·,2026-05-27T13:13:54.516Z
46,e3e214da-dcf7-4a2d-9428-a9a9594e729d,(like,el,word,1,(όπως,2026-05-27T13:13:55.587Z
46,e3e214da-dcf7-4a2d-9428-a9a9594e729d,estimated,el,word,3,εκτιμώμενη,2026-05-27T13:14:02.424Z
46,e3e214da-dcf7-4a2d-9428-a9a9594e729d,inexact,el,word,3,ανακριβής,2026-05-27T13:14:02.731Z
46,e3e214da-dcf7-4a2d-9428-a9a9594e729d,exploration,el,word,1,εξερεύνηση,2026-05-27T13:14:03.365Z
46,e3e214da-dcf7-4a2d-9428-a9a9594e729d,"interests,",el,word,1,"τα συμφέροντα,",2026-05-27T13:14:10.303Z
46,e3e214da-dcf7-4a2d-9428-a9a9594e729d,expand,el,word,1,επεκτείνουν,2026-05-27T13:14:18.713Z
46,e3e214da-dcf7-4a2d-9428-a9a9594e729d,"exploration""",el,word,1,εξερεύνηση»,2026-05-27T13:14:25.013Z
46,e3e214da-dcf7-4a2d-9428-a9a9594e729d,interests,el,word,1,ενδιαφέροντα,2026-05-27T13:14:28.332Z
46,e3e214da-dcf7-4a2d-9428-a9a9594e729d,began,el,word,1,ξεκίνησε,2026-05-27T13:14:30.069Z
46,e3e214da-dcf7-4a2d-9428-a9a9594e729d,"quadrant,",el,word,2,"τεταρτημόριο,",2026-05-27T13:15:44.356Z
46,e3e214da-dcf7-4a2d-9428-a9a9594e729d,determine,el,word,1,να προσδιορίσει,2026-05-27T13:14:45.207Z
46,e3e214da-dcf7-4a2d-9428-a9a9594e729d,important,el,word,1,σημαντικό,2026-05-27T13:14:46.754Z
46,e3e214da-dcf7-4a2d-9428-a9a9594e729d,Time-keeping,el,word,1,Χρονομέτρηση,2026-05-27T13:14:54.889Z
46,e3e214da-dcf7-4a2d-9428-a9a9594e729d,helpedexplorers,el,word,1,βοηθούσε τους εξερευνητές,2026-05-27T13:15:34.839Z
46,e3e214da-dcf7-4a2d-9428-a9a9594e729d,latitudinal,el,word,1,γεωγραφικό πλάτος,2026-05-27T13:15:39.311Z
46,e3e214da-dcf7-4a2d-9428-a9a9594e729d,farthest,el,word,1,πιο μακρινό,2026-05-27T13:16:13.314Z
46,e3e214da-dcf7-4a2d-9428-a9a9594e729d,hindered,el,word,1,εμπόδισε,2026-05-27T13:16:30.652Z
46,e3e214da-dcf7-4a2d-9428-a9a9594e729d,difficult,el,word,1,δύσκολο,2026-05-27T13:16:38.244Z
46,e3e214da-dcf7-4a2d-9428-a9a9594e729d,irretrievably,el,word,1,ανεπανόρθωτα,2026-05-27T13:16:46.625Z
46,e3e214da-dcf7-4a2d-9428-a9a9594e729d,governments,el,word,1,κυβερνήσεις,2026-05-27T13:16:48.235Z
46,e3e214da-dcf7-4a2d-9428-a9a9594e729d,joined,el,word,2,εντάχθηκε,2026-05-27T13:17:04.057Z
46,e3e214da-dcf7-4a2d-9428-a9a9594e729d,sextant,el,word,1,εξάντα,2026-05-27T13:16:59.811Z
46,e3e214da-dcf7-4a2d-9428-a9a9594e729d,"chronometer,",el,word,1,"χρονόμετρο,",2026-05-27T13:17:03.134Z
46,e3e214da-dcf7-4a2d-9428-a9a9594e729d,imagine,el,word,2,φανταστείτε,2026-05-27T13:17:29.511Z
46,e3e214da-dcf7-4a2d-9428-a9a9594e729d,believed,el,word,2,πίστευε,2026-05-27T13:17:29.708Z
21,aae41e3e-82c8-4907-8047-78a468f654a2,insignia,el,word,1,διακριτικά,2026-05-27T13:35:44.625Z
21,972bffa5-2794-4313-8e69-511ce6f22768,species-other,el,word,1,είδη - άλλα,2026-05-27T13:40:36.038Z
