username,docName,matchType,inferredConditionReason,level,score,maxScore,scorePercent,pdfNormalizedZ,quizTimestamp,sessionID,startedAt,endedAt,endReason,durationMinutes,translationOutputMode,firstTranslationOutputMode,dominantTranslationOutputMode,finalTranslationOutputMode,translationOutputModeCounts,translationOutputModeSwitches,modeSelectionNote,trackerConnected,showGazeCursor,baseGazeSamples,dwellSeconds,translations,uniqueSourceWords,translationsPerMinute,maxTranslationGapSeconds,quizDelayAfterSessionMinutes,candidateSessionsForUserDoc,duplicateQuizResponsesForUserDoc
1059657,b2_electromagnetic_radiation_2.pdf,db_session,,b2,4.0,5.0,80.0,0.5186,2026-06-02 15:48:07,b0d9b8e5-8413-48ef-8a4e-2093a66cdab2,2026-06-02T15:40:32,2026-06-02T15:46:36,manual_disconnect,6.07,off,off,off,off,off:66,0,single_mode,True,True,350.0,1.17,66,37,10.87,37.13,1.52,1,1
1059657,b2_sticky_fingers_4.pdf,db_session,,b2,5.0,5.0,100.0,0.8429,2026-06-02 15:56:26,c3e09488-5f66-458e-a1fa-68fd92b5e6d0,2026-06-02T15:49:06,2026-06-02T15:54:18,manual_disconnect,5.2,on,on,on,on,on:58,0,single_mode,True,True,350.0,1.17,58,43,11.15,34.38,2.13,2,1
1059657,c1_age_of_exploration_1.pdf,db_session,,c1,3.0,5.0,60.0,-1.5055,2026-06-04 14:44:55,1080b854-bf7f-49ee-a88c-3771a3672999,2026-06-04T14:37:16,2026-06-04T14:43:29,manual_disconnect,6.22,on,on,on,on,on:96,0,single_mode,True,True,350.0,1.17,96,65,15.43,42.86,1.43,1,1
1059657,c1_bee_reading_2.pdf,db_session,,c1,5.0,5.0,100.0,0.6646,2026-06-04 14:36:43,b0da02c7-a23c-4ef3-89c1-f4d05b21d176,2026-06-04T14:29:28,2026-06-04T14:34:22,manual_disconnect,4.9,off,off,off,off,off:43,0,single_mode,True,True,350.0,1.17,43,35,8.78,23.75,2.35,1,1
1059657,c1_native_american_conflicts_3.pdf,db_session,,c1,5.0,5.0,100.0,0.8062,2026-05-29 17:24:55,f501107a-41eb-466c-97f3-1d5d3663a36c,2026-05-29T17:18:03,2026-05-29T17:22:15,manual_disconnect,4.2,off,off,off,off,off:44,0,single_mode,True,True,350.0,1.17,44,26,10.48,37.25,2.67,1,1
1059657,c1_walt_disney_4.pdf,db_session,,c1,5.0,5.0,100.0,1.1459,2026-05-29 17:17:29,a1bf81fd-7662-450d-b5a1-f19f865f3f08,2026-05-29T17:09:19,2026-05-29T17:14:24,manual_disconnect,5.08,on,on,on,on,on:36,0,single_mode,True,True,350.0,1.17,36,28,7.09,49.09,3.08,1,1
1059657,c2_noisy_humans_1.pdf,db_session,,c2,5.0,5.0,100.0,1.0113,2026-06-03 11:52:53,a17583fa-2966-42bf-94e5-4eebf94d4048,2026-06-03T11:44:35,2026-06-03T11:50:46,manual_disconnect,6.18,on,on,on,on,on:82,0,single_mode,True,True,350.0,1.17,82,66,13.27,37.06,2.12,1,1
1059657,c2_rosa_parks_2.pdf,db_session,,c2,4.0,5.0,80.0,0.9775,2026-06-03 11:43:28,3f25370d-e8ce-4cf6-a172-c48bc59a86b8,2026-06-03T11:38:59,2026-06-03T11:41:51,manual_disconnect,2.87,off,off,off,off,off:26,0,single_mode,True,True,350.0,1.17,26,24,9.06,19.29,1.62,1,1
1065023,b2_animals_of_rainforests_1.pdf,db_session,,b2,6.0,6.0,100.0,0.9024,2026-05-21 18:15:20,bd8f2d4f-a4c7-47e6-bf5e-34b8cdbb3698,2026-05-21T18:08:40,2026-05-21T18:15:35,manual_disconnect,6.92,off,off,off,off,off:20,0,single_mode,True,False,300.0,1.0,20,18,2.89,46.73,-0.25,1,1
1065023,b2_electromagnetic_radiation_2.pdf,db_session,,b2,4.0,5.0,80.0,0.5186,2026-05-19 18:06:16,4d4c37eb-07b0-4011-9c23-6211ed43d82a,2026-05-19T18:00:25.369,2026-05-19T18:04:44.381,manual_disconnect,4.32,off,off,off,off,off:36,0,single_mode,True,True,300.0,1.0,36,32,8.33,39.82,1.53,2,1
1065023,b2_first_american_3.pdf,db_session,,b2,4.0,5.0,80.0,-0.5864,2026-05-19 18:12:01,935b4c8a-72a4-409c-8871-8b1182e1c688,2026-05-19T18:06:44,2026-05-19T18:09:55,manual_disconnect,3.18,on,on,on,on,on:58,0,single_mode,True,False,300.0,1.0,58,49,18.24,19.47,2.1,1,1
1065023,b2_sticky_fingers_4.pdf,db_session,,b2,4.0,5.0,80.0,-0.5497,2026-05-21 18:07:59,7382cc52-f270-47a9-8683-bfd9a0428240,2026-05-21T18:02:10,2026-05-21T18:06:22,manual_disconnect,4.2,on,on,on,on,on:27,0,single_mode,True,True,300.0,1.0,27,24,6.43,25.5,1.62,1,1
1065023,c1_bee_reading_2.pdf,db_session,,c1,4.0,5.0,80.0,-0.5596,2026-05-20 17:50:41,27d90b52-af7b-44d8-9f34-abaae29f3f1e,2026-05-20T17:42:36,2026-05-20T17:48:20,manual_disconnect,5.73,off,off,off,off,off:52,0,single_mode,True,False,300.0,1.0,52,39,9.08,75.56,2.35,1,1
1065023,c1_walt_disney_4.pdf,db_session,,c1,4.0,5.0,80.0,0.1599,2026-05-20 17:58:10,e02ead73-7b83-4931-863c-5153f1f7c8e7,2026-05-20T17:51:36,2026-05-20T17:55:40,manual_disconnect,4.07,on,on,on,on,on:50,0,single_mode,True,False,300.0,1.0,50,34,12.29,32.66,2.5,1,1
1065023,c2_noisy_humans_1.pdf,db_session,,c2,4.0,5.0,80.0,0.0,2026-05-18 20:21:46,2a604556-49ca-4707-b6f6-2d6138e16d7c,2026-05-18T20:13:44,2026-05-18T20:19:14,logout,5.5,off,off,off,off,off:70,0,single_mode,True,False,300.0,1.0,70,47,12.73,49.97,2.53,1,1
1065023,c2_rosa_parks_2.pdf,db_session,,c2,0.0,5.0,0.0,-2.1236,2026-05-18 20:13:11,767e4a74-f4ea-4ac5-a52c-a427f6f1a6d8,2026-05-18T20:05:27,2026-05-18T20:10:12,document_changed,4.75,on,on,on,on,on:66,0,single_mode,True,True,300.0,1.0,66,43,13.89,188.55,2.98,1,1
1070729,b2_animals_of_rainforests_1.pdf,db_session,,b2,6.0,6.0,100.0,0.9024,2026-05-25 18:00:16,5b88f98b-0cc6-46f9-ac3a-d036afc8483c,2026-05-25T17:53:16,2026-05-25T17:57:39,manual_disconnect,4.38,on,on,on,on,on:27,0,single_mode,True,False,400.0,1.33,27,22,6.16,36.83,2.62,1,1
1070729,b2_first_american_3.pdf,db_session,,b2,5.0,5.0,100.0,0.9473,2026-05-25 17:52:46,2a4046e7-f8fc-4142-9d1d-d44a82b5db9d,2026-05-25T17:46:47,2026-05-25T17:50:27,manual_disconnect,3.67,off,off,off,off,off:30,0,single_mode,True,True,400.0,1.33,30,24,8.17,47.41,2.32,1,1
1070729,c1_age_of_exploration_1.pdf,db_session,,c1,3.0,5.0,60.0,-1.5055,2026-05-28 16:37:28,98507992-4abb-4664-84e9-511f6e8c8a25,2026-05-28T16:31:11,2026-05-28T16:35:42,manual_disconnect,4.52,on,on,on,on,on:20,0,single_mode,True,True,500.0,1.67,20,15,4.42,57.0,1.77,1,1
1070729,c1_bee_reading_2.pdf,db_session,,c1,5.0,5.0,100.0,0.6646,2026-05-27 17:18:21,b488baab-c064-4e6a-b38c-edd7e11cafd5,2026-05-27T17:10:15,2026-05-27T17:15:50,manual_disconnect,5.58,on,on,on,on,on:30,0,single_mode,True,True,450.0,1.5,30,23,5.38,57.42,2.52,1,1
1070729,c1_native_american_conflicts_3.pdf,db_session,,c1,4.0,5.0,80.0,-0.1075,2026-05-27 17:27:19,964bdc72-ccf6-4cb1-891b-f0d6f2cb373a,2026-05-27T17:18:42,2026-05-27T17:23:22,manual_disconnect,4.67,off,off,off,off,off:26,0,single_mode,True,True,500.0,1.67,26,20,5.57,34.16,3.95,1,1
1070729,c1_walt_disney_4.pdf,db_session,,c1,5.0,5.0,100.0,1.1459,2026-05-28 16:44:04,dfc26da8-5985-4ccb-b252-5992f8c276ad,2026-05-28T16:38:04,2026-05-28T16:41:38,manual_disconnect,3.57,off,off,off,off,off:12,0,single_mode,True,True,500.0,1.67,12,12,3.36,38.05,2.43,1,1
1070729,c2_noisy_humans_1.pdf,db_session,,c2,5.0,5.0,100.0,1.0113,2026-05-26 14:20:21,29a93c73-5982-4d42-9e63-65b4a71c16cf,2026-05-26T14:10:57,2026-05-26T14:16:48,manual_disconnect,5.85,off,off,off,off,off:65,0,single_mode,True,True,400.0,1.33,65,48,11.11,27.44,3.55,1,1
1070729,c2_rosa_parks_2.pdf,db_session,,c2,1.0,5.0,20.0,-1.3483,2026-05-26 14:27:27,2740adb4-725a-4e14-88a5-60288f686f22,2026-05-26T14:20:45,2026-05-26T14:24:43,manual_disconnect,3.97,on,on,on,on,on:33,0,single_mode,True,True,400.0,1.33,33,24,8.31,27.12,2.73,1,1
1080401,b2_electromagnetic_radiation_2.pdf,db_session,,b2,4.0,5.0,80.0,0.5186,2026-05-25 09:31:43,604a8afe-cbad-461c-b0db-78a2c9ed750a,2026-05-25T09:20:03,2026-05-25T09:28:43,logout,8.67,off,off,off,off,off:117,0,single_mode,True,True,300.0,1.0,117,75,13.49,354.22,3.0,1,1
1080401,b2_first_american_3.pdf,db_session,,b2,4.0,5.0,80.0,-0.5864,2026-05-25 09:19:12,d19f64cd-bb4d-4bdd-a59b-31cfc906e642,2026-05-25T09:12:00,2026-05-25T09:16:51,document_changed,4.85,on,on,on,on,on:70,0,single_mode,True,True,60.0,0.2,70,50,14.43,14.82,2.35,1,1
1080401,c1_age_of_exploration_1.pdf,db_session,,c1,4.0,5.0,80.0,-0.2509,2026-05-30 13:06:16,b3099ed7-3994-418f-8476-b491182f79b5,2026-05-30T12:49:49,2026-05-30T13:03:00,manual_disconnect,13.18,off,off,off,off,off:281,0,single_mode,True,False,300.0,1.0,281,131,21.32,17.34,3.27,1,1
1080401,c1_bee_reading_2.pdf,db_session,,c1,5.0,5.0,100.0,0.6646,2026-05-30 13:21:01,cc47959e-863c-4698-adde-8b842bb345a0,2026-05-30T13:07:03,2026-05-30T13:16:22,manual_disconnect,9.32,on,on,on,on,on:214,0,single_mode,True,True,300.0,1.0,214,146,22.96,10.63,4.65,1,1
1080401,c1_native_american_conflicts_3.pdf,db_session,,c1,3.0,5.0,60.0,-1.0212,2026-05-28 10:14:48,07998834-fb83-475c-a5e4-c2981c6371d6,2026-05-28T09:52:25,2026-05-28T10:07:57,logout,15.53,off,off,off,off,off:270,0,single_mode,True,True,300.0,1.0,270,124,17.39,20.42,6.85,1,1
1080401,c1_walt_disney_4.pdf,db_session,,c1,1.0,5.0,20.0,-2.7982,2026-05-28 09:51:56,34fe3f89-ece3-4059-9662-1dad391b3ba1,2026-05-28T09:38:07,2026-05-28T09:45:59,manual_disconnect,7.87,on,on,on,on,on:150,0,single_mode,True,True,300.0,1.0,150,110,19.06,18.33,5.95,1,1
1080401,c2_noisy_humans_1.pdf,db_session,,c2,3.0,5.0,60.0,-1.0113,2026-05-29 17:58:07,84e8c4d2-d3fa-4e11-9698-adcd196924eb,2026-05-29T17:46:09,2026-05-29T17:54:12,manual_disconnect,8.05,on,on,on,on,on:202,0,single_mode,True,True,300.0,1.0,202,146,25.09,15.76,3.92,1,1
1080401,c2_rosa_parks_2.pdf,db_session,,c2,3.0,5.0,60.0,0.2022,2026-05-29 17:44:52,a7bec24a-22e8-4476-af16-469f3c6e95e7,2026-05-29T17:31:33,2026-05-29T17:40:55,manual_disconnect,9.37,off,off,off,off,off:167,0,single_mode,True,True,300.0,1.0,167,84,17.82,36.19,3.95,1,1
1084609,b2_animals_of_rainforests_1.pdf,db_session,,b2,4.0,6.0,66.67,-0.8072,2026-05-28 16:16:40,97fa12e8-f8aa-4b4b-bb90-18153ad21aec,2026-05-28T16:10:24,2026-05-28T16:14:18,manual_disconnect,3.9,off,off,off,off,off:24,0,single_mode,True,True,300.0,1.0,24,20,6.15,46.81,2.37,1,1
1084609,b2_electromagnetic_radiation_2.pdf,db_session,,b2,4.0,5.0,80.0,0.5186,2026-05-27 17:41:58,94a951a4-050c-4c5f-8dae-44dba7141f3a,2026-05-27T17:36:12,2026-05-27T17:40:39,manual_disconnect,4.45,off,off,off,off,off:29,0,single_mode,True,True,300.0,1.0,29,20,6.52,38.78,1.32,1,1
1084609,b2_first_american_3.pdf,db_session,,b2,5.0,5.0,100.0,0.9473,2026-05-27 17:35:35,aa60f68f-c832-471b-a09e-c5cddbeca28b,2026-05-27T17:29:49,2026-05-27T17:33:39,manual_disconnect,3.83,on,on,on,on,on:18,0,single_mode,True,True,300.0,1.0,18,17,4.7,58.33,1.93,1,1
1084609,b2_sticky_fingers_4.pdf,db_session,,b2,5.0,5.0,100.0,0.8429,2026-05-28 16:22:45,968ae784-c0f0-4229-8227-9c25d96cc307,2026-05-28T16:17:01,2026-05-28T16:20:51,manual_disconnect,3.83,on,on,on,on,on:17,0,single_mode,True,True,300.0,1.0,17,16,4.44,27.56,1.9,1,1
1084609,c1_age_of_exploration_1.pdf,db_session,,c1,5.0,5.0,100.0,1.0037,2026-05-25 18:42:06,a329b9b7-7b2a-4d9e-8eb2-8cc9badb749e,2026-05-25T18:34:14,2026-05-25T18:40:23,logout,6.15,on,on,on,on,on:45,0,single_mode,True,True,300.0,1.0,45,41,7.32,53.19,1.72,1,1
1084609,c1_bee_reading_2.pdf,db_session,,c1,4.0,5.0,80.0,-0.5596,2026-05-25 18:33:25,1d634156-b062-4155-b2fd-30771a282724,2026-05-25T18:20:13,2026-05-25T18:30:36,document_changed,10.38,off,off,off,off,off:121,0,single_mode,True,True,300.0,1.0,121,75,11.66,137.3,2.82,1,1
1084609,c2_noisy_humans_1.pdf,db_session,,c2,3.0,5.0,60.0,-1.0113,2026-05-26 13:45:09,444fb265-0faa-4fcc-85f0-35322a297345,2026-05-26T13:36:03,2026-05-26T13:43:03,manual_disconnect,7.0,off,off,off,off,off:65,0,single_mode,True,True,300.0,1.0,65,46,9.29,40.02,2.1,1,1
1084609,c2_rosa_parks_2.pdf,db_session,,c2,4.0,5.0,80.0,0.9775,2026-05-26 13:49:56,51f176a5-3972-4dfe-9dca-957330230fa7,2026-05-26T13:45:34,2026-05-26T13:48:02,manual_disconnect,2.47,on,on,on,on,on:29,0,single_mode,True,True,300.0,1.0,29,18,11.74,19.33,1.9,1,1
1090053,b2_first_american_3.pdf,db_session,,b2,4.0,5.0,80.0,-0.5864,2026-05-27 09:57:59,1829f1bb-2663-4782-860b-a302eb1b34e1,2026-05-27T09:50:40,2026-05-27T09:54:40,manual_disconnect,4.0,on,on,on,on,on:65,0,single_mode,True,True,300.0,1.0,65,43,16.25,22.93,3.32,1,1
1090053,b2_sticky_fingers_4.pdf,db_session,,b2,4.0,5.0,80.0,-0.5497,2026-05-27 09:50:08,a9a064df-6214-41f7-836f-927f9748e2f7,2026-05-27T09:43:05,2026-05-27T09:47:22,manual_disconnect,4.28,off,off,off,off,off:35,0,single_mode,True,True,300.0,1.0,35,27,8.18,29.14,2.77,1,1
1090053,c1_age_of_exploration_1.pdf,db_session,,c1,4.0,5.0,80.0,-0.2509,2026-05-28 12:10:21,4b9e95d9-510c-4928-a17c-a7127d52ee24,2026-05-28T12:04:26,2026-05-28T12:08:20,manual_disconnect,3.9,off,off,off,off,off:41,0,single_mode,True,True,300.0,1.0,41,29,10.51,36.21,2.02,1,1
1090053,c1_bee_reading_2.pdf,db_session,,c1,5.0,5.0,100.0,0.6646,2026-05-30 11:58:55,d932d6ed-7fa4-4839-bf6f-c37c4a170c70,2026-05-30T11:51:21,2026-05-30T11:55:52,manual_disconnect,4.52,on,on,on,on,on:49,0,single_mode,True,True,300.0,1.0,49,37,10.84,26.24,3.05,1,1
1090053,c1_native_american_conflicts_3.pdf,db_session,,c1,5.0,5.0,100.0,0.8062,2026-05-28 12:03:49,4ba3311d-3009-4dff-b3cf-b469f674e64e,2026-05-28T11:54:38,2026-05-28T11:59:43,manual_disconnect,5.08,on,on,on,on,on:46,0,single_mode,True,True,300.0,1.0,46,33,9.06,42.0,4.1,1,1
1090053,c1_walt_disney_4.pdf,db_session,,c1,5.0,5.0,100.0,1.1459,2026-05-30 11:50:45,f024228a-381c-446b-a450-9696c7f69024,2026-05-30T11:43:07,2026-05-30T11:47:31,manual_disconnect,4.4,off,off,off,off,off:20,0,single_mode,True,True,300.0,1.0,20,17,4.55,26.65,3.23,1,1
1090053,c2_noisy_humans_1.pdf,db_session,,c2,4.0,5.0,80.0,0.0,2026-05-29 11:45:13,df38eb56-dfa8-4040-b73f-db6fb29d1f5c,2026-05-29T11:36:24,2026-05-29T11:42:30,manual_disconnect,6.1,off,off,off,off,off:64,0,single_mode,True,True,300.0,1.0,64,52,10.49,27.88,2.72,1,1
1090053,c2_rosa_parks_2.pdf,db_session,,c2,4.0,5.0,80.0,0.9775,2026-05-29 11:35:53,2da7f58f-2f07-43e6-88ac-8b24dd2aec6e,2026-05-29T11:29:41,2026-05-29T11:32:47,manual_disconnect,3.1,on,on,on,on,on:36,0,single_mode,True,False,300.0,1.0,36,33,11.61,19.3,3.1,1,1
1093313,b2_animals_of_rainforests_1.pdf,db_session,,b2,6.0,6.0,100.0,0.9024,2026-06-04 10:33:55,01c0373a-15b4-4175-bc20-bbe849f64296,2026-06-04T10:28:04,2026-06-04T10:31:57,manual_disconnect,3.88,off,off,off,off,off:204,0,single_mode,True,False,40.0,0.13,204,129,52.58,16.03,1.97,1,1
1093313,b2_electromagnetic_radiation_2.pdf,db_session,,b2,4.0,5.0,80.0,0.5186,2026-06-03 10:37:53,1350175b-9ae5-47ff-aebc-f5fdf4fd86dc,2026-06-03T10:33:16,2026-06-03T10:36:13,manual_disconnect,2.95,off,off,off,off,off:187,0,single_mode,True,True,40.0,0.13,187,102,63.39,5.95,1.67,1,1
1093313,b2_first_american_3.pdf,db_session,,b2,4.0,5.0,80.0,-0.5864,2026-06-03 10:32:35,b3b23a74-48ba-4914-8a60-fd9f40331ec9,2026-06-03T10:28:40,2026-06-03T10:31:32,manual_disconnect,2.87,on,on,on,on,on:182,0,single_mode,True,True,40.0,0.13,182,123,63.41,4.9,1.05,2,1
1093313,b2_sticky_fingers_4.pdf,db_session,,b2,4.0,5.0,80.0,-0.5497,2026-06-04 10:27:39,e69041c2-44d3-42e0-9987-f23d126eeb68,2026-06-04T10:18:05,2026-06-04T10:25:35,manual_disconnect,7.5,on,on,on,on,on:239,0,single_mode,True,True,40.0,0.13,239,138,31.87,51.55,2.07,2,1
1093313,c2_noisy_humans_1.pdf,db_session,,c2,4.0,5.0,80.0,0.0,2026-05-29 16:50:09,9a197f94-dbd5-4712-955f-a676d9458070,2026-05-29T16:45:01,2026-05-29T16:48:31,manual_disconnect,3.5,off,off,off,off,off:234,0,single_mode,True,False,40.0,0.13,234,137,66.86,11.52,1.63,1,1
1093313,c2_rosa_parks_2.pdf,db_session,,c2,3.0,5.0,60.0,0.2022,2026-05-29 16:44:28,2b9fb871-1cc9-4176-8ee5-44ea771ed554,2026-05-29T16:37:02,2026-05-29T16:42:56,manual_disconnect,5.9,on,on,on,on,on:173,0,single_mode,True,False,300.0,1.0,173,100,29.32,47.24,1.53,1,1
1093322,b2_animals_of_rainforests_1.pdf,db_session,,b2,4.0,6.0,66.67,-0.8072,2026-05-18 16:03:02,c453644c-7b9c-4d36-93ef-a8da76f00adc,2026-05-18T15:54:23,2026-05-18T16:00:11,logout,5.8,off,off,off,off,off:44,0,single_mode,True,False,300.0,1.0,44,36,7.59,28.73,2.85,1,1
1093322,b2_electromagnetic_radiation_2.pdf,db_session,,b2,3.0,5.0,60.0,-0.4692,2026-05-18 15:53:25,db27365f-b25d-4bec-9931-e7463ac1291c,2026-05-18T15:46:51.470,2026-05-18T15:53:38.526,translation_output_mode_changed,6.78,on,on,on,on,on:57,0,single_mode,True,False,60.0,0.2,57,37,8.41,118.96,-0.23,3,2
1093322,b2_sticky_fingers_4.pdf,db_session,,b2,5.0,5.0,100.0,0.8429,2026-05-27 09:20:31,d0709e17-8b04-4ad0-9887-61cdba5497ee,2026-05-27T09:13:27,2026-05-27T09:20:46,document_changed,7.32,off,off,off,off,off:43,0,single_mode,True,True,300.0,1.0,43,38,5.87,108.07,-0.25,1,1
1093322,c1_bee_reading_2.pdf,db_session,,c1,5.0,5.0,100.0,0.6646,2026-05-20 10:00:13,ea531f61-51d7-414e-9adf-8839f7dd0c26,2026-05-20T09:52:59,2026-05-20T10:58:22,logout,65.38,off,off,off,off,off:54,0,single_mode,True,True,300.0,1.0,54,46,0.83,160.52,-58.15,1,1
1093322,c1_walt_disney_4.pdf,db_session,,c1,4.0,5.0,80.0,0.1599,2026-05-20 09:51:19,8ddb2ff7-ca06-497c-82d2-e4974f51de40,2026-05-20T09:43:44,2026-05-20T09:48:58,translation_output_mode_changed,5.23,on,on,on,on,on:54,0,single_mode,True,True,300.0,1.0,54,43,10.33,112.68,2.35,1,1
1093332,b2_animals_of_rainforests_1.pdf,db_session,,b2,5.0,6.0,83.33,0.0474,2026-06-05 10:12:50,0e2444ed-69a5-48e1-845f-1e3d48307530,2026-06-05T10:05:02,2026-06-05T10:10:32,manual_disconnect,5.5,on,on,on,on,on:59,0,single_mode,True,False,300.0,1.0,59,38,10.73,46.66,2.3,1,1
1093332,b2_electromagnetic_radiation_2.pdf,db_session,,b2,4.0,5.0,80.0,0.5186,2026-06-05 10:19:36,ae8bdaad-6189-4740-a4fb-bbd094375172,2026-06-05T10:13:25,2026-06-05T10:17:44,manual_disconnect,4.32,off,off,off,off,off:38,0,single_mode,True,False,300.0,1.0,38,30,8.8,40.78,1.87,1,1
1093332,b2_first_american_3.pdf,db_session,,b2,5.0,5.0,100.0,0.9473,2026-06-04 10:03:38,4f00c836-9b82-4cba-88fd-c78ce54c579d,2026-06-04T09:57:45,2026-06-04T10:01:39,manual_disconnect,3.9,off,off,off,off,off:50,0,single_mode,True,False,300.0,1.0,50,40,12.82,19.88,1.98,1,1
1093332,b2_sticky_fingers_4.pdf,db_session,,b2,5.0,5.0,100.0,0.8429,2026-06-04 10:12:35,a4e11ac2-e4b3-4956-b5a6-95e883e1ca8d,2026-06-04T10:04:14,2026-06-04T10:09:52,manual_disconnect,5.63,on,on,on,on,on:47,0,single_mode,True,True,300.0,1.0,47,41,8.35,29.07,2.72,2,1
1093332,c1_native_american_conflicts_3.pdf,db_session,,c1,4.0,5.0,80.0,-0.1075,2026-05-30 17:42:39,0e650caf-5439-4e9f-83ba-498018657b7d,2026-05-30T17:35:52,2026-05-30T17:40:27,manual_disconnect,4.58,off,off,off,off,off:26,0,single_mode,True,False,300.0,1.0,26,25,5.68,58.36,2.2,1,1
1093332,c1_walt_disney_4.pdf,db_session,,c1,2.0,5.0,40.0,-1.8122,2026-05-30 17:35:11,07ac5aba-7fc6-4d0b-93f0-f3638b276ab5,2026-05-30T17:22:21,2026-05-30T17:30:28,manual_disconnect,8.12,on,on,on,on,on:82,0,single_mode,True,False,300.0,1.0,82,46,10.1,35.39,4.72,1,1
1093332,c2_noisy_humans_1.pdf,db_session,,c2,4.0,5.0,80.0,0.0,2026-06-03 11:20:11,00809a95-652b-4422-bdc7-09554f275d17,2026-06-03T11:08:42,2026-06-03T11:16:28,manual_disconnect,7.77,on,on,on,on,on:152,0,single_mode,True,True,300.0,1.0,152,94,19.56,15.21,3.72,1,1
1093332,c2_rosa_parks_2.pdf,db_session,,c2,1.0,5.0,20.0,-1.3483,2026-06-03 11:08:07,44940a1f-4c02-458f-bdcc-31d8d7ea224d,2026-06-03T11:01:09,2026-06-03T11:05:46,manual_disconnect,4.62,off,off,off,off,off:34,0,single_mode,True,True,300.0,1.0,34,29,7.36,84.67,2.35,1,1
1093348,b2_electromagnetic_radiation_2.pdf,db_session,,b2,5.0,5.0,100.0,1.5063,2026-05-27 15:19:04,1a08cea7-a2da-4d37-a60b-58d89355ddf3,2026-05-27T15:13:27,2026-05-27T15:17:44,manual_disconnect,4.28,on,on,on,on,on:15,0,single_mode,True,False,450.0,1.5,15,14,3.5,49.02,1.33,1,1
1093348,b2_first_american_3.pdf,db_session,,b2,4.0,5.0,80.0,-0.5864,2026-05-27 15:25:08,804461da-933e-4d9d-a7d3-28c06817deca,2026-05-27T15:19:25,2026-05-27T15:23:19,manual_disconnect,3.9,off,off,off,off,off:13,0,single_mode,True,False,450.0,1.5,13,13,3.33,42.48,1.82,1,1
1093348,c1_age_of_exploration_1.pdf,db_session,,c1,5.0,5.0,100.0,1.0037,2026-05-26 15:17:55,f6f0a7e1-3d66-4f51-a357-2553e9cfb5bc,2026-05-26T15:11:05,2026-05-26T15:16:32,manual_disconnect,5.45,on,on,on,on,on:84,0,single_mode,True,True,450.0,1.5,84,52,15.41,20.33,1.38,1,1
1093348,c1_bee_reading_2.pdf,db_session,,c1,5.0,5.0,100.0,0.6646,2026-05-26 15:10:35,7dc7ad85-3c80-49a8-87ee-80b727e42556,2026-05-26T15:02:28,2026-05-26T15:08:49,translation_output_mode_changed,6.35,off,off,off,off,off:39,0,single_mode,True,True,450.0,1.5,39,30,6.14,112.08,1.77,1,1
1093348,c1_native_american_conflicts_3.pdf,db_session,,c1,4.0,5.0,80.0,-0.1075,2026-06-04 15:10:06,0399a479-315e-42b8-84e3-e5524a976365,2026-06-04T15:02:28,2026-06-04T15:07:35,manual_disconnect,5.12,off,off,off,off,off:15,0,single_mode,True,True,450.0,1.5,15,13,2.93,101.81,2.52,1,1
1093348,c1_walt_disney_4.pdf,db_session,,c1,5.0,5.0,100.0,1.1459,2026-06-04 15:24:24,ed4be697-e0ed-47aa-beda-f28aa983c3b9,2026-06-04T15:15:46,2026-06-04T15:21:40,manual_disconnect,5.9,on,on,on,on,on:79,0,single_mode,True,True,450.0,1.5,79,46,13.39,84.46,2.73,1,1
1093348,c2_noisy_humans_1.pdf,db_session,,c2,5.0,5.0,100.0,1.0113,2026-05-25 15:54:19,7f84e707-ff3d-4c85-890b-82f784a0f030,2026-05-25T15:46:21.220,2026-05-25T15:52:09,logout,5.8,off,off,off,off,off:431,0,single_mode,True,True,60.0,0.2,431,214,74.31,110.29,2.17,1,1
1093348,c2_rosa_parks_2.pdf,db_session,,c2,3.0,5.0,60.0,0.2022,2026-05-25 15:45:41,6c5c45fb-5383-4047-aa17-ad1a68387a72,2026-05-25T15:38:58.256,2026-05-25T15:43:52,split_document_changed,4.9,on,on,on,on,on:214,0,single_mode,True,True,60.0,0.2,214,113,43.67,107.14,1.82,1,1
1093379,b2_first_american_3.pdf,db_session,,b2,4.0,5.0,80.0,-0.5864,2026-05-29 09:32:13,0e7ab84c-cdc0-4bb0-8b97-65adc95bda7c,2026-05-29T09:24:16,2026-05-29T09:29:09,manual_disconnect,4.88,on,on,on,on,on:106,0,single_mode,True,True,300.0,1.0,106,79,21.72,16.88,3.07,2,1
1093379,b2_sticky_fingers_4.pdf,db_session,,b2,4.0,5.0,80.0,-0.5497,2026-05-29 09:40:08,ababc51c-f6c3-4b3b-b520-7baae3302863,2026-05-29T09:32:49,2026-05-29T09:38:24,manual_disconnect,5.58,off,off,off,off,off:75,0,single_mode,True,True,300.0,1.0,75,60,13.44,30.17,1.73,1,1
1093379,c1_age_of_exploration_1.pdf,db_session,,c1,3.0,5.0,60.0,-1.5055,2026-06-04 16:15:05,222c705e-f16d-44ec-90d8-0b9d177ee077,2026-06-04T16:06:10,2026-06-04T16:13:26,manual_disconnect,7.27,on,on,on,on,on:154,0,single_mode,True,True,300.0,1.0,154,101,21.18,20.52,1.65,1,1
1093379,c1_bee_reading_2.pdf,db_session,,c1,5.0,5.0,100.0,0.6646,2026-05-26 11:08:17,011fb9da-eb69-428b-8216-bf3e124857c6,2026-05-26T11:00:20,2026-05-26T11:06:28,manual_disconnect,6.13,off,off,off,off,off:98,0,single_mode,True,True,300.0,1.0,98,65,15.99,93.5,1.82,1,1
1093379,c1_native_american_conflicts_3.pdf,db_session,,c1,5.0,5.0,100.0,0.8062,2026-06-04 16:05:31,8a5c97b1-1e17-4eda-a818-e7c3b5588d06,2026-06-04T15:58:21,2026-06-04T16:03:22,manual_disconnect,5.02,off,off,off,off,off:99,0,single_mode,True,True,300.0,1.0,99,72,19.72,10.71,2.15,1,1
1093379,c1_walt_disney_4.pdf,db_session,,c1,4.0,5.0,80.0,0.1599,2026-05-26 10:59:54,0d609472-7b65-482a-bc20-5e0edffb777a,2026-05-26T10:47:49,2026-05-26T10:56:12,document_changed,8.38,on,on,on,on,on:184,0,single_mode,True,True,300.0,1.0,184,107,21.96,59.48,3.7,1,1
1093379,c2_noisy_humans_1.pdf,db_session,,c2,5.0,5.0,100.0,1.0113,2026-05-27 12:57:55,21ac03fb-e7ea-4f6f-982d-e3b4992ca4c0,2026-05-27T12:46:19,2026-05-27T12:54:47,manual_disconnect,8.47,on,on,on,on,on:227,0,single_mode,True,True,300.0,1.0,227,130,26.8,34.4,3.13,1,1
1093379,c2_rosa_parks_2.pdf,db_session,,c2,4.0,5.0,80.0,0.9775,2026-05-27 13:12:53,106b40e8-9c15-402a-a72d-9540a694a311,2026-05-27T13:02:59,2026-05-27T13:07:48,manual_disconnect,4.82,off,off,off,off,off:68,0,single_mode,True,True,300.0,1.0,68,50,14.11,57.03,5.08,2,1
1093390,b2_animals_of_rainforests_1.pdf,db_session,,b2,6.0,6.0,100.0,0.9024,2026-06-02 11:32:21,ae469d9b-d4d7-4bdf-a51c-d5225c5a2c26,2026-06-02T11:23:37,2026-06-02T11:30:03,manual_disconnect,6.43,off,off,off,off,off:89,0,single_mode,True,True,300.0,1.0,89,57,13.84,28.15,2.3,1,1
1093390,b2_electromagnetic_radiation_2.pdf,db_session,,b2,3.0,5.0,60.0,-0.4692,2026-06-02 11:22:57,ada13f59-b046-4c93-a5f7-b09b9cab5948,2026-06-02T11:14:44,2026-06-02T11:21:07,manual_disconnect,6.38,on,on,on,on,on:363,0,single_mode,True,True,60.0,0.2,363,156,56.9,35.6,1.83,2,1
1093390,b2_first_american_3.pdf,db_session,,b2,5.0,5.0,100.0,0.9473,2026-06-04 09:52:54,693d5a52-5784-42ab-b7ee-eb7288c0c31c,2026-06-04T09:45:18,2026-06-04T09:50:28,manual_disconnect,5.17,on,on,on,on,on:95,0,single_mode,True,False,300.0,1.0,95,46,18.38,49.88,2.43,1,1
1093390,b2_sticky_fingers_4.pdf,db_session,,b2,4.0,5.0,80.0,-0.5497,2026-06-04 09:44:38,ce93534e-81f3-4e52-b14b-f0b14a23e181,2026-06-04T09:34:40,2026-06-04T09:40:25,manual_disconnect,5.75,off,off,off,off,off:78,0,single_mode,True,False,300.0,1.0,78,53,13.57,20.2,4.22,1,1
1093390,c1_bee_reading_2.pdf,db_session,,c1,4.0,5.0,80.0,-0.5596,2026-05-30 18:00:32,05a90b22-e2f0-4c72-a0f1-bc78419358cd,2026-05-30T17:52:59,2026-05-30T17:58:01,manual_disconnect,5.03,on,on,on,on,on:247,0,single_mode,True,True,60.0,0.2,247,160,49.11,23.38,2.52,1,1
1093390,c1_walt_disney_4.pdf,db_session,,c1,3.0,5.0,60.0,-0.8261,2026-05-30 18:08:41,d3668a32-b4cc-4d6c-be2d-d62446845ec1,2026-05-30T18:01:08,2026-05-30T18:05:31,manual_disconnect,4.38,off,off,off,off,off:204,0,single_mode,True,True,60.0,0.2,204,131,46.58,11.08,3.17,1,1
1093390,c2_noisy_humans_1.pdf,db_session,,c2,4.0,5.0,80.0,0.0,2026-06-03 12:23:21,9663db36-646f-4430-b48d-3f4f9a8c4529,2026-06-03T12:14:51,2026-06-03T12:20:22,manual_disconnect,5.52,on,on,on,on,on:102,0,single_mode,True,True,300.0,1.0,102,71,18.48,15.76,2.98,1,1
1093390,c2_rosa_parks_2.pdf,db_session,,c2,4.0,5.0,80.0,0.9775,2026-06-03 12:30:22,84e8fb95-b267-47aa-9b30-ac778d5f4e89,2026-06-03T12:23:44,2026-06-03T12:28:07,manual_disconnect,4.38,off,off,off,off,off:58,0,single_mode,True,True,300.0,1.0,58,40,13.24,23.07,2.25,1,1
1093403,b2_electromagnetic_radiation_2.pdf,db_session,,b2,2.0,5.0,40.0,-1.4569,2026-05-20 11:12:23,1ea0b9a3-aaec-4572-ba74-10cf4a2ddc89,2026-05-20T11:05:26,2026-05-20T11:09:32,manual_disconnect,4.1,off,off,off,off,off:45,0,single_mode,True,True,300.0,1.0,45,37,10.98,29.93,2.85,1,1
1093403,b2_sticky_fingers_4.pdf,db_session,,b2,5.0,5.0,100.0,0.8429,2026-05-20 11:18:46,1f388925-a79e-4552-a98f-d71acf3d88b5,2026-05-20T11:12:54,2026-05-20T11:16:12,manual_disconnect,3.3,on,on,on,on,on:33,0,single_mode,True,True,300.0,1.0,33,28,10.0,43.58,2.57,1,1
1093403,c1_age_of_exploration_1.pdf,db_session,,c1,3.0,5.0,60.0,-1.5055,2026-05-21 11:06:45,f9929859-4faf-47d9-a7b3-de9c08ff01d5,2026-05-21T11:00:54.637,2026-05-21T11:06:42.683,split_document_changed,5.8,on,on,on,on,on:90,0,single_mode,True,False,300.0,1.0,90,42,15.52,30.9,0.04,1,1
1093403,c1_bee_reading_2.pdf,db_session,,c1,3.0,5.0,60.0,-1.7839,2026-05-19 11:07:36,4e499daf-a2d5-481a-aded-d175bc5d53a1,2026-05-19T11:00:22.945,2026-05-19T11:07:30.862,translation_output_mode_changed,7.13,on,on,on,on,on:95,0,single_mode,True,True,300.0,1.0,95,62,13.32,53.01,0.09,1,1
1093403,c1_native_american_conflicts_3.pdf,db_session,,c1,2.0,5.0,40.0,-1.9349,2026-05-19 11:18:35,9ee81d15-c631-4762-8998-4e512736898c,2026-05-19T11:08:25,2026-05-19T11:14:33,manual_disconnect,6.13,off,off,off,off,off:74,0,single_mode,True,False,300.0,1.0,74,48,12.07,74.21,4.03,1,1
1093403,c1_walt_disney_4.pdf,db_session,,c1,3.0,5.0,60.0,-0.8261,2026-05-21 11:13:32,b5588a67-bdd1-49f9-a693-d884bea21035,2026-05-21T11:07:02.947,2026-05-21T11:14:36.728,manual_disconnect,7.56,off,off,off,off,off:67,0,single_mode,True,False,300.0,1.0,67,39,8.86,59.86,-1.08,1,1
1093403,c2_noisy_humans_1.pdf,db_session,,c2,3.0,5.0,60.0,-1.0113,2026-05-18 15:23:39,cabb8f46-b750-4913-95de-54d1d12d1874,2026-05-18T15:15:01.583,2026-05-18T15:20:19,translation_output_mode_changed,5.29,on,on,on,on,on:91,0,single_mode,True,True,60.0,0.2,91,53,17.2,67.32,3.33,1,1
1093403,c2_rosa_parks_2.pdf,db_session,,c2,2.0,5.0,40.0,-0.573,2026-05-18 15:28:59,b7f39a1d-5700-46b8-8c40-a9fa8bf1209f,2026-05-18T15:23:59,2026-05-18T15:26:58,manual_disconnect,2.98,off,off,off,off,off:40,0,single_mode,True,False,300.0,1.0,40,33,13.42,15.04,2.02,1,1
1093413,b2_animals_of_rainforests_1.pdf,db_session,,b2,6.0,6.0,100.0,0.9024,2026-05-30 13:35:58,2a2bfae6-6437-42b0-85db-ee93bd88f577,2026-05-30T13:29:14,2026-05-30T13:34:17,manual_disconnect,5.05,off,off,off,off,off:13,0,single_mode,True,False,450.0,1.5,13,12,2.57,48.06,1.68,1,1
1093413,b2_sticky_fingers_4.pdf,db_session,,b2,3.0,5.0,60.0,-1.9423,2026-05-30 13:42:54,d16c8a0c-eec7-40a7-9e83-91b200671633,2026-05-30T13:36:45,2026-05-30T13:41:11,manual_disconnect,4.43,on,on,on,on,on:22,0,single_mode,True,True,450.0,1.5,22,21,4.97,62.22,1.72,1,1
1093413,c1_age_of_exploration_1.pdf,db_session,,c1,4.0,5.0,80.0,-0.2509,2026-06-04 13:25:08,3f3860eb-ccfe-401f-b993-78a502105908,2026-06-04T13:19:47,2026-06-04T13:23:58,manual_disconnect,4.18,off,off,off,off,off:13,0,single_mode,True,False,450.0,1.5,13,12,3.11,48.71,1.17,1,1
1093413,c1_bee_reading_2.pdf,db_session,,c1,5.0,5.0,100.0,0.6646,2026-06-04 13:19:18,0f63aa18-4253-4f79-9058-cba20558d3d0,2026-06-04T13:12:57,2026-06-04T13:17:33,manual_disconnect,4.6,on,on,on,on,on:35,0,single_mode,True,True,450.0,1.5,35,31,7.61,32.46,1.75,1,1
1093413,c1_native_american_conflicts_3.pdf,db_session,,c1,3.0,5.0,60.0,-1.0212,2026-05-28 13:58:31,b5c0b348-3e95-4a09-b719-9a10bcae7dad,2026-05-28T13:53:38,2026-05-28T13:54:05,logout,0.45,off,off,off,off,off:9,0,single_mode,True,False,450.0,1.5,9,6,20.0,3.46,4.43,1,1
1093413,c1_walt_disney_4.pdf,db_session,,c1,4.0,5.0,80.0,0.1599,2026-05-28 13:48:23,a2a4732f-b342-417f-ba6a-1c623c2ad711,2026-05-28T13:40:33.162,2026-05-28T13:44:28.160,manual_disconnect,3.92,on,on,on,on,on:26,0,single_mode,True,True,60.0,0.2,26,20,6.63,66.21,3.91,2,1
1093413,c2_noisy_humans_1.pdf,db_session,,c2,4.0,5.0,80.0,0.0,2026-05-29 11:16:51,6c7e3ec2-bacd-4321-ab54-798c26cba504,2026-05-29T11:09:36,2026-05-29T11:15:12,manual_disconnect,5.6,on,on,on,on,on:53,0,single_mode,True,False,450.0,1.5,53,27,9.46,57.3,1.65,1,1
1093413,c2_rosa_parks_2.pdf,db_session,,c2,4.0,5.0,80.0,0.9775,2026-05-29 11:09:14,6aa5b3e6-9653-431c-88e3-f68b62a86f4a,2026-05-29T11:04:17,2026-05-29T11:09:18,manual_disconnect,5.02,off,off,off,off,off:25,0,single_mode,True,True,450.0,1.5,25,18,4.98,43.15,-0.07,1,1
1093505,b2_animals_of_rainforests_1.pdf,db_session,,b2,6.0,6.0,100.0,0.9024,2026-05-28 14:43:40,c1090abc-34e9-44cd-9317-ae6df7623a1b,2026-05-28T14:37:46,2026-05-28T14:41:31,manual_disconnect,3.75,on,on,on,on,on:18,0,single_mode,True,True,450.0,1.5,18,12,4.8,61.21,2.15,2,1
1093505,b2_sticky_fingers_4.pdf,db_session,,b2,5.0,5.0,100.0,0.8429,2026-05-28 14:37:07,a514ee3e-71e8-43d2-85de-fee3f8bf001a,2026-05-28T14:30:20,2026-05-28T14:35:17,manual_disconnect,4.95,off,off,off,off,off:16,0,single_mode,True,True,450.0,1.5,16,12,3.23,40.85,1.83,1,1
1093505,c1_age_of_exploration_1.pdf,db_session,,c1,5.0,5.0,100.0,1.0037,2026-06-03 15:55:06,12e0d1d6-ee1a-42c8-ad98-7939f46cd112,2026-06-03T15:48:34,2026-06-03T15:53:13,manual_disconnect,4.65,off,off,off,off,off:31,0,single_mode,True,False,450.0,1.5,31,22,6.67,45.83,1.88,1,1
1093505,c1_bee_reading_2.pdf,db_session,,c1,4.0,5.0,80.0,-0.5596,2026-05-25 16:48:12,13bc6b94-8791-4212-a001-ab763d578bed,2026-05-25T16:40:22,2026-05-25T16:48:18,manual_disconnect,7.93,off,off,off,off,off:40,0,single_mode,True,False,450.0,1.5,40,18,5.04,72.41,-0.1,1,1
1093505,c1_native_american_conflicts_3.pdf,db_session,,c1,4.0,5.0,80.0,-0.1075,2026-06-03 15:48:02,892e2388-2189-45ba-b099-5db5690b6c7e,2026-06-03T15:41:33,2026-06-03T15:45:22,manual_disconnect,3.82,on,on,on,on,on:9,0,single_mode,True,True,450.0,1.5,9,9,2.36,57.64,2.67,2,1
1093505,c1_walt_disney_4.pdf,db_session,,c1,4.0,5.0,80.0,0.1599,2026-05-25 16:57:04,ac7aa0d3-321e-40e2-a7a8-2b9a80dd3d75,2026-05-25T16:50:13,2026-05-25T16:53:48,manual_disconnect,3.58,on,on,on,on,on:20,0,single_mode,True,True,450.0,1.5,20,16,5.59,41.52,3.27,1,1
1093505,c2_noisy_humans_1.pdf,db_session,,c2,4.0,5.0,80.0,0.0,2026-05-29 12:48:19,bfaf8ce3-2ded-4a03-8529-489c79aaf10b,2026-05-29T12:39:48,2026-05-29T12:44:54,manual_disconnect,5.1,off,off,off,off,off:16,0,single_mode,True,False,450.0,1.5,16,12,3.14,48.56,3.42,1,1
1093505,c2_rosa_parks_2.pdf,db_session,,c2,5.0,5.0,100.0,1.7528,2026-05-29 12:39:25,9d9b20d2-7c69-4bd8-a7d2-19d648068852,2026-05-29T12:32:47,2026-05-29T12:36:39,manual_disconnect,3.87,on,on,on,on,on:57,0,single_mode,True,True,450.0,1.5,57,20,14.73,45.42,2.77,1,1
1093515,c1_age_of_exploration_1.pdf,db_session,,c1,5.0,5.0,100.0,1.0037,2026-05-29 09:50:32,8b6eac6f-49c1-428b-a578-9ac3f2d41282,2026-05-29T09:43:47,2026-05-29T09:48:48,manual_disconnect,5.02,on,on,on,on,on:73,0,single_mode,True,True,300.0,1.0,73,55,14.54,29.36,1.73,1,1
1093515,c1_bee_reading_2.pdf,db_session,,c1,5.0,5.0,100.0,0.6646,2026-05-29 09:58:30,5f09d6fb-00d7-4a69-b80e-265b19a26762,2026-05-29T09:51:08,2026-05-29T09:56:11,manual_disconnect,5.05,off,off,off,off,off:59,0,single_mode,True,True,300.0,1.0,59,43,11.68,30.02,2.32,1,1
1093515,c1_native_american_conflicts_3.pdf,db_session,,c1,5.0,5.0,100.0,0.8062,2026-05-21 09:38:12,e5517617-a2d2-404d-a24d-d0b3ca793fe7,2026-05-21T09:31:39,2026-05-21T09:35:51,logout,4.2,off,off,off,off,off:347,0,single_mode,True,True,60.0,0.2,347,161,82.62,38.12,2.35,1,1
1093515,c1_walt_disney_4.pdf,db_session,,c1,4.0,5.0,80.0,0.1599,2026-05-21 09:31:24,977369c8-c045-493f-881c-f2af4301a6a0,2026-05-21T09:20:51.334,2026-05-21T09:26:33,translation_output_mode_changed,5.69,on,on,on,on,on:357,0,single_mode,True,True,60.0,0.2,357,140,62.74,27.09,4.85,1,1
1093515,c2_noisy_humans_1.pdf,db_session,,c2,5.0,5.0,100.0,1.0113,2026-05-28 09:33:21,cf68a2e1-32c9-4531-aa14-1a2da8032f84,2026-05-28T09:26:30,2026-05-28T09:31:21,manual_disconnect,4.85,off,off,off,off,off:41,0,single_mode,True,True,300.0,1.0,41,35,8.45,28.63,2.0,1,1
1093515,c2_rosa_parks_2.pdf,db_session,,c2,3.0,5.0,60.0,0.2022,2026-05-28 09:25:57,1b7bbe17-a361-4abc-80f4-0c701510ffe7,2026-05-28T09:19:05,2026-05-28T09:22:59,manual_disconnect,3.9,on,on,on,on,on:65,0,single_mode,True,True,300.0,1.0,65,44,16.67,27.1,2.97,1,1
1095564,b2_animals_of_rainforests_1.pdf,db_session,,b2,5.0,6.0,83.33,0.0474,2026-05-28 15:29:33,600d3a0f-0fa8-4a3c-9248-317512e3585c,2026-05-28T15:23:39,2026-05-28T15:26:50,manual_disconnect,3.18,on,on,on,on,on:2,0,single_mode,True,True,450.0,1.5,2,2,0.63,86.41,2.72,1,1
1095564,b2_electromagnetic_radiation_2.pdf,condition_inferred,"Ο user είχε 8 unique quiz PDFs και 4 popup-on / 2 popup-off DB-matched sessions. Για να συμπληρωθεί το αναμενόμενο 4-on/4-off, το missing PDF ταξινομήθηκε ως `off`.",b2,5.0,5.0,100.0,1.5063,2026-05-28 15:23:13,,,,,,off,,,off,,0,condition_inferred_from_4_on_4_off_balance,,,,,,,,,,0,1
1095564,b2_first_american_3.pdf,db_session,,b2,5.0,5.0,100.0,0.9473,2026-06-03 14:40:06,c989f191-2c3e-44e3-8380-50523285b22c,2026-06-03T14:36:10,2026-06-03T14:38:46,manual_disconnect,2.6,on,on,on,on,on:4,0,single_mode,True,True,450.0,1.5,4,2,1.54,23.21,1.33,1,1
1095564,b2_sticky_fingers_4.pdf,db_session,,b2,4.0,5.0,80.0,-0.5497,2026-06-03 14:35:25,886c13ed-978b-40d6-9985-e16d4850b5c8,2026-06-03T14:30:48,2026-06-03T14:33:58,manual_disconnect,3.17,off,off,off,off,off:4,0,single_mode,True,True,450.0,1.5,4,4,1.26,93.18,1.45,1,1
1095564,c1_bee_reading_2.pdf,db_session,,c1,5.0,5.0,100.0,0.6646,2026-06-02 12:31:54,2e7b5216-8d99-4ca5-8fa3-1db36b5822e7,2026-06-02T12:26:00,2026-06-02T12:29:10,manual_disconnect,3.17,off,off,off,off,off:1,0,single_mode,True,True,450.0,1.5,1,1,0.32,0.0,2.73,1,1
1095564,c1_walt_disney_4.pdf,db_session,,c1,4.0,5.0,80.0,0.1599,2026-06-02 12:25:09,87dfc917-0e88-4d31-bea4-10ff401bac6a,2026-06-02T12:20:13,2026-06-02T12:23:07,manual_disconnect,2.9,on,on,on,on,on:3,0,single_mode,True,True,450.0,1.5,3,3,1.03,104.17,2.03,1,1
1095564,c2_noisy_humans_1.pdf,db_session,,c2,4.0,5.0,80.0,0.0,2026-05-25 17:16:58,c585091d-bdf6-4405-a299-93f33d1764b6,2026-05-25T17:11:40,2026-05-25T17:14:41,manual_disconnect,3.02,on,on,on,on,on:4,0,single_mode,True,True,450.0,1.5,4,2,1.32,0.2,2.28,1,1
1095564,c2_rosa_parks_2.pdf,condition_inferred,"Ο user είχε 8 unique quiz PDFs και 4 popup-on / 2 popup-off DB-matched sessions. Για να συμπληρωθεί το αναμενόμενο 4-on/4-off, το missing PDF ταξινομήθηκε ως `off`.",c2,2.0,5.0,40.0,-0.573,2026-05-25 17:11:10,,,,,,off,,,off,,0,condition_inferred_from_4_on_4_off_balance,,,,,,,,,,0,1
1097463,b2_animals_of_rainforests_1.pdf,db_session,,b2,5.0,6.0,83.33,0.0474,2026-05-20 13:36:48,8f295f4e-1dda-4f6d-9392-28f1bfdd42f3,2026-05-20T13:29:58.815,2026-05-20T13:36:46.081,translation_output_mode_changed,6.79,off,off,off,off,off:98,0,single_mode,True,True,300.0,1.0,98,49,14.43,24.13,0.03,1,1
1097463,b2_first_american_3.pdf,db_session,,b2,4.0,5.0,80.0,-0.5864,2026-05-20 13:43:31,4b81c5c9-b5e1-408e-9cfc-117eb4e17ac9,2026-05-20T13:37:23,2026-05-20T13:41:42,manual_disconnect,4.32,on,on,on,on,on:78,0,single_mode,True,True,300.0,1.0,78,46,18.06,54.54,1.82,1,1
1097463,c1_age_of_exploration_1.pdf,db_session,,c1,5.0,5.0,100.0,1.0037,2026-05-18 16:50:50,5cab1f9b-6f9b-411d-8c8e-cec9137cb4c0,2026-05-18T16:42:57,2026-05-18T16:50:40.653,split_document_changed,7.73,off,off,off,off,off:106,0,single_mode,True,False,300.0,1.0,106,69,13.71,25.94,0.16,1,1
1097463,c1_bee_reading_2.pdf,db_session,,c1,4.0,5.0,80.0,-0.5596,2026-05-18 16:58:45,08eaf9e3-ebd5-4c7a-9621-409c7a55c17b,2026-05-18T16:51:46,2026-05-18T16:56:09,manual_disconnect,4.38,on,on,on,on,on:65,0,single_mode,True,False,300.0,1.0,65,54,14.84,23.47,2.6,2,1
1097463,c1_native_american_conflicts_3.pdf,db_session,,c1,5.0,5.0,100.0,0.8062,2026-05-21 14:05:11,e307da39-6232-4792-8990-7262fa0c9c28,2026-05-21T13:58:59,2026-05-21T14:02:51,manual_disconnect,3.87,off,off,off,off,off:56,0,single_mode,True,True,300.0,1.0,56,47,14.47,35.72,2.33,1,1
1097463,c1_walt_disney_4.pdf,db_session,,c1,4.0,5.0,80.0,0.1599,2026-05-21 14:12:12,31d1d8ce-96a7-4ba0-a6be-a07e9ab109ad,2026-05-21T14:06:30,2026-05-21T14:09:39,manual_disconnect,3.15,on,on,on,on,on:41,0,single_mode,True,True,300.0,1.0,41,31,13.02,25.47,2.55,1,1
1097463,c2_noisy_humans_1.pdf,db_session,,c2,4.0,5.0,80.0,0.0,2026-05-19 13:05:49,7e216bf5-253c-418c-aa90-395208faaa24,2026-05-19T12:58:23,2026-05-19T13:02:56,manual_disconnect,4.55,off,off,off,off,off:47,0,single_mode,True,True,300.0,1.0,47,40,10.33,18.1,2.88,2,1
1097463,c2_rosa_parks_2.pdf,db_session,,c2,1.0,5.0,20.0,-1.3483,2026-05-19 12:57:31,f015d424-f98d-4ee7-8175-d51e6db43085,2026-05-19T12:52:25.469,2026-05-19T12:54:55.095,manual_disconnect,2.49,on,on,on,on,on:26,0,single_mode,True,False,300.0,1.0,26,21,10.44,33.02,2.6,1,1
1100496,b2_animals_of_rainforests_1.pdf,db_session,,b2,6.0,6.0,100.0,0.9024,2026-05-26 13:25:23,1688a594-18d5-4ec2-8a55-c766ee99b034,2026-05-26T13:19:02,2026-05-26T13:23:40,manual_disconnect,4.63,on,on,on,on,on:31,0,single_mode,True,True,450.0,1.5,31,22,6.7,53.64,1.72,1,1
1100496,b2_electromagnetic_radiation_2.pdf,db_session,,b2,3.0,5.0,60.0,-0.4692,2026-06-02 13:16:02,73703e66-61d4-429b-8330-c26eff88eb02,2026-06-02T13:11:12,2026-06-02T13:14:46,manual_disconnect,3.57,on,on,on,on,on:22,0,single_mode,True,True,450.0,1.5,22,18,6.16,57.55,1.27,1,1
1100496,b2_first_american_3.pdf,db_session,,b2,4.0,5.0,80.0,-0.5864,2026-05-26 13:18:07,ebc5411e-9db6-4ffd-b739-2684fd6cd85c,2026-05-26T13:11:47,2026-05-26T13:16:21,manual_disconnect,4.57,off,off,off,off,off:25,0,single_mode,True,True,450.0,1.5,25,22,5.47,36.97,1.77,1,1
1100496,b2_sticky_fingers_4.pdf,db_session,,b2,3.0,5.0,60.0,-1.9423,2026-06-02 13:10:50,94049fea-9608-4b3c-8933-fb0b65e92aba,2026-06-02T13:04:08,2026-06-02T13:08:27,manual_disconnect,4.32,off,off,off,off,off:17,0,single_mode,True,True,450.0,1.5,17,13,3.94,58.35,2.38,1,1
1100496,c1_age_of_exploration_1.pdf,db_session,,c1,4.0,5.0,80.0,-0.2509,2026-05-27 16:18:43,e3e214da-dcf7-4a2d-9428-a9a9594e729d,2026-05-27T16:12:56,2026-05-27T16:17:31,manual_disconnect,4.58,on,on,on,on,on:45,0,single_mode,True,True,450.0,1.5,45,34,9.83,39.95,1.2,1,1
1100496,c1_walt_disney_4.pdf,db_session,,c1,3.0,5.0,60.0,-0.8261,2026-05-27 16:12:18,0eb52e35-74a7-4c42-b530-a9c0d601fa82,2026-05-27T16:03:41,2026-05-27T16:09:54,manual_disconnect,6.22,off,off,off,off,off:44,0,single_mode,True,True,450.0,1.5,44,32,7.07,42.93,2.4,1,1
1100496,c2_noisy_humans_1.pdf,db_session,,c2,3.0,5.0,60.0,-1.0113,2026-05-29 10:47:53,64590fb2-c90b-43de-b6ab-c754218973bc,2026-05-29T10:41:38,2026-05-29T10:46:10,manual_disconnect,4.53,off,off,off,off,off:11,0,single_mode,True,True,450.0,1.5,11,10,2.43,89.4,1.72,1,1
1100496,c2_rosa_parks_2.pdf,db_session,,c2,2.0,5.0,40.0,-0.573,2026-05-29 10:41:02,b3a95bf0-75b0-4721-9256-43801c9f19d5,2026-05-29T10:33:39,2026-05-29T10:38:53,manual_disconnect,5.23,on,on,on,on,on:44,0,single_mode,True,True,450.0,1.5,44,34,8.41,31.12,2.15,1,1
1100497,b2_animals_of_rainforests_1.pdf,db_session,,b2,5.0,6.0,83.33,0.0474,2026-05-21 17:48:53,36061f30-752f-4ab6-a808-3ddd89255df3,2026-05-21T17:41:35,2026-05-21T17:46:14,manual_disconnect,4.65,off,off,off,off,off:17,0,single_mode,True,False,450.0,1.5,17,12,3.66,86.13,2.65,1,1
1100497,b2_electromagnetic_radiation_2.pdf,db_session,,b2,4.0,5.0,80.0,0.5186,2026-05-21 17:56:44,d822699f-42ed-4cd2-bb0b-c926b459da8a,2026-05-21T17:49:24,2026-05-21T17:54:25,manual_disconnect,5.02,on,on,on,on,on:6,0,single_mode,True,True,450.0,1.5,6,5,1.2,98.61,2.32,1,1
1100497,c1_age_of_exploration_1.pdf,db_session,,c1,4.0,5.0,80.0,-0.2509,2026-05-27 11:09:20,19291736-7952-4190-a618-ec329989161b,2026-05-27T11:03:13,2026-05-27T11:07:48,manual_disconnect,4.58,on,on,on,on,on:19,0,single_mode,True,True,450.0,1.5,19,17,4.15,85.25,1.53,1,1
1100497,c1_bee_reading_2.pdf,db_session,,c1,5.0,5.0,100.0,0.6646,2026-05-27 11:16:12,bd221733-6fc6-4bbb-945f-a050f70a84c1,2026-05-27T11:09:47,2026-05-27T11:14:24,manual_disconnect,4.62,off,off,off,off,off:16,0,single_mode,True,True,450.0,1.5,16,14,3.46,56.45,1.8,1,1
1100497,c1_native_american_conflicts_3.pdf,db_session,,c1,5.0,5.0,100.0,0.8062,2026-05-29 12:15:35,8f729a10-8dfc-4a20-b2b1-87afdab760e5,2026-05-29T12:10:11,2026-05-29T12:13:45,manual_disconnect,3.57,on,on,on,on,on:11,0,single_mode,True,True,450.0,1.5,11,9,3.08,37.41,1.83,1,1
1100497,c1_walt_disney_4.pdf,db_session,,c1,4.0,5.0,80.0,0.1599,2026-05-29 12:21:55,306b2c3a-4f11-4ede-8f63-41b900110ac7,2026-05-29T12:15:56,2026-05-29T12:19:44,manual_disconnect,3.8,off,off,off,off,off:9,0,single_mode,True,True,450.0,1.5,9,9,2.37,45.59,2.18,1,1
1100497,c2_noisy_humans_1.pdf,db_session,,c2,5.0,5.0,100.0,1.0113,2026-05-25 13:06:40,e3b58f69-a4e8-4092-84d7-d481637b40c8,2026-05-25T13:00:11,2026-05-25T13:04:48,manual_disconnect,4.62,off,off,off,off,off:25,0,single_mode,True,True,450.0,1.5,25,22,5.41,48.38,1.87,1,1
1100497,c2_rosa_parks_2.pdf,db_session,,c2,4.0,5.0,80.0,0.9775,2026-05-25 12:59:42,87965079-fac5-4635-85ed-b869f50bbebe,2026-05-25T12:53:47,2026-05-25T12:58:01,manual_disconnect,4.23,on,on,on,on,on:17,0,single_mode,True,True,450.0,1.5,17,14,4.02,40.09,1.68,1,1
1100613,b2_animals_of_rainforests_1.pdf,db_session,,b2,4.0,6.0,66.67,-0.8072,2026-05-29 16:22:28,7823da67-046e-4053-be83-fce138a8f2ac,2026-05-29T16:14:36,2026-05-29T16:20:11,manual_disconnect,5.58,off,off,off,off,off:24,0,single_mode,True,True,450.0,1.5,24,19,4.3,46.7,2.28,2,1
1100613,b2_electromagnetic_radiation_2.pdf,db_session,,b2,4.0,5.0,80.0,0.5186,2026-05-29 16:29:41,309404fd-4328-4f2e-99d4-e242b7cf108e,2026-05-29T16:23:16,2026-05-29T16:27:40,manual_disconnect,4.4,on,on,on,on,on:35,0,single_mode,True,False,450.0,1.5,35,19,7.95,41.05,2.02,1,1
1100613,c1_age_of_exploration_1.pdf,db_session,,c1,4.0,5.0,80.0,-0.2509,2026-06-04 13:08:54,f5264f6f-b92e-4ff5-ae51-fd2a1aecef03,2026-06-04T13:02:34,2026-06-04T13:07:23,manual_disconnect,4.82,off,off,off,off,off:25,0,single_mode,True,False,450.0,1.5,25,21,5.19,48.45,1.52,1,1
1100613,c1_bee_reading_2.pdf,db_session,,c1,5.0,5.0,100.0,0.6646,2026-06-05 10:44:32,da93e6e8-5d2d-41a9-a0a8-1af6e62c7e3b,2026-06-05T10:36:44,2026-06-05T10:42:25,manual_disconnect,5.68,on,on,on,on,on:44,0,single_mode,True,True,450.0,1.5,44,34,7.75,42.59,2.12,2,1
1100613,c1_native_american_conflicts_3.pdf,db_session,,c1,5.0,5.0,100.0,0.8062,2026-06-05 10:51:45,030d3719-fb35-4da7-bd9d-191b71ee567a,2026-06-05T10:45:04,2026-06-05T10:49:06,manual_disconnect,4.03,off,off,off,off,off:21,0,single_mode,True,False,450.0,1.5,21,17,5.21,31.67,2.65,1,1
1100613,c1_walt_disney_4.pdf,db_session,,c1,4.0,5.0,80.0,0.1599,2026-06-04 13:02:12,4a33c501-c118-4180-a4c2-023da2d03265,2026-06-04T12:53:28,2026-06-04T12:59:07,manual_disconnect,5.65,on,on,on,on,on:68,0,single_mode,True,True,450.0,1.5,68,44,12.04,59.89,3.08,1,1
1100613,c2_noisy_humans_1.pdf,db_session,,c2,5.0,5.0,100.0,1.0113,2026-05-30 14:45:22,34a8c67a-a4e2-4b01-ba66-402f3e98f031,2026-05-30T14:39:07,2026-05-30T14:43:26,manual_disconnect,4.32,off,off,off,off,off:10,0,single_mode,True,False,450.0,1.5,10,10,2.31,41.48,1.93,1,1
1100613,c2_rosa_parks_2.pdf,db_session,,c2,4.0,5.0,80.0,0.9775,2026-05-30 14:51:41,792223ea-4b97-4984-8399-6894bfb0936a,2026-05-30T14:45:51,2026-05-30T14:49:07,manual_disconnect,3.27,on,on,on,on,on:56,0,single_mode,True,False,450.0,1.5,56,31,17.13,25.19,2.57,1,1
1100663,b2_electromagnetic_radiation_2.pdf,db_session,,b2,3.0,5.0,60.0,-0.4692,2026-05-26 15:45:32,2bcab075-dc50-4f07-9b4d-a04da388cd7f,2026-05-26T15:39:04,2026-05-26T15:45:39,manual_disconnect,6.58,off,off,off,off,off:71,0,single_mode,True,True,300.0,1.0,71,41,10.79,32.68,-0.12,1,1
1100663,b2_sticky_fingers_4.pdf,db_session,,b2,4.0,5.0,80.0,-0.5497,2026-05-26 15:52:25,167d42db-d3aa-4701-a8e2-a7576c6052bf,2026-05-26T15:45:56,2026-05-26T15:50:22,manual_disconnect,4.43,on,on,on,on,on:54,0,single_mode,True,True,300.0,1.0,54,34,12.19,28.91,2.05,1,1
1100663,c1_age_of_exploration_1.pdf,db_session,,c1,5.0,5.0,100.0,1.0037,2026-05-29 14:20:17,ceffb068-389d-4211-bd7b-31b6e5c94411,2026-05-29T14:13:30,2026-05-29T14:18:59,manual_disconnect,5.48,off,off,off,off,off:55,0,single_mode,True,True,300.0,1.0,55,46,10.04,30.6,1.3,1,1
1100663,c1_bee_reading_2.pdf,db_session,,c1,4.0,5.0,80.0,-0.5596,2026-05-19 15:56:57,c67658ac-80d9-4d50-9563-28621df3fcd0,2026-05-19T15:50:06.570,2026-05-19T15:54:22.252,manual_disconnect,4.26,on,on,on,on,on:61,0,single_mode,True,True,60.0,0.2,61,34,14.32,41.92,2.58,1,1
1100663,c1_native_american_conflicts_3.pdf,db_session,,c1,5.0,5.0,100.0,0.8062,2026-05-29 14:27:59,ddaa6796-c3e0-4a62-a5a6-b5006253bd03,2026-05-29T14:20:45,2026-05-29T14:25:11,manual_disconnect,4.43,on,on,on,on,on:62,0,single_mode,True,True,300.0,1.0,62,42,14.0,35.52,2.8,1,1
1100663,c1_walt_disney_4.pdf,db_session,,c1,4.0,5.0,80.0,0.1599,2026-05-19 16:06:34,cf7d2d73-7b8a-4bb9-b7a0-a9b445780903,2026-05-19T15:57:41,2026-05-19T16:02:31,manual_disconnect,4.83,off,off,off,off,off:47,0,single_mode,True,False,300.0,1.0,47,37,9.73,29.65,4.05,1,1
1100663,c2_noisy_humans_1.pdf,db_session,,c2,5.0,5.0,100.0,1.0113,2026-05-25 12:43:49,7576453f-97d9-4642-8052-b6f23472821d,2026-05-25T12:34:21,2026-05-25T12:41:25,manual_disconnect,7.07,off,off,off,off,off:79,0,single_mode,True,True,300.0,1.0,79,57,11.17,32.74,2.4,1,1
1100663,c2_rosa_parks_2.pdf,db_session,,c2,4.0,5.0,80.0,0.9775,2026-05-25 12:51:27,4e0b9023-94c1-4f57-b7a6-2370b8e8cb51,2026-05-25T12:44:21,2026-05-25T12:49:12,manual_disconnect,4.85,on,on,on,on,on:103,0,single_mode,True,True,300.0,1.0,103,54,21.24,56.05,2.25,1,1
1100758,b2_animals_of_rainforests_1.pdf,db_session,,b2,6.0,6.0,100.0,0.9024,2026-05-28 14:15:38,e7791fca-1908-479e-b272-ed52b93b3052,2026-05-28T14:08:50,2026-05-28T14:13:13,manual_disconnect,4.38,off,off,off,off,off:22,0,single_mode,True,True,300.0,1.0,22,16,5.02,72.34,2.42,1,1
1100758,b2_electromagnetic_radiation_2.pdf,db_session,,b2,1.0,5.0,20.0,-2.4446,2026-05-27 15:47:51,ef795f84-1991-46da-b550-3d582e8052b3,2026-05-27T15:40:17,2026-05-27T15:45:12,manual_disconnect,4.92,on,on,on,on,on:39,0,single_mode,True,True,300.0,1.0,39,21,7.93,56.2,2.65,1,1
1100758,b2_first_american_3.pdf,db_session,,b2,5.0,5.0,100.0,0.9473,2026-05-28 14:08:30,809be93b-1209-45fe-a281-b290bf0d1a03,2026-05-28T14:03:40,2026-05-28T14:07:11,manual_disconnect,3.52,on,on,on,on,on:28,0,single_mode,True,False,300.0,1.0,28,22,7.95,67.21,1.32,1,1
1100758,b2_sticky_fingers_4.pdf,db_session,,b2,4.0,5.0,80.0,-0.5497,2026-05-27 15:39:41,2d8eccca-1f6a-474c-bd5d-cf9269ea480d,2026-05-27T15:33:48,2026-05-27T15:37:48,manual_disconnect,4.0,off,off,off,off,off:31,0,single_mode,True,True,300.0,1.0,31,20,7.75,85.5,1.88,1,1
1100758,c1_native_american_conflicts_3.pdf,db_session,,c1,5.0,5.0,100.0,0.8062,2026-05-25 14:00:01,2c2c3aad-9857-4fee-8f3a-bdfd2063f1aa,2026-05-25T13:53:08,2026-05-25T14:04:59,manual_disconnect,11.85,off,off,off,off,off:36,0,single_mode,True,True,300.0,1.0,36,29,3.04,235.74,-4.97,1,1
1100758,c1_walt_disney_4.pdf,db_session,,c1,5.0,5.0,100.0,1.1459,2026-05-25 13:52:30,b9feb6d8-a85f-44b0-a6f9-b49a30597b24,2026-05-25T13:39:32,2026-05-25T13:43:49,document_changed,4.28,on,on,on,on,on:58,0,single_mode,True,True,60.0,0.2,58,42,13.55,224.88,8.68,1,1
1100758,c2_noisy_humans_1.pdf,db_session,,c2,4.0,5.0,80.0,0.0,2026-05-26 17:25:15,9903e67f-dc23-4e52-a966-6567e5a657a8,2026-05-26T17:16:19,2026-05-26T17:23:04,manual_disconnect,6.75,off,off,off,off,off:40,0,single_mode,True,True,300.0,1.0,40,34,5.93,74.52,2.18,1,1
1100758,c2_rosa_parks_2.pdf,db_session,,c2,1.0,5.0,20.0,-1.3483,2026-05-26 17:15:43,0b470ee2-68e3-4ff1-a51f-a42bc14041e7,2026-05-26T17:06:40,2026-05-26T17:12:48,document_changed,6.13,on,on,on,on,on:84,0,single_mode,True,True,300.0,1.0,84,49,13.7,54.68,2.92,5,1
1103080,b2_first_american_3.pdf,db_session,,b2,4.0,5.0,80.0,-0.5864,2026-05-26 11:39:10,bbefdb89-dcdd-4be1-9254-f2434038027e,2026-05-26T11:34:34,2026-05-26T11:37:23,manual_disconnect,2.82,off,off,off,off,off:8,0,single_mode,True,True,450.0,1.5,8,6,2.84,118.4,1.78,1,1
1103080,b2_sticky_fingers_4.pdf,db_session,,b2,5.0,5.0,100.0,0.8429,2026-05-26 11:46:08,742c993b-816c-4395-82f1-144d04877834,2026-05-26T11:39:46,2026-05-26T11:43:19,manual_disconnect,3.55,on,on,on,on,on:5,0,single_mode,True,True,450.0,1.5,5,3,1.41,60.49,2.82,1,1
1103080,c1_age_of_exploration_1.pdf,db_session,,c1,5.0,5.0,100.0,1.0037,2026-06-04 15:41:12,c7c28297-9830-44de-a442-6526add32b9b,2026-06-04T15:35:54,2026-06-04T15:39:38,manual_disconnect,3.73,on,on,on,on,on:8,0,single_mode,True,True,924.0,3.08,8,8,2.14,112.54,1.57,1,1
1103080,c1_bee_reading_2.pdf,db_session,,c1,4.0,5.0,80.0,-0.5596,2026-05-25 12:23:50,0cf369b9-aeef-45af-96ed-1e7bb674c354,2026-05-25T12:19:06.684,2026-05-25T12:21:20.976,manual_disconnect,2.24,on,on,on,on,on:5,0,single_mode,True,False,60.0,0.2,5,3,2.23,125.99,2.48,1,1
1103080,c1_native_american_conflicts_3.pdf,db_session,,c1,3.0,5.0,60.0,-1.0212,2026-05-25 12:29:21,aa9c8699-2f04-46ee-9ca8-973cadee65c7,2026-05-25T12:24:31,2026-05-25T12:26:48,manual_disconnect,2.28,off,off,off,off,off:3,0,single_mode,True,True,450.0,1.5,3,3,1.32,70.92,2.55,1,1
1103080,c1_walt_disney_4.pdf,condition_inferred,"Ο user είχε 8 unique quiz PDFs και 4 popup-on / 3 popup-off DB-matched sessions. Για να συμπληρωθεί το αναμενόμενο 4-on/4-off, το missing PDF ταξινομήθηκε ως `off`.",c1,5.0,5.0,100.0,1.1459,2026-06-04 15:47:05,,,,,,off,,,off,,0,condition_inferred_from_4_on_4_off_balance,,,,,,,,,,0,1
1103080,c2_noisy_humans_1.pdf,db_session,,c2,5.0,5.0,100.0,1.0113,2026-06-02 16:33:07,5495f063-9de0-470f-99d4-0d8987644367,2026-06-02T16:27:32,2026-06-02T16:31:12,manual_disconnect,3.67,off,off,off,off,off:18,0,single_mode,True,True,450.0,1.5,18,8,4.9,106.1,1.92,2,1
1103080,c2_rosa_parks_2.pdf,db_session,,c2,2.0,5.0,40.0,-0.573,2026-06-02 16:37:57,64082b11-2ea5-43af-ad8e-52515f878a9e,2026-06-02T16:39:13,2026-06-02T16:40:08,manual_disconnect,0.92,on,on,on,on,on:12,0,single_mode,True,True,904.0,3.01,12,7,13.04,6.5,-2.18,1,1
1104782,b2_animals_of_rainforests_1.pdf,db_session,,b2,3.0,6.0,50.0,-1.6622,2026-06-03 12:51:20,defb93d4-dd2c-4e6b-8a5f-275b39bad1db,2026-06-03T12:42:09,2026-06-03T12:48:31,manual_disconnect,6.37,on,on,on,on,on:68,0,single_mode,True,True,450.0,1.5,68,36,10.68,75.89,2.82,1,1
1104782,b2_electromagnetic_radiation_2.pdf,db_session,,b2,2.0,5.0,40.0,-1.4569,2026-06-05 10:00:04,24d99204-f990-48f3-8706-5845e5ddae38,2026-06-05T09:53:13,2026-06-05T09:58:20,manual_disconnect,5.12,off,off,off,off,off:35,0,single_mode,True,False,450.0,1.5,35,29,6.84,35.41,1.73,2,1
1104782,b2_first_american_3.pdf,db_session,,b2,3.0,5.0,60.0,-2.1201,2026-06-03 12:58:55,e21d0fea-21ad-4b3b-b7d0-0cd66dfbf7f0,2026-06-03T12:51:55,2026-06-03T12:56:39,manual_disconnect,4.73,off,off,off,off,off:34,0,single_mode,True,False,450.0,1.5,34,30,7.19,22.43,2.27,1,1
1104782,b2_sticky_fingers_4.pdf,db_session,,b2,4.0,5.0,80.0,-0.5497,2026-06-05 09:51:58,01ba6b5a-359a-4405-b099-6bfb1e9f365b,2026-06-05T09:42:38,2026-06-05T09:49:33,manual_disconnect,6.92,on,on,on,on,on:61,0,single_mode,True,True,450.0,1.5,61,54,8.82,34.58,2.42,1,1
1104782,c1_native_american_conflicts_3.pdf,db_session,,c1,2.0,5.0,40.0,-1.9349,2026-06-04 13:54:44,1d3eb6cd-7d71-4be9-93e3-f7f1f0fbb1ed,2026-06-04T13:43:22,2026-06-04T13:51:19,manual_disconnect,7.95,on,on,on,on,on:140,0,single_mode,True,True,450.0,1.5,140,74,17.61,29.29,3.42,1,1
1104782,c1_walt_disney_4.pdf,db_session,,c1,2.0,5.0,40.0,-1.8122,2026-06-04 14:02:31,efab90c8-e111-4534-8b76-8eb3c192aa62,2026-06-04T13:55:18,2026-06-04T13:59:23,manual_disconnect,4.08,off,off,off,off,off:20,0,single_mode,True,False,450.0,1.5,20,14,4.9,30.53,3.13,1,1
1104782,c2_noisy_humans_1.pdf,db_session,,c2,1.0,5.0,20.0,-3.0339,2026-06-02 14:28:58,7af68788-02fe-4563-b8d2-fb8056aa4593,2026-06-02T14:20:24,2026-06-02T14:26:34,manual_disconnect,6.17,on,on,on,on,on:80,0,single_mode,True,True,450.0,1.5,80,59,12.97,30.53,2.4,1,1
1104782,c2_rosa_parks_2.pdf,db_session,,c2,2.0,5.0,40.0,-0.573,2026-06-02 14:20:02,f3fa1bff-d18c-4a30-9755-c180e49944ab,2026-06-02T14:12:36,2026-06-02T14:17:14,manual_disconnect,4.63,off,off,off,off,off:46,0,single_mode,True,True,450.0,1.5,46,31,9.94,54.28,2.8,1,1
1104806,b2_animals_of_rainforests_1.pdf,db_session,,b2,6.0,6.0,100.0,0.9024,2026-06-05 09:26:47,289104f2-142d-49e7-8a92-e6bbd00b602d,2026-06-05T09:18:29,2026-06-05T09:24:03,manual_disconnect,5.57,off,off,off,off,off:28,0,single_mode,True,True,450.0,1.5,28,19,5.03,56.55,2.73,1,1
1104806,b2_electromagnetic_radiation_2.pdf,db_session,,b2,4.0,5.0,80.0,0.5186,2026-05-29 14:07:43,8ca23e63-d7e8-4cfa-bb87-78fa478943f4,2026-05-29T14:01:34,2026-05-29T14:05:58,manual_disconnect,4.4,on,on,on,on,on:11,0,single_mode,True,True,450.0,1.5,11,6,2.5,171.29,1.75,1,1
1104806,b2_first_american_3.pdf,db_session,,b2,5.0,5.0,100.0,0.9473,2026-05-29 14:01:01,63fc7e03-1a53-4d87-9109-220627dc2ab6,2026-05-29T13:55:52,2026-05-29T13:59:18,manual_disconnect,3.43,off,off,off,off,off:12,0,single_mode,True,True,450.0,1.5,12,4,3.5,56.62,1.72,1,1
1104806,b2_sticky_fingers_4.pdf,db_session,,b2,5.0,5.0,100.0,0.8429,2026-06-05 09:35:59,bc90c399-4619-433f-91d8-6ec64388cc37,2026-06-05T09:27:39,2026-06-05T09:33:59,manual_disconnect,6.33,on,on,on,on,on:37,0,single_mode,True,True,450.0,1.5,37,33,5.85,34.14,2.0,1,1
1104806,c1_age_of_exploration_1.pdf,db_session,,c1,5.0,5.0,100.0,1.0037,2026-06-04 11:30:51,9692dfd7-8477-40cd-8564-298631d33fbf,2026-06-04T11:23:38,2026-06-04T11:29:22,manual_disconnect,5.73,off,off,off,off,off:23,0,single_mode,True,True,450.0,1.5,23,21,4.01,53.66,1.48,1,1
1104806,c1_walt_disney_4.pdf,db_session,,c1,4.0,5.0,80.0,0.1599,2026-06-04 11:22:31,e44116c0-7e56-4490-963a-dc580fcd6e10,2026-06-04T11:12:39,2026-06-04T11:19:29,manual_disconnect,6.83,on,on,on,on,on:70,0,single_mode,True,False,450.0,1.5,70,45,10.25,44.06,3.03,1,1
1104806,c2_noisy_humans_1.pdf,db_session,,c2,5.0,5.0,100.0,1.0113,2026-06-02 14:03:35,117bf0e4-f2d7-4ea3-b8d6-49ec7552efdd,2026-06-02T13:55:31,2026-06-02T14:01:33,manual_disconnect,6.03,on,on,on,on,on:69,0,single_mode,True,True,450.0,1.5,69,43,11.44,35.66,2.03,1,1
1104806,c2_rosa_parks_2.pdf,db_session,,c2,2.0,5.0,40.0,-0.573,2026-06-02 13:55:09,f0d09318-e1f1-4582-b60f-e1224ffac15d,2026-06-02T13:48:37,2026-06-02T13:52:43,manual_disconnect,4.1,off,off,off,off,off:32,0,single_mode,True,True,450.0,1.5,32,20,7.8,59.54,2.43,1,1
1104816,b2_animals_of_rainforests_1.pdf,db_session,,b2,5.0,6.0,83.33,0.0474,2026-05-27 13:33:36,b6207d7e-a0dc-4c72-9f5d-664098b2cc75,2026-05-27T13:26:19,2026-05-27T13:31:15,manual_disconnect,4.93,on,on,on,on,on:9,0,single_mode,True,True,450.0,1.5,9,9,1.83,88.92,2.35,1,1
1104816,b2_electromagnetic_radiation_2.pdf,db_session,,b2,4.0,5.0,80.0,0.5186,2026-05-27 13:25:42,a17776e9-1e68-4e9b-94df-9b0079510720,2026-05-27T13:19:29,2026-05-27T13:23:37,manual_disconnect,4.13,off,off,off,off,off:4,0,single_mode,True,True,450.0,1.5,4,4,0.97,60.73,2.08,1,1
1104816,b2_first_american_3.pdf,db_session,,b2,5.0,5.0,100.0,0.9473,2026-05-29 13:09:54,90156868-0b08-4d30-ba42-dc6dcdd1d8e5,2026-05-29T13:04:28,2026-05-29T13:07:47,manual_disconnect,3.32,on,on,on,on,on:7,0,single_mode,True,True,450.0,1.5,7,5,2.11,97.1,2.12,1,1
1104816,b2_sticky_fingers_4.pdf,db_session,,b2,5.0,5.0,100.0,0.8429,2026-05-29 13:15:43,1810e256-edc0-4e98-985e-4aecff0a2331,2026-05-29T13:10:11,2026-05-29T13:13:40,manual_disconnect,3.48,off,off,off,off,off:7,0,single_mode,True,True,450.0,1.5,7,6,2.01,68.72,2.05,1,1
1104816,c1_bee_reading_2.pdf,db_session,,c1,4.0,5.0,80.0,-0.5596,2026-05-28 17:21:17,cd74b0d4-c855-458c-8730-bebf2aecfe0b,2026-05-28T17:14:42,2026-05-28T17:18:52,manual_disconnect,4.17,off,off,off,off,off:4,0,single_mode,True,True,450.0,1.5,4,4,0.96,83.88,2.42,1,1
1104816,c1_native_american_conflicts_3.pdf,db_session,,c1,5.0,5.0,100.0,0.8062,2026-05-28 17:14:08,11a245c4-bff0-4bfb-89ac-867e38116682,2026-05-28T17:06:07,2026-05-28T17:10:46,manual_disconnect,4.65,on,on,on,on,on:41,0,single_mode,True,True,450.0,1.5,41,26,8.82,67.47,3.37,1,1
1104816,c2_noisy_humans_1.pdf,db_session,,c2,5.0,5.0,100.0,1.0113,2026-05-21 17:29:48,14f605e4-8639-41bf-9536-7ce2f87f8c8f,2026-05-21T17:19:56,2026-05-21T17:26:22,manual_disconnect,6.43,on,on,on,on,on:25,0,single_mode,True,True,450.0,1.5,25,20,3.89,98.14,3.43,1,1
1104816,c2_rosa_parks_2.pdf,db_session,,c2,1.0,5.0,20.0,-1.3483,2026-05-21 17:18:02,53da28ca-1b2e-4a95-9f95-33c060a85ba9,2026-05-21T17:12:04,2026-05-21T17:15:28,manual_disconnect,3.4,off,off,off,off,off:1,0,single_mode,True,False,450.0,1.5,1,1,0.29,0.0,2.57,1,1
1104818,b2_animals_of_rainforests_1.pdf,db_session,,b2,5.0,6.0,83.33,0.0474,2026-05-25 16:16:14,f2c37069-5b78-4178-8fa8-863323890410,2026-05-25T16:09:15,2026-05-25T16:13:28,manual_disconnect,4.22,off,off,off,off,off:16,0,single_mode,True,True,450.0,1.5,16,13,3.79,36.11,2.77,1,1
1104818,b2_sticky_fingers_4.pdf,db_session,,b2,5.0,5.0,100.0,0.8429,2026-05-25 16:22:36,d1280697-9b46-49b5-93a2-7bb5fae5f23d,2026-05-25T16:17:11,2026-05-25T16:21:24,manual_disconnect,4.22,on,on,on,on,on:7,0,single_mode,True,True,450.0,1.5,7,6,1.66,96.37,1.2,1,1
1104818,c1_age_of_exploration_1.pdf,db_session,,c1,5.0,5.0,100.0,1.0037,2026-05-27 14:52:34,8bab98db-5c75-4b75-a4f2-34a70a5c9f03,2026-05-27T14:47:16,2026-05-27T14:51:20,manual_disconnect,4.07,on,on,on,on,on:21,0,single_mode,True,False,450.0,1.5,21,18,5.16,42.27,1.23,2,1
1104818,c1_bee_reading_2.pdf,db_session,,c1,5.0,5.0,100.0,0.6646,2026-05-28 17:53:32,6ad2d7fe-4b08-4f86-8d44-d944357d0a9c,2026-05-28T17:46:29,2026-05-28T17:49:41,manual_disconnect,3.2,on,on,on,on,on:11,0,single_mode,True,True,450.0,1.5,11,9,3.44,54.08,3.85,1,1
1104818,c1_native_american_conflicts_3.pdf,db_session,,c1,5.0,5.0,100.0,0.8062,2026-05-28 17:45:47,7f778d03-7bdd-4271-908f-4b406a03c90e,2026-05-28T17:39:32,2026-05-28T17:42:52,manual_disconnect,3.33,off,off,off,off,off:29,0,single_mode,True,True,450.0,1.5,29,22,8.71,62.11,2.92,1,1
1104818,c1_walt_disney_4.pdf,db_session,,c1,4.0,5.0,80.0,0.1599,2026-05-27 14:46:20,8f32627e-775e-4c59-872e-495cb9631ae3,2026-05-27T14:40:04,2026-05-27T14:44:22,manual_disconnect,4.3,off,off,off,off,off:17,0,single_mode,True,True,450.0,1.5,17,12,3.95,42.44,1.97,1,1
1104818,c2_noisy_humans_1.pdf,db_session,,c2,5.0,5.0,100.0,1.0113,2026-05-26 17:46:40,2b21176e-5e6c-471d-b8c6-d051873945b6,2026-05-26T17:39:56,2026-05-26T17:44:06,manual_disconnect,4.17,on,on,on,on,on:34,0,single_mode,True,False,450.0,1.5,34,19,8.15,43.73,2.57,1,1
1104818,c2_rosa_parks_2.pdf,db_session,,c2,3.0,5.0,60.0,0.2022,2026-05-26 17:39:31,de33090c-fe44-4a23-9631-0d8825f21b6c,2026-05-26T17:33:48,2026-05-26T17:37:22,manual_disconnect,3.57,off,off,off,off,off:15,0,single_mode,True,True,450.0,1.5,15,13,4.2,44.34,2.15,1,1
1108323,b2_animals_of_rainforests_1.pdf,db_session,,b2,5.0,6.0,83.33,0.0474,2026-05-19 16:28:02,9fffa5b8-0b82-426d-805d-c0049bd98060,2026-05-19T16:18:48,2026-05-19T16:24:50,manual_disconnect,6.03,off,off,off,off,off:27,0,single_mode,True,False,300.0,1.0,27,23,4.48,25.8,3.2,1,1
1108323,b2_electromagnetic_radiation_2.pdf,db_session,,b2,4.0,5.0,80.0,0.5186,2026-05-21 16:49:20,75727c66-b20f-4440-a12b-055eea026436,2026-05-21T16:42:06,2026-05-21T16:45:10,manual_disconnect,3.07,off,off,off,off,off:12,0,single_mode,True,False,300.0,1.0,12,8,3.91,41.87,4.17,1,1
1108323,b2_first_american_3.pdf,db_session,,b2,5.0,5.0,100.0,0.9473,2026-05-19 16:33:20,de5d2c98-33b2-4109-9551-463d8f98eee2,2026-05-19T16:28:40,2026-05-19T16:31:36,manual_disconnect,2.93,on,on,on,on,on:21,0,single_mode,True,False,300.0,1.0,21,19,7.17,31.0,1.73,1,1
1108323,b2_sticky_fingers_4.pdf,db_session,,b2,4.0,5.0,80.0,-0.5497,2026-05-21 16:40:26,c91dcdcd-effa-4e35-a60c-5d97210a7153,2026-05-21T16:35:01,2026-05-21T16:38:52,manual_disconnect,3.85,on,on,on,on,on:20,0,single_mode,True,False,300.0,1.0,20,17,5.19,30.72,1.57,1,1
1108323,c1_age_of_exploration_1.pdf,db_session,,c1,5.0,5.0,100.0,1.0037,2026-05-20 15:45:26,ecb59a43-6ee7-409e-85ec-50423601f849,2026-05-20T15:40:06,2026-05-20T15:44:05,manual_disconnect,3.98,on,on,on,on,on:35,0,single_mode,True,True,300.0,1.0,35,25,8.79,29.24,1.35,1,1
1108323,c1_bee_reading_2.pdf,db_session,,c1,5.0,5.0,100.0,0.6646,2026-05-20 15:39:30,0984353a-0fa9-4c91-893e-e8393f179dfd,2026-05-20T15:33:20,2026-05-20T15:37:28,manual_disconnect,4.13,off,off,off,off,off:51,0,single_mode,True,False,300.0,1.0,51,38,12.35,38.37,2.03,1,1
1108323,c2_noisy_humans_1.pdf,db_session,,c2,3.0,5.0,60.0,-1.0113,2026-05-18 17:21:50,501ccebc-659a-487d-bcb1-53a03738da89,2026-05-18T17:13:05.444,2026-05-18T17:19:07,translation_output_mode_changed,6.03,on,on,on,on,on:56,0,single_mode,True,True,60.0,0.2,56,46,9.29,209.97,2.72,1,1
1108323,c2_rosa_parks_2.pdf,db_session,,c2,4.0,5.0,80.0,0.9775,2026-05-18 17:28:16,a7366305-1b91-4fd3-a077-c22380f1631b,2026-05-18T17:22:44,2026-05-18T17:25:47,manual_disconnect,3.05,off,off,off,off,off:33,0,single_mode,True,False,300.0,1.0,33,26,10.82,30.42,2.48,1,1
1108328,b2_animals_of_rainforests_1.pdf,db_session,,b2,5.0,6.0,83.33,0.0474,2026-05-30 12:45:00,345433ce-89aa-4b78-9ca8-b848a152c0a1,2026-05-30T12:38:33,2026-05-30T12:43:03,manual_disconnect,4.5,on,on,on,on,on:39,0,single_mode,True,True,300.0,1.0,39,27,8.67,50.68,1.95,2,1
1108328,b2_electromagnetic_radiation_2.pdf,db_session,,b2,3.0,5.0,60.0,-0.4692,2026-05-21 10:16:24,6b5fdc31-6cfe-4ab2-9bc4-2515b7409dd2,2026-05-21T10:10:51,2026-05-21T10:14:48,manual_disconnect,3.95,off,off,off,off,off:7,0,single_mode,True,True,300.0,1.0,7,6,1.77,68.28,1.6,1,1
1108328,b2_first_american_3.pdf,db_session,,b2,5.0,5.0,100.0,0.9473,2026-05-30 12:37:49,54f2a7ef-7436-4608-adaa-aaecc4bb6cad,2026-05-30T12:32:43,2026-05-30T12:36:21,manual_disconnect,3.63,off,off,off,off,off:7,0,single_mode,True,True,300.0,1.0,7,7,1.93,42.85,1.47,1,1
1108328,b2_sticky_fingers_4.pdf,db_session,,b2,5.0,5.0,100.0,0.8429,2026-05-21 10:22:48,e7bf17ae-7754-401b-b520-b43d7dca91db,2026-05-21T10:17:52,2026-05-21T10:21:13,manual_disconnect,3.35,on,on,on,on,on:8,0,single_mode,True,False,300.0,1.0,8,8,2.39,65.03,1.58,1,1
1108328,c1_native_american_conflicts_3.pdf,db_session,,c1,4.0,5.0,80.0,-0.1075,2026-05-19 18:48:13,88537952-da97-4422-86c8-225f22dda44a,2026-05-19T18:40:42.321,2026-05-19T18:45:02.817,manual_disconnect,4.34,on,on,on,on,on:28,0,single_mode,True,True,60.0,0.2,28,19,6.45,54.77,3.17,1,1
1108330,b2_animals_of_rainforests_1.pdf,db_session,,b2,2.0,6.0,33.33,-2.5173,2026-05-30 09:59:39,e74477e0-87af-4948-b9b2-32da91be14c4,2026-05-30T09:50:59,2026-05-30T09:55:51,manual_disconnect,4.87,off,off,off,off,off:33,0,single_mode,True,True,444.0,1.48,33,28,6.78,34.63,3.8,1,1
1108330,b2_electromagnetic_radiation_2.pdf,db_session,,b2,2.0,5.0,40.0,-1.4569,2026-05-30 09:50:27,6cef024c-1fe5-4129-805e-1adb0671c3d6,2026-05-30T09:44:00,2026-05-30T09:48:23,manual_disconnect,4.38,on,on,on,on,on:25,0,single_mode,True,True,444.0,1.48,25,24,5.71,32.97,2.07,1,1
1108330,b2_first_american_3.pdf,db_session,,b2,5.0,5.0,100.0,0.9473,2026-05-26 09:20:04,993279e2-4f05-4ace-af51-4eaef8c250ba,2026-05-26T09:13:24,2026-05-26T09:18:12,logout,4.8,off,off,off,off,off:23,0,single_mode,True,True,444.0,1.48,23,17,4.79,184.86,1.87,2,1
1108330,c1_age_of_exploration_1.pdf,db_session,,c1,4.0,5.0,80.0,-0.2509,2026-05-20 12:52:12,0594d0b4-6503-4c9d-9e52-599119d16f95,2026-05-20T12:43:53,2026-05-20T12:50:09,manual_disconnect,6.27,off,off,off,off,off:54,0,single_mode,True,True,444.0,1.48,54,40,8.61,46.27,2.05,1,1
1108330,c1_walt_disney_4.pdf,db_session,,c1,3.0,5.0,60.0,-0.8261,2026-05-20 12:42:53,bafcd784-a5ac-4479-94b3-8e3849e16d7a,2026-05-20T12:34:31.278,2026-05-20T12:39:12.635,manual_disconnect,4.69,on,on,on,on,on:45,0,single_mode,True,True,60.0,0.2,45,35,9.59,32.42,3.67,1,1
1108330,c2_noisy_humans_1.pdf,db_session,,c2,3.0,5.0,60.0,-1.0113,2026-05-19 10:13:31,b6e212a3-f12a-4e19-9b22-d2cdd1ea79ab,2026-05-19T10:04:56,2026-05-19T10:11:25,manual_disconnect,6.48,on,on,on,on,on:409,0,single_mode,True,True,60.0,0.2,409,233,63.12,7.41,2.1,2,1
1108330,c2_rosa_parks_2.pdf,db_session,,c2,3.0,5.0,60.0,0.2022,2026-05-19 10:04:31,8e022878-6e8d-44c6-b762-112d3673e2f9,2026-05-19T09:55:33,2026-05-19T10:01:19,translation_output_mode_changed,5.77,off,off,off,off,off:302,0,single_mode,True,True,60.0,0.2,302,131,52.34,144.08,3.2,1,1
1108335,b2_animals_of_rainforests_1.pdf,db_session,,b2,5.0,6.0,83.33,0.0474,2026-05-21 12:42:34,674593f0-fce2-446a-9bba-280ff8983ac6,2026-05-21T12:34:29.502,2026-05-21T12:39:36.785,manual_disconnect,5.12,on,on,on,on,on:54,0,single_mode,True,True,300.0,1.0,54,37,10.55,32.02,2.95,1,1
1108335,b2_electromagnetic_radiation_2.pdf,db_session,,b2,3.0,5.0,60.0,-0.4692,2026-05-21 12:50:05,0aebc011-e6c8-4c8b-adf2-8ad9527a0c8f,2026-05-21T12:43:21,2026-05-21T12:47:41,manual_disconnect,4.33,off,off,off,off,off:39,0,single_mode,True,False,450.0,1.5,39,27,9.01,27.65,2.4,1,1
1108335,b2_first_american_3.pdf,db_session,,b2,5.0,5.0,100.0,0.9473,2026-06-04 12:22:21,f8f4e4f8-81ee-419a-b986-129ed9ce093e,2026-06-04T12:15:37,2026-06-04T12:20:21,manual_disconnect,4.73,off,off,off,off,off:11,0,single_mode,True,False,450.0,1.5,11,10,2.33,60.13,2.0,1,1
1108335,b2_sticky_fingers_4.pdf,db_session,,b2,5.0,5.0,100.0,0.8429,2026-06-04 12:14:45,41f5df45-3138-4fd8-b45f-3df505ea402d,2026-06-04T12:03:29,2026-06-04T12:11:34,manual_disconnect,8.08,on,on,on,on,on:58,0,single_mode,True,False,600.0,2.0,58,47,7.18,37.61,3.18,1,1
1108335,c1_age_of_exploration_1.pdf,db_session,,c1,3.0,5.0,60.0,-1.5055,2026-05-30 17:11:54,a2577d43-cff0-4c11-bf62-25c1f9f0a91d,2026-05-30T17:03:19,2026-05-30T17:10:02,manual_disconnect,6.72,on,on,on,on,on:54,0,single_mode,True,True,450.0,1.5,54,44,8.04,38.24,1.87,1,1
1108335,c1_native_american_conflicts_3.pdf,db_session,,c1,3.0,5.0,60.0,-1.0212,2026-05-30 17:02:05,fd864e13-32bf-4819-99de-f47ff44ac346,2026-05-30T16:54:07,2026-05-30T16:58:39,manual_disconnect,4.53,off,off,off,off,off:33,0,single_mode,True,False,450.0,1.5,33,29,7.28,39.25,3.43,1,1
1108335,c2_noisy_humans_1.pdf,db_session,,c2,2.0,5.0,40.0,-2.0226,2026-05-20 12:19:18,e469ea21-8cbb-4a13-b5d6-ad515dbea7b2,2026-05-20T12:10:42,2026-05-20T12:15:57,manual_disconnect,5.25,off,off,off,off,off:56,0,single_mode,True,True,300.0,1.0,56,44,10.67,18.81,3.35,1,1
1108335,c2_rosa_parks_2.pdf,db_session,,c2,2.0,5.0,40.0,-0.573,2026-05-20 12:10:10,efb89a1f-43b7-4aa7-bce0-fdb7fce482d7,2026-05-20T12:05:09.284,2026-05-20T12:07:44.980,manual_disconnect,2.59,on,on,on,on,on:47,0,single_mode,True,True,60.0,0.2,47,34,18.15,22.2,2.42,1,1
1108339,b2_animals_of_rainforests_1.pdf,db_session,,b2,5.0,6.0,83.33,0.0474,2026-05-28 13:26:06,b8dc1e6e-5996-40c9-af87-6c8773e01531,2026-05-28T13:19:14,2026-05-28T13:24:38,manual_disconnect,5.4,off,off,off,off,off:52,0,single_mode,True,True,300.0,1.0,52,32,9.63,30.93,1.47,1,1
1108339,b2_electromagnetic_radiation_2.pdf,db_session,,b2,4.0,5.0,80.0,0.5186,2026-05-27 14:28:46,124f190e-cee8-4b88-992d-0ac6b3219083,2026-05-27T14:23:26,2026-05-27T14:27:06,manual_disconnect,3.67,on,on,on,on,on:34,0,single_mode,True,True,300.0,1.0,34,27,9.26,25.96,1.67,1,1
1108339,b2_first_american_3.pdf,db_session,,b2,4.0,5.0,80.0,-0.5864,2026-05-28 13:31:07,0b9a7ed5-acb5-4c51-a389-b7be496b92ea,2026-05-28T13:26:26,2026-05-28T13:29:24,manual_disconnect,2.97,on,on,on,on,on:30,0,single_mode,True,True,300.0,1.0,30,22,10.1,46.53,1.72,1,1
1108339,b2_sticky_fingers_4.pdf,db_session,,b2,5.0,5.0,100.0,0.8429,2026-05-27 14:34:53,a296756e-11a8-4b5c-aab4-1c01932554f0,2026-05-27T14:29:19,2026-05-27T14:33:31,manual_disconnect,4.2,off,off,off,off,off:28,0,single_mode,True,True,300.0,1.0,28,25,6.67,29.56,1.37,1,1
1108339,c1_bee_reading_2.pdf,db_session,,c1,5.0,5.0,100.0,0.6646,2026-05-19 10:38:28,110e438b-035d-45a0-b8d6-52a659dc0160,2026-05-19T10:30:43.850,2026-05-19T10:34:32.105,translation_output_mode_changed,3.8,off,on,off,off,"off:17, on:14",1,final_mode_used_after_mode_switch,True,False,300.0,1.0,31,23,8.16,27.57,3.93,2,1
1108339,c1_walt_disney_4.pdf,db_session,,c1,4.0,5.0,80.0,0.1599,2026-05-19 10:30:19,9d4aeaa8-dcb9-46df-9849-690d0083dbd4,2026-05-19T10:25:27,2026-05-19T10:30:21.052,split_document_changed,4.9,off,off,off,off,off:13,0,single_mode,True,False,300.0,1.0,13,12,2.65,71.09,-0.03,2,1
1108339,c2_noisy_humans_1.pdf,db_session,,c2,5.0,5.0,100.0,1.0113,2026-05-20 14:52:39,a3fc9cf5-eb74-4415-9645-ed76b04722ec,2026-05-20T14:46:05,2026-05-20T14:53:21,translation_output_mode_changed,7.27,on,on,on,on,on:56,0,single_mode,True,True,300.0,1.0,56,43,7.7,73.29,-0.7,1,1
1108339,c2_rosa_parks_2.pdf,db_session,,c2,5.0,5.0,100.0,1.7528,2026-05-20 14:57:19,aa97c58b-e684-452a-972a-30f63e8e3bc2,2026-05-20T14:53:21,2026-05-20T14:57:30,manual_disconnect,4.15,off,off,off,off,off:14,0,single_mode,True,True,300.0,1.0,14,12,3.37,119.08,-0.18,1,1
1108344,b2_animals_of_rainforests_1.pdf,db_session,,b2,4.0,6.0,66.67,-0.8072,2026-05-28 12:24:05,12f40350-ae6a-4362-95ba-81fadc7ceaff,2026-05-28T12:16:15,2026-05-28T12:20:23,manual_disconnect,4.13,off,off,off,off,off:3,0,single_mode,True,True,450.0,1.5,3,3,0.73,229.02,3.7,1,1
1108344,b2_electromagnetic_radiation_2.pdf,db_session,,b2,4.0,5.0,80.0,0.5186,2026-05-27 11:41:28,30595158-8bbb-4c23-bf33-be90a5e9d1c3,2026-05-27T11:36:30,2026-05-27T11:39:56,manual_disconnect,3.43,off,off,off,off,off:12,0,single_mode,True,True,450.0,1.5,12,7,3.5,77.89,1.53,1,1
1108344,b2_first_american_3.pdf,db_session,,b2,4.0,5.0,80.0,-0.5864,2026-05-28 12:30:19,f47e16e2-ce9c-4d77-926d-82417d5f1e3c,2026-05-28T12:25:04,2026-05-28T12:28:13,manual_disconnect,3.15,on,on,on,on,on:7,0,single_mode,True,True,450.0,1.5,7,7,2.22,68.64,2.1,1,1
1108344,b2_sticky_fingers_4.pdf,db_session,,b2,5.0,5.0,100.0,0.8429,2026-05-27 11:49:54,8a350116-af30-4d15-a81e-617586478fb5,2026-05-27T11:42:21,2026-05-27T11:46:44,manual_disconnect,4.38,on,on,on,on,on:9,0,single_mode,True,True,450.0,1.5,9,8,2.05,61.25,3.17,1,1
1108344,c1_age_of_exploration_1.pdf,db_session,,c1,4.0,5.0,80.0,-0.2509,2026-05-26 16:46:46,58778c4c-fc0c-4ed9-ac39-f3d0f8c781f4,2026-05-26T16:40:48,2026-05-26T16:45:25,manual_disconnect,4.62,on,on,on,on,on:33,0,single_mode,True,True,450.0,1.5,33,26,7.14,58.21,1.35,1,1
1108344,c1_bee_reading_2.pdf,db_session,,c1,5.0,5.0,100.0,0.6646,2026-05-26 16:40:17,0f2bf24c-64b7-4683-90c1-362df55604ff,2026-05-26T16:33:29,2026-05-26T16:40:32,document_changed,7.05,off,off,off,off,off:21,0,single_mode,True,True,450.0,1.5,21,15,2.98,77.53,-0.25,1,1
1108344,c2_noisy_humans_1.pdf,db_session,,c2,3.0,5.0,60.0,-1.0113,2026-05-25 14:20:55,31b88f10-7ab7-49d5-b0b4-0d27912b9d7d,2026-05-25T14:14:17.159,2026-05-25T14:18:30.815,manual_disconnect,4.23,on,on,on,on,on:27,0,single_mode,True,True,60.0,0.2,27,19,6.38,33.58,2.4,1,1
1108344,c2_rosa_parks_2.pdf,db_session,,c2,2.0,5.0,40.0,-0.573,2026-05-25 14:26:33,a7197804-4958-4fcf-8e68-72a0b5185b18,2026-05-25T14:21:42,2026-05-25T14:24:23,manual_disconnect,2.68,off,off,off,off,off:9,0,single_mode,True,True,450.0,1.5,9,5,3.36,80.75,2.17,1,1
1108346,b2_electromagnetic_radiation_2.pdf,db_session,,b2,5.0,5.0,100.0,1.5063,2026-05-27 10:22:58,f38bb296-39a4-4178-b31b-9b8d16f8ba99,2026-05-27T10:17:57,2026-05-27T10:23:34,translation_output_mode_changed,5.62,off,off,off,off,off:9,0,single_mode,True,True,450.0,1.5,9,7,1.6,53.31,-0.6,1,1
1108346,b2_sticky_fingers_4.pdf,db_session,,b2,5.0,5.0,100.0,0.8429,2026-05-27 10:28:33,83c9b5c5-6772-473e-a233-04369504584e,2026-05-27T10:23:35,2026-05-27T10:31:24,manual_disconnect,7.82,on,on,on,on,on:4,0,single_mode,True,False,450.0,1.5,4,4,0.51,114.43,-2.85,1,1
1108346,c1_age_of_exploration_1.pdf,db_session,,c1,5.0,5.0,100.0,1.0037,2026-05-26 11:20:43,e3d4a806-31ad-4707-9a15-b126a54929dc,2026-05-26T11:16:08,2026-05-26T11:19:38,manual_disconnect,3.5,off,off,off,off,off:3,0,single_mode,True,False,450.0,1.5,3,3,0.86,57.55,1.08,2,1
1108346,c1_bee_reading_2.pdf,db_session,,c1,5.0,5.0,100.0,0.6646,2026-05-26 11:27:31,adaefc3a-0e9d-4a74-9e74-fff84911f56b,2026-05-26T11:21:13,2026-05-26T11:25:46,manual_disconnect,4.55,on,on,on,on,on:16,0,single_mode,True,False,450.0,1.5,16,7,3.52,83.5,1.75,1,1
1108346,c1_native_american_conflicts_3.pdf,db_session,,c1,5.0,5.0,100.0,0.8062,2026-05-28 11:08:24,6dd314f0-d934-486d-adc4-0e6fa9301449,2026-05-28T11:03:07,2026-05-28T11:06:30,manual_disconnect,3.38,on,on,on,on,on:27,0,single_mode,True,False,450.0,1.5,27,17,7.99,197.73,1.9,1,1
1108346,c1_walt_disney_4.pdf,db_session,,c1,4.0,5.0,80.0,0.1599,2026-05-28 11:01:49,dae36b36-6df1-43b3-92a6-26264678eb56,2026-05-28T10:55:59,2026-05-28T10:59:30,manual_disconnect,3.52,off,off,off,off,off:4,0,single_mode,True,True,450.0,1.5,4,4,1.14,102.12,2.32,1,1
1108346,c2_noisy_humans_1.pdf,db_session,,c2,3.0,5.0,60.0,-1.0113,2026-05-25 11:58:17,6058b09a-34a7-4acd-beff-0c3c8e2185cd,2026-05-25T11:51:58,2026-05-25T11:55:43,manual_disconnect,3.75,off,off,off,off,off:13,0,single_mode,True,True,450.0,1.5,13,8,3.47,67.97,2.57,1,1
1108346,c2_rosa_parks_2.pdf,db_session,,c2,3.0,5.0,60.0,0.2022,2026-05-25 12:04:18,cc71a174-8c7e-452e-b8ab-81c5bb50fe02,2026-05-25T11:59:16,2026-05-25T12:02:01,manual_disconnect,2.75,on,on,on,on,on:19,0,single_mode,True,False,450.0,1.5,19,7,6.91,32.1,2.28,1,1
1108348,b2_animals_of_rainforests_1.pdf,db_session,,b2,5.0,6.0,83.33,0.0474,2026-05-21 12:15:42,e4aa9b21-7b53-4759-aebe-faf91844f4c6,2026-05-21T12:06:28,2026-05-21T12:12:54,manual_disconnect,6.43,off,off,off,off,off:74,0,single_mode,True,True,300.0,1.0,74,65,11.51,41.36,2.8,1,1
1108348,b2_electromagnetic_radiation_2.pdf,db_session,,b2,5.0,5.0,100.0,1.5063,2026-05-20 11:50:18,1d6df67b-5ccb-43bc-984a-589a3ebe0537,2026-05-20T11:43:08,2026-05-20T11:47:50,logout,4.7,on,on,on,on,on:70,0,single_mode,True,True,300.0,1.0,70,56,14.89,36.41,2.47,1,1
1108348,b2_first_american_3.pdf,db_session,,b2,4.0,5.0,80.0,-0.5864,2026-05-21 12:05:20,b8575b1f-516d-4a3e-84fd-f5353dfc5f59,2026-05-21T11:57:54.938,2026-05-21T12:05:10.943,manual_disconnect,7.27,on,on,on,on,on:132,0,single_mode,True,False,300.0,1.0,132,75,18.16,27.47,0.15,1,1
1108348,b2_sticky_fingers_4.pdf,db_session,,b2,4.0,5.0,80.0,-0.5497,2026-05-20 11:42:27,e0d4706d-e7b7-41af-9741-829957381e17,2026-05-20T11:31:19.903,2026-05-20T11:39:23.854,manual_disconnect,8.07,off,off,off,off,off:117,0,single_mode,True,True,300.0,1.0,117,103,14.5,21.13,3.05,1,1
1108348,c1_age_of_exploration_1.pdf,db_session,,c1,3.0,5.0,60.0,-1.5055,2026-05-18 13:58:07,566cc61c-0ac3-4fb6-9256-7f55b55c2fee,2026-05-18T13:49:47,2026-05-18T13:55:59,logout,6.2,on,on,on,on,on:180,0,single_mode,True,True,300.0,1.0,180,93,29.03,42.21,2.13,2,1
1108348,c1_walt_disney_4.pdf,db_session,,c1,4.0,5.0,80.0,0.1599,2026-05-18 13:48:56,cf06b6aa-0f00-4c62-86d1-283a34736f09,2026-05-18T13:38:09,2026-05-18T13:44:20,document_changed,6.18,off,off,off,off,off:121,0,single_mode,True,True,300.0,1.0,121,84,19.58,80.23,4.6,1,1
1108348,c2_noisy_humans_1.pdf,db_session,,c2,4.0,5.0,80.0,0.0,2026-05-19 11:52:04,9bdf2d24-49fd-4b98-a123-564ac1939171,2026-05-19T11:40:24.695,2026-05-19T11:48:46.978,manual_disconnect,8.37,off,off,off,off,off:161,0,single_mode,True,False,300.0,1.0,161,115,19.24,37.91,3.28,1,1
1108348,c2_rosa_parks_2.pdf,db_session,,c2,4.0,5.0,80.0,0.9775,2026-05-19 11:40:02,e9c7f8af-da33-4507-b792-bc9e2831a1f4,2026-05-19T11:32:04.890,2026-05-19T11:37:34,split_document_changed,5.49,on,on,on,on,on:154,0,single_mode,True,False,300.0,1.0,154,89,28.05,43.72,2.47,1,1
1108349,b2_animals_of_rainforests_1.pdf,db_session,,b2,6.0,6.0,100.0,0.9024,2026-05-19 12:44:42,b504bc2c-3d28-45b6-8be6-234185e438cb,2026-05-19T12:39:23,2026-05-19T12:42:36,manual_disconnect,3.22,on,on,on,on,on:14,0,single_mode,True,False,300.0,1.0,14,11,4.35,49.82,2.1,1,1
1108349,b2_electromagnetic_radiation_2.pdf,db_session,,b2,5.0,5.0,100.0,1.5063,2026-05-19 12:38:44,2a6ac46f-de59-4ba5-bcd8-ee966ef69c7b,2026-05-19T12:35:25,2026-05-19T12:39:23,translation_output_mode_changed,3.97,off,off,off,off,off:35,0,single_mode,True,False,300.0,1.0,35,17,8.82,31.62,-0.65,1,1
1108349,c1_age_of_exploration_1.pdf,db_session,,c1,5.0,5.0,100.0,1.0037,2026-05-26 12:43:35,e624df9e-4bd0-4aa8-b041-84d352b5d086,2026-05-26T12:39:43,2026-05-26T12:42:40,manual_disconnect,2.95,off,off,off,off,off:8,0,single_mode,True,False,450.0,1.5,8,8,2.71,36.85,0.92,1,1
1108349,c1_bee_reading_2.pdf,db_session,,c1,5.0,5.0,100.0,0.6646,2026-05-27 16:42:45,972bffa5-2794-4313-8e69-511ce6f22768,2026-05-27T16:38:47,2026-05-27T16:41:16,manual_disconnect,2.48,off,off,off,off,off:1,0,single_mode,True,False,450.0,1.5,1,1,0.4,0.0,1.48,1,1
1108349,c1_native_american_conflicts_3.pdf,db_session,,c1,5.0,5.0,100.0,0.8062,2026-05-26 12:38:54,6256ddad-52b2-478c-be11-c846e4f3005c,2026-05-26T12:34:52,2026-05-26T12:37:19,manual_disconnect,2.45,on,on,on,on,on:1,0,single_mode,True,True,450.0,1.5,1,1,0.41,0.0,1.58,1,1
1108349,c1_walt_disney_4.pdf,db_session,,c1,5.0,5.0,100.0,1.1459,2026-05-27 16:38:19,aae41e3e-82c8-4907-8047-78a468f654a2,2026-05-27T16:34:03,2026-05-27T16:36:42,manual_disconnect,2.65,on,on,on,on,on:1,0,single_mode,True,True,450.0,1.5,1,1,0.38,0.0,1.62,1,1
1108349,c2_noisy_humans_1.pdf,db_session,,c2,5.0,5.0,100.0,1.0113,2026-05-20 16:15:06,bef55ca2-5d56-4fc9-b046-3c2167b769e4,2026-05-20T16:09:27.368,2026-05-20T16:12:10.201,manual_disconnect,2.71,on,on,on,on,on:5,0,single_mode,True,False,300.0,1.0,5,3,1.85,120.62,2.93,1,1
1108349,c2_rosa_parks_2.pdf,db_session,,c2,4.0,5.0,80.0,0.9775,2026-05-20 16:19:07,3432793e-b5db-4b73-859e-d96c6dd4f816,2026-05-20T16:15:40,2026-05-20T16:17:29,manual_disconnect,1.82,off,off,off,off,off:1,0,single_mode,True,False,450.0,1.5,1,1,0.55,0.0,1.63,1,1
1108353,c1_age_of_exploration_1.pdf,db_session,,c1,4.0,5.0,80.0,-0.2509,2026-05-19 14:29:08,6317d0ef-9a87-4488-a2ac-184c157ecbe3,2026-05-19T14:20:37,2026-05-19T14:29:21,translation_output_mode_changed,8.73,on,on,on,on,on:99,0,single_mode,True,True,300.0,1.0,99,77,11.34,113.92,-0.22,1,1
1108353,c1_native_american_conflicts_3.pdf,db_session,,c1,4.0,5.0,80.0,-0.1075,2026-05-19 14:43:30,37e1840d-3839-41db-977c-02a4e68b71c2,2026-05-19T14:29:37,2026-05-19T14:47:46,logout,18.15,off,off,off,off,off:102,0,single_mode,True,True,300.0,1.0,102,62,5.62,175.55,-4.27,1,1
1108357,b2_electromagnetic_radiation_2.pdf,db_session,,b2,3.0,5.0,60.0,-0.4692,2026-05-21 13:45:16,9e9b185c-73e3-43ac-ab25-21b4a9a234f2,2026-05-21T13:36:58,2026-05-21T13:42:07,manual_disconnect,5.15,off,off,off,off,off:49,0,single_mode,True,False,300.0,1.0,49,35,9.51,61.95,3.15,1,1
1108357,b2_first_american_3.pdf,db_session,,b2,4.0,5.0,80.0,-0.5864,2026-05-21 13:52:01,3e322d39-b746-4342-ae16-93d14ba174ff,2026-05-21T13:45:41,2026-05-21T13:49:31,manual_disconnect,3.83,on,on,on,on,on:47,0,single_mode,True,True,300.0,1.0,47,41,12.27,15.95,2.5,1,1
1108357,c1_age_of_exploration_1.pdf,db_session,,c1,5.0,5.0,100.0,1.0037,2026-06-03 10:11:50,60007f9e-ac83-4d02-8bd7-c957edf73d3b,2026-06-03T10:03:43,2026-06-03T10:10:29,manual_disconnect,6.77,on,on,on,on,on:105,0,single_mode,True,True,300.0,1.0,105,79,15.51,67.92,1.35,1,1
1108357,c1_bee_reading_2.pdf,db_session,,c1,5.0,5.0,100.0,0.6646,2026-05-26 14:46:48,f7355cf6-11bf-4f5d-a256-0e8aa1a9031d,2026-05-26T14:39:09,2026-05-26T14:44:43,manual_disconnect,5.57,off,off,off,off,off:62,0,single_mode,True,True,300.0,1.0,62,41,11.13,48.76,2.08,1,1
1108357,c1_native_american_conflicts_3.pdf,db_session,,c1,5.0,5.0,100.0,0.8062,2026-06-03 10:20:44,e1e06e2a-25de-4ee3-89a6-148811c994ab,2026-06-03T10:12:17,2026-06-03T10:18:14,manual_disconnect,5.95,off,off,off,off,off:97,0,single_mode,True,True,300.0,1.0,97,62,16.3,25.55,2.5,1,1
1108357,c1_walt_disney_4.pdf,db_session,,c1,4.0,5.0,80.0,0.1599,2026-05-26 14:38:41,d2bdad18-57ab-4681-8b41-f195eb941a04,2026-05-26T14:31:06,2026-05-26T14:36:08,manual_disconnect,5.03,on,on,on,on,on:44,0,single_mode,True,True,300.0,1.0,44,36,8.75,50.25,2.55,1,1
1108357,c2_noisy_humans_1.pdf,db_session,,c2,3.0,5.0,60.0,-1.0113,2026-05-19 15:29:05,2e35c536-79ff-4a44-9155-7b5e050b15ff,2026-05-19T15:19:33,2026-05-19T15:25:25,translation_output_mode_changed,5.87,off,off,off,off,off:114,0,single_mode,True,True,300.0,1.0,114,64,19.42,48.2,3.67,1,1
1108357,c2_rosa_parks_2.pdf,db_session,,c2,2.0,5.0,40.0,-0.573,2026-05-19 15:36:30,9485615f-8d01-4965-b5b0-762221fdc5ef,2026-05-19T15:29:31,2026-05-19T15:33:17,manual_disconnect,3.77,on,on,on,on,on:61,0,single_mode,True,True,300.0,1.0,61,43,16.18,169.03,3.22,1,1
1108360,b2_animals_of_rainforests_1.pdf,db_session,,b2,5.0,6.0,83.33,0.0474,2026-05-20 15:24:26,2456cda2-6e02-4f02-ab19-9d491eae66a9,2026-05-20T15:19:38.585,2026-05-20T15:24:24.212,logout,4.76,on,on,on,on,on:30,0,single_mode,True,True,300.0,1.0,30,17,6.3,37.84,0.03,1,1
1108360,b2_electromagnetic_radiation_2.pdf,db_session,,b2,4.0,5.0,80.0,0.5186,2026-06-03 15:33:07,ed8ac3f6-0066-43f4-ad8a-5f2dda87f2e3,2026-06-03T15:29:20,2026-06-03T15:31:28,manual_disconnect,2.13,on,on,on,on,on:6,0,single_mode,True,True,300.0,1.0,6,3,2.82,43.68,1.65,1,1
1108360,b2_first_american_3.pdf,db_session,,b2,5.0,5.0,100.0,0.9473,2026-05-20 15:19:00,cf5eb027-4825-412e-9485-3879d4ff4811,2026-05-20T15:15:27,2026-05-20T15:18:40.915,split_document_changed,3.23,on,on,on,on,on:15,0,single_mode,True,True,300.0,1.0,15,9,4.64,29.83,0.32,1,1
1108360,b2_sticky_fingers_4.pdf,db_session,,b2,4.0,5.0,80.0,-0.5497,2026-06-03 15:28:37,77adc3de-82a1-4cbd-9092-b9d13eb8925a,2026-06-03T15:23:06,2026-06-03T15:26:41,manual_disconnect,3.58,off,off,off,off,off:29,0,single_mode,True,True,300.0,1.0,29,21,8.1,16.96,1.93,2,1
1108360,c1_age_of_exploration_1.pdf,db_session,,c1,5.0,5.0,100.0,1.0037,2026-05-18 14:57:18,5a05fc3f-a734-4209-bc88-0122e615b055,2026-05-18T14:52:54.588,2026-05-18T14:57:32.134,translation_output_mode_changed,4.63,on,on,on,on,on:8,0,single_mode,True,True,60.0,0.2,8,8,1.73,104.75,-0.24,1,1
1108360,c1_native_american_conflicts_3.pdf,db_session,,c1,5.0,5.0,100.0,0.8062,2026-05-18 15:03:09,1e08bc94-0659-4382-93f3-095bd173c855,2026-05-18T14:58:07,2026-05-18T15:00:55,manual_disconnect,2.8,off,off,off,off,off:7,0,single_mode,True,False,300.0,1.0,7,7,2.5,8.56,2.23,1,1
1108360,c2_noisy_humans_1.pdf,db_session,,c2,5.0,5.0,100.0,1.0113,2026-05-25 15:21:09,eca7bbc9-253e-4b15-be62-ff90c6d7e906,2026-05-25T15:16:26,2026-05-25T15:19:18,manual_disconnect,2.87,off,off,off,off,off:8,0,single_mode,True,True,300.0,1.0,8,8,2.79,69.32,1.85,2,1
1108360,c2_rosa_parks_2.pdf,db_session,,c2,4.0,5.0,80.0,0.9775,2026-05-25 15:24:35,c42141f1-9bd9-4578-91ab-f45d7fb9cd0a,2026-05-25T15:21:40,2026-05-25T15:23:16,manual_disconnect,1.6,on,on,on,on,on:4,0,single_mode,True,True,300.0,1.0,4,4,2.5,52.93,1.32,1,1
1108364,b2_animals_of_rainforests_1.pdf,db_session,,b2,6.0,6.0,100.0,0.9024,2026-05-28 12:56:58,60415f7d-ab8f-4090-8dc2-ee40f3042739,2026-05-28T12:46:47,2026-05-28T12:51:45,manual_disconnect,4.97,on,on,on,on,on:43,0,single_mode,True,True,450.0,1.5,43,29,8.65,44.32,5.22,1,1
1108364,b2_electromagnetic_radiation_2.pdf,db_session,,b2,4.0,5.0,80.0,0.5186,2026-05-25 15:08:11,eebb979f-c317-4c95-b08c-d782d755fd98,2026-05-25T14:59:52,2026-05-25T15:05:33,manual_disconnect,5.68,on,on,on,on,on:61,0,single_mode,True,True,450.0,1.5,61,29,10.74,47.7,2.63,1,1
1108364,b2_first_american_3.pdf,db_session,,b2,4.0,5.0,80.0,-0.5864,2026-05-28 12:46:04,8aa91a92-2c46-48ab-a022-4373a5dfe4e8,2026-05-28T12:37:10,2026-05-28T12:42:01,manual_disconnect,4.85,off,off,off,off,off:33,0,single_mode,True,True,450.0,1.5,33,25,6.8,60.25,4.05,2,1
1108364,b2_sticky_fingers_4.pdf,db_session,,b2,4.0,5.0,80.0,-0.5497,2026-05-25 14:59:26,6e1a5fca-8752-4452-abc0-f9d56e69ab99,2026-05-25T14:51:43,2026-05-25T14:57:08,manual_disconnect,5.42,off,off,off,off,off:44,0,single_mode,True,True,450.0,1.5,44,34,8.12,37.48,2.3,1,1
1108364,c1_bee_reading_2.pdf,db_session,,c1,3.0,5.0,60.0,-1.7839,2026-05-26 16:16:25,1582ccd1-c62f-4b1d-9839-f7e65d8d74b8,2026-05-26T16:08:14,2026-05-26T16:12:23,manual_disconnect,4.15,off,off,off,off,off:24,0,single_mode,True,True,450.0,1.5,24,17,5.78,37.25,4.03,1,1
1108364,c1_native_american_conflicts_3.pdf,db_session,,c1,3.0,5.0,60.0,-1.0212,2026-05-26 16:27:19,f1b464e4-0038-4771-a951-50942c21097e,2026-05-26T16:17:55,2026-05-26T16:23:35,manual_disconnect,5.67,on,on,on,on,on:84,0,single_mode,True,True,450.0,1.5,84,55,14.81,36.38,3.73,1,1
1108364,c2_noisy_humans_1.pdf,db_session,,c2,4.0,5.0,80.0,0.0,2026-05-27 12:23:22,0e251d84-b6bc-4872-abc6-a20f7f477cc8,2026-05-27T12:10:46,2026-05-27T12:18:10,manual_disconnect,7.4,on,on,on,on,on:81,0,single_mode,True,True,450.0,1.5,81,56,10.95,32.25,5.2,1,1
1108364,c2_rosa_parks_2.pdf,db_session,,c2,1.0,5.0,20.0,-1.3483,2026-05-27 12:09:17,43e95542-8b45-4fde-be4d-7883aea8b677,2026-05-27T12:00:00,2026-05-27T12:03:39,manual_disconnect,3.65,off,off,off,off,off:36,0,single_mode,True,True,450.0,1.5,36,23,9.86,36.92,5.63,2,1
1108365,b2_electromagnetic_radiation_2.pdf,db_session,,b2,3.0,5.0,60.0,-0.4692,2026-05-29 10:08:59,7606a5eb-de50-4985-82a2-c55f24b6d4e0,2026-05-29T10:04:20,2026-05-29T10:07:29,manual_disconnect,3.15,off,off,off,off,off:8,0,single_mode,True,True,300.0,1.0,8,8,2.54,43.86,1.5,1,1
1108365,b2_sticky_fingers_4.pdf,db_session,,b2,4.0,5.0,80.0,-0.5497,2026-05-29 10:14:59,0a4fb80e-e521-4cca-8ae7-c2f6553598bc,2026-05-29T10:09:40,2026-05-29T10:13:32,manual_disconnect,3.87,on,on,on,on,on:17,0,single_mode,True,True,300.0,1.0,17,14,4.39,42.96,1.45,1,1
1108365,c1_age_of_exploration_1.pdf,db_session,,c1,5.0,5.0,100.0,1.0037,2026-06-03 13:06:27,527fced6-3ca1-43aa-b357-73431a331b17,2026-06-03T13:02:07,2026-06-03T13:05:10,manual_disconnect,3.05,on,on,on,on,on:20,0,single_mode,True,True,300.0,1.0,20,11,6.56,49.31,1.28,1,1
1108365,c1_bee_reading_2.pdf,db_session,,c1,5.0,5.0,100.0,0.6646,2026-06-02 16:12:39,f02f4fcb-2729-4b96-8ab1-e8914d0851bf,2026-06-02T16:07:13,2026-06-02T16:10:09,manual_disconnect,2.93,on,on,on,on,on:12,0,single_mode,True,True,300.0,1.0,12,11,4.1,52.44,2.5,1,1
1108365,c1_native_american_conflicts_3.pdf,db_session,,c1,3.0,5.0,60.0,-1.0212,2026-06-02 16:06:40,d4d6758e-a74e-43b7-bff0-1b1a628fbeb7,2026-06-02T16:00:57,2026-06-02T16:03:52,manual_disconnect,2.92,off,off,off,off,off:7,0,single_mode,True,True,300.0,1.0,7,7,2.4,30.46,2.8,2,1
1108365,c1_walt_disney_4.pdf,db_session,,c1,4.0,5.0,80.0,0.1599,2026-06-03 13:14:13,cb3c547f-82c3-4cb6-94cc-a08635a5e2e8,2026-06-03T13:06:58,2026-06-03T13:11:30,manual_disconnect,4.53,off,off,off,off,off:14,0,single_mode,True,True,300.0,1.0,14,11,3.09,112.29,2.72,1,1
1108365,c2_noisy_humans_1.pdf,db_session,,c2,5.0,5.0,100.0,1.0113,2026-05-28 10:34:08,b0560ec0-e5c0-4e86-91cd-83228a466a31,2026-05-28T10:28:18,2026-05-28T10:31:51,manual_disconnect,3.55,on,on,on,on,on:29,0,single_mode,True,True,300.0,1.0,29,23,8.17,25.25,2.28,1,1
1108365,c2_rosa_parks_2.pdf,db_session,,c2,4.0,5.0,80.0,0.9775,2026-05-28 10:27:47,28c547de-3079-45db-8c8f-8a58dafee360,2026-05-28T10:22:52,2026-05-28T10:26:08,manual_disconnect,3.27,off,off,off,off,off:15,0,single_mode,True,True,300.0,1.0,15,13,4.59,44.75,1.65,1,1
1108367,b2_animals_of_rainforests_1.pdf,db_session,,b2,5.0,6.0,83.33,0.0474,2026-05-21 11:38:54,75cec1ad-74b6-4061-b074-04d2e6124387,2026-05-21T11:34:14,2026-05-21T11:39:16,manual_disconnect,5.03,on,on,on,on,on:22,0,single_mode,True,True,300.0,1.0,22,15,4.37,54.12,-0.37,1,1
1108367,b2_electromagnetic_radiation_2.pdf,db_session,,b2,4.0,5.0,80.0,0.5186,2026-05-19 12:07:26,729d4cdb-ae13-4f26-839f-dcee0f478870,2026-05-19T12:02:45.761,2026-05-19T12:05:18.679,translation_output_mode_changed,2.55,on,on,on,on,on:14,0,single_mode,True,True,300.0,1.0,14,12,5.49,42.61,2.12,1,1
1108367,b2_first_american_3.pdf,db_session,,b2,5.0,5.0,100.0,0.9473,2026-05-19 12:11:51,11d97eba-6542-49b8-af34-3ba0f5ed9980,2026-05-19T12:07:56,2026-05-19T12:10:32,manual_disconnect,2.6,off,off,off,off,off:13,0,single_mode,True,False,300.0,1.0,13,13,5.0,30.91,1.32,1,1
1108367,b2_sticky_fingers_4.pdf,db_session,,b2,5.0,5.0,100.0,0.8429,2026-05-21 11:45:30,cb26b48d-9da2-4c92-b291-097109165679,2026-05-21T11:40:16,2026-05-21T11:43:35,manual_disconnect,3.32,off,off,off,off,off:14,0,single_mode,True,False,300.0,1.0,14,12,4.22,48.46,1.92,2,1
1108367,c1_age_of_exploration_1.pdf,db_session,,c1,3.0,5.0,60.0,-1.5055,2026-05-18 13:22:40,50dd1615-e574-4caf-8db6-37bc70815439,2026-05-18T13:17:56,2026-05-18T13:21:11,logout,3.25,off,off,off,off,off:30,0,single_mode,True,True,300.0,1.0,30,25,9.23,524.05,1.48,2,1
1108367,c1_native_american_conflicts_3.pdf,db_session,,c1,5.0,5.0,100.0,0.8062,2026-05-18 13:16:14,8a219f9b-9b6a-40b7-9282-87ee0a630283,2026-05-18T13:10:26.489,2026-05-18T13:13:51.945,document_changed,3.42,on,on,on,on,on:25,0,single_mode,True,True,60.0,0.2,25,23,7.31,46.01,2.37,1,1
1108367,c2_noisy_humans_1.pdf,db_session,,c2,4.0,5.0,80.0,0.0,2026-05-20 16:32:39,b9f7064b-5a49-4eff-9d8d-5fc78817b342,2026-05-20T16:27:07.539,2026-05-20T16:30:04.825,manual_disconnect,2.95,on,on,on,on,on:12,0,single_mode,True,True,300.0,1.0,12,11,4.07,80.42,2.57,1,1
1108367,c2_rosa_parks_2.pdf,db_session,,c2,3.0,5.0,60.0,0.2022,2026-05-20 16:37:11,1d48f243-2691-40ac-8c66-08c0dbf5739a,2026-05-20T16:33:21,2026-05-20T16:35:29,manual_disconnect,2.13,off,off,off,off,off:10,0,single_mode,True,True,300.0,1.0,10,9,4.69,44.72,1.7,1,1
1108382,b2_animals_of_rainforests_1.pdf,db_session,,b2,5.0,6.0,83.33,0.0474,2026-05-20 14:20:27,c2f6a674-25d4-47d4-86dd-07d96caa064e,2026-05-20T14:11:31.893,2026-05-20T14:17:04.090,manual_disconnect,5.54,on,on,on,on,on:46,0,single_mode,True,True,400.0,1.33,46,38,8.3,30.28,3.38,1,1
1108382,b2_electromagnetic_radiation_2.pdf,db_session,,b2,2.0,5.0,40.0,-1.4569,2026-05-20 14:30:44,877604a0-9ac6-469b-b28a-8ff975833258,2026-05-20T14:21:01,2026-05-20T14:27:33,manual_disconnect,6.53,off,off,off,off,off:55,0,single_mode,True,False,400.0,1.33,55,42,8.42,63.74,3.18,1,1
1108382,c1_age_of_exploration_1.pdf,db_session,,c1,4.0,5.0,80.0,-0.2509,2026-05-18 14:32:40,9b862d6c-1462-4c7d-9ccb-7bf772224eb4,2026-05-18T14:24:04,2026-05-18T14:31:10,split_document_changed,7.1,off,off,off,off,off:99,0,single_mode,True,True,400.0,1.33,99,68,13.94,60.69,1.5,1,1
1108382,c1_bee_reading_2.pdf,db_session,,c1,3.0,5.0,60.0,-1.7839,2026-05-18 14:41:16,fdb12a6e-aeb5-469a-ba30-51044d0da005,2026-05-18T14:33:25,2026-05-18T14:38:46,manual_disconnect,5.35,on,on,on,on,on:87,0,single_mode,True,True,400.0,1.33,87,62,16.26,172.72,2.5,2,1
1108382,c1_native_american_conflicts_3.pdf,db_session,,c1,5.0,5.0,100.0,0.8062,2026-05-21 14:40:51,537be0cb-b5d6-4a09-b61b-2f906dec92a9,2026-05-21T14:32:46.321,2026-05-21T14:37:38,translation_output_mode_changed,4.86,off,off,off,off,off:38,0,single_mode,True,True,400.0,1.33,38,30,7.82,224.8,3.22,1,1
1108382,c1_walt_disney_4.pdf,db_session,,c1,5.0,5.0,100.0,1.1459,2026-05-21 14:49:48,da1f519a-68f9-4a1c-9e52-af3be8b746ef,2026-05-21T14:41:17,2026-05-21T14:46:26,logout,5.15,on,on,on,on,on:98,0,single_mode,True,True,400.0,1.33,98,54,19.03,60.13,3.37,1,1
1108382,c2_noisy_humans_1.pdf,db_session,,c2,5.0,5.0,100.0,1.0113,2026-05-19 15:08:39,1a1eeaaa-8726-434a-9360-dcbef482e911,2026-05-19T14:59:44,2026-05-19T15:05:59,manual_disconnect,6.25,on,on,on,on,on:103,0,single_mode,True,True,400.0,1.33,103,71,16.48,33.87,2.67,2,1
1108382,c2_rosa_parks_2.pdf,condition_inferred,"Ο user είχε 8 unique quiz PDFs και 4 popup-on / 3 popup-off DB-matched sessions. Για να συμπληρωθεί το αναμενόμενο 4-on/4-off, το missing PDF ταξινομήθηκε ως `off`.",c2,3.0,5.0,60.0,0.2022,2026-05-19 14:57:08,,,,,,off,,,off,,0,condition_inferred_from_4_on_4_off_balance,,,,,,,,,,0,1
1108387,b2_electromagnetic_radiation_2.pdf,db_session,,b2,4.0,5.0,80.0,0.5186,2026-05-19 09:43:31,9124c1cd-b5ad-46b3-b021-e974628cf799,2026-05-19T09:34:04,2026-05-19T09:40:43,manual_disconnect,6.65,on,on,on,on,on:137,0,single_mode,True,True,300.0,1.0,137,92,20.6,17.4,2.8,1,1
1108387,b2_sticky_fingers_4.pdf,db_session,,b2,5.0,5.0,100.0,0.8429,2026-05-19 09:33:11,d4a5f1ff-be4e-4681-98e4-1911db26d8d2,2026-05-19T09:24:21,2026-05-19T09:29:58,document_changed,5.62,off,off,off,off,off:96,0,single_mode,True,True,300.0,1.0,96,80,17.08,131.1,3.22,1,1
1108387,c1_age_of_exploration_1.pdf,db_session,,c1,4.0,5.0,80.0,-0.2509,2026-05-20 13:20:58,d74317ae-a09d-48a7-9786-7943e8d87649,2026-05-20T13:11:57,2026-05-20T13:18:45,logout,6.8,off,off,off,off,off:104,0,single_mode,True,True,300.0,1.0,104,72,15.29,68.77,2.22,1,1
1108387,c1_bee_reading_2.pdf,db_session,,c1,5.0,5.0,100.0,0.6646,2026-06-04 11:45:30,d1dc375c-d963-4e1d-95fb-a30c415b0e11,2026-06-04T11:35:05,2026-06-04T11:43:14,manual_disconnect,8.15,on,on,on,on,on:113,0,single_mode,True,True,300.0,1.0,113,77,13.87,69.04,2.27,1,1
1108387,c1_native_american_conflicts_3.pdf,db_session,,c1,4.0,5.0,80.0,-0.1075,2026-05-20 13:10:53,ceb26d25-02ad-4d57-971a-6fc1e1291fda,2026-05-20T13:01:52,2026-05-20T13:07:44,manual_disconnect,5.87,on,on,on,on,on:128,0,single_mode,True,True,300.0,1.0,128,82,21.81,54.3,3.15,2,1
1108387,c1_walt_disney_4.pdf,db_session,,c1,4.0,5.0,80.0,0.1599,2026-06-04 11:54:14,cbdd313d-308f-4951-aaf8-e0242bbb0284,2026-06-04T11:45:58,2026-06-04T11:51:16,manual_disconnect,5.3,off,off,off,off,off:58,0,single_mode,True,True,300.0,1.0,58,42,10.94,45.87,2.97,1,1
1112096,b2_animals_of_rainforests_1.pdf,db_session,,b2,2.0,6.0,33.33,-2.5173,2026-05-18 18:22:19,8f0591ce-cbb9-4718-9b3e-0fc0a2bfb978,2026-05-18T18:10:52,2026-05-18T18:19:08,manual_disconnect,8.27,on,on,on,on,on:79,0,single_mode,True,True,100.0,0.33,79,56,9.55,56.69,3.18,1,1
1112096,c1_native_american_conflicts_3.pdf,db_session,,c1,4.0,5.0,80.0,-0.1075,2026-05-19 13:57:13,1608e290-0145-4f85-8da1-448033c7f8cd,2026-05-19T13:45:45,2026-05-19T13:52:19,manual_disconnect,6.57,on,on,on,on,on:130,0,single_mode,True,True,300.0,1.0,130,77,19.79,20.38,4.9,1,1
1112096,c1_walt_disney_4.pdf,db_session,,c1,1.0,5.0,20.0,-2.7982,2026-05-21 10:53:57,a7b34be5-4bcc-4dfd-8503-3ca4343a39be,2026-05-21T10:45:07,2026-05-21T10:45:42,manual_disconnect,0.58,on,on,on,on,on:8,0,single_mode,True,False,300.0,1.0,8,8,13.79,8.18,8.25,1,1
1112096,c2_noisy_humans_1.pdf,db_session,,c2,3.0,5.0,60.0,-1.0113,2026-05-20 10:24:41,f4c32c0e-5f43-4ba3-a623-d0ffcd49e461,2026-05-20T10:16:22,2026-05-20T10:21:24,translation_output_mode_changed,5.03,on,on,on,on,on:45,0,single_mode,True,True,300.0,1.0,45,30,8.95,251.71,3.28,2,1
1112096,c2_rosa_parks_2.pdf,db_session,,c2,0.0,5.0,0.0,-2.1236,2026-05-20 10:34:35,b5566b6a-f43d-44b1-9921-d2fe310cb3ea,2026-05-20T10:27:11,2026-05-20T10:34:42,logout,7.52,off,off,off,off,off:49,0,single_mode,True,False,300.0,1.0,49,33,6.52,28.86,-0.12,1,1
1112106,b2_electromagnetic_radiation_2.pdf,db_session,,b2,1.0,5.0,20.0,-2.4446,2026-05-28 18:24:51,6efeb802-b65e-430f-bcbd-9af8656ca772,2026-05-28T18:20:52,2026-05-28T18:23:44,manual_disconnect,2.87,on,on,on,on,on:16,0,single_mode,True,True,300.0,1.0,16,9,5.57,30.52,1.12,1,1
1112106,b2_first_american_3.pdf,db_session,,b2,5.0,5.0,100.0,0.9473,2026-05-26 18:26:29,b7289e74-d131-4b46-89de-548f25d3cb7b,2026-05-26T18:22:58,2026-05-26T18:25:18,manual_disconnect,2.33,on,on,on,on,on:11,0,single_mode,True,False,300.0,1.0,11,10,4.72,46.77,1.18,1,1
1112106,b2_sticky_fingers_4.pdf,db_session,,b2,5.0,5.0,100.0,0.8429,2026-05-26 18:21:40,e139c673-3dc5-4bfc-b1ea-a9ce16846c91,2026-05-26T18:14:09,2026-05-26T18:18:53,manual_disconnect,4.73,off,off,off,off,off:32,0,single_mode,True,False,300.0,1.0,32,23,6.77,40.53,2.78,1,1
1112106,c1_bee_reading_2.pdf,db_session,,c1,3.0,5.0,60.0,-1.7839,2026-05-19 17:27:33,4f8f18f6-90df-4301-8181-14bc91882bb4,2026-05-19T17:19:54.115,2026-05-19T17:24:31.070,manual_disconnect,4.62,off,off,off,off,off:51,0,single_mode,True,False,300.0,1.0,51,39,11.04,27.76,3.03,1,1
1112106,c1_native_american_conflicts_3.pdf,db_session,,c1,1.0,5.0,20.0,-2.8485,2026-05-19 17:37:11,8dd4770a-d50b-468e-9afe-4f053f048867,2026-05-19T17:28:53,2026-05-19T17:31:04,translation_output_mode_changed,2.18,off,off,off,off,off:5,0,single_mode,True,True,300.0,1.0,5,5,2.29,7.27,6.12,2,2
1112106,c2_noisy_humans_1.pdf,db_session,,c2,4.0,5.0,80.0,0.0,2026-05-18 19:03:26,35dc1e38-d6db-417c-b340-2461aac0dc66,2026-05-18T18:56:14,2026-05-18T19:01:42,manual_disconnect,5.47,off,off,off,off,off:69,0,single_mode,True,True,300.0,1.0,69,55,12.61,490.26,1.73,1,1
1112106,c2_rosa_parks_2.pdf,db_session,,c2,1.0,5.0,20.0,-1.3483,2026-05-18 18:55:24,ef66d038-9512-4c1e-a3f7-012d8a6f17f6,2026-05-18T18:49:34,2026-05-18T18:55:58,document_changed,6.4,on,on,on,on,on:70,0,single_mode,True,True,300.0,1.0,70,50,10.94,18.18,-0.57,1,1
1112115,b2_animals_of_rainforests_1.pdf,db_session,,b2,6.0,6.0,100.0,0.9024,2026-06-04 14:23:33,77e54681-822e-426c-b868-452f6876ea4d,2026-06-04T14:16:34,2026-06-04T14:20:42,manual_disconnect,4.13,off,off,off,off,off:5,0,single_mode,True,True,450.0,1.5,5,5,1.21,74.86,2.85,1,1
1112115,b2_electromagnetic_radiation_2.pdf,db_session,,b2,3.0,5.0,60.0,-0.4692,2026-06-04 14:12:45,16ae63d7-f01c-47c2-8962-5eaf7fb755c1,2026-06-04T14:06:08,2026-06-04T14:10:11,manual_disconnect,4.05,on,on,on,on,on:19,0,single_mode,True,True,450.0,1.5,19,15,4.69,53.19,2.57,2,1
1112115,b2_first_american_3.pdf,db_session,,b2,3.0,5.0,60.0,-2.1201,2026-06-02 14:43:02,0854c978-6162-4118-aa32-59e8928b4b7a,2026-06-02T14:36:15,2026-06-02T14:39:52,manual_disconnect,3.62,off,off,off,off,off:16,0,single_mode,True,True,450.0,1.5,16,15,4.42,32.08,3.17,1,1
1112115,b2_sticky_fingers_4.pdf,db_session,,b2,4.0,5.0,80.0,-0.5497,2026-06-02 14:50:05,1bb13253-9e5e-424f-b220-d3ec72ea27a2,2026-06-02T14:43:27,2026-06-02T14:47:29,manual_disconnect,4.03,on,on,on,on,on:6,0,single_mode,True,True,450.0,1.5,6,6,1.49,120.85,2.6,1,1
1112115,c1_age_of_exploration_1.pdf,db_session,,c1,4.0,5.0,80.0,-0.2509,2026-06-03 14:09:33,6fa727dd-1679-4778-adb4-9dc5a661718d,2026-06-03T14:02:45,2026-06-03T14:07:37,manual_disconnect,4.87,off,off,off,off,off:45,0,single_mode,True,True,450.0,1.5,45,25,9.24,37.93,1.93,1,1
1112115,c1_walt_disney_4.pdf,db_session,,c1,4.0,5.0,80.0,0.1599,2026-06-03 14:16:57,b6a00409-fb6f-4afb-91b5-7547d7ac56a8,2026-06-03T14:09:55,2026-06-03T14:13:58,manual_disconnect,4.05,on,on,on,on,on:20,0,single_mode,True,True,450.0,1.5,20,15,4.94,57.1,2.98,1,1
1112115,c2_noisy_humans_1.pdf,db_session,,c2,4.0,5.0,80.0,0.0,2026-05-29 15:39:52,002ae749-6080-4cf5-bdb1-b2d966318f7c,2026-05-29T15:32:19,2026-05-29T15:36:42,manual_disconnect,4.38,off,off,off,off,off:13,0,single_mode,True,True,450.0,1.5,13,12,2.97,105.86,3.17,1,1
1112115,c2_rosa_parks_2.pdf,db_session,,c2,3.0,5.0,60.0,0.2022,2026-05-29 15:45:12,462beea9-0a02-4987-983d-b6cd7896100b,2026-05-29T15:40:24,2026-05-29T15:42:46,manual_disconnect,2.37,on,on,on,on,on:3,0,single_mode,True,True,450.0,1.5,3,3,1.27,78.38,2.43,1,1
1112119c,b2_animals_of_rainforests_1.pdf,db_session,,b2,6.0,6.0,100.0,0.9024,2026-05-28 11:38:55,17fb8ff3-0624-4e2b-ab09-23c6a0d241b3,2026-05-28T11:27:55,2026-05-28T11:33:30,manual_disconnect,5.58,on,on,on,on,on:28,0,single_mode,True,True,458.0,1.53,28,17,5.02,31.91,5.42,1,1
1112119c,b2_electromagnetic_radiation_2.pdf,db_session,,b2,3.0,5.0,60.0,-0.4692,2026-05-28 11:49:12,7f62fd51-ac25-457e-87e0-d2fe1d54f0cc,2026-05-28T11:39:59,2026-05-28T11:46:32,manual_disconnect,6.55,off,off,off,off,off:31,0,single_mode,True,True,458.0,1.53,31,22,4.73,35.6,2.67,1,1
1112119c,b2_first_american_3.pdf,db_session,,b2,5.0,5.0,100.0,0.9473,2026-05-25 11:33:10,5c082414-5369-4b35-a292-4affe608335a,2026-05-25T11:26:24,2026-05-25T11:30:12,manual_disconnect,3.8,off,off,off,off,off:1,0,single_mode,True,True,450.0,1.5,1,1,0.26,0.0,2.97,1,1
1112119c,b2_sticky_fingers_4.pdf,db_session,,b2,5.0,5.0,100.0,0.8429,2026-05-25 11:42:24,b7613186-3756-445b-aba2-c3839f33c4bf,2026-05-25T11:34:16,2026-05-25T11:39:18,manual_disconnect,5.03,on,on,on,on,on:12,0,single_mode,True,True,450.0,1.5,12,6,2.39,34.97,3.1,1,1
1112119c,c1_bee_reading_2.pdf,db_session,,c1,5.0,5.0,100.0,0.6646,2026-05-27 10:51:30,d7550b5e-6b65-445b-8c5a-cab8ba307c64,2026-05-27T10:44:03,2026-05-27T10:49:15,manual_disconnect,5.2,on,on,on,on,on:18,0,single_mode,True,False,300.0,1.0,18,16,3.46,69.5,2.25,1,1
1112121,b2_animals_of_rainforests_1.pdf,db_session,,b2,5.0,6.0,83.33,0.0474,2026-05-21 16:13:43,eb0d35b5-e405-4b36-a5c7-9bd4060c2e3e,2026-05-21T16:08:16.162,2026-05-21T16:11:01.020,manual_disconnect,2.75,on,on,on,on,on:5,0,single_mode,True,True,300.0,1.0,5,5,1.82,111.2,2.7,1,1
1112121,b2_electromagnetic_radiation_2.pdf,db_session,,b2,3.0,5.0,60.0,-0.4692,2026-05-20 17:16:05,d823940d-e760-45f3-87a7-3d46805200bd,2026-05-20T17:10:27,2026-05-20T17:14:38,manual_disconnect,4.18,off,off,off,off,off:38,0,single_mode,True,False,300.0,1.0,38,29,9.09,29.35,1.45,1,1
1112121,b2_first_american_3.pdf,db_session,,b2,4.0,5.0,80.0,-0.5864,2026-05-20 17:21:22,d2500ff3-2bfa-4bbc-833d-eb78c04516d1,2026-05-20T17:16:32,2026-05-20T17:19:41,manual_disconnect,3.15,on,on,on,on,on:28,0,single_mode,True,True,300.0,1.0,28,24,8.89,43.31,1.68,1,1
1112121,b2_sticky_fingers_4.pdf,db_session,,b2,4.0,5.0,80.0,-0.5497,2026-05-21 16:21:01,70f5cf57-95b4-44bc-b420-9b60ea9ec749,2026-05-21T16:14:48,2026-05-21T16:19:01,manual_disconnect,4.22,off,off,off,off,off:12,0,single_mode,True,False,450.0,1.5,12,11,2.84,41.99,2.0,1,1
1112121,c1_walt_disney_4.pdf,db_session,,c1,4.0,5.0,80.0,0.1599,2026-05-19 16:45:20,b1506ee1-4692-4a64-a3c1-cacfeb78cfeb,2026-05-19T16:39:48.460,2026-05-19T16:42:40.917,manual_disconnect,2.87,on,on,on,on,on:21,0,single_mode,True,False,300.0,1.0,21,18,7.32,33.92,2.65,1,1
1112121,c2_noisy_humans_1.pdf,db_session,,c2,4.0,5.0,80.0,0.0,2026-05-18 16:23:24,213f61b9-68db-4322-8977-eeb9fcef48f5,2026-05-18T16:16:31,2026-05-18T16:21:36,manual_disconnect,5.08,off,off,off,off,off:43,0,single_mode,True,False,300.0,1.0,43,38,8.46,21.86,1.8,1,1
1112121,c2_rosa_parks_2.pdf,db_session,,c2,3.0,5.0,60.0,0.2022,2026-05-18 16:29:11,ceef30fa-c8aa-4238-8dc9-7dbf7c5b6f07,2026-05-18T16:25:05,2026-05-18T16:27:06,manual_disconnect,2.02,on,on,on,on,on:28,0,single_mode,True,True,300.0,1.0,28,21,13.86,22.22,2.08,2,1
1112139,b2_animals_of_rainforests_1.pdf,db_session,,b2,2.0,6.0,33.33,-2.5173,2026-05-26 18:36:50,f7691c81-728c-4887-927c-6be72d2247d4,2026-05-26T18:27:49,2026-05-26T18:34:38,manual_disconnect,6.82,off,off,off,off,off:79,0,single_mode,True,False,225.0,0.75,79,56,11.58,43.2,2.2,1,1
1112139,b2_electromagnetic_radiation_2.pdf,db_session,,b2,3.0,5.0,60.0,-0.4692,2026-05-28 18:32:18,73d2403c-677e-488c-883b-c3a0d6711f93,2026-05-28T18:28:05,2026-05-28T18:31:41,manual_disconnect,3.6,on,on,on,on,on:63,0,single_mode,True,True,225.0,0.75,63,44,17.5,26.87,0.62,1,1
1112139,b2_first_american_3.pdf,db_session,,b2,3.0,5.0,60.0,-2.1201,2026-05-26 18:41:37,06daef53-fc55-4a74-896c-40ebc186c802,2026-05-26T18:37:50,2026-05-26T18:40:24,manual_disconnect,2.57,on,on,on,on,on:29,0,single_mode,True,True,225.0,0.75,29,19,11.28,46.78,1.22,2,1
1112139,b2_sticky_fingers_4.pdf,db_session,,b2,2.0,5.0,40.0,-3.3349,2026-05-28 18:38:36,92f1807c-5350-40cf-8d9d-ef5b54d72d19,2026-05-28T18:33:03,2026-05-28T18:35:47,manual_disconnect,2.73,off,off,off,off,off:35,0,single_mode,True,True,225.0,0.75,35,23,12.82,30.36,2.82,1,1
1112139,c1_age_of_exploration_1.pdf,db_session,,c1,3.0,5.0,60.0,-1.5055,2026-05-18 19:37:42,9ad03ea4-153b-4182-9ef1-d4a7f95e1a70,2026-05-18T19:24:18,2026-05-18T19:34:09,document_changed,9.85,on,on,on,on,on:364,0,single_mode,True,True,300.0,1.0,364,169,36.95,45.47,3.55,1,1
1112139,c1_bee_reading_2.pdf,db_session,,c1,2.0,5.0,40.0,-3.0081,2026-05-18 19:52:58,692206b2-426c-43a5-92ea-3733e4e2e4a6,2026-05-18T19:38:22,2026-05-18T19:49:11,manual_disconnect,10.82,off,off,off,off,off:236,0,single_mode,True,True,300.0,1.0,236,131,21.81,90.38,3.78,1,1
1112139,c2_noisy_humans_1.pdf,db_session,,c2,2.0,5.0,40.0,-2.0226,2026-05-19 17:03:26,cadfd23b-96c0-47b0-aa16-52010d70275a,2026-05-19T16:54:12.090,2026-05-19T17:01:10.617,manual_disconnect,6.98,on,on,on,on,on:259,0,single_mode,True,True,300.0,1.0,259,141,37.11,53.01,2.26,1,1
1112139,c2_rosa_parks_2.pdf,db_session,,c2,2.0,5.0,40.0,-0.573,2026-05-19 17:10:56,4e3073ca-cfd1-442f-9c62-343ea363dc69,2026-05-19T17:05:06,2026-05-19T17:12:20,manual_disconnect,7.23,off,off,off,off,off:96,0,single_mode,True,False,225.0,0.75,96,69,13.28,78.16,-1.4,2,1
